fraction,flux
pp,59800000000.00001
pep,144000000.0
hep,7980.0
7Be,4930000000.0
8B,5460000.0
13N,278000000.0
15O,204999999.99999997
17F,5280000.0
