E_nu_MeV,E_e_MeV,p_e_MeV,dsigma_dpe_cm2_per_MeV
1.5,0.51099907,0.0,0.0
1.5,0.511000541945417,0.0012265103525867201,1.8775395732721e-49
1.5,0.5110280407248661,0.00544140296526459,8.32496949822131e-49
1.5,0.511090298856427,0.009656295577858801,1.48616173576765e-48
1.5,0.511142529126375,0.0121093162830226,1.8858274828257898e-48
1.5,0.511259747424863,0.0163242088956818,2.6301138023332503e-48
1.5,0.511411677840499,0.0205391015083298,3.4619527351859196e-48
1.5,0.5115160674160151,0.022992122213495,3.98903134142158e-48
1.5,0.511722846076481,0.0272070148261251,4.9688843078881205e-48
1.5,0.5119642427044641,0.0314219074387662,6.04040682853915e-48
1.5,0.512120650137858,0.0338749281439459,6.704598729819779e-48
1.5,0.512416709315898,0.0380898207565832,7.911931073067931e-48
1.5,0.5127472460326991,0.0423047133692244,9.197420357468371e-48
1.5,0.512955460347523,0.0447577340743967,9.978786863686829e-48
1.5,0.5133404013960841,0.0489726266870352,1.13732582867779e-47
1.5,0.5137596342163511,0.053187519299680304,1.28262218353301e-47
1.5,0.514019376320481,0.055640540004850705,1.3695278337793998e-47
1.5,0.514492684452065,0.0598554326174929,1.52224631963425e-47
1.5,0.515000054481511,0.0640703252301282,1.6784054464513e-47
1.5,0.515310979016839,0.0665233459353044,1.7704636572246498e-47
1.5,0.515872026702099,0.0707382385479469,1.92992708183358e-47
1.5,0.51646686380797,0.0749531311605818,2.0900469136106002e-47
1.5,0.516828561408452,0.0774061518657605,2.18307655953264e-47
1.5,0.517476612459548,0.08162104447839641,2.34183394549637e-47
1.5,0.518158139603308,0.0858359370910365,2.49814675903025e-47
1.5,0.5185701395275341,0.0882889577962111,2.5874913768407703e-47
1.5,0.519304353805481,0.09250385040885231,2.7373273937571198e-47
1.5,0.52007169197383,0.09671874302149201,2.88137295030837e-47
1.5,0.5205334650735941,0.09917176372666581,2.96200912174757e-47
1.5,0.521352903751275,0.103386656339304,3.09414590257603e-47
1.5,0.522205077414728,0.10760154895194202,3.2169959819045897e-47
1.5,0.522716039397375,0.110054569657117,3.28367586781965e-47
1.5,0.523619670704114,0.11426946226975901,3.38904082099905e-47
1.5,0.524555613727241,0.118484354882396,3.48159945350549e-47
1.5,0.525115128666918,0.12093737558757,3.52904218587272e-47
1.5,0.526101834036455,0.125152268200208,3.5986288016086297e-47
1.5,0.527120395960584,0.12936716081285102,3.6520381713591995e-47
1.5,0.52772778001192,0.131820181518023,3.6751892534973095e-47
1.5,0.528796360553474,0.13603507413066201,3.70054730341624e-47
1.5,0.529896313171136,0.140249966743303,3.7067408893286703e-47
1.5,0.5305508384383021,0.142702987448478,3.7011265404860196e-47
1.5,0.531700021649912,0.146917880061115,3.6750333643265e-47
1.5,0.532880065790532,0.15113277267375502,3.62749581437888e-47
1.5,0.533580964305044,0.153585793378931,3.5897109595284e-47
1.5,0.5348094109496161,0.15780068599157102,3.5070982329538e-47
1.5,0.536068183397711,0.16201557860421,3.40191755490495e-47
1.5,0.536814651159649,0.164468599309384,3.33030297843234e-47
1.5,0.538120962226777,0.16868349192202403,3.1895450995872097e-47
1.5,0.539457042697156,0.172898384534663,3.0268778256081797e-47
1.5,0.539892852545262,0.174253386447997,2.97006719682465e-47
1.5,0.5400355302363801,0.174694946626464,2.95109097832106e-47
1.5,0.540178531188253,0.175136506804931,2.93188958599291e-47
1.5,0.540261904865997,0.175393489926424,2.92061154124697e-47
1.5,0.5404054166884851,0.175835050104893,2.90105711285088e-47
1.5,0.540549251108403,0.176276610283357,2.88128163038751e-47
1.5,0.5406331095496231,0.176533593404852,2.86967142908804e-47
1.5,0.5407774537891761,0.176975153583319,2.84954974401258e-47
1.5,0.5409221199608101,0.17741671376178703,2.82921152765902e-47
1.5,0.541006462165691,0.17767369688328202,2.81727596725029e-47
1.5,0.541151637102797,0.17811525706174802,2.79659903219485e-47
1.5,0.541297133304639,0.178556817240214,2.7757105080274897e-47
1.5,0.541381958270371,0.17881380036170802,2.76345701530551e-47
1.5,0.541527962180397,0.179255360540176,2.74223793129285e-47
1.5,0.541674286685853,0.17969692071864501,2.7208126347516696e-47
1.5,0.541759593406679,0.17995390384013701,2.7082492898990497e-47
1.5,0.5419064245599541,0.180395464018606,2.6865022931849497e-47
1.5,0.542053575637425,0.180837024197073,2.664554911753e-47
1.5,0.542139363104693,0.181094007318567,2.6516904730158203e-47
1.5,0.542287019766594,0.181535567497032,2.62943097767723e-47
1.5,0.542434995679565,0.181977127675499,2.60697739330875e-47
1.5,0.542521262881775,0.18223411079699403,2.5938213217738496e-47
1.5,0.542669743312818,0.182675670975461,2.57106596342412e-47
1.5,0.5428185423199421,0.18311723115393,2.548123296348e-47
1.5,0.5429052882427959,0.183374214275423,2.53468578172193e-47
1.5,0.543054590698715,0.183815774453892,2.51145246138046e-47
1.5,0.543204211053896,0.18425733463235802,2.4880391151095395e-47
1.5,0.543291434680351,0.18451431775385102,2.47433110166774e-47
1.5,0.543441557412184,0.18495587793232002,2.45063903123844e-47
1.5,0.543591997364666,0.18539743811078502,2.4267747373594297e-47
1.5,0.54367969767498,0.18565442123228001,2.4128079509862197e-47
1.5,0.543830638929156,0.186095981410747,2.38867769864204e-47
1.5,0.543981896723607,0.186537541589215,2.36438356320238e-47
1.5,0.544070072695388,0.18679452471071,2.35017053773406e-47
1.5,0.544221830713811,0.187236084889177,2.32562407464674e-47
1.5,0.544373904590403,0.187677645067643,2.3009226247771497e-47
1.5,0.54446255519866,0.187934628189137,2.28647672927411e-47
1.5,0.5446151282187931,0.188376188367605,2.26153747636802e-47
1.5,0.544768016413291,0.18881774854607003,2.2364527070021995e-47
1.5,0.544857140630484,0.18907473166756603,2.22178817327338e-47
1.5,0.5450105268854311,0.18951629184603103,2.1964810479797697e-47
1.5,0.545164227629277,0.189957852024498,2.17103846880818e-47
1.5,0.545253824425361,0.19021483514599402,2.15617041894005e-47
1.5,0.545408022143956,0.190656395324461,2.13052188247131e-47
1.5,0.545562533664349,0.19109795550292802,2.10474856534069e-47
1.5,0.545652602006828,0.19135493862442401,2.0896930383685798e-47
1.5,0.545807609413712,0.19179649880288802,2.0637311423231499e-47
1.5,0.5459629299336951,0.192238058981357,2.0376557669554697e-47
1.5,0.546053468787666,0.192495042102849,2.02242974644671e-47
1.5,0.546209284103378,0.192936602281319,1.99618417867509e-47
1.5,0.546365411841917,0.193378162459784,1.9698370789382399e-47
1.5,0.546456420170125,0.193635145581279,1.95445851861811e-47
1.5,0.5466130416111751,0.194076705759747,1.92796064842279e-47
1.5,0.546769974783249,0.194518265938214,1.9013738565695898e-47
1.5,0.546861451546126,0.194775249059707,1.8858617065986699e-47
1.5,0.547018877325087,0.195216809238174,1.85914462809756e-47
1.5,0.547176614141763,0.19565836941664103,1.8323519174006799e-47
1.5,0.547268558297484,0.195915352538135,1.8167261484565e-47
1.5,0.54742678662307,0.19635691271660202,1.7898247216842598e-47
1.5,0.54758532529159,0.19679847289507002,1.7628616469801697e-47
1.5,0.547677735796117,0.19705545601656502,1.74714327371041e-47
1.5,0.547836764873265,0.19749701619503102,1.72009416357704e-47
1.5,0.547996103597126,0.19793857637349802,1.6929980979699e-47
1.5,0.548088979404255,0.198195559494992,1.67720919938872e-47
1.5,0.54824880743421,0.19863711967346,1.65005091016345e-47
1.5,0.548408944413246,0.199078679851926,1.62286107919776e-47
1.5,0.548502284474658,0.199335662973422,1.6070248174355e-47
1.5,0.548662909655049,0.199777223151889,1.57979772369195e-47
1.5,0.548823843085514,0.20021878333035603,1.55255523293677e-47
1.5,0.548917646350818,0.20047576645185,1.5366958691488199e-47
1.5,0.549079066875744,0.20091732663031603,1.50944224007134e-47
1.5,0.549240794950391,0.20135888680878403,1.48219009800416e-47
1.5,0.549335060367175,0.201615869930279,1.46633300376e-47
1.5,0.549497274427285,0.20205743010874402,1.43909702153596e-47
1.5,0.5496597953354471,0.202498990287212,1.41188015427277e-47
1.5,0.5497545218493219,0.20275597340870602,1.39605181892428e-47
1.5,0.549917527631894,0.203197533587172,1.36887958796745e-47
1.5,0.550080839559565,0.20363909376564002,1.34174484491027e-47
1.5,0.550176026114215,0.203896076887135,1.32597287701859e-47
1.5,0.550339821803237,0.204337637065602,1.29891242367169e-47
1.5,0.550503922933152,0.204779197244068,1.27190857258014e-47
1.5,0.550599568470376,0.205036180365562,1.25622169483702e-47
1.5,0.550764152246626,0.20547774054403,1.22932295414786e-47
1.5,0.550929040758342,0.205919300722497,1.2025006631074e-47
1.5,0.551025144218105,0.206176283843992,1.186928699066e-47
1.5,0.5511905142592289,0.206617844022457,1.16024348796507e-47
1.5,0.551356188329203,0.20705940420092703,1.13365529148501e-47
1.5,0.551452748649678,0.207316387322421,1.1182291430799301e-47
1.5,0.551618903130274,0.207757947500888,1.09181111490205e-47
1.5,0.5517853609319391,0.20819950767935402,1.06551136150583e-47
1.5,0.551882377049557,0.20845649080084902,1.05026297464207e-47
1.5,0.552049314141247,0.20889805097931502,1.02416755422041e-47
1.5,0.552216553845098,0.20933961115778202,9.98212332168582e-48
1.5,0.55231402469459,0.20959659427927602,9.831746488708169e-48
1.5,0.552481742566105,0.21003815445774401,9.574589426554678e-48
1.5,0.552649762339771,0.21047971463620999,9.31905979528026e-48
1.5,0.552747686854217,0.210736697757706,9.17112875164168e-48
1.5,0.552916183671469,0.211178257936173,8.91835552782172e-48
1.5,0.553084981679794,0.21161981811464,8.667440847004141e-48
1.5,0.5531833587906639,0.211876801236133,8.52230284929762e-48
1.5,0.553352632716829,0.21231836141460103,8.27451426694229e-48
1.5,0.553522207121948,0.212759921593067,8.02882031254358e-48
1.5,0.553621035759153,0.21301690471456103,7.886830082692321e-48
1.5,0.553791084954745,0.21345846489303,7.6446391365776e-48
1.5,0.553961433916163,0.21390002507149602,7.404783012459169e-48
1.5,0.554060713008094,0.21415700819299102,7.26630143771182e-48
1.5,0.5542315356310431,0.21459856837145802,7.03033093149138e-48
1.5,0.55440265730571,0.215040128549924,6.796938489600579e-48
1.5,0.554502385779286,0.21529711167141802,6.66233102668306e-48
1.5,0.554673979985016,0.21573867184988701,6.43321065503378e-48
1.5,0.554845872527405,0.21618023202835301,6.2069133430375e-48
1.5,0.554946049308116,0.216437215149847,6.07654806945319e-48
1.5,0.5551184132496191,0.216878775328315,5.8549108718147e-48
1.5,0.5552910748118011,0.217320335506782,5.63634192046997e-48
1.5,0.555391698823754,0.217577318628277,5.510587188534359e-48
1.5,0.555564830651666,0.21801887880674303,5.29706527815563e-48
1.5,0.5557382593833861,0.21846043898521003,5.08685512054989e-48
1.5,0.555839329549347,0.21871742210670503,4.96607673938931e-48
1.5,0.5560132274120261,0.21915898228517203,4.76129619824273e-48
1.5,0.556187421460778,0.219600542463638,4.5600670072910895e-48
1.5,0.556288936702216,0.219857525585133,4.44462489458973e-48
1.5,0.5564635987458141,0.22029908576359902,4.24919970867377e-48
1.5,0.556638556256918,0.220740645942068,4.057558926699e-48
1.5,0.55674051549405,0.22099762906356202,3.9478031458277e-48
1.5,0.55691593986259,0.22143918924202902,3.76232804604003e-48
1.5,0.557091658979261,0.221880749420495,3.58086076582712e-48
1.5,0.557194061131094,0.22213773254198999,3.47712687023405e-48
1.5,0.557370245966542,0.22257929272045698,3.30216893908443e-48
1.5,0.557546724829972,0.22302085289892404,3.13142898767985e-48
1.5,0.557649568814346,0.22327783602041903,3.03403258550335e-48
1.5,0.557826512256686,0.223719396198885,2.8701214748218e-48
1.5,0.55800374900611,0.224160956377352,2.71062105453907e-48
1.5,0.558107033739741,0.22441793949884603,2.6198515036569798e-48
1.5,0.55828473392705,0.224859499677314,2.46746811521687e-48
1.5,0.558462726699824,0.22530105985577903,2.3196658543784497e-48
1.5,0.558566451098348,0.225558042977275,2.23577901047924e-48
1.5,0.558744906166864,0.225999603155742,2.09534251072229e-48
1.5,0.558923653098538,0.226441163334209,1.9596298008320302e-48
1.5,0.5590278160765491,0.226698146455702,1.8828397475913402e-48
1.5,0.55920702416075,0.22713970663417002,1.75469280909888e-48
1.5,0.559386523385136,0.22758126681263602,1.63137834185661e-48
1.5,0.559491123856235,0.22783824993413201,1.56184807069152e-48
1.5,0.559671083088906,0.228279810112599,1.44624029902192e-48
1.5,0.559851332738154,0.228721370291065,1.3355328058136399e-48
1.5,0.560017049257002,0.229126702759968,1.23823384860132e-48
1.5,0.560406963896034,0.230078064235393,1.0261439619496e-48
1.5,0.560798221364097,0.23102942571081703,8.36813959877074e-49
1.5,0.561026545925223,0.23158310752712802,7.37007742434151e-49
1.5,0.561419921997041,0.23253446900255204,5.830583923888109e-49
1.5,0.5618146336424991,0.233485830477977,4.5073103784638795e-49
1.5,0.5620449651547571,0.234039512294286,3.83337365732389e-49
1.5,0.56244178391716,0.23499087376971103,2.8333187455363096e-49
1.5,0.562839930986898,0.23594223524513602,2.0215376878987e-49
1.5,0.563072258531353,0.23649591706144502,1.6296608718438399e-49
1.5,0.563472501214949,0.23744727853687003,1.08266058348212e-49
1.5,0.563874064929907,0.238398640012296,6.7822162915489395e-50
1.5,0.564108377573092,0.23895232182860504,4.99928672249937e-50
1.5,0.564512025384495,0.239903683304029,2.7608943091297503e-50
1.5,0.564916986942841,0.240855044779455,1.3641842831105e-50
1.5,0.565153273738597,0.241408726595765,8.47469569435587e-51
1.5,0.565560307863573,0.24236008807118903,3.22030881447316e-51
1.5,0.565968648443833,0.24331144954661302,9.43010603876679e-52
1.5,0.5662068984351231,0.24386513136292498,3.89241147721363e-52
1.5,0.56661730004169,0.24481649283835002,5.48019796576756e-53
1.5,0.567029000805833,0.24576785431377401,3.11083270804618e-54
1.5,0.5672692030265251,0.246321536130083,2.82413694301222e-55
1.5,0.567682953268009,0.24727289760550702,3.08172724517111e-58
1.5,0.568327843181868,0.248749849838928,0.0
1.6,0.51099907,0.0,0.0
1.6,0.511003485427447,0.00212428296941972,1.2509303445904e-48
1.6,0.511085969453362,0.00942436370361661,5.58616986326552e-48
1.6,0.511272683196175,0.0167244444377528,1.04702490827628e-47
1.6,0.511429288079129,0.020973010376669002,1.37998772606236e-47
1.6,0.511780633887044,0.028273091110801302,2.04825245834692e-47
1.6,0.51223578564561,0.035573171844951505,2.84128210156012e-47
1.6,0.512548359026729,0.0398217377838767,3.3601338361703597e-47
1.6,0.513167141700742,0.047121818518012504,4.34862854660499e-47
1.6,0.513888891355978,0.0544218992521515,5.45695767157142e-47
1.6,0.51435617331437,0.0586704651910768,6.155627071489729e-47
1.6,0.515239907684309,0.06597054592521151,7.44521202506942e-47
1.6,0.5162253715887271,0.0732706266593533,8.84307749845653e-47
1.6,0.516845503764862,0.07751919259827951,9.70426334405591e-47
1.6,0.517990693612833,0.08481927333241521,1.12616938792239e-46
1.6,0.519236001192622,0.09211935406655711,1.29116200861846e-46
1.6,0.520006562984591,0.09636792000547979,1.39116038988722e-46
1.6,0.521408768547495,0.103668000739622,1.56928612026173e-46
1.6,0.52290913612867,0.11096808147376001,1.75466881469134e-46
1.6,0.523827190380457,0.115216647412684,1.86555219850452e-46
1.6,0.52548111118923,0.122516728146825,2.06058214699903e-46
1.6,0.527230929867455,0.129816808880963,2.2604519485726404e-46
1.6,0.528293076110659,0.13406537481989,2.37858763418763e-46
1.6,0.530192645709899,0.141365455554027,2.58393806886913e-46
1.6,0.532185579681292,0.148665536288166,2.7912757513963e-46
1.6,0.533388012801921,0.152914102227092,2.91237687257331e-46
1.6,0.535526501643756,0.16021418296123102,3.12033367472185e-46
1.6,0.5377555932598631,0.167514263695371,3.32698390297864e-46
1.6,0.539094165415324,0.171762829634295,3.44610107537843e-46
1.6,0.541464288213433,0.17906291036843602,3.64781228037895e-46
1.6,0.543922066102822,0.186362991102573,3.8444867761952505e-46
1.6,0.5453923497984271,0.1906115570415,3.95601579259615e-46
1.6,0.54798637383415,0.19791163777564003,4.141516714512061e-46
1.6,0.550664960710777,0.205211718509779,4.31783706503561e-46
1.6,0.552262311136833,0.20946028444870202,4.4155533062336e-46
1.6,0.555072162385274,0.216760365182842,4.57384464249642e-46
1.6,0.5579633795916911,0.22406044591698102,4.7184482557294e-46
1.6,0.559682994592015,0.22830901185590702,4.795583189552081e-46
1.6,0.5627003590295371,0.235609092590046,4.9147919575667e-46
1.6,0.5657958253874841,0.242909173324186,5.0155361745809605e-46
1.6,0.567632801746443,0.24715773926311102,5.06491913957901e-46
1.6,0.570849219758263,0.25445781999725,5.13258809585257e-46
1.6,0.574140442867569,0.261757900731388,5.17690693334505e-46
1.6,0.5760898279359651,0.266006466670314,5.1912088063182e-46
1.6,0.579496780314617,0.27330654740445304,5.1947874711872996e-46
1.6,0.582975239007778,0.280606628138594,5.17028997472984e-46
1.6,0.58503207701271,0.284855194077518,5.14242949046519e-46
1.6,0.588621061584734,0.292155274811656,5.07009032198113e-46
1.6,0.592278278772677,0.299455355545798,4.9655543518659895e-46
1.6,0.5934682863217441,0.30180218244539403,4.9248910232496e-46
1.6,0.5938575674961081,0.30256695280801804,4.9108855085440305e-46
1.6,0.594247577885292,0.303331723170643,4.8965070553714e-46
1.6,0.594474894727249,0.30377681103091003,4.88796679690089e-46
1.6,0.59486605579621,0.30454158139353404,4.87299592698339e-46
1.6,0.5952579423775209,0.305306351756159,4.85764909921275e-46
1.6,0.595486349439164,0.30575143961642604,4.84854390471369e-46
1.6,0.5958793808488311,0.30651620997905,4.83260007677889e-46
1.6,0.596273134075824,0.307280980341675,4.81627751988873e-46
1.6,0.596502625804691,0.30772606820194204,4.8066032262457105e-46
1.6,0.596897518020585,0.30849083856456705,4.78967949325344e-46
1.6,0.5972931283664601,0.309255608927191,4.7723745272038605e-46
1.6,0.5975236992216321,0.30970069678746004,4.76212737245382e-46
1.6,0.597920442729285,0.31046546715008305,4.74421749146182e-46
1.6,0.598317900687487,0.31123023751270806,4.72592415935994e-46
1.6,0.598549545139929,0.31167532537297704,4.71510081105367e-46
1.6,0.59894813044548,0.3124400957356,4.6961992927105806e-46
1.6,0.599347426530282,0.313204866098225,4.67691241112813e-46
1.6,0.5995801390631861,0.31364995395849304,4.66550999716668e-46
1.6,0.599980556693956,0.314414724321118,4.6456121602634796e-46
1.6,0.600381681441034,0.315179494683741,4.6253273761161e-46
1.6,0.60061545655015,0.31562458254401005,4.61334351737458e-46
1.6,0.601017697055206,0.316389352906634,4.59244554551408e-46
1.6,0.601420641022202,0.317154123269258,4.57115939362228e-46
1.6,0.601655473216161,0.317599211129527,4.55859223906941e-46
1.6,0.602059527166873,0.31836398149215,4.536691241911e-46
1.6,0.602464280933941,0.319128751854774,4.51440120782744e-46
1.6,0.6027001647345721,0.31957383971504205,4.50124947056255e-46
1.6,0.603106022725156,0.32033861007766706,4.47834354886386e-46
1.6,0.6035125768955001,0.32110338044029,4.4550481358690996e-46
1.6,0.6037495068381431,0.32154846830056005,4.44131113450479e-46
1.6,0.6041571594861841,0.322313238663182,4.4173994501832e-46
1.6,0.6045655046865841,0.323078009025807,4.39309825063928e-46
1.6,0.60480347532039,0.323523096886075,4.37877595074274e-46
1.6,0.605212913267368,0.324287867248699,4.3538588011844596e-46
1.6,0.6056230401486921,0.325052637611325,4.32855257293072e-46
1.6,0.6058620460369221,0.325497725471593,4.31364563258876e-46
1.6,0.6062732599487111,0.326262495834217,4.287724529503621e-46
1.6,0.606685159186414,0.327027266196841,4.26141527833806e-46
1.6,0.606925194906728,0.32747235405711006,4.2459250970882596e-46
1.6,0.607338175474093,0.328237124419733,4.2190028534643e-46
1.6,0.607751837768711,0.32900189478235603,4.1916939198435306e-46
1.6,0.6079928979134501,0.329446982642625,4.17562269031302e-46
1.6,0.60840763585253,0.330211753005249,4.147703510520311e-46
1.6,0.6088230519301561,0.33097652336787303,4.119399663790339e-46
1.6,0.6090651311066191,0.331421611228143,4.10275042790161e-46
1.6,0.6094816171593951,0.332186381590767,4.07384000662766e-46
1.6,0.609898777772143,0.332951151953389,4.04454754637493e-46
1.6,0.6101418706028551,0.333396239813658,4.02732425529649e-46
1.6,0.610560095537612,0.334161010176282,3.99742988234799e-46
1.6,0.6109789914640771,0.33492578053890604,3.96715674633237e-46
1.6,0.611223092587053,0.335370868399174,3.94936432475965e-46
1.6,0.611643047198828,0.336135638761799,3.91849499847789e-46
1.6,0.612063669244523,0.33690040912442404,3.88725087888346e-46
1.6,0.6123087733135251,0.337345496984692,3.86889529449959e-46
1.6,0.61273044842454,0.33811026734731503,3.83706184341587e-46
1.6,0.613152787422334,0.33887503770994004,3.80485831214899e-46
1.6,0.613398889107118,0.339320125570208,3.78594664986257e-46
1.6,0.613822275567212,0.34008489593283203,3.7531618634438e-46
1.6,0.6142463223777481,0.34084966629545604,3.72001250690758e-46
1.6,0.6144934163643101,0.341294754155724,3.70055304934442e-46
1.6,0.614918505051347,0.342059524518348,3.66683181937904e-46
1.6,0.6153442505634561,0.342824294880973,3.63275238363652e-46
1.6,0.6155923315542661,0.343269382741241,3.61275469734793e-46
1.6,0.6160191133745441,0.344034153103866,3.57811416960567e-46
1.6,0.616446548505639,0.34479892346649005,3.54312271692501e-46
1.6,0.616695611219875,0.345244011326758,3.52259774576251e-46
1.6,0.617124077108514,0.346008781689382,3.4870574842687302e-46
1.6,0.617553192804984,0.346773552052005,3.4511745618660703e-46
1.6,0.6178032319787541,0.34721863991227403,3.4301347276221e-46
1.6,0.6182333729000831,0.347983410274898,3.3937168913728903e-46
1.6,0.618664160137669,0.348748180637523,3.35696571404104e-46
1.6,0.6189151705242291,0.34919326849779103,3.33542502516016e-46
1.6,0.6193469774721541,0.34995803886041504,3.29815455977132e-46
1.6,0.6197794272563151,0.35072280922304006,3.2605612068134e-46
1.6,0.6200314036262821,0.35116789708330803,3.23853537564659e-46
1.6,0.620464867624649,0.35193266744593105,3.20044021975875e-46
1.6,0.6208989709909211,0.352697437808555,3.16203384837377e-46
1.6,0.6211519081324801,0.35314252566882404,3.1395404186037e-46
1.6,0.6215870202354261,0.353907296031448,3.10065172785837e-46
1.6,0.622022768249769,0.354672066394072,3.06146480345354e-46
1.6,0.6222766609688701,0.355117154254341,3.0385232874427e-46
1.6,0.6227134122611621,0.35588192461696505,2.9988756764072902e-46
1.6,0.6231507960202961,0.356646694979589,2.95894422245809e-46
1.6,0.623405639140851,0.35709178283985804,2.93557625006363e-46
1.6,0.623844020738217,0.35785655320248105,2.8952080544538798e-46
1.6,0.624283031369949,0.358621323565105,2.85457192290881e-46
1.6,0.624538819734018,0.359066411425373,2.83080140294793e-46
1.6,0.6249788227834701,0.359831181787998,2.7897549636202503e-46
1.6,0.62541945144701,0.360595952150623,2.74845812788298e-46
1.6,0.625676179914986,0.36104104001089005,2.7243114225768903e-46
1.6,0.626117795595126,0.361805810373514,2.6826333931971604e-46
1.6,0.6265600334813941,0.362570580736138,2.640724265256e-46
1.6,0.626817696932179,0.363015668596407,2.6162303796574503e-46
1.6,0.627260916453504,0.36378043895903,2.57397206001267e-46
1.6,0.627704754785428,0.364545209321655,2.53150383449053e-46
1.6,0.627963348116603,0.36499029718192405,2.50669462165337e-46
1.6,0.628408162721795,0.365755067544548,2.46391231854211e-46
1.6,0.6288535927545971,0.366519837907172,2.42094334464018e-46
1.6,0.629113110882588,0.36696492576744005,2.39585372736038e-46
1.6,0.629559511846795,0.367729696130065,2.35260914536893e-46
1.6,0.630006524868272,0.368494466492689,2.3092033302020802e-46
1.6,0.630266962728512,0.368939554352957,2.2838715412130402e-46
1.6,0.63071494135962,0.369704324715581,2.2402322055088503e-46
1.6,0.631163528690409,0.370469095078205,2.1964594490650402e-46
1.6,0.6314248812374921,0.370914182938474,2.17092729046275e-46
1.6,0.63187442887639,0.371678953301097,2.12696700277563e-46
1.6,0.6323245818702321,0.372443723663722,2.08290366792356e-46
1.6,0.632586844078059,0.37288881152399,2.05721679109104e-46
1.6,0.633037952098894,0.373653581886614,2.01301612177263e-46
1.6,0.633489662142879,0.37441835224923803,1.96874553997505e-46
1.6,0.6337528290048091,0.374863440109507,1.94295374619085e-46
1.6,0.6342054888152261,0.37562821047213,1.89860056196722e-46
1.6,0.634658747330041,0.37639298083475503,1.85421357590725e-46
1.6,0.634922813859023,0.376838068695023,1.82837113895148e-46
1.6,0.635377016900407,0.377602839057647,1.78396116881079e-46
1.6,0.6358318153405631,0.37836760942027103,1.73955671184997e-46
1.6,0.636096776569275,0.378812697280539,1.71372272138347e-46
1.6,0.636552514316974,0.379577467643163,1.6693601571974e-46
1.6,0.6370088441710341,0.38034223800578804,1.6250458679971002e-46
1.6,0.6372746951520101,0.380787325866057,1.599284593707e-46
1.6,0.637731959115556,0.381552096228681,1.55508272590278e-46
1.6,0.638189811906347,0.38231686659130504,1.5109755954222e-46
1.6,0.6384565477121,0.382761954451573,1.48535686812458e-46
1.6,0.6389153294354191,0.38352672481419703,1.44143874821673e-46
1.6,0.639374696720242,0.38429149517682104,1.39766579126602e-46
1.6,0.639642312443384,0.384736583037089,1.37226539764524e-46
1.6,0.640102603504997,0.38550135339971303,1.32876452107258e-46
1.6,0.640563476875826,0.38626612376233804,1.28546346266431e-46
1.6,0.640831967629182,0.386711211622606,1.2603635448104899e-46
1.6,0.641293759642399,0.38747598198523003,1.21742453688088e-46
1.6,0.6417561307260671,0.388240752347854,1.17474449444598e-46
1.6,0.642025491642785,0.388685840208124,1.15003394400388e-46
1.6,0.6424887762558911,0.38945061057074704,1.10781322763992e-46
1.6,0.642952636714277,0.39021538093337105,1.0659153623534601e-46
1.6,0.6432228629479291,0.390660468793638,1.0416901896075801e-46
1.6,0.6436876318443621,0.39142523915626304,1.0003565986419701e-46
1.6,0.644152973374563,0.392190009518888,9.59414695650905e-47
1.6,0.6444240600992521,0.39263509737915603,9.357783483163971e-47
1.6,0.6448903049977681,0.39339986774177904,8.95513635580427e-47
1.6,0.645357119332266,0.394164638104404,8.55714552066307e-47
1.6,0.6456290617427151,0.39460972596467203,8.32778143620318e-47
1.6,0.6460967743975581,0.39537449632729704,7.937773075553151e-47
1.6,0.6465650533043781,0.39613926668992105,7.553212016378149e-47
1.6,0.646995409787381,0.39684129163316206,7.20527136180696e-47
1.6,0.6480073702530621,0.398489024141725,6.40915497478578e-47
1.6,0.649021936118862,0.400136756650287,5.644598508658909e-47
1.6,0.64961359674924,0.401095718676502,5.21555486873873e-47
1.6,0.650632259431794,0.40274345118506505,4.508171493766519e-47
1.6,0.651653496108168,0.40439118369362803,3.84167281844726e-47
1.6,0.6522490246646311,0.40535014571984207,3.4740818927988896e-47
1.6,0.653274308712113,0.406997878228406,2.8799011548249596e-47
1.6,0.654302135649468,0.40864561073696903,2.33618757702888e-47
1.6,0.6549014853925551,0.40960457276318296,2.0443724152360998e-47
1.6,0.655933310735314,0.41125230527174605,1.58744872419412e-47
1.6,0.6569676481683441,0.41290003778030804,1.18912079131668e-47
1.6,0.657570772815916,0.413858999806524,9.85119946388077e-48
1.6,0.6586090601715301,0.41550673231508706,6.832176190178829e-48
1.6,0.659649829123884,0.41715446482364804,4.4270351891873694e-48
1.6,0.660256682853722,0.41811342684986297,3.30362720220213e-48
1.6,0.661301353731258,0.41976115935842606,1.8231072636232e-48
1.6,0.662348476019556,0.421408891866989,8.573929780988709e-49
1.6,0.662959013471584,0.422367853893204,4.975831820356339e-49
1.6,0.664009990175222,0.424015586401766,1.4828581223655399e-49
1.6,0.6650633884124291,0.42566331891032905,2.45834172243349e-50
1.6,0.665677564690567,0.4266222809365441,5.28014116419846e-51
1.6,0.6667347703226051,0.428270013445107,5.811976276064211e-53
1.6,0.667794367920806,0.42991774595367,9.9788528555487e-59
1.6,0.6683807766047221,0.43082805502179905,0.0
1.8,0.51099907,0.0,0.0
1.8,0.511010798536331,0.00346217848670736,3.6132807518642e-48
1.8,0.5112298669564711,0.0153599260241108,1.68279250099334e-47
1.8,0.511725541974262,0.0272576735615371,3.46602618411292e-47
1.8,0.512141055523137,0.0341820305348888,4.78086190643309e-47
1.8,0.513072505098509,0.0460797780723243,7.53060854788767e-47
1.8,0.514277593344971,0.0579775256097612,1.09024313556718e-46
1.8,0.515104168012351,0.0649018825831077,1.3150355862168e-46
1.8,0.516738069748608,0.0767996301205444,1.75005724285254e-46
1.8,0.518639831042956,0.0886973776579727,2.2462347595211e-46
1.8,0.519868796596572,0.09562173463132281,2.5628760313775397e-46
1.8,0.5221881735415911,0.10751948216875801,3.1542528119783603e-46
1.8,0.52476711433889,0.11941722970618901,3.80457601977801e-46
1.8,0.526386023812913,0.12634158667954,4.20973938529001e-46
1.8,0.529367701192297,0.138239334216974,4.950860240316971e-46
1.8,0.5325985287799749,0.15013708175440502,5.7475146701144306e-46
1.8,0.534591755525745,0.15706143872775702,6.23605705304335e-46
1.8,0.538207447146786,0.16895918626519102,7.116980822624031e-46
1.8,0.54206021809883,0.18085693380262302,8.04851558949423e-46
1.8,0.544409646044553,0.18778129077597303,8.61302130474971e-46
1.8,0.548627166555423,0.19967903831340703,9.619610797362981e-46
1.8,0.553068518225217,0.21157678585084,1.06699844392967e-45
1.8,0.5557542613029091,0.21850114282419,1.1300172842130101e-45
1.8,0.5605387571084911,0.23039889036162303,1.2413016763024001e-45
1.8,0.5655331204076831,0.24229663789905498,1.3560446008120699e-45
1.8,0.568534215176235,0.249220994872408,1.42424690730022e-45
1.8,0.57384932445596,0.261118742409841,1.54356216934297e-45
1.8,0.579360037734736,0.273016489947274,1.6651257035892898e-45
1.8,0.582655067184266,0.279940846920625,1.73669009286775e-45
1.8,0.5884639451624191,0.29183859445805604,1.8606466715963902e-45
1.8,0.59445421605845,0.30373634199549,1.9852928365644e-45
1.8,0.5980218385850751,0.310660698968841,2.05787424660295e-45
1.8,0.604288011591662,0.322558446506272,2.1821354418093503e-45
1.8,0.610721700347274,0.334456194043705,2.3051190335391596e-45
1.8,0.614541072796257,0.34138055101705705,2.37575867522368e-45
1.8,0.62122910892071,0.353278298554489,2.4948866902494998e-45
1.8,0.62807132889521,0.365176046091923,2.6103042997836702e-45
1.8,0.6321224244576391,0.37210040306527303,2.67534423188876e-45
1.8,0.639198427100039,0.38399815060270703,2.78265980235342e-45
1.8,0.6464159742031841,0.39589589814013804,2.88332088704948e-45
1.8,0.650679804105339,0.40282025511349,2.93833604126868e-45
1.8,0.658111746790494,0.41471800265092207,3.02581743322336e-45
1.8,0.6656733792556511,0.42661575018835496,3.10316879127053e-45
1.8,0.6701321317909241,0.433540107161706,3.1429377003823295e-45
1.8,0.6778900588884871,0.44543785469913905,3.2012016868745e-45
1.8,0.685766653180185,0.457335602236571,3.2453570952505404e-45
1.8,0.690403765391285,0.464259959209923,3.2639064712578103e-45
1.8,0.6984598852015521,0.476157706747355,3.28234206984326e-45
1.8,0.70662449433769,0.48805545428478797,3.28230387273999e-45
1.8,0.7092716797176231,0.4918803371843541,3.27808103740626e-45
1.8,0.710136647934331,0.49312676787875004,3.27624380508697e-45
1.8,0.711002748945678,0.494373198573149,3.27417651480667e-45
1.8,0.7115073299616971,0.495098607398928,3.27286667374958e-45
1.8,0.7123752146030421,0.49634503809332603,3.27043134351752e-45
1.8,0.7132442213934791,0.497591468787725,3.26776078764524e-45
1.8,0.7137504886550601,0.498316877613504,3.26609747662157e-45
1.8,0.714621262312003,0.499563308307902,3.26305072095482e-45
1.8,0.715493147570552,0.5008097390022991,3.2597635930989297e-45
1.8,0.716001085228087,0.5015351478280791,3.25773907880501e-45
1.8,0.716874720744439,0.5027815785224761,3.25406763070153e-45
1.8,0.717749457412536,0.5040280092168741,3.25015069270199e-45
1.8,0.7182590497631111,0.5047534180426541,3.24775728517744e-45
1.8,0.7191355202343881,0.5059998487370511,3.24344795856204e-45
1.8,0.720013081504713,0.5072462794314491,3.2388880616836896e-45
1.8,0.720524312991424,0.5079716882572279,3.23611812710284e-45
1.8,0.721403591763652,0.509218118951627,3.23115783941536e-45
1.8,0.722283951078925,0.510464549646024,3.22594194725796e-45
1.8,0.72279680629017,0.511189958471804,3.22278792130583e-45
1.8,0.723678866958653,0.512436389166202,3.21716371688952e-45
1.8,0.724561998010385,0.513682819860599,3.21127892992218e-45
1.8,0.725076461679127,0.514408228686379,3.2077333325909995e-45
1.8,0.725961278087178,0.515654659380776,3.2014324087795896e-45
1.8,0.726847154814386,0.516901090075174,3.19486599080764e-45
1.8,0.7273632118174,0.517626498900954,3.19092144214558e-45
1.8,0.728250758055031,0.518872929595351,3.1839311769373896e-45
1.8,0.729139354642913,0.52011936028975,3.1766705840599896e-45
1.8,0.729656990000009,0.520844769115529,3.17231982128015e-45
1.8,0.730547240402586,0.522091199809927,3.1646278032996095e-45
1.8,0.7314385312811641,0.523337630504325,3.15666071413972e-45
1.8,0.731957730154393,0.524063039330104,3.15189660982398e-45
1.8,0.732850659301258,0.525309470024503,3.14349067056057e-45
1.8,0.733744619143988,0.526555900718899,3.13480501983701e-45
1.8,0.7342653668368251,0.52728130954468,3.12962060175545e-45
1.8,0.735160949549886,0.528527740239077,3.12048885036578e-45
1.8,0.736057553272239,0.529774170933474,3.11107286484504e-45
1.8,0.736579835228748,0.5304995797592541,3.10546133755132e-45
1.8,0.737478046571042,0.5317460104536521,3.09559219861671e-45
1.8,0.738377269329048,0.532992441148049,3.08543443564546e-45
1.8,0.738901071133039,0.5337178499738301,3.07938920326383e-45
1.8,0.7398018864072591,0.534964280668227,3.06877145724486e-45
1.8,0.7407037035960311,0.536210711362625,3.05786084681195e-45
1.8,0.7412290109701871,0.5369361201884051,3.0513755381583395e-45
1.8,0.7421324057171911,0.538182550882803,3.03999836536562e-45
1.8,0.743036792969419,0.539428981577199,3.02832425535677e-45
1.8,0.743563591774422,0.54015439040298,3.02139275113816e-45
1.8,0.744469541771709,0.541400821097377,3.00924577977067e-45
1.8,0.745376474956133,0.542647251791775,2.9967979851765396e-45
1.8,0.745904751189765,0.543372660617555,2.98941444698353e-45
1.8,0.746813232449935,0.5446190913119521,2.97648780413147e-45
1.8,0.747722687669787,0.5458655220063501,2.96325666019416e-45
1.8,0.748252427466025,0.5465909308321301,2.95541556246657e-45
1.8,0.749163416235211,0.5478373615265271,2.94169993042884e-45
1.8,0.750075369826644,0.5490837922209251,2.9276763506768904e-45
1.8,0.7506065594547391,0.549809201046705,2.91937251536025e-45
1.8,0.751520032211018,0.5510556317411021,2.90485919264104e-45
1.8,0.752434460741513,0.5523020624355001,2.89003473152232e-45
1.8,0.7529670866050591,0.55302747126128,2.88126336529546e-45
1.8,0.75388302005685,0.554273901955678,2.86594433249057e-45
1.8,0.754799900323599,0.5555203326500749,2.8503112538676395e-45
1.8,0.75533394895959,0.556245741475855,2.84106798926173e-45
1.8,0.756252320044026,0.557492172170253,2.82493598155397e-45
1.8,0.7571716290723041,0.5587386028646509,2.80848733367184e-45
1.8,0.757707087150183,0.55946401169043,2.79876827363505e-45
1.8,0.7586278730314711,0.560710442384827,2.78181685925421e-45
1.8,0.759549588072988,0.561956873079226,2.7645465556410296e-45
1.8,0.7600864423936851,0.562682281905005,2.7543483221824202e-45
1.8,0.761009620461453,0.563928712599403,2.7365719885963503e-45
1.8,0.761933718992691,0.565175143293801,2.71847489768699e-45
1.8,0.7624719564876541,0.56590055211958,2.7077946855028696e-45
1.8,0.7633975043552761,0.567146982813978,2.6891889338026197e-45
1.8,0.764323964075815,0.568393413508375,2.67026097636494e-45
1.8,0.764863571806032,0.569118822334156,2.65909661086475e-45
1.8,0.7657914673089471,0.570365253028553,2.63965805883939e-45
1.8,0.7667202661397771,0.57161168372295,2.61989631529697e-45
1.8,0.7672612312947911,0.57233709254873,2.6082463173160502e-45
1.8,0.768191452488808,0.573583523243128,2.5879728136802197e-45
1.8,0.7691225685706291,0.574829953937525,2.56737564211452e-45
1.8,0.769664878467547,0.5755553627633051,2.55523929829371e-45
1.8,0.770597403627139,0.5768017934577031,2.53413004715083e-45
1.8,0.7715308153186511,0.5780482241521011,2.5126972133122e-45
1.8,0.772074457401149,0.57877363297788,2.50007465433076e-45
1.8,0.773009265017734,0.580020063672277,2.4781303542562e-45
1.8,0.773944950893918,0.581266494366675,2.4558631754171198e-45
1.8,0.7744899127312381,0.581991903192455,2.4427554621323998e-45
1.8,0.775426981511462,0.583238333886853,2.41997845826517e-45
1.8,0.7763649203618521,0.584484764581251,2.39687996222312e-45
1.8,0.776911189647794,0.58521017340703,2.38328918149188e-45
1.8,0.7778504985117921,0.586456604101428,2.3596836360158e-45
1.8,0.7787906693387441,0.587703034795826,2.33575873787864e-45
1.8,0.779338233890658,0.588428443621606,2.3216881084060898e-45
1.8,0.78027976197032,0.5896748743160031,2.2972601884479296e-45
1.8,0.7812221439872661,0.5909213050104011,2.2725158873405903e-45
1.8,0.7817709917450351,0.5916467138361801,2.25796987868906e-45
1.8,0.782714718382261,0.5928931445305781,2.23272796716515e-45
1.8,0.7836592910119671,0.594139575224975,2.2071735655678898e-45
1.8,0.7842094100369941,0.594864984050755,2.19215802953723e-45
1.8,0.7851553147819441,0.5961114147451541,2.16611295990548e-45
1.8,0.78610205765476,0.5973578454395511,2.13976030982422e-45
1.8,0.786653436128943,0.598083254265331,2.12428262912498e-45
1.8,0.787601498738284,0.5993296849597279,2.09744794898817e-45
1.8,0.7885503916903871,0.600576115654126,2.07031172688393e-45
1.8,0.7891030179151031,0.601301524479906,2.05438098110193e-45
1.8,0.790053218350257,0.602547955174303,2.0267732490578202e-45
1.8,0.7910042414218941,0.6037943858687,1.99887126667059e-45
1.8,0.791558103816973,0.604519794694481,1.9824984198034098e-45
1.8,0.792510422242354,0.605766225388878,1.95413753880099e-45
1.8,0.7934635556760871,0.607012656083276,1.9254910938384598e-45
1.8,0.7940186427787881,0.607738064909056,1.9086892061345e-45
1.8,0.794973059560044,0.608984495603453,1.87959880205444e-45
1.8,0.7959282837989851,0.61023092629785,1.8502330744498502e-45
1.8,0.796484584262974,0.61095633512363,1.83301754255189e-45
1.8,0.7974410799652281,0.612202765818029,1.8032253936651e-45
1.8,0.798398375651282,0.613449196512426,1.77316989740119e-45
1.8,0.798955878245605,0.614174605338206,1.75555872749182e-45
1.8,0.79991443363169,0.6154210360326031,1.7250972525957e-45
1.8,0.800873781603794,0.6166674667270011,1.69438634971193e-45
1.8,0.8014324752118521,0.6173928755527801,1.67640046960243e-45
1.8,0.802393071240558,0.6186393062471791,1.6453072870657298e-45
1.8,0.8033544525329191,0.619885736941576,1.61398077670863e-45
1.8,0.803914326151447,0.6206111457673561,1.59564439261441e-45
1.8,0.804876943975755,0.6218575764617541,1.56396296051644e-45
1.8,0.8058403398160942,0.623104007156151,1.5320667544817e-45
1.8,0.8064013825541361,0.623829415981931,1.51340776229264e-45
1.8,0.8073660035194661,0.625075846676329,1.4811881151456102e-45
1.8,0.8083313953272621,0.626322277370727,1.44877501706921e-45
1.8,0.8088935964051491,0.627047686196506,1.4298254754720202e-45
1.8,0.809860202047604,0.628294116890904,1.39712507529313e-45
1.8,0.81082757143234,0.629540547585302,1.36425568038069e-45
1.8,0.8113909201806729,0.6302659564110811,1.3450523591601499e-45
1.8,0.812359492225286,0.6315123871054781,1.31193708127568e-45
1.8,0.8133288209847,0.6327588177998771,1.2786808212353899e-45
1.8,0.81389330684333,0.6334842266256571,1.25926583778472e-45
1.8,0.8148638272023201,0.6347306573200541,1.2258111163219001e-45
1.8,0.8158350973206571,0.6359770880144511,1.19224747488301e-45
1.8,0.816400709837669,0.6367024968402311,1.17266903566919e-45
1.8,0.817373160608695,0.6379489275346281,1.13896119976496e-45
1.8,0.818346354254968,0.639195358229026,1.1051811315345199e-45
1.8,0.81891308308567,0.639920767054807,1.0854943983134399e-45
1.8,0.819887446550093,0.641167197749204,1.0516322338714298e-45
1.8,0.820862546076344,0.6424136284436011,1.01773982457632e-45
1.8,0.8214303809822541,0.643139037269381,9.98007928569083e-46
1.8,0.822406639603404,0.644385467963779,9.6410450805261e-46
1.8,0.823383627542974,0.645631898658177,9.30218920766463e-46
1.8,0.8242810985153531,0.6467760662152031,8.99146658390711e-46
1.8,0.826389959161989,0.649461557802222,8.26439499198521e-46
1.8,0.828502156646536,0.6521470493892441,7.54237157137396e-46
1.8,0.8297329581504891,0.653709975677514,7.1255121772116e-46
1.8,0.8318503825726661,0.656395467264534,6.4169572536716904e-46
1.8,0.8339710785522181,0.659080958851555,5.72089549828884e-46
1.8,0.8352067962567761,0.6606438851398251,5.32293122592164e-46
1.8,0.8373326170463511,0.6633293767268461,4.65403229080314e-46
1.8,0.8394616455538642,0.666014868313866,4.0076751243275196e-46
1.8,0.840702183526793,0.6675777946021371,3.64374552990199e-46
1.8,0.8428362369724941,0.670263286189158,3.04300527544255e-46
1.8,0.844973435707488,0.672948777776178,2.4782711965864997e-46
1.8,0.846218700136549,0.674511704064448,2.16863425923006e-46
1.8,0.848360826145974,0.6771971956514691,1.67387132501723e-46
1.8,0.8505060363968591,0.6798826872384901,1.2323592025616402e-46
1.8,0.851755935544759,0.68144561352676,1.00282250433964e-46
1.8,0.853905977567243,0.6841311051137821,6.60434333262542e-47
1.8,0.856059044134536,0.6868165967008011,3.89254025828555e-47
1.8,0.8573134882944091,0.688379522989072,2.66016981360719e-47
1.8,0.8594712932448181,0.691065014576093,1.14138759400771e-47
1.8,0.861632064365319,0.6937505061631141,3.24383944367318e-48
1.8,0.862890965816765,0.6953134324513841,1.0971364505967999e-48
1.8,0.865056384000277,0.697998924038404,4.21093607190019e-50
1.8,0.867224711272233,0.700684415625425,2.3955662993392203e-54
1.8,0.8684238685750121,0.702168046816376,0.0
2.0,0.51099907,0.0,0.0
2.0,0.51102001423165,0.0046265975025816,5.04397112010891e-48
2.0,0.511411146263558,0.0205258612910989,2.49313858698531e-47
2.0,0.512295656118547,0.0364251250796436,5.49410406169168e-47
2.0,0.513036605386624,0.0456783200847587,7.77737909810454e-47
2.0,0.5146958795021951,0.0615775838732987,1.2637272179090999e-46
2.0,0.516839154345413,0.0774768476618456,1.8688939745875598e-46
2.0,0.518307003465973,0.08673004266695189,2.27623724067594e-46
2.0,0.521203246425425,0.10262930645550301,3.0713516997697702e-46
2.0,0.5245656026704031,0.118528570244048,3.987373076069e-46
2.0,0.5267335465594101,0.127781765249151,4.5763930813884695e-46
2.0,0.5308147394771531,0.143681029037702,5.68492663629861e-46
2.0,0.5353372015836151,0.159580292826248,6.915831677293381e-46
2.0,0.538167999935117,0.168833487831352,7.68870183862118e-46
2.0,0.5433656587068459,0.1847327516199,9.11394620676107e-46
2.0,0.548974730882688,0.200632015408446,1.066223808965e-45
2.0,0.552423615616862,0.209885210413554,1.16199338901803e-45
2.0,0.558657926043821,0.22578447420209902,1.3362511690026899e-45
2.0,0.565270801253697,0.24168373799064702,1.52271661282924e-45
2.0,0.569288497935958,0.250936932995752,1.63681763224747e-45
2.0,0.576473421291194,0.2668361967843,1.84236246045869e-45
2.0,0.584002902566592,0.282735460572846,2.05974156056884e-45
2.0,0.588538379825042,0.291988655577953,2.1916063163049202e-45
2.0,0.596586138317592,0.30788791936650006,2.4271727490099798e-45
2.0,0.6049447822044131,0.323787183155047,2.67378267781738e-45
2.0,0.6099474920236351,0.33304037816015203,2.822214624295e-45
2.0,0.6187721093133981,0.34893964194870003,3.08532720398302e-45
2.0,0.627875367155311,0.36483890573724703,3.35809901027502e-45
2.0,0.633296888811789,0.374092100742353,3.52100782838383e-45
2.0,0.642816703228485,0.38999136453090005,3.8074949207396697e-45
2.0,0.6525850532294011,0.405890628319447,4.10144623676888e-45
2.0,0.658380166458097,0.4151438233245521,4.2755211469817194e-45
2.0,0.668519403225408,0.431043087113099,4.5789182385035697e-45
2.0,0.67887960241147,0.446942350901647,4.8865104886554197e-45
2.0,0.6850068799990441,0.45619554590675204,5.06682448852941e-45
2.0,0.695696455993636,0.472094809695299,5.37765665031408e-45
2.0,0.706582100888653,0.487994073483847,5.68803051214094e-45
2.0,0.713004134322227,0.497247268488952,5.86757439915827e-45
2.0,0.724181892295912,0.5131465322775001,6.17252156560583e-45
2.0,0.735533482498262,0.529045796066046,6.470623429063641e-45
2.0,0.74221685060977,0.5382989910711531,6.63978230064897e-45
2.0,0.75382740413864,0.554198254859699,6.920760481278e-45
2.0,0.7655920782699841,0.570097518648247,7.18641073048473e-45
2.0,0.772507151391826,0.579350713653352,7.33242253591792e-45
2.0,0.784501488325832,0.595249977441898,7.565669923836489e-45
2.0,0.7966325656144211,0.611149241230446,7.77269426801686e-45
2.0,0.80375321612288,0.620402436235552,7.87917893248843e-45
2.0,0.8160881710908591,0.636301700024099,8.03453635292877e-45
2.0,0.8285445955040741,0.652200963812646,8.150206792224701e-45
2.0,0.8325739887865821,0.6573122524821321,8.17800581257253e-45
2.0,0.8338896261355471,0.6589778896409331,8.18601417653122e-45
2.0,0.8352065128118049,0.660643526799734,8.1934941459513e-45
2.0,0.835973499025593,0.661612909133602,8.19760133582073e-45
2.0,0.8372923500860541,0.663278546292402,8.20423081747446e-45
2.0,0.838612435303967,0.664944183451202,8.210313424681899e-45
2.0,0.8393812760822421,0.665913565785071,8.21359882159167e-45
2.0,0.840703301851514,0.6675792029438701,8.218801519776389e-45
2.0,0.842026546817209,0.66924484010267,8.223438631923249e-45
2.0,0.8427972196780671,0.670214222436539,8.22587411878468e-45
2.0,0.8441223816904261,0.671879859595339,8.22960154599267e-45
2.0,0.84544874814423,0.67354549675414,8.23274445863047e-45
2.0,0.8462212309154,0.674514879088008,8.23430159250698e-45
2.0,0.847549491234974,0.6761805162468071,8.23650471349034e-45
2.0,0.8488789414443281,0.677846153405607,8.23810419053031e-45
2.0,0.849653212259058,0.6788155357394751,8.238754226717759e-45
2.0,0.8509845334727761,0.680481172898276,8.23938350144021e-45
2.0,0.852317030225203,0.682146810057076,8.239389819805959e-45
2.0,0.8530930675181732,0.6831161923909441,8.2391037385988e-45
2.0,0.854427412728759,0.684781829549745,8.238109169433759e-45
2.0,0.855762919324882,0.6864474667085451,8.23647216862418e-45
2.0,0.856540701828153,0.6874168490424131,8.23522070554189e-45
2.0,0.857878034647181,0.689082486201213,8.23255189134927e-45
2.0,0.8592165148937991,0.690748123360014,8.22922102823911e-45
2.0,0.8599960216327921,0.6917175056938811,8.22697470610316e-45
2.0,0.8613363061738011,0.693383142852682,8.222580898409991e-45
2.0,0.86267772437702,0.6950487800114811,8.21750530755709e-45
2.0,0.8634589346665321,0.6960181623453501,8.21423447319677e-45
2.0,0.864802135538189,0.69768379950415,8.208064641499909e-45
2.0,0.8661464564966201,0.699349436662951,8.20119320162264e-45
2.0,0.8669293499368701,0.700318818996819,8.196868065523001e-45
2.0,0.868275432236203,0.701984456155619,8.18887096745456e-45
2.0,0.8696226212342091,0.7036500933144201,8.180152374290189e-45
2.0,0.870407177706924,0.704619475648288,8.17474305404693e-45
2.0,0.8717561070126121,0.7062851128070871,8.164867312616821e-45
2.0,0.873106129813626,0.707950749965888,8.15425015983029e-45
2.0,0.873892329478162,0.708920132299756,8.14772672955581e-45
2.0,0.87524407184389,0.710585769458556,8.1359209182331e-45
2.0,0.876596894683792,0.712251406617356,8.12335378435658e-45
2.0,0.877384717973291,0.7132207889512241,8.11568632518255e-45
2.0,0.878739239921166,0.7148864261100251,8.101899060664631e-45
2.0,0.880094829501727,0.716552063268824,8.087330606012619e-45
2.0,0.8808842571193131,0.717521445602693,8.07848926515805e-45
2.0,0.882241525633345,0.719187082761493,8.06266930927389e-45
2.0,0.883599849115735,0.720852719920293,8.04604838131503e-45
2.0,0.884390862030744,0.721822102254162,8.036003434581319e-45
2.0,0.885750844550398,0.723487739412962,8.018099805335e-45
2.0,0.887111869548758,0.725153376571762,7.99937555398973e-45
2.0,0.887904448993015,0.726122758905631,7.98809747565168e-45
2.0,0.889267113406822,0.727788396064431,7.96805957094737e-45
2.0,0.8906308079819061,0.72945403322323,7.94718157511873e-45
2.0,0.8914249354460321,0.7304234155570981,7.93464111234003e-45
2.0,0.8927902500852751,0.7320890527159001,7.91241884035791e-45
2.0,0.8941565827381581,0.733754689874699,7.889337245915659e-45
2.0,0.8949522399679242,0.7347240722085671,7.87550550208599e-45
2.0,0.8963201736003831,0.736389709367367,7.85104943090546e-45
2.0,0.897689113266239,0.738055346526168,7.8257151020628e-45
2.0,0.8984862822589531,0.739024728860036,7.81056362724394e-45
2.0,0.8998568040827291,0.7406903660188371,7.7838251415275e-45
2.0,0.901228320124673,0.7423560031776371,7.7561898260037e-45
2.0,0.902026983125611,0.7433253855115041,7.73969071578956e-45
2.0,0.90340006276301,0.744991022670304,7.71062219358225e-45
2.0,0.904774124966016,0.746656659829104,7.68063870514023e-45
2.0,0.905574264464895,0.7476260421629721,7.66276470959696e-45
2.0,0.906949871956388,0.749291679321774,7.631319713796499e-45
2.0,0.90832645052127,0.7509573164805741,7.59894212938857e-45
2.0,0.909128049248756,0.7519266988144411,7.57966677142807e-45
2.0,0.9105061550469999,0.753592335973241,7.545800259838969e-45
2.0,0.911885220584469,0.755257973132042,7.51098413866476e-45
2.0,0.912688261508731,0.756227355465911,7.49028184535295e-45
2.0,0.9140688364726721,0.757892992624711,7.45395040264426e-45
2.0,0.9154503599974539,0.75955862978351,7.41665302556708e-45
2.0,0.916254826320755,0.760528012117379,7.39449927105865e-45
2.0,0.917637841709791,0.762193649276179,7.3556613611298e-45
2.0,0.919021794634828,0.763859286434979,7.315841993835939e-45
2.0,0.9198276697901581,0.764828668768847,7.292213457579549e-45
2.0,0.921213097258376,0.766494305927647,7.25082970425113e-45
2.0,0.922599451389084,0.768159943086447,7.20844988837156e-45
2.0,0.9234067190368361,0.7691293254203151,7.18332462906676e-45
2.0,0.9247945306273201,0.7707949625791161,7.1393581237251e-45
2.0,0.926183258155926,0.772460599737917,7.09438199566251e-45
2.0,0.92699190218061,0.773429982071784,7.06773964317407e-45
2.0,0.928382070319816,0.775095619230584,7.02115628529297e-45
2.0,0.9297731438197601,0.776761256389385,6.97355093138317e-45
2.0,0.93058314832676,0.777730638723253,6.94537290017612e-45
2.0,0.9319756458189661,0.779396275882053,6.8961417743201e-45
2.0,0.933369038239378,0.781061913040853,6.845877622437649e-45
2.0,0.934180387551746,0.782031295374722,6.816147345749141e-45
2.0,0.935575187573568,0.783696932533522,6.7642411395515e-45
2.0,0.936970872233813,0.785362569692322,6.7112923952533e-45
2.0,0.9377835508891071,0.7863319520261891,6.67999558855421e-45
2.0,0.939180626984086,0.78799758918499,6.62539105831629e-45
2.0,0.9405785775683762,0.789663226343791,6.56973618943539e-45
2.0,0.941392570315543,0.790632608677659,6.53686114119032e-45
2.0,0.9427918963888031,0.792298245836459,6.479539630072039e-45
2.0,0.9441920869408801,0.793963882995259,6.421161909108151e-45
2.0,0.9450073787371681,0.794933265329127,6.38669980805554e-45
2.0,0.946408929050141,0.796598902487927,6.3266478275182e-45
2.0,0.9478113339680351,0.7982645396467271,6.26553593776079e-45
2.0,0.948627909975956,0.7992339219805961,6.229481238034191e-45
2.0,0.9500316591411799,0.800899559139396,6.16669111878072e-45
2.0,0.9514362531720281,0.8025651962981961,6.10283983767297e-45
2.0,0.9522540987563531,0.803534578632064,6.06519067125721e-45
2.0,0.953660021732336,0.8052002157908641,5.99966129780707e-45
2.0,0.9550667799672731,0.8068658529496651,5.93307226499856e-45
2.0,0.955885880692076,0.807835235283533,5.893830906224531e-45
2.0,0.957293952778228,0.8095008724423342,5.82556854712629e-45
2.0,0.958702850647347,0.8111665096011331,5.75625113756194e-45
2.0,0.959523192273082,0.8121358919350021,5.7154245306552e-45
2.0,0.960933389104715,0.8138015290938011,5.64444378028546e-45
2.0,0.9623444023721,0.8154671662526021,5.57241609387669e-45
2.0,0.963165970852714,0.8164365485864691,5.5300164536476594e-45
2.0,0.964578268396118,0.81810218574527,5.45634130785833e-45
2.0,0.965991373154928,0.8197678229040701,5.3816313020866795e-45
2.0,0.9668141546350301,0.8207372052379389,5.33767680007037e-45
2.0,0.9682285291825989,0.8224028423967381,5.26134188610901e-45
2.0,0.969643701850243,0.8240684795555391,5.18398867547592e-45
2.0,0.9704676826622871,0.825037861889407,5.13850422945867e-45
2.0,0.9718841108277341,0.826703499048208,5.05955622281839e-45
2.0,0.9733013281410892,0.8283691362070069,4.97961157607865e-45
2.0,0.9741264948026201,0.8293385185408759,4.9326297620453305e-45
2.0,0.9755449535162359,0.831004155699675,4.85112902583342e-45
2.0,0.976964192526954,0.832669792858477,4.7686591029088995e-45
2.0,0.977790531737875,0.833639175192344,4.7202212132454296e-45
2.0,0.979210998241873,0.8353048123511441,4.6362437045929494e-45
2.0,0.9806322363117291,0.8369704495099439,4.55133108123909e-45
2.0,0.981459734951619,0.8379398318438129,4.5014883607424104e-45
2.0,0.9828821867955301,0.839605469002613,4.4151278609412895e-45
2.0,0.9843054015918601,0.8412711061614131,4.3278739022094095e-45
2.0,0.985134046717316,0.842240488495281,4.27668900044695e-45
2.0,0.986558461753457,0.8439061256540811,4.1880597391204295e-45
2.0,0.9879836312446421,0.8455717628128809,4.0985873995924803e-45
2.0,0.988813410086673,0.8465411451467499,4.04613608663571e-45
2.0,0.990239766465678,0.8482067823055511,3.9553758499465796e-45
2.0,0.991666868916701,0.8498724194643501,3.86383299705682e-45
2.0,0.9924977688781491,0.850841801798218,3.8102062047599295e-45
2.0,0.9939260450445601,0.852507438957019,3.71748003905654e-45
2.0,0.995355059012625,0.854173076115819,3.62404342528535e-45
2.0,0.996187067665627,0.8551424584496881,3.5693496910647304e-45
2.0,0.9976172423535531,0.856808095608487,3.47485434823083e-45
2.0,0.9990481466837651,0.858473732767288,3.37973438888412e-45
2.0,0.99988125176725,0.859443115101155,3.3241028028168e-45
2.0,1.00131330399609,0.8611087522599581,3.2280721094370703e-45
2.0,1.0027460778172,0.8627743894187591,3.13151867311751e-45
2.0,1.00406193259098,0.864303369736269,3.0424647081439297e-45
2.0,1.00715275831267,0.8678920607056821,2.8320738778452304e-45
2.0,1.01024687580861,0.871480751675097,2.62019273983028e-45
2.0,1.0120491212466,0.8735693299762479,2.4964302627692797e-45
2.0,1.01514838484341,0.8771580209456671,2.28346414879449e-45
2.0,1.01825086304412,0.8807467119150831,2.07076886105325e-45
2.0,1.02005793913485,0.8828352902162291,1.9474512581932198e-45
2.0,1.02316544310384,0.886423981185647,1.7370423635895e-45
2.0,1.02627608670253,0.8900126721550621,1.52948502229217e-45
2.0,1.02808788077985,0.892101250456212,1.4105109691737502e-45
2.0,1.03120343323319,0.8956899414256331,1.2102217206653101e-45
2.0,1.03432205246875,0.899278632395045,1.0166310026549198e-45
2.0,1.0361384550624,0.901367210696191,9.078141616619201e-46
2.0,1.03926186954987,0.9049559016656151,7.28978433167485e-46
2.0,1.04238828003159,0.90854459263503,5.62649026872018e-46
2.0,1.04420918476622,0.910633170936173,4.727561323237971e-46
2.0,1.04734028010336,0.9142218619055881,3.3241050784053702e-46
2.0,1.05047430264124,0.917810552875012,2.13029581768269e-46
2.0,1.05229960613863,0.919899131176158,1.54700000662462e-46
2.0,1.05543820624044,0.9234878221455731,7.60254549238291e-47
2.0,1.05857966668093,0.927076513114988,2.64390945048711e-47
2.0,1.06040926846536,0.929165091416146,1.0620725634564901e-47
2.0,1.06355520218531,0.9327537823855612,6.66550097262846e-49
2.0,1.06670393125242,0.93634247335497,1.5145355817790899e-52
2.0,1.06844467313359,0.9383250875931431,0.0
2.2,0.51099907,0.0,0.0
2.2,0.511031132628765,0.00572441918219774,5.68253493640088e-48
2.2,0.5116297719310581,0.0253963380305412,2.9962282599095503e-47
2.2,0.512982648165574,0.04506825687887481,6.93656938212026e-47
2.2,0.514114998415339,0.0565170952432906,9.98977418311664e-47
2.2,0.516647670476814,0.0761890140916244,1.65606889838138e-46
2.2,0.519912846547365,0.0958609329399577,2.4826437021750398e-46
2.2,0.522145034026238,0.10730977130437101,3.04271708240887e-46
2.2,0.526540026185001,0.126981690152701,4.14273447170048e-46
2.2,0.5316270596704931,0.14665360900103702,5.41945630367919e-46
2.2,0.5348985262681231,0.15810244736545,6.24515187075904e-46
2.2,0.541039531664348,0.177774366213783,7.80833122009178e-46
2.2,0.5478184781710971,0.19744628506212003,9.55729766528465e-46
2.2,0.552048206348187,0.20889512342653102,1.0662218689813301e-45
2.2,0.559788301373961,0.22856704227486402,1.27129600120479e-45
2.2,0.568104419416352,0.2482389611232,1.49595079398039e-45
2.2,0.573199618582901,0.259687799487612,1.6358649367080498e-45
2.2,0.5823760827589031,0.279359718335947,1.89228016491565e-45
2.2,0.592064160018132,0.299031637184281,2.1692409539356e-45
2.2,0.597928235859294,0.310480475548693,2.34001913122971e-45
2.2,0.608375421156177,0.33015239439702804,2.6501382751528698e-45
2.2,0.6192714264992811,0.349824313245363,2.98156058216741e-45
2.2,0.6258101466219,0.361273151609775,3.18433078922223e-45
2.2,0.637368963981773,0.380945070458109,3.54981587429981e-45
2.2,0.649318120540174,0.40061698930644307,3.93693052807592e-45
2.2,0.6564436730405231,0.4120658276708571,4.1721692894068495e-45
2.2,0.6689675114012141,0.43173774651919,4.59334846678695e-45
2.2,0.6818289635444401,0.45140966536752397,5.035753157459e-45
2.2,0.689462141105538,0.462858503731938,5.30283446556536e-45
2.2,0.702819790740386,0.482530422580271,5.77785276904201e-45
2.2,0.7164685905727051,0.502202341428605,6.27255856097243e-45
2.2,0.724539566927593,0.513651179793018,6.56914586252976e-45
2.2,0.7386159875640921,0.533323098641353,7.09281993596252e-45
2.2,0.7529432507893831,0.552995017489687,7.6329664807128e-45
2.2,0.7613914341206551,0.5644438558540991,7.954194823138039e-45
2.2,0.776087165076893,0.584115774702433,8.5164767973764e-45
2.2,0.790999133011042,0.6037876935507671,9.08961766643191e-45
2.2,0.799772492490136,0.6152365319151811,9.427007678733389e-45
2.2,0.8150023253904201,0.6349084507635151,1.0010958205362701e-44
2.2,0.830418876123399,0.6545803696118491,1.0596819864356798e-44
2.2,0.839473022448221,0.666029207976262,1.09368709739314e-44
2.2,0.8551643613185631,0.685701126824596,1.15160615427346e-44
2.2,0.8710173265227111,0.7053730456729301,1.2083716676862e-44
2.2,0.8803145250282491,0.716821884037344,1.24061587620061e-44
2.2,0.896405695670142,0.736493802885677,1.29415004634818e-44
2.2,0.9126371942159621,0.7561657217340121,1.3446009481926798e-44
2.2,0.9221454128368051,0.7676145600984241,1.3721778925842998e-44
2.2,0.938584066279228,0.7872864789467591,1.41579689913282e-44
2.2,0.955144965600975,0.8069583977950932,1.45368089393675e-44
2.2,0.9604938852909861,0.8132825180344829,1.46444058765551e-44
2.2,0.9622395160165111,0.815343385723355,1.4677839264230199e-44
2.2,0.9639863915207871,0.817404253412229,1.47104453852124e-44
2.2,0.9650036240255111,0.8186036555265951,1.47290347289039e-44
2.2,0.966752454977663,0.820664523215469,1.47602999461109e-44
2.2,0.9685025133573831,0.8227253909043419,1.47906969838631e-44
2.2,0.9695215903175071,0.8239247930187091,1.48079816766765e-44
2.2,0.9712735769264009,0.8259856607075821,1.4836972288702197e-44
2.2,0.973026773902078,0.828046528396455,1.48650528003986e-44
2.2,0.974047669680301,0.829245930510823,1.48809698485441e-44
2.2,0.97580276812166,0.8313067981996961,1.49075768233658e-44
2.2,0.97755906015413,0.833367665888569,1.49332307768015e-44
2.2,0.9785817495415912,0.8345670680029351,1.49477156838122e-44
2.2,0.9803399167231751,0.836627935691808,1.49718274149252e-44
2.2,0.9820992610001211,0.8386888033806811,1.49949422143412e-44
2.2,0.983123719208604,0.8398882054950492,1.5007928997363299e-44
2.2,0.9848849127568811,0.841949073183921,1.5029431334835298e-44
2.2,0.9866472671795951,0.844009940872795,1.5049891855624998e-44
2.2,0.987673469833859,0.8452093429871621,1.5061313067322998e-44
2.2,0.9894376480809082,0.8472702106760361,1.50800893584612e-44
2.2,0.991202971251278,0.8493310783649082,1.50977779913133e-44
2.2,0.9922308943815301,0.850530480479275,1.51075647475127e-44
2.2,0.993998016352168,0.852591348168148,1.51234958876956e-44
2.2,0.9957662675599042,0.854652215857022,1.51382925952021e-44
2.2,0.9967958875944,0.8558516179713881,1.5146374609499e-44
2.2,0.998565912993546,0.857912485660262,1.51593391047e-44
2.2,1.00033705220362,0.859973353349139,1.5171121486351e-44
2.2,1.0013683459614,0.8611727554635049,1.5177427110671798e-44
2.2,1.00314123516165,0.8632336231523751,1.5187301151924797e-44
2.2,1.00491522300196,0.865294490841248,1.5195944525090097e-44
2.2,1.00594816768571,0.866493892955613,1.52004007988525e-44
2.2,1.00772388171516,0.8685547606444891,1.52070583504266e-44
2.2,1.00950067946444,0.8706156283333661,1.52124358437474e-44
2.2,1.01053525265348,0.871815030447725,1.52149685509789e-44
2.2,1.01231375318372,0.8738758981365979,1.52182814532558e-44
2.2,1.01409332275962,0.8759367658254691,1.52202641151399e-44
2.2,1.01512950240305,0.8771361679398471,1.5220797850548599e-44
2.2,1.01691075173743,0.8791970356287151,1.5220635938897898e-44
2.2,1.01869305568487,0.881257903317589,1.5219092864679599e-44
2.2,1.01973082009474,0.8824573054319551,1.5217551110462998e-44
2.2,1.02151478115682,0.8845181731208241,1.5213782351861799e-44
2.2,1.0232997826365,0.8865790408096981,1.5208580825149e-44
2.2,1.02433911048126,0.8877784429240632,1.52048860371689e-44
2.2,1.02612574680347,0.889839310612941,1.51973766856435e-44
2.2,1.02791340958063,0.8919001783018161,1.51883823432099e-44
2.2,1.02895427987857,0.893099580416183,1.5182456050380598e-44
2.2,1.03074355559106,0.895160448105051,1.51710708234433e-44
2.2,1.03253384402442,0.8972213157939241,1.51581478399671e-44
2.2,1.03357623613729,0.8984207179082979,1.51499107558466e-44
2.2,1.03536811595705,0.9004815855971661,1.51345130330559e-44
2.2,1.03716099498798,0.902542453286044,1.51175243295323e-44
2.2,1.03820488861469,0.9037418554004101,1.51068964781249e-44
2.2,1.0399993378348,0.9058027230892821,1.50873485279344e-44
2.2,1.04179477297665,0.907863590778155,1.50661560063823e-44
2.2,1.04284014814715,0.90906299289252,1.50530568636424e-44
2.2,1.04463713262626,0.911123860581397,1.5029220090683898e-44
2.2,1.04643508995394,0.9131847282702691,1.5003684896403299e-44
2.2,1.04748192702315,0.9143841303846361,1.49880335481205e-44
2.2,1.04928141317514,0.9164449980735091,1.49597687770268e-44
2.2,1.05108185931485,0.918505865762379,1.4929751592172899e-44
2.2,1.05213013895673,0.919705267876749,1.4911466910619998e-44
2.2,1.0539320937406,0.9217661355656221,1.4878634698266897e-44
2.2,1.05573499585978,0.923827003254497,1.48439960689938e-44
2.2,1.0567846990615,0.925026405368863,1.48229969098734e-44
2.2,1.05858908997141,0.9270872730577381,1.47854578984858e-44
2.2,1.06039441576884,0.929148140746606,1.47460585997931e-44
2.2,1.06144552382509,0.930347542860975,1.47222640215424e-44
2.2,1.06325231888059,0.932408410549844,1.4679879322914699e-44
2.2,1.06506003657675,0.934469278238725,1.46355807639093e-44
2.2,1.0661125310841,0.935668680353084,1.46089102713136e-44
2.2,1.06792169882059,0.9377295480419661,1.45615419027094e-44
2.2,1.06973177714808,0.939790415730829,1.45122065765999e-44
2.2,1.07078563999953,0.9409898178451981,1.44825803914471e-44
2.2,1.0725971494588,0.9430506855340701,1.44300917554246e-44
2.2,1.07440955765311,0.945111553222945,1.4375583743245098e-44
2.2,1.07546477103264,0.946310955337316,1.4342923106317798e-44
2.2,1.07727859175372,0.948371823026187,1.4285179525092599e-44
2.2,1.07909329954399,0.950432690715061,1.4225365047531999e-44
2.2,1.08014984592129,0.9516320928294301,1.4189592551576198e-44
2.2,1.08196594793137,0.9536929605183021,1.41264618598982e-44
2.2,1.08378292553146,0.955753828207172,1.40612098977774e-44
2.2,1.08484078765674,0.95695323032154,1.4022249859050198e-44
2.2,1.0866591414623,0.959014098010409,1.39536030631905e-44
2.2,1.08847835956199,0.9610749656992921,1.3882786044816698e-44
2.2,1.08953752046088,0.962274367813659,1.38405649179812e-44
2.2,1.091358097039,0.9643352355025311,1.3766276929865998e-44
2.2,1.0931795267953,0.966396103191404,1.36897714926771e-44
2.2,1.09423996976385,0.967595505305769,1.36442183272988e-44
2.2,1.09606274055365,0.9696563729946361,1.3564168779666701e-44
2.2,1.09788635358239,0.9717172406835082,1.34818566246019e-44
2.2,1.09894806218218,0.972916642797883,1.34329035791248e-44
2.2,1.10077299907647,0.97497751048675,1.3346977734465498e-44
2.2,1.10259876744395,0.9770383781756231,1.32587465713107e-44
2.2,1.10366172549725,0.978237780289998,1.32063294837204e-44
2.2,1.1054888008343,0.980298647978867,1.31144192524904e-44
2.2,1.10731669704914,0.9823595156677372,1.30201638633994e-44
2.2,1.10838088863422,0.983558917782111,1.2964222890169097e-44
2.2,1.1102100751897,0.985619785470977,1.28662279638445e-44
2.2,1.11204007219486,0.9876806531598581,1.2765851389381698e-44
2.2,1.11310548164134,0.9888800552742151,1.27063317219322e-44
2.2,1.11493675262044,0.990940922963093,1.26021608512206e-44
2.2,1.11676882378533,0.993001790651963,1.24955757251912e-44
2.2,1.1178354356697,0.994201192766335,1.2432428393418898e-44
2.2,1.11966876469933,0.996262060455209,1.2322000819418898e-44
2.2,1.12150288381218,0.9983229281440811,1.2209130870477001e-44
2.2,1.12257068295326,0.999522330258451,1.21423136520249e-44
2.2,1.12440604407449,1.00158319794732,1.20255607266672e-44
2.2,1.12624218533476,1.00364406563619,1.1906342476023e-44
2.2,1.12731115678939,1.00484346775056,1.18358209201683e-44
2.2,1.12914852444999,1.00690433543943,1.17126879383179e-44
2.2,1.13098666246097,1.0089652031283,1.1587072626799098e-44
2.2,1.13205679151973,1.01016460524267,1.15128212224885e-44
2.2,1.13389614056683,1.01222547293154,1.13832695073e-44
2.2,1.13573625032841,1.01428634062042,1.12512252878389e-44
2.2,1.13680752251139,1.01548574273479,1.11732287928694e-44
2.2,1.13864882818433,1.01754661042366,1.1037238079633399e-44
2.2,1.14049088508583,1.01960747811253,1.0898752531067498e-44
2.2,1.14156328613855,1.0208068802269,1.08170074976708e-44
2.2,1.14340652406183,1.02286774791578,1.0674578668003e-44
2.2,1.14525050387508,1.02492861560465,1.0529661685800099e-44
2.2,1.1463240197644,1.02612801771901,1.0444178220036998e-44
2.2,1.14816916594079,1.02818888540788,1.02953364631138e-44
2.2,1.15001504481324,1.03024975309676,1.0144023605382898e-44
2.2,1.15108966172345,1.03144915521112,1.0054827404764598e-44
2.2,1.15293669252723,1.0335100229,9.899625888605718e-45
2.2,1.15478444697523,1.03557089058887,9.74198227407853e-45
2.2,1.15586015130414,1.03677029270324,9.64911700765815e-45
2.2,1.15770904347443,1.03883116039211,9.487641171705111e-45
2.2,1.15955865037669,1.04089202808098,9.32376604961042e-45
2.2,1.16063542873181,1.04209143019536,9.227296154186889e-45
2.2,1.16248615936611,1.04415229788422,9.059668765183539e-45
2.2,1.16433759595718,1.0462131655731,8.88970091256593e-45
2.2,1.165415435152,1.04741256768747,8.78971490275912e-45
2.2,1.16726798169978,1.04947343537634,8.61610205453229e-45
2.2,1.16912122556376,1.05153430306521,8.440226200109329e-45
2.2,1.17020011261407,1.05273370517958,8.336840618138859e-45
2.2,1.17205445287052,1.05479457286846,8.15745890916601e-45
2.2,1.17390948193482,1.05685544055732,7.97591344473022e-45
2.2,1.17498940405515,1.05805484267169,7.86927761314313e-45
2.2,1.17684551615501,1.06011571036057,7.684402806548289e-45
2.2,1.17870230868429,1.06217657804944,7.49748912358507e-45
2.2,1.17978325328435,1.06337598016381,7.3877909172089e-45
2.2,1.18164111569593,1.06543684785268,7.19776848797468e-45
2.2,1.18349965028609,1.06749771554155,7.00586239073222e-45
2.2,1.18520629081713,1.06938949978557,6.82810237173194e-45
2.2,1.18921417112084,1.07382973289706,6.40521291410443e-45
2.2,1.1932251125152,1.07826996600853,5.975079928333029e-45
2.2,1.19556083284314,1.08085413238222,5.72180429815007e-45
2.2,1.19957655416953,1.0852943654937,5.28233994307633e-45
2.2,1.203595257941,1.08973459860518,4.83862223711553e-45
2.2,1.2059354600748,1.09231876497887,4.5790312806200395e-45
2.2,1.20995882137906,1.09675899809035,4.13188037799447e-45
2.2,1.21398508901072,1.10119923120183,3.6851202275829097e-45
2.2,1.21632965856473,1.10378339757551,3.42624077699642e-45
2.2,1.22036046525357,1.10822363068699,2.98528315581453e-45
2.2,1.22439410458553,1.11266386379847,2.55207291357563e-45
2.2,1.22674293083096,1.11524803017215,2.3050494941572502e-45
2.2,1.23078099452176,1.11968826328363,1.8925020598454002e-45
2.2,1.23482181951422,1.12412849639512,1.49974010995909e-45
2.2,1.23717479524294,1.12671266276879,1.28282664164365e-45
2.2,1.24121993353281,1.13115289588027,9.3543959641498e-46
2.2,1.24526776403879,1.13559312899176,6.28005863608555e-46
2.2,1.24762478543281,1.13817729536545,4.71670988292934e-46
2.2,1.25167682167706,1.14261752847693,2.49902057743466e-46
2.2,1.25573148322444,1.1470577615884,9.71817920511269e-47
2.2,1.25809244973064,1.14964192796208,4.2937018450190496e-47
2.2,1.26215121283034,1.15408216107357,3.54595062693622e-48
2.2,1.26621253641287,1.15852239418505,1.80620404636669e-51
2.2,1.26845735111686,1.16097545282471,0.0
2.4,0.51099907,0.0,0.0
2.4,0.511044153656759,0.006788036968687441,5.87290605422152e-48
2.4,0.511885697153988,0.0301150694828928,3.30344185890941e-47
2.4,0.513786052561503,0.053442101997083304,7.94028910238134e-47
2.4,0.5153750919926721,0.0670181759345195,1.15785558041491e-46
2.4,0.5189241815819571,0.0903452084486995,1.94715287029948e-46
2.4,0.523489663609883,0.113672240962882,2.94760684479571e-46
2.4,0.5266043896378341,0.12724831490031902,3.62897148269193e-46
2.4,0.532722239811576,0.15057534741450002,4.97377415687146e-46
2.4,0.539779665498548,0.17390237992868102,6.54394267362106e-46
2.4,0.544305263804141,0.18747845386611903,7.56418373897792e-46
2.4,0.55277391637893,0.21080548638030103,9.50505641347561e-46
2.4,0.562083700123691,0.234132518894481,1.16901746065591e-45
2.4,0.567872870019016,0.24770859283191904,1.3077604591881e-45
2.4,0.578429217577758,0.27103562534610204,1.56662859929045e-45
2.4,0.5897197842055449,0.29436265786028304,1.85215585763096e-45
2.4,0.596612363333222,0.307938731797719,2.03096853176869e-45
2.4,0.6089803413461001,0.331265764311901,2.36057222380154e-45
2.4,0.6219775728286411,0.354592796826081,2.71926484323991e-45
2.4,0.6298161374084911,0.368168870763521,2.94178957714816e-45
2.4,0.643730605008095,0.391495903277701,3.3484459434858996e-45
2.4,0.658177876869058,0.414822935791882,3.7866256182835595e-45
2.4,0.6668176370477371,0.42839900972932105,4.05650859881512e-45
2.4,0.682038464297903,0.451726042243501,4.54635870221877e-45
2.4,0.697707297781522,0.47505307475768305,5.06991394708432e-45
2.4,0.707020858599931,0.48862914869512103,5.3904167888504496e-45
2.4,0.723338911589357,0.511956181209301,5.96868468111239e-45
2.4,0.7400325455241851,0.535283213723483,6.58222064445076e-45
2.4,0.749911039519034,0.548859287660921,6.955667040615369e-45
2.4,0.76714876949415,0.572186320175101,7.62559244109841e-45
2.4,0.784701346228038,0.595513352689283,8.33119374838218e-45
2.4,0.795053444222042,0.60908942662672,8.75815986702638e-45
2.4,0.8130624990326271,0.632416459140902,9.519431326087799e-45
2.4,0.8313360189411171,0.655743491655083,1.0314842516892299e-44
2.4,0.8420859400475861,0.669319565592521,1.0792966333870299e-44
2.4,0.860743492226141,0.692646598106703,1.1639420053187798e-44
2.4,0.879623947653378,0.715973630620883,1.2515381501137199e-44
2.4,0.890709167440191,0.729549704558321,1.3037625419244e-44
2.4,0.9099139688815661,0.7528767370725031,1.39539021530261e-44
2.4,0.929307452601905,0.776203769586683,1.48903053229765e-44
2.4,0.9406764857153871,0.789779843524121,1.5442464080845098e-44
2.4,0.9603451678441621,0.813106876038302,1.63992484056742e-44
2.4,0.980174338022195,0.836433908552483,1.73597181011782e-44
2.4,0.991784764892757,0.8500099824899211,1.79169405016996e-44
2.4,1.01184860098591,0.873337015004104,1.88643911055421e-44
2.4,1.03204964204864,0.8966640475182781,1.9788932940134e-44
2.4,1.04386643218785,0.910240121455721,2.0311073922156198e-44
2.4,1.06426861295085,0.9335671539699011,2.11702080980716e-44
2.4,1.08478870461851,0.9568941864840861,2.1965838560338299e-44
2.4,1.0914094489488,0.9643933511352399,2.22048586799166e-44
2.4,1.09356942903085,0.9668371354938711,2.2280758095068198e-44
2.4,1.09573060153076,0.969280919852494,2.23556345551133e-44
2.4,1.09698892606897,0.970703175217372,2.23987303323443e-44
2.4,1.09915197059955,0.9731469595759981,2.24719337587549e-44
2.4,1.10131618947139,0.975590743934626,2.25440444690903e-44
2.4,1.10257627869507,0.977012999299499,2.25854981173227e-44
2.4,1.10474234127003,0.9794567836581272,2.26558234760895e-44
2.4,1.10690956044859,0.981900568016755,2.27249838756568e-44
2.4,1.10817138770323,0.9833228233816391,2.27646868341176e-44
2.4,1.11034042278781,0.9857666077402641,2.2831945609141e-44
2.4,1.11251059707003,0.9882103920988939,2.28979646641019e-44
2.4,1.11377413619953,0.989632647463767,2.29358045891863e-44
2.4,1.11594609910977,0.992076431822391,2.29998017381821e-44
2.4,1.11811918413629,0.994520216181018,2.30624818577748e-44
2.4,1.11938440947237,0.995942471545893,2.3098342576370797e-44
2.4,1.12155925635694,0.998386255904531,2.31588764552076e-44
2.4,1.12373520859409,1.00083004026315,2.3218013420572797e-44
2.4,1.12500209494584,1.00225229562803,2.3251774890844496e-44
2.4,1.12717978276822,1.00469607998665,2.33086371901509e-44
2.4,1.12935855949043,1.00713986434528,2.33640200966806e-44
2.4,1.13062708213412,1.00856211971016,2.3395558377204503e-44
2.4,1.13280756865534,1.01100590406879,2.3448534074194e-44
2.4,1.13498912792788,1.01344968842742,2.34999452894652e-44
2.4,1.13625926259706,1.01487194379229,2.35291325176771e-44
2.4,1.13844250635862,1.01731572815092,2.3577999844606e-44
2.4,1.14062680702085,1.01975951250955,2.36252149845262e-44
2.4,1.14189852989659,1.02118176787442,2.36519193667343e-44
2.4,1.14408449020397,1.02362555223305,2.36964497992303e-44
2.4,1.14627149185285,1.02606933659168,2.37392377233484e-44
2.4,1.14754477955428,1.02749159195656,2.3763323535073596e-44
2.4,1.14973341646069,1.02993537631519,2.3803281800502296e-44
2.4,1.15192307943475,1.03237916067382,2.3841404630280795e-44
2.4,1.15319790900975,1.03380141603869,2.3862732231654597e-44
2.4,1.1553891833003,1.03624520039731,2.38978763425397e-44
2.4,1.15758146866395,1.03868898475594,2.3931089504303597e-44
2.4,1.15885781758011,1.04011124012082,2.3949515369762403e-44
2.4,1.16105169075636,1.04255502447945,2.39795966834539e-44
2.4,1.16324656028456,1.04499880883808,2.4007648979318496e-44
2.4,1.16452440642028,1.04642106420295,2.4023025743705e-44
2.4,1.16672084068511,1.04886484856158,2.4047789051648396e-44
2.4,1.16891825684836,1.0513086329202,2.40704227612376e-44
2.4,1.17019757848423,1.05273088828508,2.40825992866429e-44
2.4,1.17239653672707,1.05517467264371,2.41017829375939e-44
2.4,1.17459646267681,1.05761845700234,2.41187339547439e-44
2.4,1.17587723848713,1.05904071236721,2.41275554140904e-44
2.4,1.17807868426951,1.06148449672584,2.4140891472575897e-44
2.4,1.18028108382377,1.06392828108447,2.4151889479474697e-44
2.4,1.1815632928683,1.06535053644935,2.41571974668172e-44
2.4,1.18376719040976,1.06779432080797,2.41644119134578e-44
2.4,1.18597202803922,1.0702381051666,2.4169180597577096e-44
2.4,1.18725564975506,1.07166036053147,2.41708132619527e-44
2.4,1.18946196391939,1.07410414489011,2.4171626238085e-44
2.4,1.19166920473368,1.07654792924873,2.4169883555269596e-44
2.4,1.19295421892743,1.07797018461361,2.41676757630117e-44
2.4,1.19516291520914,1.08041396897224,2.4161801866134e-44
2.4,1.19737252494352,1.08285775333086,2.4153260357922203e-44
2.4,1.19865891178354,1.08428000869574,2.41470438861691e-44
2.4,1.20086995629474,1.08672379305436,2.41341925187641e-44
2.4,1.20308190129706,1.08916757741299,2.41185596822712e-44
2.4,1.20436964130591,1.09058983277787,2.41081634465053e-44
2.4,1.20658300076346,1.0930336171365,2.40880392271335e-44
2.4,1.20879724798139,1.09547740149513,2.4065017952495e-44
2.4,1.2100863220285,1.09689965686001,2.40502682722192e-44
2.4,1.21230196374141,1.09934344121863,2.40225715130977e-44
2.4,1.21451848070999,1.10178722557726,2.3991860587887196e-44
2.4,1.21580887000444,1.10320948094213,2.3972581493862203e-44
2.4,1.21802676186162,1.10565326530076,2.3937008752654797e-44
2.4,1.22024551669109,1.10809704965939,2.3898303447452397e-44
2.4,1.2215372027746,1.10951930502427,2.3874317036546497e-44
2.4,1.22375731323282,1.11196308938289,2.38305617507872e-44
2.4,1.22597827459675,1.11440687374153,2.3783554483384696e-44
2.4,1.22727123933677,1.1158291291064,2.37546813221493e-44
2.4,1.22949353740897,1.11827291346503,2.3702434533744896e-44
2.4,1.23171667453259,1.12071669782365,2.36468156339755e-44
2.4,1.23301090011561,1.12213895318853,2.36128752213383e-44
2.4,1.23523535535942,1.12458273754715,2.35518264008706e-44
2.4,1.2374606380083,1.12702652190578,2.34872849769517e-44
2.4,1.23875610693328,1.12844877727065,2.34480962684639e-44
2.4,1.24098268943983,1.13089256162929,2.3377934255751295e-44
2.4,1.24321008790876,1.13333634598792,2.3304159178887697e-44
2.4,1.24450678298071,1.13475860135279,2.3259541181409797e-44
2.4,1.24673546336366,1.13720238571142,2.3179955241302996e-44
2.4,1.2489649484658,1.13964617007004,2.3096636256370997e-44
2.4,1.25026285278952,1.14106842543492,2.30464086999776e-44
2.4,1.25249360217439,1.14351220979354,2.29570897237936e-44
2.4,1.25472514523069,1.14595599415218,2.28639187058527e-44
2.4,1.25602424220462,1.14737824951706,2.28079028025265e-44
2.4,1.25825703221833,1.14982203387568,2.2708544661961897e-44
2.4,1.26049060504712,1.15226581823431,2.26052170371343e-44
2.4,1.26179087835737,1.15368807359918,2.25432363370083e-44
2.4,1.26402568111801,1.15613185795781,2.24335374073245e-44
2.4,1.26626125602492,1.15857564231644,2.23197537456807e-44
2.4,1.26756268963943,1.15999789768132,2.2251635101191697e-44
2.4,1.26979947774628,1.16244168203995,2.2131299980979202e-44
2.4,1.27203702751433,1.16488546639858,2.20067678003532e-44
2.4,1.2733396056771,1.16630772176345,2.19323424537929e-44
2.4,1.27557835220087,1.16875150612208,2.18010839079145e-44
2.4,1.27781785008077,1.1711952904807,2.16655197059e-44
2.4,1.27912155730633,1.17261754584558,2.15846245161707e-44
2.4,1.28136223577962,1.17506133020421,2.1442165655914e-44
2.4,1.28360365548034,1.17750511456283,2.12952971990545e-44
2.4,1.28490847654824,1.1789273699277,2.12077760250492e-44
2.4,1.28715106095621,1.18137115428634,2.10538527816207e-44
2.4,1.28939437663573,1.18381493864496,2.08954216991033e-44
2.4,1.29070029658522,1.18523719400984,2.08011269677226e-44
2.4,1.29294476135647,1.18768097836846,2.0635490886881098e-44
2.4,1.29518994761274,1.1901247627271,2.0465255599809802e-44
2.4,1.29649695173754,1.19154701809197,2.03640500772046e-44
2.4,1.29874327173522,1.1939908024506,2.0186471488174298e-44
2.4,1.30099030359732,1.19643458680923,2.0004210540040699e-44
2.4,1.30229837744051,1.19785684217411,1.9895969346796898e-44
2.4,1.30454652795358,1.20030062653273,1.97062409618798e-44
2.4,1.3067953808731,1.20274441089136,1.9511756811070797e-44
2.4,1.30810451022215,1.20416666625624,1.93963697205237e-44
2.4,1.31035446695689,1.20661045061487,1.9194310749047e-44
2.4,1.31260511679949,1.20905423497349,1.89874340957905e-44
2.4,1.31391528768135,1.21047649033837,1.88648081613642e-44
2.4,1.31616702675303,1.212920274697,1.86502690215435e-44
2.4,1.31841944979017,1.21536405905562,1.84308637825576e-44
2.4,1.31973064846653,1.2167863144205,1.8300926358131098e-44
2.4,1.32198414639126,1.21923009877913,1.8073794097071e-44
2.4,1.32423831929217,1.22167388313776,1.7841763142630898e-44
2.4,1.32555053225477,1.22309613850263,1.77044653746325e-44
2.4,1.32780576594156,1.22553992286126,1.74646699493188e-44
2.4,1.3300616657653,1.22798370721989,1.72199617558313e-44
2.4,1.33137487973141,1.22940596258476,1.7075282643023897e-44
2.4,1.33363182647437,1.23184974694339,1.68228042341303e-44
2.4,1.33588943066216,1.23429353130202,1.6565420660684e-44
2.4,1.33720363257009,1.23571578666689,1.6413371802673e-44
2.4,1.33946227004084,1.23815957102552,1.61482493965206e-44
2.4,1.34172155640851,1.24060335538415,1.5878254831976398e-44
2.4,1.34303673341326,1.24202561074903,1.57188860354712e-44
2.4,1.3452970396535,1.24446939510765,1.54412275691663e-44
2.4,1.3475579863841,1.24691317946628,1.5158759784729301e-44
2.4,1.3488741258531,1.24833543483116,1.4992165728424e-44
2.4,1.35113607926732,1.25077921918978,1.47021601933627e-44
2.4,1.35339866490394,1.25322300354841,1.44074433324437e-44
2.4,1.35471575441288,1.25464525891329,1.42337715700917e-44
2.4,1.35697933376126,1.25708904327191,1.39317035867043e-44
2.4,1.35924353719996,1.25953282763054,1.36250638697952e-44
2.4,1.36056156452872,1.26095508299541,1.34445245353981e-44
2.4,1.36282674892018,1.26339886735404,1.31307920864868e-44
2.4,1.3650925494031,1.26584265171268,1.28126770024769e-44
2.4,1.36717299249597,1.26808593631091,1.25168792378034e-44
2.4,1.3720580451158,1.27335118079269,1.18088386951415e-44
2.4,1.37694590036155,1.27861642527445,1.1082436544994799e-44
2.4,1.3797918562364,1.28168073910605,1.0651768673911901e-44
2.4,1.38468408462497,1.28694598358782,9.89929899237367e-45
2.4,1.38957903966992,1.29221122806959,9.13273570892822e-45
2.4,1.39242909298401,1.29527554190118,8.68101745909994e-45
2.4,1.3973283030793,1.30054078638296,7.89709486660294e-45
2.4,1.40223016647894,1.30580603086473,7.1061318691487e-45
2.4,1.40508420700196,1.30887034469632,6.644048429923359e-45
2.4,1.40999021141472,1.3141355891781,5.85012508231754e-45
2.4,1.41489879829026,1.31940083365987,5.0609131641180994e-45
2.4,1.41775671956456,1.32246514749146,4.60629686615614e-45
2.4,1.42266933730585,1.32773039197324,3.83849483338713e-45
2.4,1.42758446907668,1.332995636455,3.09571154632731e-45
2.4,1.43044616826384,1.3360599502866,2.67944629016855e-45
2.4,1.43536522448514,1.34132519476837,2.0013256458715397e-45
2.4,1.4402867286137,1.34659043925014,1.38521262911876e-45
2.4,1.44315210634811,1.34965475308174,1.06357090323804e-45
2.4,1.44807743209345,1.35491999756351,5.9186428226810305e-46
2.4,1.45300514184178,1.36018524204528,2.4751609789928103e-46
2.4,1.45587410209103,1.36324955587688,1.16316291339124e-46
2.4,1.46080553406041,1.36851480035864,1.1476920595097799e-47
2.4,1.46573928825784,1.37378004484042,1.01414952219685e-50
2.4,1.46846598570459,1.37668889064686,0.0
2.6,0.51099907,0.0,0.0
2.6,0.5110590771898561,0.00783140072287915,5.83352677373605e-48
2.6,0.512178866404838,0.0347439440892945,3.49273814499095e-47
2.6,0.514705325391376,0.061656487455720395,8.647255471945559e-47
2.6,0.516815558954148,0.0773192889014348,1.27300932380688e-46
2.6,0.52152116390304,0.10423183226786702,2.1643135786674e-46
2.6,0.527559377512499,0.131144375634301,3.3009812930978703e-46
2.6,0.531669443153419,0.146807177080011,4.07837487267719e-46
2.6,0.539720845264343,0.173719720446448,5.61900037704322e-46
2.6,0.5489748216663001,0.20063226381288002,7.42689299500739e-46
2.6,0.554890624173884,0.21629506525859,8.60627060017952e-46
2.6,0.565924014717496,0.24320760862502602,1.0859129115361501e-45
2.6,0.5780008183841561,0.270120151991459,1.34088928386624e-45
2.6,0.58548436872058,0.28578295343716903,1.50347251493792e-45
2.6,0.5990813995294111,0.312695496803604,1.80816247906065e-45
2.6,0.61355820464647,0.339608040170039,2.1461416830967098e-45
2.6,0.6223643791567981,0.355270841615748,2.3587713261493398e-45
2.6,0.6381098567623791,0.382183384982182,2.75257157681463e-45
2.6,0.6545834768249821,0.4090959283486171,3.18374834931967e-45
2.6,0.664484783932149,0.42475872979432705,3.45255849652323e-45
2.6,0.6820021910078651,0.451671273160762,3.94630978368361e-45
2.6,0.7001160753636511,0.478583816527196,4.48184385056659e-45
2.6,0.710914740963021,0.49424661797290503,4.81344498218555e-45
2.6,0.72988144310483,0.52115916133934,5.41864350947402e-45
2.6,0.74933480036627,0.548071704705774,6.070116406670839e-45
2.6,0.760865719405679,0.563734506151483,6.47124135866983e-45
2.6,0.781014716023384,0.590647049517918,7.19934879607253e-45
2.6,0.8015609149056311,0.617559592884353,7.97794682713382e-45
2.6,0.81368952937958,0.6332223943300631,8.454904523833759e-45
2.6,0.8348042797616831,0.6601349376964971,9.31626382034563e-45
2.6,0.8562442938646561,0.687047481062931,1.0231475280449799e-44
2.6,0.868862354279571,0.7027102825086411,1.07892740171382e-44
2.6,0.8907690596214011,0.729622825875075,1.1791364216820498e-44
2.6,0.9129434891899131,0.7565353692415101,1.2848881518092e-44
2.6,0.925964396914673,0.7721981706872201,1.34898193085876e-44
2.6,0.9485241076831971,0.7991107140536541,1.46344574134806e-44
2.6,0.97130554993769,0.8260232574200881,1.58328289326704e-44
2.6,0.984660079027227,0.8416860588657982,1.6554253202739598e-44
2.6,1.00776166891813,0.8685986022322331,1.78331685307954e-44
2.6,1.03104813730121,0.8955111455986631,1.91585375674467e-44
2.6,1.044680817912,0.911173947044372,1.99493443235517e-44
2.6,1.06823513939214,0.9380864904108152,2.13373051916601e-44
2.6,1.09194468025257,0.9649990337772479,2.2755307872956095e-44
2.6,1.10581087198658,0.980661835222956,2.3590589599226e-44
2.6,1.12974606789785,1.00757437858939,2.50349831828108e-44
2.6,1.15381248096842,1.03448692195582,2.64786116182555e-44
2.6,1.16787605982021,1.05014972340153,2.73117258872871e-44
2.6,1.19213387504769,1.07706226676797,2.87173138934009e-44
2.6,1.2165033624911,1.1039748101344,3.00694965491277e-44
2.6,1.22436028069883,1.11262664331394,3.04883497709424e-44
2.6,1.22692295839802,1.11544605261899,3.06228544608861e-44
2.6,1.22948675994216,1.11826546192405,3.07563184056343e-44
2.6,1.23097937855649,1.11990632683741,3.08334986503736e-44
2.6,1.23354494370392,1.12272573614247,3.09652374716425e-44
2.6,1.23611161469397,1.12554514544752,3.1095835026972797e-44
2.6,1.23760589506278,1.12718601036088,3.11713000862076e-44
2.6,1.24017430146542,1.13000541966593,3.1300009854137994e-44
2.6,1.24274379607142,1.13282482897098,3.14274732002621e-44
2.6,1.24423971168797,1.13446569388435,3.1501065051121895e-44
2.6,1.24681091408337,1.13728510318941,3.16264705066717e-44
2.6,1.24938318739732,1.14010451249446,3.17505196158236e-44
2.6,1.25088071228754,1.14174537740782,3.1822073069684297e-44
2.6,1.25345466632182,1.14456478671287,3.19438865343962e-44
2.6,1.25602967433599,1.14738419601793,3.20642288253898e-44
2.6,1.25752878304595,1.14902506093129,3.21335713263776e-44
2.6,1.26010544525246,1.15184447023634,3.22514923615903e-44
2.6,1.26268314483819,1.1546638795414,3.2367822365214295e-44
2.6,1.26418381242185,1.15630474445476,3.24347737983804e-44
2.6,1.26676314020036,1.15912415375982,3.2548488877037896e-44
2.6,1.26934348908747,1.16194356306487,3.2660487911198196e-44
2.6,1.27084569109483,1.16358442797823,3.27248604152817e-44
2.6,1.27342764269119,1.16640383728329,3.2834042604752494e-44
2.6,1.27601059944792,1.16922324658834,3.2941378463475297e-44
2.6,1.27751431191338,1.17086411150169,3.3002976253420796e-44
2.6,1.28009884639984,1.17368352080675,3.31072849161746e-44
2.6,1.28268437041329,1.17650293011181,3.3209611576368495e-44
2.6,1.28418956984441,1.17814379502517,3.32682307751155e-44
2.6,1.28677664710033,1.18096320433022,3.33673112854208e-44
2.6,1.28936469855741,1.18378261363528,3.346426863359e-44
2.6,1.29087136192388,1.18542347854864,3.35196971178341e-44
2.6,1.29346094261704,1.1882428878537,3.3613180604724896e-44
2.6,1.29605148248592,1.19106229715875,3.37043941890612e-44
2.6,1.29755958720888,1.19270316207211,3.37564114497612e-44
2.6,1.30015163277717,1.19552257137717,3.3843914566260997e-44
2.6,1.30274462278923,1.19834198068222,3.39289953778896e-44
2.6,1.30425414673082,1.19998284559558,3.39773723986648e-44
2.6,1.30684861936451,1.20280225490064,3.40584971233919e-44
2.6,1.30944402199673,1.20562166420569,3.41370414127012e-44
2.6,1.31095494344992,1.20726252911905,3.4181540570102996e-44
2.6,1.31355180607432,1.21008193842411,3.4255874047715197e-44
2.6,1.31614958453212,1.21290134772916,3.43274631797636e-44
2.6,1.31766188221086,1.21454221264253,3.43678381663508e-44
2.6,1.32026109846943,1.21736162194758,3.4434952590077e-44
2.6,1.32286121666999,1.22018103125263,3.4499152946854396e-44
2.6,1.32437486969948,1.22182189616599,3.4535148723684396e-44
2.6,1.32697640393742,1.22464130547104,3.45946012694865e-44
2.6,1.32957882649338,1.2274607147761,3.4650964205006297e-44
2.6,1.33109381440077,1.22910157968946,3.46823169856975e-44
2.6,1.33369763164898,1.23192098899452,3.47336498034819e-44
2.6,1.3363023238526,1.23474039829958,3.47817116589579e-44
2.6,1.33781862655775,1.23638126321293,3.48081489303403e-44
2.6,1.34042469251722,1.23920067251798,3.48508892005416e-44
2.6,1.34303162032492,1.24202008182304,3.48901713906968e-44
2.6,1.34454921813154,1.2436609467364,3.4911411975970396e-44
2.6,1.34715749915817,1.24648035604145,3.4945072041364496e-44
2.6,1.34976662917547,1.24929976534651,3.4975081214688296e-44
2.6,1.3512855027624,1.25094063025987,3.49908353823599e-44
2.6,1.35389596585214,1.25376003956492,3.5014912963028e-44
2.6,1.35650726531901,1.25657944886998,3.50351412541112e-44
2.6,1.35802739573173,1.25822031378334,3.50451108813811e-44
2.6,1.36064000850619,1.2610397230884,3.50590893853021e-44
2.6,1.36325344528271,1.26385913239345,3.50690147646243e-44
2.6,1.36477481392514,1.26549999730681,3.5072893560004596e-44
2.6,1.36738954461746,1.26831940661187,3.50762425000185e-44
2.6,1.37000508716995,1.27113881591692,3.5075329237064295e-44
2.6,1.37152767579634,1.27277968083029,3.5072803032185197e-44
2.6,1.37414449323751,1.27559909013534,3.5064978564725797e-44
2.6,1.37676211062488,1.27841849944039,3.5052677814723894e-44
2.6,1.37828590133201,1.28005936435375,3.50434249287202e-44
2.6,1.3809047749375,1.28287877365881,3.50238705244847e-44
2.6,1.38352443679808,1.28569818296386,3.4999621057776397e-44
2.6,1.3850494120176,1.28733904787722,3.49833127494101e-44
2.6,1.38767031177431,1.29015845718227,3.4951460017384496e-44
2.6,1.39029198831289,1.29297786648734,3.49146891046121e-44
2.6,1.39181813080388,1.29461873140069,3.4890990117815696e-44
2.6,1.39444102725746,1.29743814070574,3.4846259796914797e-44
2.6,1.39706468923273,1.3002575500108,3.47963842749047e-44
2.6,1.39859198207444,1.30189841492416,3.4764953492139996e-44
2.6,1.4012168463169,1.30471782422921,3.4706756632949097e-44
2.6,1.40384246502922,1.30753723353427,3.46431841608159e-44
2.6,1.40537089161396,1.30917809844763,3.46036753728533e-44
2.6,1.4079976952716,1.31199750775269,3.4531414729648897e-44
2.6,1.41062524255101,1.31481691705774,3.4453545272408e-44
2.6,1.41215478657729,1.31645778197111,3.4405608082984896e-44
2.6,1.4147835017989,1.31927719127615,3.4318679742036095e-44
2.6,1.4174129499935,1.32209660058122,3.42259072978427e-44
2.6,1.41894359545926,1.32373746549457,3.41691881782463e-44
2.6,1.42157419490473,1.32655687479963,3.40669834556602e-44
2.6,1.42420551686926,1.32937628410468,3.3958698061895397e-44
2.6,1.42573724806536,1.33101714901804,3.38928415688661e-44
2.6,1.42836970489438,1.33383655832309,3.37747491967232e-44
2.6,1.43100287397923,1.33665596762815,3.36503392451373e-44
2.6,1.43253567548299,1.33829683254151,3.35749894291817e-44
2.6,1.43516996334425,1.34111624184657,3.3440398082918e-44
2.6,1.43780495338457,1.34393565115162,3.32992529842044e-44
2.6,1.43933881005358,1.34557651606499,3.3214055009392197e-44
2.6,1.44197490307404,1.34839592537004,3.30623562103839e-44
2.6,1.44461168837926,1.35121533467509,3.29038694552106e-44
2.6,1.44614658534527,1.35285619958846,3.28084714524539e-44
2.6,1.44878445811986,1.35567560889351,3.26390628889531e-44
2.6,1.4514230134634,1.35849501819856,3.2462635548010296e-44
2.6,1.45295893612638,1.36013588311192,3.23566907407317e-44
2.6,1.45559856370784,1.36295529241698,3.2168980074484696e-44
2.6,1.45823886431708,1.36577470172203,3.19740248105935e-44
2.6,1.45977579833948,1.3674155666354,3.18571939482694e-44
2.6,1.46241715622848,1.37023497594045,3.16506031682479e-44
2.6,1.465059177775,1.3730543852455,3.14365488172457e-44
2.6,1.46659710907604,1.37469525015886,3.13085029500423e-44
2.6,1.4692401732116,1.37751465946392,3.10824733445725e-44
2.6,1.47188389180165,1.38033406876897,3.08487701590378e-44
2.6,1.47342280655186,1.38197493368234,3.07091938207765e-44
2.6,1.47606755330193,1.38479434298739,3.04631916814734e-44
2.6,1.4787129454671,1.38761375229245,3.02093173367304e-44
2.6,1.48025283008292,1.3892546172058,3.0057912187387997e-44
2.6,1.48289923623523,1.39207402651086,2.97914353268244e-44
2.6,1.48554627892341,1.39489343581591,2.95169018017636e-44
2.6,1.48708712006199,1.39653430072927,2.9353390807961e-44
2.6,1.48973516281509,1.39935371003433,2.90659760667848e-44
2.6,1.49238383338161,1.40217311933938,2.8770337569860496e-44
2.6,1.49392561793565,1.40381398425274,2.85944698180603e-44
2.6,1.49657527489024,1.4066333935578,2.8285701702104596e-44
2.6,1.49922555108923,1.40945280286285,2.79685638026487e-44
2.6,1.50076826618202,1.41109366777621,2.7780120059700997e-44
2.6,1.50341951533239,1.41391307708127,2.74496407360522e-44
2.6,1.50607137530837,1.41673248638633,2.71106709565566e-44
2.6,1.50761500828891,1.41837335129969,2.69094701239662e-44
2.6,1.51026782801468,1.42119276060474,2.65569910434349e-44
2.6,1.5129212502943,1.42401216990979,2.61959311976695e-44
2.6,1.51446578873256,1.42565303482315,2.59818378441184e-44
2.6,1.51712015779057,1.42847244412821,2.5607153332931995e-44
2.6,1.51977512127462,1.43129185343326,2.5223833994457897e-44
2.6,1.52132055295691,1.43293271834663,2.49967672077892e-44
2.6,1.5239764504733,1.43575212765168,2.45997704749732e-44
2.6,1.52663293442888,1.43857153695674,2.4194128068152395e-44
2.6,1.5281792473533,1.4402124018701,2.39540719404811e-44
2.6,1.5308366528158,1.44303181117514,2.35347740852416e-44
2.6,1.53349463686867,1.44585122048021,2.31068712514504e-44
2.6,1.53504181924073,1.44749208539357,2.28538874066679e-44
2.6,1.53770071249116,1.45031149469862,2.2412440202229898e-44
2.6,1.54036017661825,1.45313090400368,2.19624903069686e-44
2.6,1.54190821684654,1.45477176891704,2.16967330260717e-44
2.6,1.54456857807341,1.45759117822209,2.12334565201375e-44
2.6,1.54722950259561,1.46041058752715,2.07618534734803e-44
2.6,1.54967260552308,1.46299867900413,2.03216909930438e-44
2.6,1.55540868857795,1.46907322450684,1.9261803410500598e-44
2.6,1.56114733222236,1.47514777000954,1.8165452497674498e-44
2.6,1.56448832671464,1.47868308805014,1.75112536068233e-44
2.6,1.57023096388218,1.48475763355286,1.6360850047950898e-44
2.6,1.57597608980861,1.49083217905557,1.51793345814373e-44
2.6,1.57932082425273,1.49436749709617,1.4478579346364398e-44
2.6,1.58506983213332,1.50044204259888,1.32544571996083e-44
2.6,1.59082125952796,1.50651658810159,1.2008828753351299e-44
2.6,1.5941696298652,1.5100519061422,1.12760875581751e-44
2.6,1.59992483164623,1.5161264516449,1.00080460498538e-44
2.6,1.60568238617046,1.52220099714762,8.73538581024769e-45
2.6,1.60903429205998,1.52573631518821,7.99631859815238e-45
2.6,1.61479551723168,1.53181086069092,6.73708850943986e-45
2.6,1.62055903074347,1.53788540619363,5.5037871922779293e-45
2.6,1.62391437540274,1.54142072423424,4.80495172511752e-45
2.6,1.62968145948805,1.54749526973695,3.6519229883668897e-45
2.6,1.63545076977714,1.55356981523965,2.5838626753365397e-45
2.6,1.63880945983009,1.55710513328026,2.01552912847081e-45
2.6,1.64458224412794,1.56317967878297,1.16165894533965e-45
2.6,1.65035719466402,1.56925422428567,5.11533961298127e-46
2.6,1.65371913999681,1.57278954232628,2.51084135900912e-46
2.6,1.65949747133791,1.57886408782899,2.80793694315567e-47
2.6,1.66527791103113,1.58493863333169,3.73926471402185e-50
2.6,1.66847227859512,1.58829458693894,0.0
2.8,0.51099907,0.0,0.0
2.8,0.511075903070324,0.008861667917630512,5.68258584256895e-48
2.8,0.512509215945105,0.039314715919123805,3.60987178432313e-47
2.8,0.5157398476202409,0.0697677639206288,9.15389334970734e-47
2.8,0.518434896662405,0.0874910997558822,1.35783999204475e-46
2.8,0.524433858108991,0.117944147757387,2.32870982098518e-46
2.8,0.532110681390598,0.148397195758888,3.5732192647631e-46
2.8,0.53732306907296,0.166120531594141,4.4274385208018505e-46
2.8,0.547504540379264,0.196573579595642,6.12633431161409e-46
2.8,0.559161103063327,0.227026627597143,8.12872169142622e-46
2.8,0.566588558074574,0.24474996343239802,9.43950125804716e-46
2.8,0.580393613889016,0.2752030114339,1.19523292392741e-45
2.8,0.595437382274948,0.305656059435402,1.48092912068064e-45
2.8,0.6047266182552901,0.323379395270655,1.6637633336350598e-45
2.8,0.621544405053097,0.353832443272156,2.0076936756874e-45
2.8,0.639371088136069,0.384285491273657,2.39103258346083e-45
2.8,0.650177780775649,0.40200882710891206,2.6331238038448398e-45
2.8,0.669435077483156,0.432461875110413,3.08326196032262e-45
2.8,0.6895000185500901,0.462914923111914,3.57861701298647e-45
2.8,0.701522049193488,0.48063825894716905,3.8886882737381396e-45
2.8,0.7227270394688201,0.511091306948671,4.46060840632384e-45
2.8,0.7445739304590661,0.541544354950171,5.0842545806195105e-45
2.8,0.7575621423337681,0.559267690785426,5.47207981865035e-45
2.8,0.780314423355268,0.589720738786928,6.18305340495265e-45
2.8,0.803576738936839,0.620173786788429,6.952802062302129e-45
2.8,0.8173327282034161,0.637897122623683,7.42896065552551e-45
2.8,0.841315636438298,0.668350170625185,8.29745759840276e-45
2.8,0.865705485661192,0.698803218626686,9.23203069733928e-45
2.8,0.880074060968714,0.71652655446194,9.80746964305111e-45
2.8,0.9050406488314802,0.7469796024634421,1.0852249484034598e-44
2.8,0.930334120383537,0.777432650464942,1.19701290207259e-44
2.8,0.945194737654577,0.795155986300197,1.26553589083002e-44
2.8,0.9709533083838011,0.825609034301699,1.38938119558817e-44
2.8,0.99697659867128,0.856062082303199,1.52111616642514e-44
2.8,1.0122356477087,0.8737854181384501,1.6014817552950798e-44
2.8,1.03863720961075,0.904238466139956,1.74600239784619e-44
2.8,1.0652550286898,0.9346915141414531,1.89870471211448e-44
2.8,1.08083953295437,0.952414849976708,1.9913387899105398e-44
2.8,1.10776773486908,0.9828678979782111,2.1569049617805697e-44
2.8,1.13487417324657,1.01332094597971,2.33037728320653e-44
2.8,1.15072688358455,1.03104428181497,2.43484439536581e-44
2.8,1.17809024728514,1.06149732981647,2.62003580259406e-44
2.8,1.20560179045889,1.09195037781797,2.81182650134296e-44
2.8,1.22167745346872,1.10967371365323,2.92612812179562e-44
2.8,1.24940349054345,1.14012676165473,3.12633236587236e-44
2.8,1.27725374938407,1.17057980965622,3.3300483333688697e-44
2.8,1.29351629874765,1.18830314549148,3.44949043150276e-44
2.8,1.32154708910367,1.21875619349299,3.6546632168726496e-44
2.8,1.34968284369925,1.24920924149449,3.85731159683907e-44
2.8,1.35874913911322,1.25899927462253,3.92137274970641e-44
2.8,1.36170577607046,1.26218959393698,3.94209406726349e-44
2.8,1.36466346562111,1.26537991325141,3.96273140564645e-44
2.8,1.36638528995543,1.26723664367225,3.97470151260286e-44
2.8,1.36934463077213,1.27042696298669,3.9951959574237095e-44
2.8,1.3723050066647,1.27361728230114,4.0155935658882895e-44
2.8,1.37402838641345,1.27547401272197,4.0274181236871394e-44
2.8,1.37699038615489,1.27866433203641,4.0476519278958695e-44
2.8,1.3799534038259,1.28185465135086,4.0677753101096695e-44
2.8,1.38167831322311,1.28371138177169,4.07943390235544e-44
2.8,1.3846429279057,1.28690170108614,4.0993713935859e-44
2.8,1.38760854373347,1.29009202040058,4.11918411880058e-44
2.8,1.38933495755699,1.29194875082142,4.1306551894425797e-44
2.8,1.39230214412435,1.29513907013587,4.15025871330789e-44
2.8,1.39527031540532,1.2983293894503,4.16972233837589e-44
2.8,1.39699820896322,1.30018611987114,4.18098314613258e-44
2.8,1.39996792526292,1.30337643918559,4.20021298744852e-44
2.8,1.40293861018868,1.30656675850003,4.2192869777837295e-44
2.8,1.40466795930594,1.30842348892087,4.2303135500350695e-44
2.8,1.40764016406693,1.3116138082353,4.2491278535336893e-44
2.8,1.41061332170185,1.31480412754975,4.2677695035963194e-44
2.8,1.41234410270752,1.31666085797059,4.2785365900261697e-44
2.8,1.41531875551818,1.31985117728502,4.29689128059505e-44
2.8,1.41829434577771,1.32304149659947,4.31505563409363e-44
2.8,1.42002653549235,1.3248982270203,4.3255366602537197e-44
2.8,1.42300359677916,1.32808854633475,4.34338536319527e-44
2.8,1.42598158040876,1.33127886564919,4.36102513346694e-44
2.8,1.42771515613229,1.33313559607003,4.37119215452363e-44
2.8,1.43069458713906,1.33632591538447,4.3884861162736497e-44
2.8,1.4336749256937,1.33951623469892,4.4055516073147095e-44
2.8,1.43540986519357,1.34137296511975,4.41537526226399e-44
2.8,1.43839162796136,1.34456328443419,4.43206327208777e-44
2.8,1.44137428378555,1.34775360374864,4.4485023007830295e-44
2.8,1.44311056528525,1.34961033416948,4.4579517674200095e-44
2.8,1.44609462263276,1.35280065348392,4.4739800805606603e-44
2.8,1.44907955884123,1.35599097279835,4.48973790071273e-44
2.8,1.4508171610091,1.35784770321919,4.49878085204147e-44
2.8,1.45380347651364,1.36103802253364,4.514093115694761e-44
2.8,1.45679065697252,1.36422834184808,4.52911234471325e-44
2.8,1.45852955891091,1.36608507226892,4.537714906493079e-44
2.8,1.46151809688988,1.36927539158336,4.55225208774213e-44
2.8,1.46450748619837,1.3724657108978,4.566472636524171e-44
2.8,1.46624766743306,1.37432244131864,4.574599347383849e-44
2.8,1.46923839292602,1.37751276063308,4.58829966603578e-44
2.8,1.47222995639861,1.38070307994753,4.60165867318536e-44
2.8,1.47397139686856,1.38255981036836,4.60927244718064e-44
2.8,1.47696427561968,1.3857501296828,4.622071313110219e-44
2.8,1.47995797926885,1.38894044899725,4.63450308469218e-44
2.8,1.48170065931623,1.39079717941808,4.64156517725252e-44
2.8,1.48469565775732,1.39398749873253,4.65339513375262e-44
2.8,1.48769146827673,1.39717781804698,4.66483108913101e-44
2.8,1.48943536863718,1.3990345484678,4.6713010669487e-44
2.8,1.49243245387113,1.40222486778225,4.68209174145962e-44
2.8,1.49543033861925,1.40541518709669,4.692460367335119e-44
2.8,1.49717544041249,1.40727191751753,4.698296083107609e-44
2.8,1.50017458019722,1.41046223683197,4.70797414662735e-44
2.8,1.50317450718144,1.41365255614642,4.71720096019612e-44
2.8,1.50492079190202,1.41550928656725,4.72235853302659e-44
2.8,1.50792195463483,1.41869960588169,4.730847669809549e-44
2.8,1.51092389249596,1.42188992519614,4.73885519302652e-44
2.8,1.5126713420044,1.42374665561698,4.74328899568837e-44
2.8,1.51567449670676,1.42693697493142,4.75050988518597e-44
2.8,1.518678414704,1.43012729424586,4.757217631734319e-44
2.8,1.52042701121806,1.43198402466669,4.7608802854934e-44
2.8,1.5234321275208,1.43517434398114,4.76675059814999e-44
2.8,1.5264379955171,1.43836466329558,4.772075075435529e-44
2.8,1.52818772160338,1.44022139371642,4.774917454209989e-44
2.8,1.5311947697323,1.44341171303086,4.77935186377658e-44
2.8,1.53420255818012,1.4466020323453,4.78320659213477e-44
2.8,1.53595339674577,1.44845876276614,4.78517783699031e-44
2.8,1.53896234750765,1.45164908208058,4.788088051545599e-44
2.8,1.5419720274351,1.45483940139503,4.790383603415411e-44
2.8,1.54372396171989,1.45669613181586,4.7914311493319e-44
2.8,1.54673478648885,1.45988645113031,4.79272596411609e-44
2.8,1.54974632948618,1.46307677044474,4.79337002583646e-44
2.8,1.5514993430547,1.46493350086559,4.793439641946269e-44
2.8,1.55451201375894,1.46812382018003,4.793025016604429e-44
2.8,1.55752539196548,1.47131413949447,4.79192247634392e-44
2.8,1.55927946869953,1.47317086991531,4.79095832225045e-44
2.8,1.56229395780843,1.47636118922974,4.788737486494519e-44
2.8,1.56530914389978,1.47955150854419,4.785790551712991e-44
2.8,1.56706426799105,1.48140823896503,4.78373525159113e-44
2.8,1.57008054850264,1.48459855827947,4.77960884298087e-44
2.8,1.57309751567823,1.48778887759391,4.77471719200385e-44
2.8,1.57485367162111,1.48964560801475,4.77151192919886e-44
2.8,1.5778717170498,1.4928359273292,4.76537816717414e-44
2.8,1.58089043902084,1.49602624664363,4.75843913831686e-44
2.8,1.58264761160544,1.49788297706448,4.75402377301339e-44
2.8,1.58566739597014,1.50107329637891,4.745778674414039e-44
2.8,1.58868784694783,1.50426361569336,4.73668749909958e-44
2.8,1.59044602125316,1.50612034611419,4.7310007121705e-44
2.8,1.59346751906573,1.50931066542863,4.72053835344462e-44
2.8,1.59648967374977,1.51250098474308,4.709188438356719e-44
2.8,1.59824883513718,1.51435771516392,4.70216790526118e-44
2.8,1.60127202139112,1.51754803447836,4.689380738037569e-44
2.8,1.60429585495859,1.5207383537928,4.67566400265311e-44
2.8,1.60605598906526,1.52259508421363,4.66724660037773e-44
2.8,1.60908083922475,1.52578540352808,4.6520258265957e-44
2.8,1.61210632731923,1.52897572284253,4.63583310398352e-44
2.8,1.61386742005197,1.53083245326337,4.62595515658886e-44
2.8,1.61689391004115,1.5340227725778,4.608191172081319e-44
2.8,1.61992102876214,1.53721309189225,4.589412681391659e-44
2.8,1.62168306629122,1.53906982231308,4.57801024897316e-44
2.8,1.62471117248384,1.54226014162752,4.55759316451404e-44
2.8,1.62773989837646,1.54545046094197,4.536119064252679e-44
2.8,1.6295028671297,1.5473071913628,4.52312828036962e-44
2.8,1.63253256633894,1.55049751067725,4.499948530042819e-44
2.8,1.63556287638389,1.55368782999169,4.47566956408276e-44
2.8,1.63732676304086,1.55554456041252,4.4610270299216797e-44
2.8,1.64035803250946,1.55873487972697,4.4349760806378e-44
2.8,1.64338990411327,1.56192519904141,4.4077843305264996e-44
2.8,1.64515469559964,1.56378192946225,4.3914275729506603e-44
2.8,1.6481875129903,1.56697224877669,4.3623987480923796e-44
2.8,1.65122092397578,1.57016256809114,4.332188505083699e-44
2.8,1.65298660745783,1.57201929851197,4.3140565081370396e-44
2.8,1.65602095084383,1.57520961782641,4.2819459438021395e-44
2.8,1.65905587944081,1.57839993714085,4.2486147223760797e-44
2.8,1.66082244232009,1.5802566675617,4.2286485445197704e-44
2.8,1.66385829017617,1.58344698687613,4.1933562989601094e-44
2.8,1.66689471501249,1.58663730619058,4.1568060112032295e-44
2.8,1.66866214492056,1.58849403661141,4.1349495001870797e-44
2.8,1.67169947611405,1.59168435592586,4.09638084069684e-44
2.8,1.67473737620671,1.59487467524031,4.05651916121963e-44
2.8,1.67650566100012,1.59673140566114,4.0327197865143595e-44
2.8,1.67954445478222,1.59992172497558,3.99078668687841e-44
2.8,1.68258380952885,1.60311204429003,3.94752864016256e-44
2.8,1.68435293728415,1.60496877471086,3.92173846055586e-44
2.8,1.68739317328154,1.6081590940253,3.8763613455157897e-44
2.8,1.69043396245201,1.61134941333974,3.82963116025673e-44
2.8,1.69220392146093,1.61320614376058,3.80180795691583e-44
2.8,1.69524557966754,1.61639646307503,3.7529177454536897e-44
2.8,1.69828778339583,1.61958678238946,3.70265102831344e-44
2.8,1.70005856216058,1.62144351281031,3.6727596339987897e-44
2.8,1.70310162292953,1.62463383212474,3.6203001425936996e-44
2.8,1.70614522170582,1.6278241514392,3.56644644255699e-44
2.8,1.70791680893448,1.62968088186003,3.5344603135608095e-44
2.8,1.71096125297034,1.63287120117447,3.4783911032360897e-44
2.8,1.71400622763319,1.63606152048891,3.42091695797353e-44
2.8,1.71577861223531,1.63791825090975,3.38682004573266e-44
2.8,1.71882442058639,1.64110857022419,3.3271198220487e-44
2.8,1.7218707523153,1.64429888953864,3.26601240862133e-44
2.8,1.72364392339747,1.64615561995947,3.22980140998162e-44
2.8,1.72669107744849,1.64934593927392,3.1664721222768e-44
2.8,1.72973874775646,1.65253625858836,3.1017436780732e-44
2.8,1.73253682473914,1.65546482884304,3.04109958007312e-44
2.8,1.7391059180067,1.66233851682052,2.89419014324546e-44
2.8,1.74567735684103,1.66921220479801,2.74097126740313e-44
2.8,1.7495029305938,1.67321261488653,2.6489612086759e-44
2.8,1.75607802634511,1.68008630286401,2.4861413457227e-44
2.8,1.76265540030966,1.6869599908415,2.3176016225557897e-44
2.8,1.76648439762549,1.69096040093002,2.217024388979e-44
2.8,1.77306532395094,1.69783408890751,2.04024322079406e-44
2.8,1.77964846363348,1.70470777688498,1.85894228576513e-44
2.8,1.78348078704851,1.70870818697351,1.75162113938233e-44
2.8,1.79006737839704,1.715581874951,1.56469874185133e-44
2.8,1.79665612063192,1.72245556292848,1.37551078597571e-44
2.8,1.80049167626706,1.72645597301701,1.26487534045884e-44
2.8,1.80708377316165,1.73332966099449,1.0749674924472199e-44
2.8,1.81367796075106,1.74020334897197,8.87060090779178e-45
2.8,1.81751665815245,1.7442037590605,7.79623497503784e-45
2.8,1.82411410692038,1.75107744703799,6.005435987184219e-45
2.8,1.83071358837013,1.75795113501547,4.3211066471504706e-45
2.8,1.83455534035777,1.76195154510399,3.41144267137276e-45
2.8,1.84115799287476,1.76882523308148,2.0190306752409303e-45
2.8,1.84776262214355,1.77569892105896,9.2415038850141e-46
2.8,1.85160734466778,1.77969933114748,4.6853803211554e-46
2.8,1.85821505811522,1.78657301912496,5.748828824210479e-47
2.8,1.86482469437679,1.79344670710245,1.05724643587242e-49
2.8,1.86847708225341,1.79724415630302,0.0
3.0,0.51099907,0.0,0.0
3.0,0.5110946311149099,0.00988293547591524,5.48209723637465e-48
3.0,0.512876674020883,0.0438455609367494,3.68136778988725e-47
3.0,0.516888927537959,0.0778081863975544,9.522193838662041e-47
3.0,0.520231435236755,0.09757405734942622,1.4212648138143001e-46
3.0,0.527657036782023,0.131536682810235,2.45499935260473e-46
3.0,0.5371313345719629,0.165499308271042,3.78601143272898e-46
3.0,0.543546903379427,0.18526517922291602,4.7025082622075004e-46
3.0,0.55604035814616,0.219227804683724,6.53101694357771e-46
3.0,0.57028540526445,0.253190430144532,8.694593117310671e-46
3.0,0.579331676890791,0.272956301096404,1.01152332777524e-45
3.0,0.5960866354984791,0.306918926557213,1.2847265292802501e-45
3.0,0.6142640165654181,0.340881552018022,1.59658459669523e-45
3.0,0.625449129214911,0.360647422969894,1.79679188725764e-45
3.0,0.645629258834624,0.394610048430702,2.17462431254533e-45
3.0,0.6669292213926331,0.42857267389151005,2.5974799956927897e-45
3.0,0.6797996030692781,0.448338544843384,2.8653972216181e-45
3.0,0.702662414262822,0.482301170304192,3.3652198971272e-45
3.0,0.7263940778658301,0.516263795764999,3.91758611541566e-45
3.0,0.740572652169567,0.536029666716873,4.26451291379383e-45
3.0,0.7655137246861301,0.5699922921776811,4.9066377115539705e-45
3.0,0.7911267863500631,0.6039549176384881,5.60995157495886e-45
3.0,0.8063173517050521,0.6237207885903621,6.04887742206457e-45
3.0,0.832867049809793,0.657683414051171,6.85649311468594e-45
3.0,0.859938540544305,0.6916460395119781,7.73501835895199e-45
3.0,0.8759149250302181,0.711411910463852,8.28054302908428e-45
3.0,0.90371635392183,0.7453745359246591,9.27951691006445e-45
3.0,0.931926209877812,0.779337161385468,1.03600353290923e-44
3.0,0.94851763601506,0.799103032337341,1.1028121912497898e-44
3.0,0.977301611450389,0.833065657798149,1.22464263836811e-44
3.0,1.00640851224135,0.8670282832589621,1.3557426648774e-44
3.0,1.02348616086558,0.8867941542108291,1.43647936042802e-44
3.0,1.05304942754467,0.920756779671642,1.58311741139377e-44
3.0,1.08287081042815,0.954719405132447,1.74010744413346e-44
3.0,1.10033704056802,0.974485276084315,1.83639119481529e-44
3.0,1.13052519638955,1.00844790154512,2.01051616244903e-44
3.0,1.16092194240339,1.04241052700594,2.1958788174303797e-44
3.0,1.1787021463964,1.0621763979578,2.30902666296056e-44
3.0,1.20939687787012,1.09613902341862,2.5126030104880097e-44
3.0,1.24026198294589,1.13010164887943,2.72780273280144e-44
3.0,1.25829859838746,1.1498675198313,2.8583692986859e-44
3.0,1.28940833813156,1.1838301452921,3.09169707756941e-44
3.0,1.32065865462614,1.21779277075291,3.33599074053849e-44
3.0,1.33890680825779,1.23755864170479,3.4829444197533e-44
3.0,1.37035994628976,1.2715212671656,3.7429746262150097e-44
3.0,1.4019301849407,1.30548389262641,4.01132287181819e-44
3.0,1.42035452806866,1.32524976357828,4.1706106978047497e-44
3.0,1.45209447628527,1.35921238903908,4.44803578861569e-44
3.0,1.483932838968,1.39317501449989,4.72753775645562e-44
3.0,1.49418809359005,1.40409330512093,4.81722163036149e-44
3.0,1.49753204183465,1.40765129445491,4.8463833584835e-44
3.0,1.50087697436961,1.41120928378891,4.87550440093942e-44
3.0,1.50282413848231,1.4132799940791,4.89243154322845e-44
3.0,1.50617061476545,1.41683798341309,4.9214765258881e-44
3.0,1.5095180584998,1.42039597274709,4.95046580781897e-44
3.0,1.51146667640803,1.42246668303728,4.967309201441789e-44
3.0,1.51481563754552,1.42602467237127,4.9961978749491e-44
3.0,1.51816554966484,1.42958266170525,5.02501481565064e-44
3.0,1.52011559661981,1.43165337199545,5.04175036697084e-44
3.0,1.52346700037447,1.43521136132945,5.07044050057422e-44
3.0,1.52681933900162,1.43876935066343,5.09904180000891e-44
3.0,1.52877079079557,1.44084006095363,5.11564380840341e-44
3.0,1.53212459585229,1.44439805028762,5.14409036789778e-44
3.0,1.53547932002276,1.44795603962161,5.17242986831735e-44
3.0,1.53743215297477,1.4500267499118,5.18887094479782e-44
3.0,1.54078831891637,1.4535847392458,5.21702595119482e-44
3.0,1.54414538855439,1.45714272857978,5.24505449428302e-44
3.0,1.54609957949662,1.45921343886998,5.2613054776236e-44
3.0,1.54945806678036,1.46277142820396,5.2891178617899e-44
3.0,1.55281744267575,1.46632941753795,5.316783141670869e-44
3.0,1.55477296894003,1.46840012782815,5.33281301213692e-44
3.0,1.55813373887494,1.47195811716215,5.36022846536036e-44
3.0,1.5614953826606,1.47551610649613,5.387474877691549e-44
3.0,1.56345222206552,1.47758681678633,5.403250668556499e-44
3.0,1.56681523679024,1.48114480612032,5.43021148942194e-44
3.0,1.57017911092037,1.4847027954543,5.456979976948219e-44
3.0,1.5721372417587,1.4867735057445,5.472466684026841e-44
3.0,1.57550246422015,1.49033149507849,5.49891162202048e-44
3.0,1.57886853194908,1.49388948441248,5.52513951704345e-44
3.0,1.58082793297555,1.49596019470268,5.5403000065198e-44
3.0,1.58419532690811,1.49951818403667,5.566164102830789e-44
3.0,1.58756355226978,1.50307617337066,5.591784967113249e-44
3.0,1.58952420268923,1.50514688366085,5.60657988199347e-44
3.0,1.59289373259463,1.50870487299484,5.63179430837545e-44
3.0,1.59626408038265,1.51226286232884,5.65673777133386e-44
3.0,1.59822595983859,1.51433357261903,5.67112543701883e-44
3.0,1.60159759096629,1.51789156195301,5.69561733294995e-44
3.0,1.60497002671461,1.52144955128701,5.71980892857624e-44
3.0,1.60693311527802,1.5235202615772,5.73374525789278e-44
3.0,1.61030681360629,1.52707825091119,5.757437567530129e-44
3.0,1.61368130357043,1.53063624024518,5.78079857138998e-44
3.0,1.61564558172896,1.53270695053537,5.79423696981706e-44
3.0,1.61902131394639,1.53626493986937,5.817048279414139e-44
3.0,1.62239782508523,1.53982292920336,5.839495546622919e-44
3.0,1.62436327373268,1.54189363949356,5.85238681832919e-44
3.0,1.6277410072203,1.54545162882754,5.87423119549339e-44
3.0,1.63111950717837,1.54900961816153,5.895677001060019e-44
3.0,1.63308610760449,1.55108032845173,5.90796925657396e-44
3.0,1.63646581041844,1.55463831778572,5.92875609279645e-44
3.0,1.63984626750874,1.5581963071197,5.94910797585196e-44
3.0,1.64181400138934,1.56026701740991,5.960746542224549e-44
3.0,1.64519564224393,1.5638250067439,5.98038040020073e-44
3.0,1.64857802543129,1.56738299607788,5.99954101386031e-44
3.0,1.65054687481857,1.56945370636807,6.01046834880748e-44
3.0,1.65393042306996,1.57301169570207,6.02884881739533e-44
3.0,1.65731470195481,1.57656968503606,6.0467157865127e-44
3.0,1.65928464926808,1.57864039532625,6.0568713968381e-44
3.0,1.66267007489831,1.58219838466024,6.0738929537497e-44
3.0,1.66605621970094,1.58575637399423,6.09035874249894e-44
3.0,1.66802724771751,1.58782708428443,6.09967910941216e-44
3.0,1.6714145213191,1.59138507361842,6.1152309968224e-44
3.0,1.6748025028644,1.5949430629524,6.1301827891658e-44
3.0,1.67677459471076,1.5970137732426,6.13860130126162e-44
3.0,1.68016368747167,1.60057176257659,6.152567415764599e-44
3.0,1.68355347717427,1.60412975191058,6.1658870119414e-44
3.0,1.68552661631754,1.60620046220078,6.173333908144439e-44
3.0,1.68891750000658,1.60975845153477,6.18559270815063e-44
3.0,1.69230906985642,1.61331644086876,6.19715644019027e-44
3.0,1.69428324009603,1.61538715115895,6.20355876452874e-44
3.0,1.6976758870487,1.61894514049295,6.21398319995196e-44
3.0,1.70106920959703,1.62250312982693,6.223661870772e-44
3.0,1.70304439505662,1.62457384011713,6.22894344152996e-44
3.0,1.70643877816132,1.62813182945111,6.23740090923445e-44
3.0,1.70983382650708,1.63168981878511,6.245059759575959e-44
3.0,1.71181001162667,1.63376052907531,6.24914115569411e-44
3.0,1.71520610431134,1.6373185184093,6.2554934860826e-44
3.0,1.7186028520879,1.64087650774329,6.26099219433858e-44
3.0,1.7205800216162,1.64294721803348,6.26379076167819e-44
3.0,1.7239777978353,1.64650520736747,6.26789424141096e-44
3.0,1.72737621919763,1.65006319670146,6.27108696223323e-44
3.0,1.72935435818469,1.65213390699166,6.27251684378379e-44
3.0,1.73275379240655,1.65569189632565,6.27422228134049e-44
3.0,1.73615386201868,1.65924988565964,6.27495772947341e-44
3.0,1.73813295580861,1.66132059594983,6.27492992300352e-44
3.0,1.74153402300314,1.66487858528381,6.27408276398323e-44
3.0,1.74493571602603,1.66843657461781,6.27220435101834e-44
3.0,1.74691575025002,1.67050728490801,6.27062679897531e-44
3.0,1.75031842587679,1.674065274242,6.26706729887045e-44
3.0,1.75372171795647,1.67762326357598,6.26241333051866e-44
3.0,1.75570267852596,1.67969397386618,6.25919104673348e-44
3.0,1.75910693852252,1.68325196320016,6.25275451040138e-44
3.0,1.76251180577866,1.68680995253416,6.24515845446131e-44
3.0,1.7644936788787,1.68888066282435,6.24019369382478e-44
3.0,1.76789949964935,1.69243865215835,6.230710791605769e-44
3.0,1.77130591866401,1.69599664149234,6.220001627045009e-44
3.0,1.77328869074683,1.69806735178253,6.21319410457492e-44
3.0,1.77669604915156,1.70162534111652,6.20049127697828e-44
3.0,1.78010399695837,1.70518333045051,6.186493935774079e-44
3.0,1.78208765473709,1.70725404074071,6.17774110165796e-44
3.0,1.78549652808096,1.71081203007469,6.161641064810489e-44
3.0,1.78890598215451,1.71437001940868,6.14417698080299e-44
3.0,1.79089051259704,1.71644072969888,6.133374360682849e-44
3.0,1.79430087861974,1.71999871903287,6.113696728257139e-44
3.0,1.79771181686534,1.72355670836686,6.092584508675589e-44
3.0,1.79969720718844,1.72562741865705,6.07962611847834e-44
3.0,1.80310904405419,1.72918540799104,6.05618815703513e-44
3.0,1.80652144479781,1.73274339732503,6.031244393999189e-44
3.0,1.80850768246134,1.73481410761523,6.01602323920525e-44
3.0,1.81192096874905,1.73837209694922,5.98864077562271e-44
3.0,1.81533481072762,1.74193008628321,5.959681019019139e-44
3.0,1.81732188342889,1.7440007965734,5.94208969253961e-44
3.0,1.82073659812258,1.74755878590739,5.91057819779839e-44
3.0,1.82415186047452,1.75111677524138,5.877418114188789e-44
3.0,1.82613975614283,1.75318748553158,5.85734950662486e-44
3.0,1.82955587862233,1.75674547486557,5.821525380950949e-44
3.0,1.8329725408783,1.76030346419956,5.78398212426812e-44
3.0,1.83496124766964,1.76237417448976,5.76133026395048e-44
3.0,1.83837875770149,1.76593216382374,5.72101235578714e-44
3.0,1.84179679977544,1.76949015315774,5.678906187790619e-44
3.0,1.84378630606728,1.77156086344793,5.653567231604929e-44
3.0,1.84720518379596,1.77511885278192,5.6085786279316e-44
3.0,1.85062458597639,1.77867684211591,5.561734823464989e-44
3.0,1.85261488036267,1.7807475524061,5.53360822287395e-44
3.0,1.85603510630195,1.7843055417401,5.48377835494062e-44
3.0,1.85945584924342,1.78786353107409,5.43202944618961e-44
3.0,1.86144692052962,1.78993424136429,5.40101931988239e-44
3.0,1.86486847555422,1.79349223069827,5.34618644250065e-44
3.0,1.86829054026906,1.79705022003226,5.2893748585475e-44
3.0,1.87028237746743,1.79912093032246,5.255391607234329e-44
3.0,1.87370524280491,1.80267891965645,5.19540571823365e-44
3.0,1.87712861065516,1.80623690899043,5.133386900156341e-44
3.0,1.87912120298007,1.80830761928064,5.0963491144208e-44
3.0,1.88254536020285,1.81186560861462,5.031075404992419e-44
3.0,1.88597001289245,1.81542359794861,4.96372148823671e-44
3.0,1.88796334975585,1.81749430823881,4.92355820692945e-44
3.0,1.89138878077354,1.82105229757279,4.85288115592551e-44
3.0,1.89481470034062,1.82461028690678,4.78008535219159e-44
3.0,1.89680877134766,1.82668099719698,4.73673875443856e-44
3.0,1.90023545839951,1.83023898653098,4.66056701356843e-44
3.0,1.90366262720902,1.83379697586496,4.58224885392832e-44
3.0,1.90565742215372,1.83586768615516,4.53567748796934e-44
3.0,1.90908534780129,1.83942567548915,4.45394976126816e-44
3.0,1.91251374853771,1.84298366482313,4.3700614275802597e-44
3.0,1.91566128291148,1.84624973968995,4.29115262655269e-44
3.0,1.92305045755376,1.85391558943682,4.09879910918265e-44
3.0,1.93044178991599,1.86158143918368,3.8964811300084197e-44
3.0,1.93474444679802,1.8660428786271,3.7741976792792095e-44
3.0,1.94213914237,1.87370872837397,3.55642992390863e-44
3.0,1.94953593266198,1.88137457812084,3.32924261311729e-44
3.0,1.95384173736859,1.88583601756426,3.19284288650483e-44
3.0,1.96124179311262,1.89350186731113,2.95165185200058e-44
3.0,1.96864388296217,1.90116771705799,2.7024234431344397e-44
3.0,1.97295274440347,1.90562915650142,2.55401215824804e-44
3.0,1.9803580056332,1.91329500624829,2.29396155615965e-44
3.0,1.98776524262965,1.92096085599516,2.0287120871305e-44
3.0,1.99207707313569,1.92542229543859,1.87261402144015e-44
3.0,1.99948739095734,1.93308814518545,1.60288978355475e-44
3.0,2.00689962837871,1.94075399493231,1.33361391570953e-44
3.0,2.01121434354334,1.94521543437574,1.17846422860843e-44
3.0,2.01862957459194,1.95288128412261,9.17620570222415e-45
3.0,2.02604667114671,1.96054713386947,6.69165309050812e-45
3.0,2.03036418967979,1.9650085733129,5.3334768626317297e-45
3.0,2.03778419586939,1.97267442305977,3.22301074951376e-45
3.0,2.04520601545192,1.98034027280663,1.52028283457987e-45
3.0,2.0495262590393,1.98480171225006,7.90201907277625e-46
3.0,2.05695090732639,1.99246756199693,1.04093537292021e-46
3.0,2.06437731878519,2.00013341174379,2.49296082235067e-49
3.0,2.06848087571403,2.00436849996547,0.0
3.2,0.51099907,0.0,0.0
3.2,0.5111152611171511,0.0108977339841168,5.2644325491629595e-48
3.2,0.5132811609857051,0.048347706067282205,3.72303088710278e-47
3.2,0.518151803158953,0.0857976781504578,9.79237674007115e-47
3.2,0.522203346056473,0.107593146118661,1.46921793772685e-46
3.2,0.5311850484328201,0.145043118201838,2.5532141784352203e-46
3.2,0.542608309503862,0.182493090285013,3.95447774917171e-46
3.2,0.550321601042559,0.204288558253223,4.922100708374331e-46
3.2,0.5652942301050551,0.241738530336399,6.858106958879661e-46
3.2,0.582293971653622,0.279188502419574,9.156936941994999e-46
3.2,0.5930526114698911,0.300983970387781,1.06705350729938e-45
3.2,0.6129091147611531,0.33843394247095704,1.35895135392199e-45
3.2,0.634356971082846,0.375883914554132,1.69332351106996e-45
3.2,0.6475097997901,0.39767938252234103,1.90857881922708e-45
3.2,0.6711613850485431,0.43512935460551705,2.3159569103200202e-45
3.2,0.6960253368623891,0.472579326688692,2.77349801350593e-45
3.2,0.71100385873279,0.49437479465690004,3.06420271928877e-45
3.2,0.7375348344715661,0.5318247667400751,3.6080864970596195e-45
3.2,0.7649795930632041,0.569274738823251,4.2113174223614994e-45
3.2,0.781334780294186,0.59107020679146,4.59127644803052e-45
3.2,0.810035594769432,0.6285201788746351,5.2966073908734593e-45
3.2,0.8394261679907491,0.66597015095781,6.07204493803725e-45
3.2,0.856820632406547,0.6877656189260191,6.55743082823594e-45
3.2,0.8871627263268451,0.7252155910091951,7.45329298267864e-45
3.2,0.9180298528195401,0.7626655630923701,8.43168422366826e-45
3.2,0.936215337832857,0.784461031060578,9.041164954028931e-45
3.2,0.967810801050306,0.8219110031437531,1.0160967154552999e-44
3.2,0.9998106497151561,0.8593609752269281,1.13773923901495e-44
3.2,1.01860528514492,0.881156443195134,1.2132138153683699e-44
3.2,1.0511697273663,0.918606415278315,1.35135008470635e-44
3.2,1.08404975225105,0.956056387361487,1.50070519441086e-44
3.2,1.10331967285669,0.9778518553296961,1.5930424423988201e-44
3.2,1.13664323791099,1.01530182741287,1.76143759621343e-44
3.2,1.17021639062313,1.05275179949605,1.9426922564395e-44
3.2,1.18986212628008,1.07454726746425,2.05435098539469e-44
3.2,1.22378834375147,1.11199723954743,2.25723004252288e-44
3.2,1.25791452089013,1.14944721163061,2.4745475934217796e-44
3.2,1.27786128513805,1.17124267959881,2.60788685663759e-44
3.2,1.31227206621604,1.20869265168199,2.84911544045612e-44
3.2,1.34684501272611,1.24614262376517,3.10599923998921e-44
3.2,1.36703586420011,1.26793809173338,3.2628207106313495e-44
3.2,1.40184094914351,1.30538806381655,3.54493508954683e-44
3.2,1.43677905058499,1.34283803589973,3.84297427078384e-44
3.2,1.45717008252974,1.36463350386793,4.0236328258563795e-44
3.2,1.49229960901825,1.40208347595111,4.3459779552384204e-44
3.2,1.52753939312554,1.43953344803429,4.68247205297231e-44
3.2,1.54809633107436,1.4613289160025,4.88420729832607e-44
3.2,1.58349556516972,1.49877888808567,5.23947628914869e-44
3.2,1.61898707850203,1.53622886016885,5.603070794921159e-44
3.2,1.63041548667185,1.54826826152271,5.72110135886551e-44
3.2,1.63414160573785,1.55219159193143,5.75963603362359e-44
3.2,1.63786864585367,1.55611492234014,5.79819595881669e-44
3.2,1.64003816333944,1.55839825707967,5.82064660210606e-44
3.2,1.64376664775541,1.56232158748837,5.8592338375393e-44
3.2,1.64749603713615,1.56624491789709,5.89783005687096e-44
3.2,1.64966691451946,1.56852825263662,5.92029413897389e-44
3.2,1.65339772304265,1.57245158304533,5.9588909193648e-44
3.2,1.6571294208082,1.57637491345405,5.997479115106479e-44
3.2,1.65930163446266,1.57865824819357,6.01993023222802e-44
3.2,1.66303472677878,1.58258157860229,6.058490117975191e-44
3.2,1.66676869296758,1.586504909011,6.09702246913409e-44
3.2,1.66894221979694,1.58878824375052,6.11943214150154e-44
3.2,1.67267755649488,1.59271157415924,6.157905061161639e-44
3.2,1.67641375203903,1.59663490456795,6.19633003171473e-44
3.2,1.67858856946275,1.59891823930748,6.21866757856849e-44
3.2,1.68232611201013,1.60284156971619,6.25699961105204e-44
3.2,1.68606449871121,1.60676490012491,6.295261728329969e-44
3.2,1.68824058465055,1.60904823486444,6.317494137186949e-44
3.2,1.69198029537007,1.61297156527315,6.35562728408708e-44
3.2,1.69572083587568,1.61689489568186,6.39366690726428e-44
3.2,1.69789816874022,1.61917823042138,6.41575869741553e-44
3.2,1.70164001078665,1.62310156083011,6.45363064544342e-44
3.2,1.70538266856783,1.62702489123881,6.491383724151231e-44
3.2,1.7075612272424,1.62930822597835,6.513296804426789e-44
3.2,1.71130516458034,1.63323155638705,6.55084067800271e-44
3.2,1.71504990390954,1.63715488679577,6.58823850120231e-44
3.2,1.71722966774153,1.6394382215353,6.60993202206289e-44
3.2,1.72097566512391,1.64336155194401,6.64707612621307e-44
3.2,1.7247224510537,1.64728488235272,6.684045061211329e-44
3.2,1.72690339984082,1.64956821709225,6.70547526127968e-44
3.2,1.73065142278796,1.65349154750096,6.74214281520338e-44
3.2,1.73440022113041,1.65741487790968,6.778604037963289e-44
3.2,1.73658233510877,1.6596982126492,6.79972408532104e-44
3.2,1.74033234988817,1.66362154305792,6.835832946827039e-44
3.2,1.74408312719483,1.66754487346663,6.8717021628654e-44
3.2,1.74626638702743,1.66982820820615,6.892461991209169e-44
3.2,1.75001836063411,1.67375153861487,6.92792437278714e-44
3.2,1.75377108417666,1.67767486902359,6.963111530216229e-44
3.2,1.7559554709422,1.67995820376311,6.98345767045714e-44
3.2,1.7597093710797,1.68388153417182,7.01817984763984e-44
3.2,1.76346400883108,1.68780486458054,7.05258884279393e-44
3.2,1.76564950401313,1.69008819932007,7.072464250541849e-44
3.2,1.76940529907506,1.69401152972878,7.10634626353701e-44
3.2,1.77316181969131,1.69793486013749,7.13987464031332e-44
3.2,1.77534840516777,1.70021819487702,7.159218519916569e-44
3.2,1.77910606421991,1.70414152528574,7.192153869729599e-44
3.2,1.78286443702244,1.70806485569444,7.2246925139337395e-44
3.2,1.78505209505539,1.71034819043398,7.243440139855909e-44
3.2,1.78881158781834,1.71427152084269,7.27531548034916e-44
3.2,1.79257178277682,1.71819485125139,7.30674831079327e-44
3.2,1.7947604960026,1.72047818599093,7.324830847562059e-44
3.2,1.79852179283495,1.72440151639964,7.35552567555574e-44
3.2,1.80228378055066,1.72832484680835,7.385729333689919e-44
3.2,1.80447353197029,1.73060818154788,7.403073655124719e-44
3.2,1.8082366038523,1.7345315119566,7.432460000202529e-44
3.2,1.81200035554198,1.73845484236531,7.461303540790549e-44
3.2,1.81419112851186,1.74073817710484,7.47783205057273e-44
3.2,1.8179559470296,1.74466150751354,7.505774167830589e-44
3.2,1.82172143450981,1.74858483792226,7.533118753487549e-44
3.2,1.82391321273269,1.75086817266178,7.548749208408739e-44
3.2,1.82767975006271,1.7547915030705,7.57510327694775e-44
3.2,1.83144694573462,1.75871483347921,7.6008018798636e-44
3.2,1.83363971325084,1.76099816821874,7.61544721795359e-44
3.2,1.8374079421452,1.76492149862746,7.640061048927229e-44
3.2,1.84117681897988,1.76884482903617,7.663958163646199e-44
3.2,1.84337056015884,1.77112816377569,7.677526339426599e-44
3.2,1.84714045393066,1.77505149418441,7.70023909786489e-44
3.2,1.85091098545473,1.77897482459312,7.722170470233169e-44
3.2,1.85310568498669,1.78125815933265,7.734564300679349e-44
3.2,1.8568772174961,1.78518148974136,7.755206246766459e-44
3.2,1.86064937777785,1.78910482015008,7.77499862334764e-44
3.2,1.86284502066587,1.7913881548896,7.786115646050419e-44
3.2,1.86661816630636,1.79531148529832,7.804507900439579e-44
3.2,1.87039192994227,1.79923481570703,7.82197880578625e-44
3.2,1.87258850149445,1.80151815044655,7.8317111553189e-44
3.2,1.87636323517962,1.80544148085527,7.847665496775669e-44
3.2,1.88013857728126,1.80936481126398,7.86262304551912e-44
3.2,1.88233606310319,1.81164814600351,7.87085735103279e-44
3.2,1.8861123602539,1.81557147641223,7.884176053564519e-44
3.2,1.88988925643521,1.81949480682094,7.89641880468987e-44
3.2,1.89208764242261,1.82177814156046,7.90303611389795e-44
3.2,1.89586547895448,1.82570147196918,7.91351183227011e-44
3.2,1.89964390531942,1.8296248023779,7.92282869656352e-44
3.2,1.90184317765106,1.83190813711742,7.92770443233936e-44
3.2,1.90562252996233,1.83583146752614,7.93512014668709e-44
3.2,1.90940246309288,1.83975479793485,7.941290357273399e-44
3.2,1.91160260822362,1.84203813267437,7.94429431337317e-44
3.2,1.91538345318339,1.84596146308309,7.948423345140409e-44
3.2,1.91916487012791,1.8498847934918,7.95121650426801e-44
3.2,1.921365874782,1.85216812823133,7.95221288746771e-44
3.2,1.92514818971875,1.85609145864004,7.952818999156389e-44
3.2,1.92893106798064,1.86001478904875,7.95199521503479e-44
3.2,1.93113291914519,1.86229812378828,7.95084274282407e-44
3.2,1.93491668183568,1.86622145419699,7.94768033836511e-44
3.2,1.93870099936241,1.87014478460571,7.942990468803589e-44
3.2,1.94090368428101,1.87242811934524,7.93954253223548e-44
3.2,1.94468887293947,1.87635144975394,7.93235697548349e-44
3.2,1.94847460811184,1.88027478016266,7.9235429971963595e-44
3.2,1.95067811427845,1.88255811490218,7.91764790051726e-44
3.2,1.95446470754608,1.8864814453109,7.90617597100114e-44
3.2,1.95825183916788,1.89040477571961,7.89297149519829e-44
3.2,1.96045615432079,1.89268811045914,7.884472784729629e-44
3.2,1.96424413125551,1.89661144086786,7.868443295448839e-44
3.2,1.96803263854341,1.90053477127657,7.85057425483849e-44
3.2,1.97023775065943,1.90281810601609,7.83931115266849e-44
3.2,1.97402709072601,1.90674143642481,7.818445755780189e-44
3.2,1.97781695329974,1.91066476683352,7.79563129101793e-44
3.2,1.98002285058855,1.91294810157305,7.78143924950533e-44
3.2,1.98381353364894,1.91687143198177,7.75545345973134e-44
3.2,1.98760473152173,1.92079476239048,7.72740703643704e-44
3.2,1.98981140242034,1.92307809713,7.710118433928659e-44
3.2,1.99360340872429,1.92700142753871,7.678722905823329e-44
3.2,1.99739592229363,1.93092475794743,7.64515370097614e-44
3.2,1.99960335546108,1.93320809268696,7.62459870141084e-44
3.2,2.00339666563702,1.93713142309567,7.58750080104832e-44
3.2,2.0071904756756,1.94105475350439,7.548115400308789e-44
3.2,2.0093986599877,1.94333808824391,7.52412300167043e-44
3.2,2.01319325503388,1.94726141865263,7.4810287191247e-44
3.2,2.01698834268084,1.95118474906133,7.43553317673805e-44
3.2,2.01919726722514,1.95346808380086,7.407932481683e-44
3.2,2.02299312850099,1.95739141420957,7.35854874251672e-44
3.2,2.02678947525341,1.9613147446183,7.30665106373949e-44
3.2,2.02899912932425,1.96359807935782,7.275272806662729e-44
3.2,2.03279623854201,1.96752140976653,7.21931024604429e-44
3.2,2.03659382624654,1.97144474017525,7.16072336216144e-44
3.2,2.0388041993403,1.97372807491477,7.12540173864662e-44
3.2,2.04260253855683,1.97765140532348,7.06257802275734e-44
3.2,2.04640134940168,1.9815747357322,6.99702334817722e-44
3.2,2.04861243121208,1.98385807047173,6.95759819975783e-44
3.2,2.05241198282096,1.98778140088044,6.887641987394699e-44
3.2,2.056211999328,1.99170473128915,6.81485366272841e-44
3.2,2.05842377974159,1.99398806602868,6.771173084146289e-44
3.2,2.06222452646536,1.99791139643739,6.693828757829909e-44
3.2,2.06602573148252,2.0018347268461,6.61355871639316e-44
3.2,2.06823820057425,2.00411806158563,6.565482167918489e-44
3.2,2.0720401254569,2.00804139199434,6.480515483688829e-44
3.2,2.0758425021507,2.01196472240306,6.39253951065747e-44
3.2,2.07805565017965,2.01424805714259,6.33994154663959e-44
3.2,2.08185873657931,2.0181713875513,6.2471464096999e-44
3.2,2.08566226842762,2.02209471796001,6.151271418140179e-44
3.2,2.08787608583279,2.02437805269954,6.094046169234389e-44
3.2,2.09168031741462,2.02830138310826,5.99325279760699e-44
3.2,2.09548498819963,2.03222471351697,5.889325622840109e-44
3.2,2.09897789017598,2.03582615512886,5.79115310204103e-44
3.2,2.10717756439088,2.04427914882763,5.5502581008086e-44
3.2,2.11537923278591,2.0527321425264,5.294635194573009e-44
3.2,2.12015342158531,2.05765169101066,5.139095197131389e-44
3.2,2.12835819770055,2.06610468470943,4.86029276451491e-44
3.2,2.13656490904988,2.07455767840821,4.56710807161125e-44
3.2,2.14134200601053,2.07947722689246,4.3900067462741894e-44
3.2,2.149551733641,2.08793022059124,4.0749587482514096e-44
3.2,2.15776333982616,2.09638321429,3.74698102923136e-44
3.2,2.1625432597716,2.10130276277425,3.5505385390029797e-44
3.2,2.17075779429948,2.10975575647303,3.2043206633137e-44
3.2,2.17897415286306,2.11820875017181,2.84856869154474e-44
3.2,2.18375681386345,2.12312829865606,2.63796781248726e-44
3.2,2.19197601616851,2.13158129235483,2.27183694982919e-44
3.2,2.20019699005017,2.1400342860536,1.9033426182188e-44
3.2,2.20498231327136,2.14495383453786,1.68956411028112e-44
3.2,2.21320604947597,2.15340682823664,1.32743368114443e-44
3.2,2.22143150676303,2.16185982193541,9.7873353877085e-45
3.2,2.2262194163238,2.16677937041966,7.8615869129927e-45
3.2,2.23444755755179,2.17523236411844,4.8313536374240396e-45
3.2,2.24267737124316,2.18368535781721,2.3342479173601798e-45
3.2,2.24746779408019,2.18860490630146,1.23727591807527e-45
3.2,2.25570021622872,2.19705790000023,1.7233650850615401e-46
3.2,2.26393426401163,2.20551089369901,5.1548699532258305e-49
3.2,2.26848395054905,2.21018084878993,0.0
3.4,0.51099907,0.0,0.0
3.4,0.511137792848351,0.011907717540273699,5.04633683436996e-48
3.4,0.513722589405217,0.0528284897033436,3.7446308168399096e-47
3.4,0.519527644732563,0.0937492618664237,9.99123147322509e-47
3.4,0.52434865071734,0.117564696946959,1.50573353936133e-46
3.4,0.535011862915106,0.15848546911003303,2.63032400676226e-46
3.4,0.5485279378477771,0.19940624127311002,4.0892668596582804e-46
3.4,0.557627085367091,0.22322167635364698,5.099334680813121e-46
3.4,0.575231503526428,0.264142448516724,7.12550597845565e-46
3.4,0.595133277638209,0.305063220679801,9.539079700375529e-46
3.4,0.607685132083705,0.32887865576033504,1.1132166983229701e-45
3.4,0.6307706924337471,0.369799427923413,1.42121753483254e-45
3.4,0.655599826342222,0.410720200086491,1.77514137083612e-45
3.4,0.6707766154025311,0.43453563516702504,2.00353999527408e-45
3.4,0.6979819802918361,0.47545640733010197,2.43686270378538e-45
3.4,0.7264746664834201,0.5163771794931801,2.92504986630778e-45
3.4,0.7435913598078251,0.540192614573714,3.2359786943172104e-45
3.4,0.773829966973087,0.581113386736792,3.81913594177274e-45
3.4,0.8050133814907261,0.62203415889987,4.46793778756657e-45
3.4,0.823554337967761,0.6458495939804041,4.87760573169046e-45
3.4,0.856021953780226,0.686770366143481,5.64000168419832e-45
3.4,0.8891875180808371,0.7276911383065581,6.48086175013853e-45
3.4,0.908780600246768,0.751506573387094,7.00854432101554e-45
3.4,0.942900391089406,0.792427345550171,7.98504084280971e-45
3.4,0.97754239541673,0.833348117713248,9.05510479776231e-45
3.4,0.9979225449797821,0.857163552793783,9.72350777955114e-45
3.4,1.03328384496908,0.898084324956861,1.09550435099321e-44
3.4,1.06904191777408,0.9390050971199351,1.22977417580383e-44
3.4,1.0900199203536,0.9628205322004741,1.31333082394909e-44
3.4,1.1263288399159,1.00374130436355,1.46673398794452e-44
3.4,1.16294406730237,1.04466207652662,1.63326716440071e-44
3.4,1.18438348618642,1.06847751160716,1.73656482904259e-44
3.4,1.22142728050966,1.10939828377024,1.92560372327416e-44
3.4,1.25871123772857,1.15031905593332,2.13000797596808e-44
3.4,1.28051233985824,1.17413449101385,2.25640068175649e-44
3.4,1.31813479664062,1.21505526317692,2.48696484513207e-44
3.4,1.35594832161453,1.25597603534,2.73523886037492e-44
3.4,1.37803710302083,1.27979147042054,2.88823736693464e-44
3.4,1.41612177345422,1.32071224258362,3.1663224865736e-44
3.4,1.45436051802469,1.3616330147467,3.46429836477951e-44
3.4,1.47668123055368,1.38544844982723,3.64715333459975e-44
3.4,1.51513999583606,1.42636922199031,3.97794651466259e-44
3.4,1.55372454974603,1.46728999415338,4.33006112062419e-44
3.4,1.57623457982362,1.49110542923392,4.544868317059689e-44
3.4,1.61499979297453,1.532026201397,4.93082639532562e-44
3.4,1.65386886758674,1.57294697356007,5.33759554232454e-44
3.4,1.67653518877136,1.59676240864061,5.58348185320909e-44
3.4,1.71555421081006,1.63768318080368,6.02048391721997e-44
3.4,1.75465987600347,1.67860395296676,6.47351457928373e-44
3.4,1.76724900807038,1.69175914567792,6.621969116285749e-44
3.4,1.77135325884551,1.69604608371404,6.67059497056264e-44
3.4,1.77545837303919,1.70033302175018,6.71933298622612e-44
3.4,1.77784789902839,1.70282797209195,6.74774715734494e-44
3.4,1.7819543669585,1.70711491012808,6.796649864450619e-44
3.4,1.78606168298879,1.71140184816421,6.8456482697342e-44
3.4,1.78845248342524,1.71389679850598,6.874206172131409e-44
3.4,1.79256112923903,1.71818373654212,6.923342009718849e-44
3.4,1.79667060818696,1.72247067457825,6.97255552233016e-44
3.4,1.79906266058094,1.72496562492002,7.00123006768388e-44
3.4,1.80317344590898,1.72925256295615,7.0505512004977e-44
3.4,1.80728504974767,1.73353950099228,7.0999303161401e-44
3.4,1.80967833212413,1.73603445133405,7.12869190777818e-44
3.4,1.81379121947379,1.74032138937018,7.17814610093881e-44
3.4,1.81790491104357,1.74460832740632,7.22763680017312e-44
3.4,1.82029940192787,1.74710327774808,7.25645315947213e-44
3.4,1.82441435465893,1.75139021578422,7.30598347498649e-44
3.4,1.82853009764335,1.75567715382035,7.355526913082849e-44
3.4,1.83092577604739,1.75817210416212,7.38436289592615e-44
3.4,1.83504275834849,1.76245904219825,7.43390737193224e-44
3.4,1.83916051725107,1.76674598023439,7.483439551111679e-44
3.4,1.84155736265989,1.76924093057616,7.51225695369409e-44
3.4,1.84567633952579,1.77352786861229,7.56174826522378e-44
3.4,1.84979607964749,1.77781480664842,7.611199688847009e-44
3.4,1.85219407200631,1.78030975699018,7.63995704350099e-44
3.4,1.85631500921577,1.78459669502632,7.68932214600097e-44
3.4,1.86043669663324,1.78888363306246,7.738617454092119e-44
3.4,1.86283581633492,1.79137858340422,7.76726981356466e-44
3.4,1.86695868042936,1.79566552144036,7.816429566402449e-44
3.4,1.87108228197381,1.79995245947649,7.865487152288089e-44
3.4,1.87348250984668,1.80244740981826,7.89398586328003e-44
3.4,1.87760726810952,1.80673434785439,7.94285463476233e-44
3.4,1.88173275134633,1.81102128589052,7.99158624250355e-44
3.4,1.88413406864241,1.81351623623229,8.01987870794483e-44
3.4,1.88826068907903,1.81780317426842,8.068363960927069e-44
3.4,1.89238802228795,1.82209011230456,8.116674263464679e-44
3.4,1.89479041067158,1.82458506264633,8.144703693555821e-44
3.4,1.89891886198993,1.82887200068246,8.192705551789169e-44
3.4,1.90304801414592,1.83315893871859,8.24049170985865e-44
3.4,1.90545145568269,1.83565388906036,8.26819686196905e-44
3.4,1.9095817072745,1.83994082709649,8.315607657364611e-44
3.4,1.9137126480292,1.84422776513262,8.362758859539969e-44
3.4,1.91611712517528,1.84672271547439,8.390073767146299e-44
3.4,1.92024914709785,1.85100965351053,8.436777568394299e-44
3.4,1.92438184676158,1.85529659154666,8.483174552408209e-44
3.4,1.92678734235334,1.85779154188843,8.510028243514269e-44
3.4,1.93092110531192,1.86207847992456,8.55590036684112e-44
3.4,1.93505553483626,1.86636541796069,8.60141492412554e-44
3.4,1.93746203208024,1.86886036830247,8.62773112962178e-44
3.4,1.94159750741095,1.8731473063386,8.67263763273462e-44
3.4,1.94573363837185,1.87743424437472,8.717132095861411e-44
3.4,1.94814112083501,1.8799291947165,8.742828948688389e-44
3.4,1.95227828048824,1.88421613275262,8.78662610931247e-44
3.4,1.9564160850697,1.88850307078876,8.829952825234299e-44
3.4,1.95882453667,1.89099802113053,8.85494255139146e-44
3.4,1.96296335319441,1.89528495916666,8.89747633252138e-44
3.4,1.96710280417254,1.89957189720279,8.93947712328327e-44
3.4,1.96951220916982,1.90206684754457,8.96366572604958e-44
3.4,1.97365265569672,1.9063537855807,9.004771230372818e-44
3.4,1.97779372642445,1.91064072361683,9.045276844166419e-44
3.4,1.98020406941151,1.9131356739586,9.0685637832781e-44
3.4,1.98434611963981,1.91742261199473,9.10806469990382e-44
3.4,1.9884887840319,1.92170955003086,9.14689425589651e-44
3.4,1.99090004992595,1.92420450037263,9.16917212381657e-44
3.4,1.99504367810752,1.92849143840877,9.20688017176525e-44
3.4,1.99918791062617,1.9327783764449,9.243840603365941e-44
3.4,2.00160008466047,1.93527332678667,9.26499480149268e-44
3.4,2.00574526558592,1.93956026482279,9.30070917380908e-44
3.4,2.0098910412267,1.94384720285893,9.33559467492457e-44
3.4,2.01230410894248,1.9463421532007,9.35550309266176e-44
3.4,2.01645081792745,1.95062909123683,9.38900990824338e-44
3.4,2.0205981122057,1.95491602927296,9.42160138964252e-44
3.4,2.02301205944433,1.95741097961474,9.44013409055651e-44
3.4,2.02716027231608,1.96169791765086,9.47120586006565e-44
3.4,2.03130906125373,1.965984855687,9.50127042305209e-44
3.4,2.03372387414908,1.96847980602877,9.518289342661428e-44
3.4,2.03787356723357,1.9727667440649,9.546684457269069e-44
3.4,2.04202382734632,1.97705368210103,9.57397489359415e-44
3.4,2.0444394923174,1.9795486324428,9.58933355434655e-44
3.4,2.04859064242673,1.98383557047894,9.6147958071966e-44
3.4,2.05274235071163,1.98812250851507,9.6390501375063e-44
3.4,2.05515885445542,1.99061745885684,9.652593387709229e-44
3.4,2.05931143887557,1.99490439689297,9.67485154083838e-44
3.4,2.06346457279898,1.9991913349291,9.69579260067162e-44
3.4,2.06588190228347,2.00168628527087,9.70735638480675e-44
3.4,2.07003589876252,2.005973223307,9.72612379352784e-44
3.4,2.07419043624837,2.01026016134314,9.74345888620248e-44
3.4,2.07660857870581,2.0127551116849,9.75287005586743e-44
3.4,2.08076396544243,2.01704204972104,9.76784436972588e-44
3.4,2.08491988486088,2.02132898775717,9.78126500063929e-44
3.4,2.08733882778124,2.02382393809894,9.788341176865429e-44
3.4,2.09149558341351,2.02811087613507,9.79920413334492e-44
3.4,2.09565286356991,2.03239781417121,9.80838584617422e-44
3.4,2.0980725946945,2.03489276451297,9.812935344955149e-44
3.4,2.10223069828911,2.0391797025491,9.81935268015356e-44
3.4,2.10638931841328,2.04346664058523,9.823955019067859e-44
3.4,2.10880982572859,2.04596159092701,9.82577685473243e-44
3.4,2.11296925677029,2.05024852896314,9.8273983559448e-44
3.4,2.11712919650615,2.05453546699927,9.82706498077748e-44
3.4,2.11955046823781,2.05703041734104,9.82594896365978e-44
3.4,2.12371120661921,2.06131735537718,9.82240869266954e-44
3.4,2.12787244601464,2.0656042934133,9.81676767767636e-44
3.4,2.13029447062165,2.06809924375507,9.812494624858511e-44
3.4,2.13445649663328,2.07238618179121,9.80341134737457e-44
3.4,2.13861901613034,2.07667311982734,9.79207570051637e-44
3.4,2.14104178229936,2.07916807016911,9.78441778187755e-44
3.4,2.14520507662004,2.08345500820525,9.76939564243503e-44
3.4,2.14936885704539,2.08774194624138,9.751964086955168e-44
3.4,2.15179235368527,2.09023689658314,9.74068533201776e-44
3.4,2.15595689737274,2.09452383461927,9.71931481849938e-44
3.4,2.16012191992842,2.0988107726554,9.695372883975139e-44
3.4,2.16254613616486,2.10130572299718,9.6802298783324e-44
3.4,2.16671191064668,2.10559266103331,9.65208913077559e-44
3.4,2.17087815690109,2.10987959906944,9.62121061090948e-44
3.4,2.17330308207141,2.11237454941121,9.60195341721054e-44
3.4,2.17747006913612,2.11666148744734,9.56660994106503e-44
3.4,2.18163752101528,2.12094842548347,9.528358781617619e-44
3.4,2.1840631446634,2.12344337582525,9.504732123014429e-44
3.4,2.18823132645191,2.12773031386137,9.461744977042138e-44
3.4,2.19239996623095,2.13201725189751,9.41567766996328e-44
3.4,2.19482627810249,2.13451220223928,9.3874224236562e-44
3.4,2.19899563709974,2.13879914027541,9.336344968012e-44
3.4,2.20316544739464,2.14308607831155,9.28201354073902e-44
3.4,2.20559243743215,2.14558102865332,9.24886859502544e-44
3.4,2.20976295645897,2.14986796668945,9.189251893674158e-44
3.4,2.21393392021852,2.15415490472558,9.12620759650681e-44
3.4,2.21636157855682,2.15664985506735,9.087912135200851e-44
3.4,2.22053324076205,2.16093679310348,9.01930913384195e-44
3.4,2.22470534126005,2.16522373113961,8.947106953518849e-44
3.4,2.22713365822176,2.16771868148138,8.903403246185978e-44
3.4,2.23130644707457,2.17200561951752,8.82537386220867e-44
3.4,2.23547966790223,2.17629255755365,8.743578009318179e-44
3.4,2.23790863399335,2.17878750789542,8.69421479926339e-44
3.4,2.24208253327575,2.18307444593155,8.6063320989714795e-44
3.4,2.2462568583343,2.18736138396768,8.51452266172511e-44
3.4,2.24868646423998,2.18985633430945,8.45925927025814e-44
3.4,2.25286145803959,2.19414327234559,8.361116944784859e-44
3.4,2.25703687153309,2.19843021038172,8.258897936628219e-44
3.4,2.25946710811345,2.20092516072348,8.1975092296086e-44
3.4,2.26364318081642,2.20521209875962,8.088730645497779e-44
3.4,2.26781966724478,2.20949903679575,7.975739754922879e-44
3.4,2.27025052553092,2.21199398713752,7.90802215985818e-44
3.4,2.27442766181504,2.21628092517365,7.788271334768469e-44
3.4,2.27860520596722,2.22056786320978,7.66419176650833e-44
3.4,2.28244036153892,2.22450308033975,7.54644847777719e-44
3.4,2.29144324135356,2.23373948319943,7.25548873119588e-44
3.4,2.30044797267476,2.24297588605909,6.94384030874995e-44
3.4,2.30568947007604,2.24835136997727,6.75287450056651e-44
3.4,2.31469708636005,2.25758777283694,6.408245246283199e-44
3.4,2.32370649890717,2.2668241756966,6.04285465534926e-44
3.4,2.32895069563406,2.27219965961478,5.82075593753133e-44
3.4,2.33796290746876,2.28143606247445,5.42324943091958e-44
3.4,2.34697686247238,2.29067246533411,5.006325923783779e-44
3.4,2.35222367873604,2.29604794925229,4.75516387694487e-44
3.4,2.36124035067019,2.30528435211195,4.3099666857926e-44
3.4,2.37025871472615,2.31452075497162,3.8492176326119996e-44
3.4,2.37550807381408,2.3198962388898,3.57490567361373e-44
3.4,2.38452907560459,2.32913264174946,3.09524294897857e-44
3.4,2.39355172042032,2.33836904460913,2.60882361568342e-44
3.4,2.39880354855135,2.34374452852731,2.32485119657942e-44
3.4,2.40782875491833,2.35298093138697,1.84053588118947e-44
3.4,2.41685555707332,2.36221733424664,1.36967389994705e-44
3.4,2.42210978326055,2.36759281816481,1.1073121548387299e-44
3.4,2.43113907365595,2.37682922102448,6.900097134551609e-45
3.4,2.44016991437533,2.38606562388415,3.3993048559723197e-45
3.4,2.44542647029668,2.39144110780233,1.8302201323326198e-45
3.4,2.45445972868555,2.400677510662,2.66562869329105e-46
3.4,2.46349449362611,2.40991391352166,9.6528047093117e-49
3.4,2.46848649506481,2.4150166721529,0.0
3.6,0.51099907,0.0,0.0
3.6,0.5111622260580571,0.0129140159425036,4.83621912280131e-48
3.6,0.5142008641596181,0.057292924184693304,3.75243027785892e-47
3.6,0.52101555739719,0.101671832426881,1.01371305186077e-46
3.6,0.5266652304267051,0.127499864311886,1.5336263303081e-46
3.6,0.53913111762869,0.17187877255407502,2.6912787651728302e-46
3.6,0.5548760528660831,0.21625768079626503,4.19802385118609e-46
3.6,0.5654427838652311,0.24208571268126802,5.24367282364561e-46
3.6,0.585817402081643,0.286464620923458,7.346210373901351e-46
3.6,0.6087507620789041,0.330843529165649,9.858047986361162e-46
3.6,0.623165027904465,0.35667156105065,1.1519719351689599e-45
3.6,0.649585659063432,0.401050469292842,1.4739604279330502e-45
3.6,0.6778844886203781,0.4454293775350331,1.84499313136203e-45
3.6,0.695128474078099,0.471257409420034,2.0849518184100798e-45
3.6,0.725948249969048,0.5156363176622251,2.54120163906039e-45
3.6,0.7581141752965961,0.560015225904415,3.0566164391335097e-45
3.6,0.777388173461742,0.585843257789418,3.38558353722206e-45
3.6,0.811356905497474,0.6302221660316081,4.00390069799266e-45
3.6,0.8462899378772191,0.674601074273798,4.69368227429277e-45
3.6,0.867018444034083,0.700429106158801,5.13015580488346e-45
3.6,0.903249150487733,0.744808014400991,5.94421182278936e-45
3.6,0.940178732163135,0.789186922643182,6.844540784101541e-45
3.6,0.9619612391595841,0.8150149545281841,7.41079301788294e-45
3.6,0.9998389174803362,0.859393862770375,8.461055442184369e-45
3.6,1.03823180030502,0.903772771012569,9.61532188840877e-45
3.6,1.06079107381645,0.9296008028975621,1.0338017665944399e-44
3.6,1.09988932500173,0.973979711139763,1.16728442028649e-44
3.6,1.13937453333413,1.01835861938195,1.31327579431046e-44
3.6,1.1625170158862,1.04418665126695,1.40435955102932e-44
3.6,1.20253691290135,1.08856555950914,1.57202993873883e-44
3.6,1.24285285394097,1.13294446775133,1.7546867816958499e-44
3.6,1.26644137466142,1.15877249963634,1.86830836041681e-44
3.6,1.30716998122698,1.20315140787853,2.07686375259006e-44
3.6,1.34812905138236,1.24753031612071,2.3032577329070797e-44
3.6,1.37206469671685,1.27335834800571,2.44370018862771e-44
3.6,1.41334763099693,1.31773725624791,2.70077104288084e-44
3.6,1.454812872883,1.3621161644901,2.9788409206235097e-44
3.6,1.4790230362615,1.3879441963751,3.1508435523352997e-44
3.6,1.52074637121427,1.43232310461729,3.4647208467062397e-44
3.6,1.56261603867492,1.47670201285948,3.80284372559144e-44
3.6,1.5870464973972,1.50253004474448,4.01126045615951e-44
3.6,1.62912472155179,1.54690895298668,4.39010616261874e-44
3.6,1.67132196384634,1.59128786122886,4.79598053903297e-44
3.6,1.69593156150309,1.61711589311386,5.044938487481959e-44
3.6,1.73829946340499,1.66149480135606,5.4949222415097e-44
3.6,1.78076533059226,1.70587370959825,5.97303429603639e-44
3.6,1.8055223540563,1.73170174148325,6.2640697218571195e-44
3.6,1.84812946620901,1.77608064972544,6.78532116259273e-44
3.6,1.89081809059903,1.82045955796763,7.33154933521736e-44
3.6,1.9045580254386,1.83472647081839,7.5119520047563e-44
3.6,1.90903718604009,1.8393756897771,7.571202441349319e-44
3.6,1.91351715790033,1.8440249087358,7.63067070260143e-44
3.6,1.91612482299309,1.84673070255233,7.66537855099272e-44
3.6,1.92060606666622,1.85137992151104,7.7251794244512795e-44
3.6,1.9250881070262,1.85602914046974,7.78518257759492e-44
3.6,1.92769696930742,1.85873493428626,7.820194306114429e-44
3.6,1.93218025869879,1.86338415324497,7.88050410188618e-44
3.6,1.93666433054557,1.86803337220368,7.94099885968606e-44
3.6,1.93927436862936,1.8707391660202,7.97628843870641e-44
3.6,1.9437596672569,1.87538838497891,8.037060956391519e-44
3.6,1.94824573443915,1.88003760393761,8.09799920596984e-44
3.6,1.95085692743667,1.88274339775413,8.13353773155703e-44
3.6,1.95534419966486,1.88739261671284,8.194721717185248e-44
3.6,1.95983222686847,1.89204183567155,8.256050143545499e-44
3.6,1.96244455437384,1.89474762948807,8.291805614281159e-44
3.6,1.96693376538978,1.89939684844678,8.35334436801182e-44
3.6,1.97142371811418,1.90404606740548,8.415004050938879e-44
3.6,1.97403716019087,1.906751861222,8.450941128319981e-44
3.6,1.97852827598113,1.91140108018071,8.512772085167439e-44
3.6,1.98302012051646,1.91605029913942,8.57469806966076e-44
3.6,1.98563465768414,1.91875609295594,8.610777823216179e-44
3.6,1.99012764501234,1.92340531191465,8.672832106278751e-44
3.6,1.99462134841732,1.92805453087335,8.73495294462589e-44
3.6,1.99723696163911,1.93076032468988,8.771132580212149e-44
3.6,2.00173178802428,1.93540954364858,8.83333452475208e-44
3.6,2.00622731810485,1.94005876260729,8.895571788988929e-44
3.6,2.00884398877501,1.94276455642382,8.93180435962218e-44
3.6,2.01334062247064,1.94741377538252,8.99407100677263e-44
3.6,2.01783794775926,1.95206299434123,9.05633877029193e-44
3.6,2.02045565769125,1.95476878815775,9.092572868814839e-44
3.6,2.02495406766501,1.95941800711645,9.154813427677009e-44
3.6,2.02945315740064,1.96406722607516,9.217017714860568e-44
3.6,2.03207188881563,1.96677301989168,9.25319714783514e-44
3.6,2.03657204472976,1.97142223885039,9.315312424876858e-44
3.6,2.0410728688385,1.97607145780909,9.3773506271565e-44
3.6,2.04369260435416,1.97877725162562,9.413414068790001e-44
3.6,2.04819447654647,1.98342647058433,9.47529586330784e-44
3.6,2.05269700562281,1.98807568954303,9.53705612200083e-44
3.6,2.05531772824255,1.99078148335955,9.57293674910652e-44
3.6,2.05982128770804,1.99543070231826,9.6344672144873e-44
3.6,2.06432549299672,2.00007992127697,9.695827767852658e-44
3.6,2.0669471860992,2.00278571509349,9.7314528733431e-44
3.6,2.07145240447228,2.00743493405219,9.792503842663168e-44
3.6,2.07595825785069,2.0120841530109,9.853332338031149e-44
3.6,2.07858090517971,2.01478994682742,9.88862292429598e-44
3.6,2.08308775471698,2.01943916578613,9.949055200590108e-44
3.6,2.08759522867816,2.02408838474483,1.0009207970782402e-43
3.6,2.09021881433286,2.02679417856136,1.0044078322228401e-43
3.6,2.0947272678964,2.03144339752006,1.01037409331379e-43
3.6,2.09923633553258,2.03609261647878,1.01630622374344e-43
3.6,2.10186084395792,2.0387984102953,1.0197419472475001e-43
3.6,2.10637087499914,2.043447629254,1.0256148889778601e-43
3.6,2.11088150998574,2.0480968482127,1.0314470120111102e-43
3.6,2.11350692596332,2.05080264202923,1.0348213723109001e-43
3.6,2.11801850850734,2.05545186098794,1.0405833048092e-43
3.6,2.12253068508754,2.06010107994664,1.0462971901413202e-43
3.6,2.12515699372668,2.06280687376316,1.0495993235150402e-43
3.6,2.12967010235709,2.06745609272187,1.05523113514883e-43
3.6,2.13418379532685,2.07210531168057,1.06080709710038e-43
3.6,2.13681098205596,2.0748111054971,1.0640252771635701e-43
3.6,2.14132559190019,2.0794603244558,1.0695063468239102e-43
3.6,2.14584077659371,2.08410954341451,1.0749231555126301e-43
3.6,2.14846882715192,2.08681533723104,1.07804474103832e-43
3.6,2.15298491386698,2.09146455618974,1.0833528477383202e-43
3.6,2.15750156614264,2.09611377514845,1.0885876377711501e-43
3.6,2.16013046657168,2.09881956896497,1.09159901915678e-43
3.6,2.16464800633035,2.10346878792368,1.09671024941698e-43
3.6,2.16916610255707,2.10811800688239,1.10173842656052e-43
3.6,2.17179583919342,2.11082380069891,1.1046249712207702e-43
3.6,2.17631480867088,2.11547301965761,1.10951362481242e-43
3.6,2.18083432571489,2.12012223861631,1.11430877128608e-43
3.6,2.18346488518216,2.12282803243284,1.11705476837295e-43
3.6,2.187985261543,2.12747725139155,1.1216932631530002e-43
3.6,2.19250617675506,2.13212647035025,1.1262270423716402e-43
3.6,2.19513754595659,2.13483226416678,1.12881564736034e-43
3.6,2.19965930684224,2.13948148312548,1.13317442417084e-43
3.6,2.20418159804516,2.14413070208419,1.1374164859213201e-43
3.6,2.20681376415685,2.14683649590072,1.1398296656140401e-43
3.6,2.21133688767339,2.15148571485943,1.14387709430196e-43
3.6,2.21586053314999,2.15613493381813,1.14779498160112e-43
3.6,2.21849348361337,2.15884072763465,1.15001346039868e-43
3.6,2.22301794831967,2.16348994659336,1.15371574844703e-43
3.6,2.22754292680111,2.16813916555206,1.1572748075977e-43
3.6,2.23017664931656,2.17084495936858,1.15927801591753e-43
3.6,2.23470243421284,2.17549417832729,1.16259912133246e-43
3.6,2.23922872486725,2.180143397286,1.16576241697873e-43
3.6,2.24186320738751,2.18284919110253,1.1675284429376301e-43
3.6,2.24639029190416,2.18749841006123,1.17042999342636e-43
3.6,2.25091787432562,2.19214762901993,1.17315823086774e-43
3.6,2.2535531050494,2.19485342283646,1.1746637766867102e-43
3.6,2.25808146903622,2.19950264179516,1.1771049976571301e-43
3.6,2.26261032323412,2.20415186075387,1.1793564548771401e-43
3.6,2.26524629059994,2.20685765457039,1.1805767993324102e-43
3.6,2.26977591431562,2.2115068735291,1.18251445339478e-43
3.6,2.27430602070427,2.21615609248781,1.1842449260510902e-43
3.6,2.27694271338452,2.21886188630433,1.18515389522981e-43
3.6,2.28147357748647,2.22351110526304,1.1865422369124e-43
3.6,2.28600491687502,2.22816032422173,1.1877049998999002e-43
3.6,2.28864232377014,2.23086611803827,1.18827494820187e-43
3.6,2.29317440930461,2.23551533699697,1.18906569766041e-43
3.6,2.29770696288734,2.24016455595568,1.1896114874542302e-43
3.6,2.30034507312015,2.2428703497722,1.1898132916098702e-43
3.6,2.30487836151264,2.2475195687309,1.18995563221941e-43
3.6,2.30941211085942,2.25216878768961,1.1898326551494602e-43
3.6,2.3120509137697,2.25487458150613,1.18963572431047e-43
3.6,2.31658538681568,2.25952380046484,1.1890763296961001e-43
3.6,2.32112031386277,2.26417301942355,1.18823030202376e-43
3.6,2.32375979900195,2.26687881324007,1.18760260747417e-43
3.6,2.32829543885773,2.27152803219878,1.18628570431028e-43
3.6,2.33283152589888,2.27617725115748,1.18465993090847e-43
3.6,2.33547168302483,2.278883044974,1.18356805966364e-43
3.6,2.34000847219887,2.2835322639327,1.1814355339932e-43
3.6,2.3445457018766,2.28818148289142,1.17897103383347e-43
3.6,2.34718652094868,2.29088727670794,1.1773802709987501e-43
3.6,2.35172444229301,2.29553649566665,1.17437182684984e-43
3.6,2.35626279759016,2.30018571462535,1.1710075144456901e-43
3.6,2.35890426876433,2.30289150844188,1.1688819600388101e-43
3.6,2.36344330546626,2.30754072740058,1.1649353405344502e-43
3.6,2.36798276969783,2.31218994635928,1.1606082745140401e-43
3.6,2.3706248833219,2.31489574017581,1.15791100151091e-43
3.6,2.37516501889599,2.31954495913451,1.1529622847939801e-43
3.6,2.37970557570118,2.32419417809322,1.14760799639905e-43
3.6,2.38234832231025,2.32689997190975,1.14430125776176e-43
3.6,2.38688954059047,2.33154919086845,1.1382852416418402e-43
3.6,2.39143117392489,2.33619840982715,1.13183815814413e-43
3.6,2.39407454423686,2.33890420364368,1.12788365221029e-43
3.6,2.39861682936901,2.34355342260239,1.1207343446477702e-43
3.6,2.40315952349721,2.34820264156109,1.1131283260062e-43
3.6,2.40580350840847,2.35090843537762,1.1084875312558701e-43
3.6,2.41034684484273,2.35555765433632,1.1001387664494701e-43
3.6,2.41489058433088,2.36020687329502,1.09130777622366e-43
3.6,2.41753517491206,2.36291266711155,1.0859423686492701e-43
3.6,2.42207954739588,2.36756188607026,1.07632857322342e-43
3.6,2.42662431710465,2.37221110502897,1.06620751061608e-43
3.6,2.42926950459654,2.37491689884548,1.0600798799885402e-43
3.6,2.4338148981676,2.37956611780419,1.04913701869453e-43
3.6,2.43836068324526,2.3842153367629,1.03766274317853e-43
3.6,2.44100645905483,2.38692113057942,1.03073662830438e-43
3.6,2.44555285903429,2.39157034953813,1.01840336668798e-43
3.6,2.45009964490998,2.39621956849683,1.00551595666416e-43
3.6,2.45274600060649,2.39892536231336,9.977572250002969e-44
3.6,2.45729339259235,2.40357458127206,9.83976355859374e-44
3.6,2.46184116496958,2.40822380023077,9.696206532622418e-44
3.6,2.46601614939942,2.41249157502319,9.55930478365898e-44
3.6,2.47581655634464,2.42250852859786,9.21841830157405e-44
3.6,2.48561868977515,2.43252548217252,8.849626974208479e-44
3.6,2.4913242093181,2.43835523794085,8.621962021135389e-44
3.6,2.50112903260255,2.44837219151552,8.20817054949107e-44
3.6,2.51093553048224,2.45838914509019,7.76569274086549e-44
3.6,2.51664356651657,2.46421890085852,7.495001735923889e-44
3.6,2.52645267379058,2.47423585443318,7.00749577103592e-44
3.6,2.536263405807,2.48425280800784,6.49228240603008e-44
3.6,2.54197388341482,2.49008256377618,6.1801006334346e-44
3.6,2.55178714751031,2.50009951735085,5.62357356946517e-44
3.6,2.56160198843466,2.51011647092551,5.0435106071242e-44
3.6,2.56731483561246,2.51594622669384,4.69624200059871e-44
3.6,2.57713213429445,2.52596318026851,4.0856011780920595e-44
3.6,2.5869509637386,2.53598013384317,3.46188949817631e-44
3.6,2.59266611125839,2.5418098896115,3.0956122814863497e-44
3.6,2.60248732699053,2.55182684318616,2.4669964112612097e-44
3.6,2.61231002917778,2.56184379676083,1.85049092052085e-44
3.6,2.61802741045593,2.56767355252916,1.5042513077906301e-44
3.6,2.62785243017919,2.57769050610383,9.48322262701955e-45
3.6,2.6376788937277,2.58770745967849,4.7473060872809e-45
3.6,2.64339844470116,2.59353721544682,2.58843730869292e-45
3.6,2.65322715962468,2.60355416902149,3.90927319896858e-46
3.6,2.66305727734298,2.61357112259616,1.67325323887448e-48
3.6,2.66848863659694,2.6191051055859,0.0
3.8,0.51099907,0.0,0.0
3.8,0.511188560474303,0.0139174286032053,4.63799464180867e-48
3.8,0.5147158825493631,0.0617445560977219,3.75057687844681e-47
3.8,0.522614583977623,0.109571683592245,1.0243022556389502e-46
3.8,0.5291508357690751,0.13740654079863,1.5549098765969501e-46
3.8,0.543536163847635,0.18523366829315402,2.7396730474042902e-46
3.8,0.561638125552434,0.23306079578768002,4.286350784498741e-46
3.8,0.573747846437845,0.260895652994066,5.3620760271168205e-46
3.8,0.597017424145621,0.30872278048859203,7.529832792169081e-46
3.8,0.623095407159798,0.35654990798311803,1.0126494896663201e-45
3.8,0.639430760325663,0.38438476518950504,1.18477891156805e-45
3.8,0.6692736134932971,0.43221189268402904,1.51900311137995e-45
3.8,0.7011116248036771,0.48003902017855504,1.90510194409595e-45
3.8,0.7204553593879911,0.507873877384941,2.15528703114984e-45
3.8,0.7549328820265501,0.555701004879466,2.6319039232594997e-45
3.8,0.7908010218175641,0.603528132373992,3.17162126108138e-45
3.8,0.8122433589465271,0.6313629895803771,3.51674415981926e-45
3.8,0.8499525073044292,0.6791901170749031,4.16665622846547e-45
3.8,0.8886361029365111,0.7270172445694291,4.8934079476175093e-45
3.8,0.9115490908866241,0.754852101775815,5.3541364997571896e-45
3.8,0.951532445396841,0.80267922927034,6.21507604108478e-45
3.8,0.992210215850607,0.850506356764865,7.169572905797389e-45
3.8,1.01617091953143,0.8783412139712491,7.77105646779525e-45
3.8,1.05778440443898,0.9261683414657741,8.88889432681304e-45
3.8,1.09990327897323,0.973995468960302,1.0120575758924399e-44
3.8,1.12462618321295,1.00183032616669,1.0893329856753399e-44
3.8,1.16743343260651,1.04965745366122,1.23236695352229e-44
3.8,1.21061656002859,1.09748458115574,1.3892374323610598e-44
3.8,1.23590609995117,1.12531943836212,1.48732790127987e-44
3.8,1.27960654676432,1.17314656585665,1.6683196579967098e-44
3.8,1.32359238793387,1.22097369335118,1.86609000958682e-44
3.8,1.34931198967716,1.24880855055756,1.98941898557347e-44
3.8,1.39369441813421,1.29663567805208,2.2163853063141898e-44
3.8,1.4382977038983,1.34446280554661,2.46361067154319e-44
3.8,1.46435000076423,1.372297662753,2.61740805803517e-44
3.8,1.50926288943194,1.42012479024753,2.8997648258842897e-44
3.8,1.55434966540461,1.46795191774205,3.20639049003175e-44
3.8,1.58066382436352,1.49578677494844,3.3966753344775e-44
3.8,1.62599628823563,1.54361390244296,3.7451234984341e-44
3.8,1.67146779846617,1.59144102993748,4.1222280220609804e-44
3.8,1.69799129804203,1.61927588714388,4.3555722283428597e-44
3.8,1.74366066393588,1.6671030146384,4.78149575911863e-44
3.8,1.78944277414421,1.71493014213293,5.2403640856329e-44
3.8,1.81613597851675,1.74276499933931,5.52315885395436e-44
3.8,1.86207954025068,1.79059212683384,6.03693162792299e-44
3.8,1.90811566846093,1.83841925432836,6.58665261585197e-44
3.8,1.93494817976121,1.86625411153475,6.92328992287815e-44
3.8,1.98111762375299,1.91408123902927,7.53022098678565e-44
3.8,2.02736392593361,1.9619083665238,8.17211797949081e-44
3.8,2.04224663559282,1.97728381145685,8.38553260550303e-44
3.8,2.047098100253,1.98229427243247,8.455786127540989e-44
3.8,2.05195032906916,1.98730473340808,8.526379478090019e-44
3.8,2.05477462200319,1.9902207660678,8.567618488293369e-44
3.8,2.05962804868016,1.99523122704342,8.63873909096598e-44
3.8,2.06448222565129,2.00024168801904,8.71018600655131e-44
3.8,2.06730764605942,2.00315772067875,8.75191527294959e-44
3.8,2.07216299922324,2.00816818165436,8.82386656371316e-44
3.8,2.07701908914732,2.01317864262998,8.89612872375933e-44
3.8,2.07984561669186,2.0160946752897,8.93832503145202e-44
3.8,2.08470286165173,2.02110513626532,9.011065508608788e-44
3.8,2.08956083015639,2.02611559724094,9.08409931477639e-44
3.8,2.09238844497817,2.02903162990065,9.126736297660058e-44
3.8,2.09724754785818,2.03404209087626,9.20021890475473e-44
3.8,2.1021073613768,2.03905255185188,9.27397502226052e-44
3.8,2.10493604408143,2.0419685845116,9.317022889954029e-44
3.8,2.1097969717972,2.04697904548722,9.391194535802789e-44
3.8,2.11465859754582,2.05198950646284,9.46561739952694e-44
3.8,2.11748832919037,2.05490553912256,9.509042643390989e-44
3.8,2.12235104942639,2.05991600009817,9.5838436854962e-44
3.8,2.1272144553814,2.06492646107379,9.65887096859258e-44
3.8,2.13004521746156,2.0678424937335,9.70263604552241e-44
3.8,2.13490969864938,2.07285295470912,9.777999734648709e-44
3.8,2.13977485352593,2.07786341568474,9.85356177742787e-44
3.8,2.14260662796359,2.08077944834445,9.897624770034099e-44
3.8,2.14747283926067,2.08578990932007,9.973476652792889e-44
3.8,2.15233971249184,2.09080037029569,1.00494958484876e-43
3.8,2.15517248162308,2.09371640295541,1.00938100998972e-43
3.8,2.16004039289236,2.09872686393102,1.01700673787074e-43
3.8,2.16490895460899,2.10373732490664,1.02464575159455e-43
3.8,2.16774270117246,2.10665335756636,1.02909712387005e-43
3.8,2.17261228296264,2.11166381854197,1.0367542084100001e-43
3.8,2.17748250397384,2.11667427951759,1.0444207640448801e-43
3.8,2.18031721109951,2.1195903121773,1.04888634967237e-43
3.8,2.18518843462592,2.12460077315293,1.0565646311402902e-43
3.8,2.1900602864002,2.12961123412853,1.0642481697825e-43
3.8,2.19289593759856,2.13252726678826,1.0687216350487102e-43
3.8,2.19776877472468,2.13753772776388,1.0764098981791703e-43
3.8,2.20264222937174,2.14254818873948,1.08409877345686e-43
3.8,2.20547880852321,2.1454642213992,1.08857313673024e-43
3.8,2.21035323174283,2.15047468237483,1.0962590265896e-43
3.8,2.21522826199589,2.15548514335044,1.10394041838325e-43
3.8,2.21806575334071,2.15840117601016,1.1084079988963001e-43
3.8,2.2229417357606,2.16341163698578,1.11607793113809e-43
3.8,2.22781831495931,2.16842209796139,1.1237377536117402e-43
3.8,2.23065670308769,2.17133813062111,1.1281901169043102e-43
3.8,2.23553421841087,2.17634859159672,1.13582918220252e-43
3.8,2.24041232048482,2.18135905257234,1.1434519858877702e-43
3.8,2.24325159032739,2.18427508523205,1.1478798857235501e-43
3.8,2.24813061283696,2.18928554620767,1.1554717481817301e-43
3.8,2.25301021228964,2.19429600718329,1.16304061610314e-43
3.8,2.25585034910828,2.19721203984301,1.1674339329561102e-43
3.8,2.26073085365169,2.20222250081862,1.1749607224141101e-43
3.8,2.26561192554503,2.20723296179424,1.18245715990747e-43
3.8,2.26845291492389,2.21014899445395,1.1868048356982801e-43
3.8,2.2733348768978,2.21515945542958,1.19424703373934e-43
3.8,2.27821739683716,2.22016991640519,1.20165085206291e-43
3.8,2.28105922467408,2.22308594906491,1.20594082130793e-43
3.8,2.2859426200096,2.22809641004053,1.21327714101842e-43
3.8,2.29082656412928,2.23310687101614,1.2205663346833601e-43
3.8,2.29366921662734,2.23602290367586,1.2247854519930901e-43
3.8,2.29855402177586,2.24103336465148,1.2319927114893e-43
3.8,2.303439366725,2.2460438256271,1.23914332941044e-43
3.8,2.30628283038449,2.24895985828681,1.24327729341615e-43
3.8,2.31116902230383,2.25397031926243,1.25033028330068e-43
3.8,2.31605574523278,2.25898078023805,1.2573162939668501e-43
3.8,2.31890000684331,2.26189681289776,1.26134956781351e-43
3.8,2.32378756298438,2.26690727387338,1.26822091280946e-43
3.8,2.32867564153152,2.27191773484899,1.2750140637757702e-43
3.8,2.33152068816443,2.27483376750871,1.27892979241655e-43
3.8,2.33640958645828,2.27984422848432,1.2855898076997701e-43
3.8,2.34129899873723,2.28485468945994,1.2921594800049002e-43
3.8,2.34414481773818,2.28777072211966,1.2959394045945501e-43
3.8,2.34903503658346,2.29278118309528,1.3023559473120201e-43
3.8,2.35392576117067,2.2977916440709,1.3086690053688602e-43
3.8,2.35677234015253,2.30070767673061,1.3122933752332001e-43
3.8,2.3616638584033,2.30571813770623,1.31843169216749e-43
3.8,2.36655587432603,2.31072859868185,1.32445233020563e-43
3.8,2.36940320116195,2.31364463134156,1.3278998129773602e-43
3.8,2.37429599811592,2.31865509231718,1.3337223854316002e-43
3.8,2.37918928484061,2.32366555329279,1.3394119716743901e-43
3.8,2.38203734765729,2.32658158595251,1.34265956237083e-43
3.8,2.38693140304437,2.33159204692813,1.3481259497227201e-43
3.8,2.39182594046535,2.33660250790375,1.35344286991985e-43
3.8,2.39467472763653,2.33951854056347,1.3564657999980202e-43
3.8,2.39957002160777,2.34452900153908,1.36153248381649e-43
3.8,2.40446579003626,2.34953946251469,1.36643198612319e-43
3.8,2.40731529017642,2.35245549517442,1.36920363368682e-43
3.8,2.41221180329324,2.35746595615003,1.3738238646100701e-43
3.8,2.41710878344681,2.36247641712565,1.37825790831302e-43
3.8,2.41995898540502,2.36539244978537,1.38074971111163e-43
3.8,2.42485669862881,2.37040291076098,1.38487336143746e-43
3.8,2.42975487162098,2.3754133717366,1.3887904726318203e-43
3.8,2.432605764475,2.37832940439632,1.39097184570733e-43
3.8,2.43750465915698,2.38333986537194,1.39454527111243e-43
3.8,2.44240400648732,2.38835032634755,1.39789040905102e-43
3.8,2.4452555795378,2.39126635900727,1.3997286693597701e-43
3.8,2.45015563740921,2.39627681998288,1.4026945840854802e-43
3.8,2.45505614095359,2.4012872809585,1.4054090229197202e-43
3.8,2.4579083837185,2.40420331361822,1.40686932383012e-43
3.8,2.46280958688112,2.40921377459384,1.4091666942779e-43
3.8,2.46771122888229,2.41422423556945,1.41118792534027e-43
3.8,2.47056413109149,2.41714026822917,1.4122332041703402e-43
3.8,2.47546646200835,2.42215072920479,1.4137971672177901e-43
3.8,2.48036922506687,2.42716119018041,1.41505882886472e-43
3.8,2.48322277665682,2.43007722284012,1.41564977181715e-43
3.8,2.48812621814327,2.43508768381573,1.4164115851570101e-43
3.8,2.49303008520857,2.44009814479135,1.41684342768245e-43
3.8,2.49588427631727,2.44301417745107,1.4169384566703402e-43
3.8,2.50078881153227,2.44802463842669,1.41682548974601e-43
3.8,2.50569376589409,2.4530350994023,1.4163533848170701e-43
3.8,2.50854858685607,2.45595113206202,1.4159086721267901e-43
3.8,2.51345419929371,2.46096159303763,1.4148444482504402e-43
3.8,2.51836022457376,2.46597205401325,1.4133904539274102e-43
3.8,2.52121566591527,2.46888808667297,1.4123599713748002e-43
3.8,2.52612233939662,2.47389854764859,1.41026427295995e-43
3.8,2.53102941954042,2.47890900862421,1.407746767181e-43
3.8,2.53388547197477,2.48182504128392,1.4060823776993502e-43
3.8,2.53879319063986,2.48683550225954,1.4028714292356901e-43
3.8,2.54370130990889,2.49184596323516,1.39920532730953e-43
3.8,2.5465579643319,2.49476199589487,1.3968569285028102e-43
3.8,2.55146671263201,2.49977245687049,1.3924436742359002e-43
3.8,2.55637585559606,2.5047829178461,1.3875407483296702e-43
3.8,2.55923310308164,2.50769895050582,1.38445647888759e-43
3.8,2.56414286577177,2.51270941148144,1.3787509751273801e-43
3.8,2.56905301730152,2.51771987245706,1.3725202972303101e-43
3.8,2.57191084909736,2.52063590511677,1.36864681960885e-43
3.8,2.57682161122895,2.52564636609239,1.3615567657328002e-43
3.8,2.58173275648871,2.53065682706801,1.3539052996202e-43
3.8,2.58459116401217,2.53357285972772,1.3491881742996802e-43
3.8,2.58950291092597,2.53858332070334,1.3406196103985601e-43
3.8,2.59441503536668,2.54359378167895,1.3314529826613e-43
3.8,2.5972740102007,2.54650981433867,1.3258371529368e-43
3.8,2.60218672751991,2.55152027531429,1.3156953584788402e-43
3.8,2.60709981687236,2.55653073628991,1.3049188455305401e-43
3.8,2.60995935076153,2.55944676894963,1.29834925509032e-43
3.8,2.61487302438507,2.56445722992524,1.28653988930642e-43
3.8,2.6197870646532,2.56946769090085,1.27405966457251e-43
3.8,2.62264714949995,2.57238372356057,1.26648203585613e-43
3.8,2.62756176559598,2.5773941845362,1.25291257104025e-43
3.8,2.63247674305051,2.58240464551181,1.2386372677068301e-43
3.8,2.63533737091139,2.58532067817153,1.2299990750303401e-43
3.8,2.64025291591093,2.59033113914714,1.2145805860031302e-43
3.8,2.64516881708307,2.59534160012276,1.1984232453491902e-43
3.8,2.64968170604507,2.59994097890876,1.18293079335171e-43
3.8,2.66027513419279,2.61073624482896,1.1440326716919101e-43
3.8,2.67087017868551,2.62153151074915,1.10149433016306e-43
3.8,2.67703711343079,2.62781423566145,1.0750254081758599e-43
3.8,2.68763467595166,2.63860950158164,1.02655351910463e-43
3.8,2.69823380595573,2.64940476750184,9.7425571219548e-44
3.8,2.70440309623135,2.65568749241413,9.42047336782826e-44
3.8,2.71500466851074,2.66648275833433,8.83666517809422e-44
3.8,2.72560776134371,2.67727802425452,8.214865091339609e-44
3.8,2.73177933662469,2.68356074916682,7.835870766914879e-44
3.8,2.74238479896174,2.69435601508701,7.156335404498969e-44
3.8,2.75299173676126,2.7051512810072,6.443032085709499e-44
3.8,2.75916552928554,2.7114340059195,6.01364602071938e-44
3.8,2.76977476665554,2.7222292718397,5.25446219978967e-44
3.8,2.78038543614703,2.73302453775989,4.4736175862426197e-44
3.8,2.78656138078268,2.73930726267219,4.0124789608088097e-44
3.8,2.79717428261291,2.75010252859238,3.21638237747984e-44
3.8,2.80778857489043,2.76089779451257,2.42931334107433e-44
3.8,2.81396660901038,2.76718051942487,1.98410426847028e-44
3.8,2.82458306896866,2.77797578534507,1.26323944207124e-44
3.8,2.8352008792881,2.78877105126526,6.40842865447882e-45
3.8,2.84138094265188,2.79505377617756,3.5300318177809e-45
3.8,2.85200085844688,2.80584904209775,5.4934463874240005e-46
3.8,2.8626220860307,2.81664430801795,2.7269734241489e-48
3.8,2.86849046448214,2.82260827875285,0.0
4.0,0.51099907,0.0,0.0
4.0,0.511216795803754,0.014918537830238202,4.45314907807055e-48
4.0,0.51526753440618,0.0661859688465691,3.7418954578704403e-47
4.0,0.524323707913554,0.117453399862895,1.03182550873465e-46
4.0,0.531803096757407,0.147290475523379,1.5710570431952001e-46
4.0,0.548220112537195,0.198557906539704,2.7781707081467403e-46
4.0,0.568799392427462,0.249825337556031,4.35843163041913e-46
4.0,0.5825213428767649,0.279662413216515,5.4597607944651e-46
4.0,0.6087976768556511,0.33092984423284205,7.68361238384615e-46
4.0,0.6381181761623411,0.382197275249167,1.03539919029345e-45
4.0,0.656423914761187,0.412034350909651,1.2127446969475999e-45
4.0,0.689759806509955,0.46330178192597704,1.55773477524354e-45
4.0,0.725190681441045,0.514569212942304,1.95717058432521e-45
4.0,0.746658058692951,0.5444062886027871,2.2164456899126e-45
4.0,0.7848230563545741,0.5956737196191131,2.71123454675955e-45
4.0,0.8244106391394841,0.6469411506354401,3.27272772879887e-45
4.0,0.848026424782341,0.6767782262959221,3.63237146837489e-45
4.0,0.889477671823239,0.728045657312249,4.3107657753328e-45
4.0,0.931906078519229,0.779313088328576,5.0709644098509796e-45
4.0,0.9569974072192601,0.809150163989059,5.5536958505819804e-45
4.0,1.000718985198,0.8604175950053851,6.45728059090994e-45
4.0,1.04512661252744,0.911685026021716,7.461212758036089e-45
4.0,1.07125343289855,0.941522101682198,8.09493272607818e-45
4.0,1.116580093758,0.9927895326985271,9.27476429116898e-45
4.0,1.16240053037769,1.04405696371485,1.0577700520611899e-44
4.0,1.1892722385336,1.07389403937533,1.13966492085665e-44
4.0,1.23576226839744,1.12516147039166,1.2915364798153598e-44
4.0,1.28261647019242,1.17642890140798,1.45850709679114e-44
4.0,1.31003727312386,1.20626597706846,1.5631200108841799e-44
4.0,1.35739099819846,1.25753340808479,1.75654679635682e-44
4.0,1.40501946106546,1.30880083910113,1.9684749740556298e-44
4.0,1.43285432489774,1.3386379147616,2.1009232343286102e-44
4.0,1.48086357229926,1.38990534577793,2.3452360177396397e-44
4.0,1.52908437377201,1.44117277679426,2.61216270623024e-44
4.0,1.55723795084752,1.47100985245474,2.7786290963935297e-44
4.0,1.60575470645828,1.52227728347107,3.08504986506904e-44
4.0,1.6544373720489,1.57354471448739,3.41896422586019e-44
4.0,1.68284081674966,1.60338179014787,3.6267789948438596e-44
4.0,1.73175751612059,1.6546492211642,4.00849379704081e-44
4.0,1.78080646722986,1.70591665218053,4.4232845788718094e-44
4.0,1.8094090342581,1.73575372784101,4.68082025709968e-44
4.0,1.85864592425365,1.78702115885734,5.152618694086389e-44
4.0,1.90798977701679,1.83828858987367,5.66340670986268e-44
4.0,1.93675335336441,1.86812566553415,5.97950137199929e-44
4.0,1.98625021299596,1.91939309655048,6.556355938014679e-44
4.0,2.03583470951125,1.97066052756681,7.17735300848331e-44
4.0,2.06473017851219,2.00049760322729,7.55962856246019e-44
4.0,2.11444077838221,2.05176503424361,8.25282152789801e-44
4.0,2.16422401785909,2.10303246525993,8.991823135960781e-44
4.0,2.18024292485074,2.11951389752954,9.23893720042866e-44
4.0,2.18546455945928,2.12488477125506,9.32044489600636e-44
4.0,2.19068691567565,2.13025564498058,9.40242838378474e-44
4.0,2.19372659916326,2.13338143385929,9.45035939714015e-44
4.0,2.1989500864595,2.13875230758482,9.53308769183255e-44
4.0,2.20417428216855,2.14412318131034,9.61628135746058e-44
4.0,2.20721503019502,2.14724897018905,9.66491158373319e-44
4.0,2.21244033636066,2.15261984391457,9.74883200806106e-44
4.0,2.21766633805937,2.15799071764009,9.83320536413875e-44
4.0,2.22070813127005,2.16111650651881,9.88251610193908e-44
4.0,2.22593522329353,2.16648738024433,9.967594824626808e-44
4.0,2.23116299827642,2.17185825396985,1.0053111826674702e-43
4.0,2.23420581777659,2.17498404284857,1.01030810480466e-43
4.0,2.23943466342951,2.18035491657408,1.01892783591783e-43
4.0,2.24466417976536,2.18572579029961,1.02758968718509e-43
4.0,2.24770800710686,2.18885157917832,1.0326498903730802e-43
4.0,2.25293857492126,2.19422245290385,1.0413768652206e-43
4.0,2.25816980143064,2.19959332662936,1.05014398699001e-43
4.0,2.26121461859895,2.20271911550809,1.05526450486534e-43
4.0,2.26644687784526,2.20808998923361,1.06409340357294e-43
4.0,2.27167978407887,2.21346086295913,1.0729601855256e-43
4.0,2.27472557348058,2.21658665183784,1.0781376152185002e-43
4.0,2.27995949414644,2.22195752556335,1.0870623470644701e-43
4.0,2.28519405036413,2.22732839928888,1.09602238107113e-43
4.0,2.28824079481492,2.23045418816759,1.10125284264231e-43
4.0,2.29347634758465,2.23582506189312,1.1102664746756403e-43
4.0,2.29871252473517,2.24119593561863,1.1193124811649101e-43
4.0,2.30176020744813,2.24432172449736,1.1245915736996803e-43
4.0,2.30699736368286,2.24969259822288,1.13368625345796e-43
4.0,2.31223513338432,2.25506347194839,1.1428100017500801e-43
4.0,2.31528373795865,2.25818926082712,1.14813275587287e-43
4.0,2.3205224696772,2.26356013455263,1.1572996278156502e-43
4.0,2.32576180419814,2.26893100827815,1.1664918500114701e-43
4.0,2.32881131460829,2.27205679715687,1.1718526765701101e-43
4.0,2.33405159446865,2.27742767088239,1.18108179182074e-43
4.0,2.33929246670972,2.28279854460791,1.19033208982598e-43
4.0,2.34234286729487,2.28592433348663,1.1957247245024602e-43
4.0,2.34758466857624,2.29129520721215,1.2050049433584001e-43
4.0,2.35282705205258,2.29666608093766,1.2143016884920701e-43
4.0,2.35587832750641,2.29979186981638,1.2197191320263601e-43
4.0,2.36112162409193,2.30516274354191,1.22903801901771e-43
4.0,2.36636549291603,2.31053361726742,1.23836824402056e-43
4.0,2.36941762827691,2.31365940614614,1.2438026979065101e-43
4.0,2.37466239463686,2.31903027987165,1.25314640863716e-43
4.0,2.37990772350206,2.32440115359718,1.26249569125525e-43
4.0,2.38296070414349,2.32752694247589,1.26793848847671e-43
4.0,2.38820691531915,2.33289781620142,1.27729164802615e-43
4.0,2.39345367948358,2.33826868992693,1.2866439859958201e-43
4.0,2.39650749110502,2.34139447880566,1.2920855166668201e-43
4.0,2.40175512269291,2.34676535253118,1.30143108901318e-43
4.0,2.40700329796408,2.3521362262567,1.3107687658986002e-43
4.0,2.41005792658197,2.35526201513541,1.3161983975052901e-43
4.0,2.41530695471875,2.36063288886093,1.3255175455622901e-43
4.0,2.42055651743852,2.36600376258645,1.3348209870468501e-43
4.0,2.42361194937771,2.36912955146517,1.3402269790668101e-43
4.0,2.42886235072546,2.37450042519068,1.3494989149502702e-43
4.0,2.43411327775557,2.3798712989162,1.35874653523104e-43
4.0,2.43716949964092,2.38299708779493,1.36411594791478e-43
4.0,2.44242125137295,2.38836796152045,1.3733177730295002e-43
4.0,2.44767352008097,2.39373883524596,1.3824858108712801e-43
4.0,2.45073051882928,2.39686462412469,1.38780440802646e-43
4.0,2.45598359861634,2.4022354978502,1.39691094288447e-43
4.0,2.4612371868621,2.40760637157572,1.4059732874085001e-43
4.0,2.46429494967429,2.41073216045444,1.4112254330443802e-43
4.0,2.46954933567128,2.41610303417996,1.4202090363747201e-43
4.0,2.4748042217937,2.42147390790548,1.4291370420155402e-43
4.0,2.4778627361472,2.4245996967842,1.4343055908057802e-43
4.0,2.48311840698026,2.42997057050972,1.44313596810067e-43
4.0,2.48837456978459,2.43534144423524,1.4518982590593703e-43
4.0,2.49143382342604,2.43846723311396,1.4569644406449502e-43
4.0,2.49669075818004,2.44383810683948,1.4656084421597601e-43
4.0,2.50194817692555,2.44920898056499,1.4741707063938502e-43
4.0,2.50500815786364,2.45233476944371,1.47911400366326e-43
4.0,2.51026633607009,2.45770564316923,1.4875354121908202e-43
4.0,2.5155249904581,2.46307651689475,1.4958601853580102e-43
4.0,2.51858568695672,2.46620230577347,1.5006582069788703e-43
4.0,2.52384508858202,2.47157317949898,1.5088175159195202e-43
4.0,2.52910495874432,2.47694405322451,1.51686395592167e-43
4.0,2.53216635931583,2.48006984210323,1.52149230356967e-43
4.0,2.53742696474995,2.48544071582874,1.5293464862692302e-43
4.0,2.54268803123755,2.49081158955426,1.53707013948419e-43
4.0,2.54575012463636,2.49393737843298,1.5415022704369602e-43
4.0,2.55101191468179,2.4993082521585,1.5490045418894901e-43
4.0,2.55627415845406,2.50467912588402,1.5563571023907402e-43
4.0,2.55933693367032,2.50780491476274,1.5605641883723402e-43
4.0,2.5645998895314,2.51317578848826,1.5676637611500902e-43
4.0,2.56986329194551,2.51854666221378,1.5745928249646001e-43
4.0,2.57292673819907,2.5216724510925,1.5785436085054202e-43
4.0,2.57819084147162,2.52704332481801,1.58518544515602e-43
4.0,2.58345538427234,2.53241419854353,1.59163426205584e-43
4.0,2.58651949100681,2.53553998742226,1.5952949119539902e-43
4.0,2.59178472366815,2.54091086114777,1.60141947689496e-43
4.0,2.59705038897789,2.54628173487329,1.6073267030974302e-43
4.0,2.60011514585493,2.54940752375201,1.6106606711052702e-43
4.0,2.60538149025411,2.55477839747753,1.61620368582923e-43
4.0,2.61064826056334,2.56014927120305,1.6215031416855e-43
4.0,2.61371365745715,2.56327506008176,1.6244710229470902e-43
4.0,2.6189810963055,2.56864593380728,1.6293632293595201e-43
4.0,2.6242489544634,2.57401680753281,1.6339836674158703e-43
4.0,2.62731498145533,2.57714259641153,1.6365430680353901e-43
4.0,2.63258349781733,2.58251347013704,1.6407100059728503e-43
4.0,2.63785242702276,2.58788434386257,1.6445748958588301e-43
4.0,2.64091907439604,2.59101013274128,1.6466803115665102e-43
4.0,2.64618865168046,2.59638100646681,1.6500421178755402e-43
4.0,2.65145863547315,2.60175188019232,1.6530694561805702e-43
4.0,2.65452589370792,2.60487766907104,1.6546721672565e-43
4.0,2.65979651565913,2.61024854279656,1.6571434056756401e-43
4.0,2.66506753791122,2.61561941652208,1.6592455603999901e-43
4.0,2.66813539767953,2.61874520540079,1.66029354852162e-43
4.0,2.6734070483692,2.62411607912631,1.6617830810971501e-43
4.0,2.67867909327693,2.62948695285184,1.66286668285489e-43
4.0,2.68174754543804,2.63261274173056,1.6633045777537003e-43
4.0,2.68702020925701,2.63798361545608,1.66371549158068e-43
4.0,2.69229326133268,2.6433544891816,1.6636813857235701e-43
4.0,2.69536229692838,2.64648027806031,1.6634504500108302e-43
4.0,2.70063595857878,2.65185115178584,1.66268005497125e-43
4.0,2.70591000264301,2.65722202551135,1.66142333193873e-43
4.0,2.70897961289318,2.66034781439007,1.66046149499962e-43
4.0,2.71425425738076,2.66571868811559,1.6584014121170502e-43
4.0,2.71952927855491,2.67108956184111,1.6558115367409502e-43
4.0,2.7225994548531,2.67421535071982,1.6540534902981403e-43
4.0,2.72787506747984,2.67958622444535,1.6505898533785903e-43
4.0,2.73315105117865,2.68495709817086,1.6465509175982101e-43
4.0,2.73622178508791,2.68808288704958,1.64392828802776e-43
4.0,2.74149835144477,2.6934537607751,1.63894208637527e-43
4.0,2.74677528336926,2.69882463450062,1.63333321502382e-43
4.0,2.74984656661797,2.70195042337934,1.62977483060879e-43
4.0,2.75512407257793,2.70732129710486,1.6231424253429301e-43
4.0,2.76040193870844,2.71269217083038,1.61583836977074e-43
4.0,2.76347376318635,2.71581795970909,1.6112706442809201e-43
4.0,2.76875219489757,2.72118883343462,1.6028644974368002e-43
4.0,2.77403098148705,2.72655970716013,1.5937364593247902e-43
4.0,2.7771033392414,2.72968549603885,1.5880839179167202e-43
4.0,2.78238268312063,2.73505636976438,1.57777358139425e-43
4.0,2.78766237668812,2.74042724348989,1.56669031667132e-43
4.0,2.79073525991984,2.74355303236861,1.5598762950493903e-43
4.0,2.79601550264598,2.74892390609413,1.5475297158651701e-43
4.0,2.80129608997026,2.75429477981965,1.5343589805204902e-43
4.0,2.80436949103033,2.75742056869837,1.52630653535211e-43
4.0,2.80965061953822,2.76279144242388,1.51179174652615e-43
4.0,2.81493208765159,2.76816231614941,1.49640215869624e-43
4.0,2.81800599903748,2.77128810502812,1.4870352356725203e-43
4.0,2.82328800051183,2.77665897875364,1.47022251872173e-43
4.0,2.82857033669416,2.78202985247917,1.4524859313040201e-43
4.0,2.8334195777843,2.78696007402878,1.43537555650598e-43
4.0,2.84480239249148,2.79853186560103,1.3920191731952002e-43
4.0,2.85618672596866,2.81010365717329,1.34404535146615e-43
4.0,2.86281297364616,2.81683831139381,1.31393885471587e-43
4.0,2.87419967297008,2.82841010296606,1.25836158281883e-43
4.0,2.88558784493668,2.83998189453832,1.1978291427651e-43
4.0,2.89221630562415,2.84671654875882,1.1602879236287002e-43
4.0,2.9036067719327,2.85828834033107,1.09178450151242e-43
4.0,2.91499866659131,2.86986013190334,1.01823708695004e-43
4.0,2.92162927372652,2.87659478612384,9.731380923123319e-44
4.0,2.93302339405291,2.8881665776961,8.918016669640769e-44
4.0,2.94441890018183,2.89973836926836,8.058129420643329e-44
4.0,2.95105158982512,2.90647302348886,7.537662299798489e-44
4.0,2.96244925564067,2.91804481506112,6.61244109073314e-44
4.0,2.97384826637186,2.92961660663338,5.654327780364529e-44
4.0,2.98048297707923,2.93635126085389,5.08542133341179e-44
4.0,2.99188408407919,2.94792305242615,4.0977471032976095e-44
4.0,3.00328649668892,2.9594948439984,3.1138786323381e-44
4.0,3.00992316939235,2.96622949821891,2.5536667409557296e-44
4.0,3.0213276172939,2.97780128979117,1.63967609317665e-44
4.0,3.03273333300525,2.98937308136343,8.410967588411269e-45
4.0,3.03937191089981,2.99610773558394,4.67162855612485e-45
4.0,3.05077960325149,3.00767952715619,7.45479909152162e-46
4.0,3.06218852704799,3.01925131872845,4.226190448875139e-48
4.0,3.06849204332194,3.02564429012883,0.0
4.2,0.51099907,0.0,0.0
4.2,0.511246931731799,0.0159177782467875,4.28186775794898e-48
4.2,0.5158557022101501,0.0706190906332138,3.7283559472144397e-47
4.2,0.5261418563029071,0.125320403019636,1.03697166766282e-46
4.2,0.534619533080663,0.15715595951322103,1.58316621284077e-46
4.2,0.553175879081531,0.211857271899644,2.80878144913263e-46
4.2,0.5763449734295041,0.266558584286064,4.4174448858393804e-46
4.2,0.591742437883655,0.29839414077965104,5.54070230329521e-46
4.2,0.6211251472830721,0.35309545316607105,7.81309136735321e-46
4.2,0.6537723239293161,0.407796765552491,1.05478995717521e-45
4.2,0.674089480802432,0.439632322046079,1.23672293015774e-45
4.2,0.7109752398446161,0.4943336344325,1.59123188726828e-45
4.2,0.750039613866708,0.5490349468189211,2.0025256476050298e-45
4.2,0.773647588479012,0.580870503312508,2.26991305961056e-45
4.2,0.81551921035111,0.6355718156989291,2.78097486873137e-45
4.2,0.8588346994023921,0.690273128085349,3.36204411591834e-45
4.2,0.884624780279858,0.7221086845789371,3.73477866221126e-45
4.2,0.929813863591086,0.776809996965357,4.43892049728514e-45
4.2,0.9759770013277841,0.8315113093517781,5.2294539777445896e-45
4.2,1.0032386856107,0.863346865845368,5.73219083635514e-45
4.2,1.05068192479721,0.9180481782317881,6.67464624027403e-45
4.2,1.09880008238025,0.9727494906182059,7.72377725263588e-45
4.2,1.12708081627782,1.0045850471118,8.387041728697661e-45
4.2,1.176098482679,1.05928635949821,9.62382880832416e-45
4.2,1.22559723508656,1.11398767188464,1.09924291014395e-44
4.2,1.25460388977237,1.14582322837822,1.1854050191640598e-44
4.2,1.30475255221786,1.20052454076464,1.3454604633501e-44
4.2,1.3552534788591,1.25522585315107,1.5218132866066e-44
4.2,1.38479136397413,1.28706140964465,1.63249999136673e-44
4.2,1.43577409496518,1.34176272203107,1.8375359991989499e-44
4.2,1.48702113265496,1.39646403441749,2.0627247478908699e-44
4.2,1.51695740577566,1.42829959091108,2.20373650697229e-44
4.2,1.56856996296693,1.4830009032975,2.46438246507101e-44
4.2,1.62038518681828,1.53770221568392,2.74992377504567e-44
4.2,1.65062681058827,1.56953777217751,2.92839362291015e-44
4.2,1.70272506687543,1.62423908456393,3.2576805522859e-44
4.2,1.75498173952114,1.67894039695034,3.61762277519435e-44
4.2,1.7854619605085,1.71077595344393,3.84220846561106e-44
4.2,1.83794179061925,1.76547726583036,4.2558519104753595e-44
4.2,1.89054756780678,1.82017857821678,4.7069650085948e-44
4.2,1.92121742775456,1.85201413471037,4.98789665174172e-44
4.2,1.97400198726809,1.90671544709679,5.50422384835715e-44
4.2,2.0268881947267,1.9614167594832,6.06565138671002e-44
4.2,2.05771106929222,1.9932523159768,6.414354591272379e-44
4.2,2.11074255025735,2.04795362836321,7.05324752278207e-44
4.2,2.16385716936209,2.10265494074963,7.744745511811269e-44
4.2,2.19480516956801,2.13449049724322,8.17238094120842e-44
4.2,2.24803932992516,2.18919180962964,8.951762732050509e-44
4.2,2.30134230234701,2.24389312201606,9.78848282289244e-44
4.2,2.31849195634099,2.26147847703156,1.006967994464e-43
4.2,2.32408199307589,2.26720909071015,1.01625894433967e-43
4.2,2.32967271292076,2.27293970438873,1.0256122428319101e-43
4.2,2.332926762324,2.27627485792614,1.0310843739547501e-43
4.2,2.33851855283955,2.28200547160473,1.04053584172897e-43
4.2,2.34411101389167,2.2877360852833,1.0500490248106101e-43
4.2,2.34736607091702,2.29107123882073,1.05561388526047e-43
4.2,2.35295958299013,2.2968018524993,1.0652240782651501e-43
4.2,2.35855375332937,2.30253246617788,1.0748951493641802e-43
4.2,2.36180979953772,2.30586761971531,1.0805514800460802e-43
4.2,2.36740500172036,2.31159823339388,1.0903180622297001e-43
4.2,2.37300085019265,2.31732884707246,1.1001444595706501e-43
4.2,2.37625786758667,2.32066400060989,1.10589066210029e-43
4.2,2.38185472918296,2.32639461428846,1.11581069611985e-43
4.2,2.38745222537775,2.33212522796704,1.1257892327909301e-43
4.2,2.39071019638889,2.33546038150446,1.13162333365738e-43
4.2,2.39630868743303,2.34119099518304,1.14169321760577e-43
4.2,2.40190780166152,2.34692160886162,1.15182001609046e-43
4.2,2.40516670913749,2.35025676239904,1.1577396275140699e-43
4.2,2.41076680037244,2.35598737607762,1.1679550258308002e-43
4.2,2.41636750364652,2.3617179897562,1.1782254465298602e-43
4.2,2.41962733083917,2.36505314329362,1.18422772373516e-43
4.2,2.42522899369607,2.37078375697219,1.19458349179636e-43
4.2,2.43083125770805,2.37651437065077,1.2049920550334901e-43
4.2,2.43409198826167,2.3798495241882,1.21107364965161e-43
4.2,2.43969519483998,2.38558013786677,1.22156375153726e-43
4.2,2.44529899194296,2.39131075154535,1.2321040525102602e-43
4.2,2.44856060988299,2.39464590508277,1.2382610616777302e-43
4.2,2.45416533293128,2.40037651876135,1.2488784804122902e-43
4.2,2.4597706361202,2.40610713243993,1.25954309645244e-43
4.2,2.46303312584233,2.40944228597735,1.2657710075408001e-43
4.2,2.46863933873972,2.41517289965593,1.2765076475432101e-43
4.2,2.47424612163306,2.42090351333451,1.2872880372166601e-43
4.2,2.47750946789268,2.42423866687193,1.29358166745202e-43
4.2,2.48311714463092,2.42996928055051,1.30442824810003e-43
4.2,2.48872538145301,2.43569989422908,1.31531464128772e-43
4.2,2.49198956935502,2.4390350477665,1.3216680721560402e-43
4.2,2.49759868452117,2.44476566144508,1.3326140121344301e-43
4.2,2.50320835008511,2.45049627512366,1.34359529056559e-43
4.2,2.50647336507408,2.45383142866109,1.3500017964835801e-43
4.2,2.51208389383375,2.45956204233967,1.3610350880674402e-43
4.2,2.51769496352484,2.46529265601824,1.3720986555162501e-43
4.2,2.52096079137547,2.46862780955566,1.3785506263635203e-43
4.2,2.52657270945665,2.47435842323424,1.38965769891893e-43
4.2,2.53218515921645,2.48008903691282,1.4007893403463102e-43
4.2,2.5354517860244,2.48342419045024,1.40727819743518e-43
4.2,2.54106506970177,2.48915480412882,1.41844376938731e-43
4.2,2.54667887601261,2.4948854178074,1.4296274981427903e-43
4.2,2.54994628818556,2.49822057134482,1.4361436030438201e-43
4.2,2.55556091426539,2.5039511850234,1.44735052146609e-43
4.2,2.56117605413545,2.50968179870197,1.4585684140375201e-43
4.2,2.5644442383845,2.5130169522394,1.4651009701307002e-43
4.2,2.57006018418997,2.51874756591797,1.47633003730568e-43
4.2,2.57567663513881,2.52447817959655,1.4875620544483703e-43
4.2,2.57894557847016,2.52781333313398,1.4940990002919501e-43
4.2,2.5845628218272,2.53354394681255,1.5053287862527501e-43
4.2,2.59018056187176,2.53927456049113,1.5165525799931102e-43
4.2,2.59345025157863,2.54260971402856,1.5230804743877901e-43
4.2,2.59906877080222,2.54834032770713,1.53428711482113e-43
4.2,2.60468777844327,2.55407094138571,1.5454778204545202e-43
4.2,2.60795820209812,2.55740609492313,1.55198171863456e-43
4.2,2.613577975979,2.56313670860171,1.56313869734014e-43
4.2,2.61919823018808,2.56886732228029,1.5742687097297901e-43
4.2,2.62246937563504,2.57220247581771,1.5807320302982201e-43
4.2,2.62809038342686,2.57793308949629,1.5918099455582101e-43
4.2,2.63371186363355,2.58366370317486,1.60284867911847e-43
4.2,2.63698371898113,2.58699885671229,1.60925306136292e-43
4.2,2.64260594038804,2.59272947039086,1.6202193755635902e-43
4.2,2.64822862646771,2.59846008406945,1.6311330072514702e-43
4.2,2.6515011800817,2.60179523760687,1.6374581585804002e-43
4.2,2.65712459524629,2.60752585128545,1.6482769308613602e-43
4.2,2.66274846750817,2.61325646496402,1.6590281261790302e-43
4.2,2.66602170800481,2.61659161850145,1.66525165946088e-43
4.2,2.67164629749645,2.62232223218002,1.6758832608390002e-43
4.2,2.67727133667216,2.6280528458586,1.6864308821693e-43
4.2,2.68054525291148,2.63138799939602,1.69252814295257e-43
4.2,2.68617099771503,2.6371186130746,1.70292895415054e-43
4.2,2.6917971849474,2.64284922675318,1.71322775193516e-43
4.2,2.6950717660268,2.6461843802906,1.7191716356601e-43
4.2,2.70069864753168,2.65191499396918,1.7292937278671502e-43
4.2,2.70632596436392,2.65764560764776,1.7392940149346203e-43
4.2,2.70960119961195,2.66098076118518,1.7450547744930401e-43
4.2,2.7152291996015,2.66671137486375,1.7548455738148603e-43
4.2,2.72085762796677,2.67244198854233,1.7644928838111701e-43
4.2,2.72413350693709,2.67577714207976,1.7700379280558801e-43
4.2,2.72976260757835,2.68150775575833,1.7794398648972201e-43
4.2,2.73539212978959,2.68723836943691,1.7886745963495301e-43
4.2,2.7386686422551,2.69057352297434,1.79396828064862e-43
4.2,2.74429882608882,2.69630413665291,1.80291842604214e-43
4.2,2.74992942482891,2.7020347503315,1.81167547425228e-43
4.2,2.7532065607761,2.70536990386891,1.81667888438242e-43
4.2,2.7588378107071,2.71110051754749,1.8251085758745e-43
4.2,2.76446946901933,2.71683113122607,1.8333169557673903e-43
4.2,2.76774721864279,2.72016628476349,1.83798768726518e-43
4.2,2.7733795179306,2.72589689844207,1.84582214825054e-43
4.2,2.77901221920943,2.73162751212065,1.8534046124078e-43
4.2,2.7822905729065,2.73496266565807,1.8576965479939803e-43
4.2,2.7879239051563,2.74069327933665,1.86485450543347e-43
4.2,2.79355763313839,2.74642389301522,1.87172716289052e-43
4.2,2.796836581504,2.74975904655265,1.8755902515455404e-43
4.2,2.80247093065781,2.75548966023122,1.88198355868834e-43
4.2,2.80810566941335,2.7612202739098,1.88805550164462e-43
4.2,2.81138520323502,2.76455542744723,1.8914355437136504e-43
4.2,2.81702055356317,2.7702860411258,1.89696881600285e-43
4.2,2.82265628748741,2.77601665480439,1.90214176361515e-43
4.2,2.82593639774036,2.77935180834181,1.9049802078164e-43
4.2,2.83157273383323,2.78508242202038,1.9095504827049304e-43
4.2,2.83720944763832,2.79081303569897,1.91371845348043e-43
4.2,2.84049012548078,2.79414818923638,1.91595221286607e-43
4.2,2.84612743224076,2.79987880291496,1.9194486466156902e-43
4.2,2.85176511094782,2.80560941659354,1.9224976738721803e-43
4.2,2.85504634771646,2.80894457013096,1.92405896989055e-43
4.2,2.86068461035014,2.81467518380954,1.9263625879099202e-43
4.2,2.86632323928155,2.82040579748812,1.92817049576503e-43
4.2,2.86960502648701,2.82374095102554,1.92898674094e-43
4.2,2.87524423049765,2.82947156470412,1.92997026137735e-43
4.2,2.88088379526958,2.8352021783827,1.9304065233586e-43
4.2,2.88416612459218,2.83853733192012,1.9304002567056102e-43
4.2,2.88980625577237,2.8442679455987,1.92992801240026e-43
4.2,2.89544674228752,2.84999855927728,1.92885371892208e-43
4.2,2.89872960557306,2.85333371281469,1.9279426098645602e-43
4.2,2.90437064999757,2.85906432649327,1.9258705980181203e-43
4.2,2.91001204443815,2.86479494017185,1.92313856507529e-43
4.2,2.91329543369389,2.86813009370928,1.92123550613754e-43
4.2,2.91893737771277,2.87386070738786,1.9174116023444104e-43
4.2,2.92457966653363,2.87959132106643,1.91286666026045e-43
4.2,2.92786357392428,2.88292647460385,1.90987997232337e-43
4.2,2.93350640415616,2.88865708828243,1.90414435213024e-43
4.2,2.93914957407819,2.89438770196101,1.8976238612793704e-43
4.2,2.94243399192214,2.89772285549843,1.8934576403947803e-43
4.2,2.94807769524768,2.90345346917701,1.88564346153789e-43
4.2,2.95372173325132,2.90918408285559,1.8769781117923503e-43
4.2,2.9570066540169,2.91251923639302,1.87153275235239e-43
4.2,2.96265121757248,2.91824985007159,1.86146716068294e-43
4.2,2.96829611089148,2.92398046375016,1.85048212260491e-43
4.2,2.97158152719334,2.92731561728759,1.84365505919798e-43
4.2,2.97722693836491,2.93304623096617,1.8311605956101503e-43
4.2,2.98287267448025,2.93877684464474,1.81767710666913e-43
4.2,2.98615857907586,2.94211199818217,1.8093638255758103e-43
4.2,2.99180482549294,2.94784261186074,1.79426032703766e-43
4.2,2.99745139212692,2.95357322553932,1.7780978137571001e-43
4.2,3.00073777791315,2.95690837907675,1.76819319727005e-43
4.2,3.00638484744305,2.96263899275533,1.7503003076743701e-43
4.2,3.01203223255353,2.9683696064339,1.73127916919538e-43
4.2,3.01721655545906,2.97363005314975,1.7128028919755902e-43
4.2,3.0293857828126,2.98597692080268,1.66550224524888e-43
4.2,3.04155644201447,2.99832378845562,1.6124831609914201e-43
4.2,3.04864028290364,3.00550952834988,1.57890150224054e-43
4.2,3.06081317241611,3.01785639600282,1.5163729377923901e-43
4.2,3.07298745012257,3.03020326365575,1.4475839332438802e-43
4.2,3.08007337711741,3.03738900355002,1.4046076409461902e-43
4.2,3.09224981746994,3.04973587120295,1.3256376943050701e-43
4.2,3.10442760410676,3.06208273885589,1.2401481501869801e-43
4.2,3.11151555422597,3.06926847875015,1.18740083556155e-43
4.2,3.12369543853557,3.08161534640309,1.0917012851766e-43
4.2,3.13587662887865,3.09396221405603,9.89795255367068e-44
4.2,3.14296654163403,3.1011479539503,9.2777402844163e-44
4.2,3.15514976723625,3.11349482160322,8.16923276606508e-44
4.2,3.16733426019937,3.12584168925616,7.013587358113089e-44
4.2,3.17442607747445,3.13302742915043,6.32374810867737e-44
4.2,3.18661254571875,3.14537429680337,5.11962412608234e-44
4.2,3.19880024415344,3.1577211644563,3.9115226460921796e-44
4.2,3.20589391008916,3.16490690435057,3.21938967243452e-44
4.2,3.21808352614585,3.1772537720035,2.08228042803126e-44
4.2,3.23027433665279,3.18960063965644,1.07811775831063e-44
4.2,3.23736979753963,3.19678637955071,6.02824019566827e-45
4.2,3.24956247021789,3.20913324720363,9.82768997953434e-46
4.2,3.26175630296887,3.22148011485657,6.2818354286692e-48
4.2,3.26849342102901,3.2283012860898,0.0
4.4,0.51099907,0.0,0.0
4.4,0.5112789679226121,0.016915481049807498,4.12366181439223e-48
4.4,0.51648026121306,0.07504539081013449,3.71135981040596e-47
4.4,0.528067903041741,0.133175300570476,1.04025751352974e-46
4.4,0.537597564458663,0.16700626267006102,1.5920703900186299e-46
4.4,0.558396226417655,0.225136172430403,2.83304546510983e-46
4.4,0.5842599788283971,0.283266082190745,4.46584198665007e-46
4.4,0.6013905428575751,0.31709704429033103,5.60797539941877e-46
4.4,0.6339679144775471,0.375226954050672,7.92257636737903e-46
4.4,0.6700135975881261,0.433356863811015,1.07139638158508e-45
4.4,0.692375991943639,0.46718782591060004,1.25738187482198e-45
4.4,0.7328565841631711,0.5253177356709421,1.6203415429746598e-45
4.4,0.775584427706085,0.583447645431285,2.04221696507307e-45
4.4,0.8013444508175701,0.617278607530868,2.31686861305693e-45
4.4,0.846933713327304,0.67540851729121,2.84254827911006e-45
4.4,0.8939791236388761,0.733538427051554,3.44126587299974e-45
4.4,0.921941337042143,0.7673693891511371,3.82583308006528e-45
4.4,0.970860001258786,0.8254992989114801,4.5533072589575704e-45
4.4,1.02074513369345,0.883629208671824,5.37141452274885e-45
4.4,1.05016818390807,0.917460170771412,5.89237841578669e-45
4.4,1.10131560180214,0.975590080531749,6.87033211645306e-45
4.4,1.15312491425272,1.03371999029209,7.96086018065334e-45
4.4,1.18354766929484,1.06755095239168,8.65124499855496e-45
4.4,1.2362351932202,1.12568086215202,9.94043403146761e-45
4.4,1.28939055108862,1.18381077191237,1.1369621768620799e-44
4.4,1.32051938340506,1.21764173401194,1.2270704795265497e-44
4.4,1.37430467386032,1.27577164377229,1.3947115596886298e-44
4.4,1.42843039874459,1.33390155353263,1.5797860763589098e-44
4.4,1.4600726981416,1.36773251563221,1.6961319841567198e-44
4.4,1.5146629016673,1.42586242539256,1.91201049902106e-44
4.4,1.56950734319194,1.4839923351529,2.1496214553538699e-44
4.4,1.60153289420582,1.51782329725248,2.29867460300431e-44
4.4,1.65672826988462,1.57595320701283,2.57469619295166e-44
4.4,1.71211789373979,1.63408311677317,2.8778167891726996e-44
4.4,1.74443613355227,1.66791407887275,3.06765148495202e-44
4.4,1.80009663636076,1.7260439886331,3.41864594537895e-44
4.4,1.85590855088533,1.78417389839343,3.80338239254205e-44
4.4,1.88845485048415,1.81800486049302,4.0439886132774193e-44
4.4,1.94447980850779,1.87613477025336,4.48822158775702e-44
4.4,2.00062487785426,1.9342646800137,4.97426644090332e-44
4.4,2.03335203691987,1.96809564211329,5.27776838366539e-44
4.4,2.08966744641497,2.02622555187363,5.8371951300526e-44
4.4,2.14607962107286,2.08435546163397,6.44785031140164e-44
4.4,2.17895244905207,2.11818642373356,6.82836673818017e-44
4.4,2.23550281435144,2.1763163334939,7.52801903676289e-44
4.4,2.29213220899971,2.23444624325425,8.288920410811499e-44
4.4,2.3251239816123,2.26827720535383,8.761401981618629e-44
4.4,2.38186693893565,2.32640711511417,9.62639775998548e-44
4.4,2.43867522900001,2.38453702487451,1.0560803686429801e-43
4.4,2.45695106718039,2.40322460393905,1.08762244530283e-43
4.4,2.46290802648149,2.40931440400917,1.0980600190361102e-43
4.4,2.46886563397542,2.41540420407931,1.10857568180013e-43
4.4,2.47233319193221,2.41894840010878,1.11473161850156e-43
4.4,2.47829181531713,2.42503820017892,1.1253707459612801e-43
4.4,2.48425107489879,2.43112800024905,1.13608782887807e-43
4.4,2.48771958887504,2.43467219627853,1.1423608990275402e-43
4.4,2.49367984560183,2.44076199634866,1.1532010819880902e-43
4.4,2.4996407268203,2.44685179641879,1.16411888776289e-43
4.4,2.50311017922652,2.45039599244827,1.17050859041119e-43
4.4,2.50907203929772,2.4564857925184,1.18154879837762e-43
4.4,2.51503451243788,2.46257559258854,1.1926660737698302e-43
4.4,2.51850488610887,2.46611978861802,1.1991715730973601e-43
4.4,2.52446832024933,2.47220958868815,1.2104101802705901e-43
4.4,2.53043235630999,2.47829938875828,1.22172505075584e-43
4.4,2.53390363449225,2.48184358478776,1.2283451370852001e-43
4.4,2.53986861412777,2.48793338485789,1.23977985332601e-43
4.4,2.54583418480061,2.49402318492802,1.2512897513781002e-43
4.4,2.5493063511402,2.4975673809575,1.2580227980721499e-43
4.4,2.55527284837688,2.50365718102763,1.26965059270746e-43
4.4,2.5612399260261,2.50974698109776,1.28135217883299e-43
4.4,2.56471296455695,2.51329117712724,1.2881960950489e-43
4.4,2.57068095216129,2.51938097719738,1.30001311330293e-43
4.4,2.57664950980396,2.5254707772675,1.3119021893612401e-43
4.4,2.58012340493652,2.52901497329699,1.3188543681274103e-43
4.4,2.58609285631619,2.53510477336712,1.33085583930821e-43
4.4,2.59206286760329,2.54119457343725,1.34292725331939e-43
4.4,2.59553760411363,2.54473876946673,1.34998451453253e-43
4.4,2.6015084932989,2.55082856953686,1.3621646512555602e-43
4.4,2.607479932497,2.556918369607,1.3744121929341601e-43
4.4,2.61095549551626,2.56046256563647,1.3815707208157001e-43
4.4,2.6169277971421,2.5665523657066,1.3939226084435902e-43
4.4,2.62290063911565,2.57264216577674,1.4063388946220402e-43
4.4,2.62637701411987,2.57618636180621,1.4135941691288701e-43
4.4,2.63235070340859,2.58227616187635,1.42610964456156e-43
4.4,2.63832492360285,2.58836596194648,1.43868599364629e-43
4.4,2.6418020964031,2.59191015797596,1.4460327153092502e-43
4.4,2.64777714914763,2.59799995804609,1.4587022341827202e-43
4.4,2.65375272357216,2.60408975811622,1.4714285284020802e-43
4.4,2.65723068030504,2.6076339541457,1.47886053601643e-43
4.4,2.66320707285276,2.61372375421583,1.49167302725705e-43
4.4,2.66918397806545,2.61981355428596,1.5045375623803402e-43
4.4,2.67266270518391,2.62335775031544,1.5120477429332202e-43
4.4,2.67864041442101,2.62944755038557,1.5249904497509802e-43
4.4,2.68461862751266,2.63553735045571,1.53797977022814e-43
4.4,2.68809811177708,2.63908154648519,1.5455599604191701e-43
4.4,2.69407711511347,2.64517134655531,1.55861826638801e-43
4.4,2.70005661369286,2.65126114662545,1.57171698547144e-43
4.4,2.7035368421625,2.65480534265492,1.5793578641436702e-43
4.4,2.70951711751719,2.66089514272506,1.5925151033428001e-43
4.4,2.71549787969667,2.66698494279519,1.6057057066965901e-43
4.4,2.71897883972136,2.67052913882467,1.6133966774546801e-43
4.4,2.72496036550831,2.6766189388948,1.6266339273616802e-43
4.4,2.73094236988986,2.68270873896493,1.63989655894494e-43
4.4,2.73442404910192,2.68625293499441,1.64762562222371e-43
4.4,2.74040680421643,2.69234273506455,1.6609214781045702e-43
4.4,2.74639002987817,2.69843253513468,1.6742337069137802e-43
4.4,2.74987241618468,2.70197673116415,1.6819873207221803e-43
4.4,2.7558563799901,2.70806653123428,1.6953176499819101e-43
4.4,2.76184080647323,2.71415633130441,1.70865421662376e-43
4.4,2.76532388804852,2.71770052733389,1.71641714519846e-43
4.4,2.77130904036352,2.72379032740402,1.72975482090512e-43
4.4,2.7772946476597,2.72988012747416,1.74308736224097e-43
4.4,2.78077841293804,2.73342432350364,1.7508425118136102e-43
4.4,2.78676473402421,2.73951412357377,1.7641571233167803e-43
4.4,2.79275150256331,2.7456039236439,1.7774538741814102e-43
4.4,2.79623594023189,2.74914811967338,1.78518211512114e-43
4.4,2.80222341078177,2.75523791974351,1.79843965504884e-43
4.4,2.80821132142011,2.76132771981364,1.8116651256567103e-43
4.4,2.81169642041222,2.76487191584312,1.81934510025569e-43
4.4,2.81768502153768,2.77096171591326,1.83250762645846e-43
4.4,2.82367405554651,2.77705151598338,1.8456222543808302e-43
4.4,2.82715980503494,2.78059571201287,1.8532301696433002e-43
4.4,2.83314951825599,2.786685512083,1.86625544107644e-43
4.4,2.83913965731044,2.79277531215312,1.87921521670192e-43
4.4,2.84262604670109,2.7963195081826,1.8867246215952803e-43
4.4,2.84861685393499,2.80240930825274,1.89956570717902e-43
4.4,2.85460808010333,2.80849910832287,1.91232177212212e-43
4.4,2.85809509902903,2.81204330435235,1.91970331890995e-43
4.4,2.86408698257975,2.81813310442248,1.93230817909127e-43
4.4,2.87007927831298,2.82422290449261,1.94480639689581e-43
4.4,2.87356691662748,2.82776710052209,1.9520275863648203e-43
4.4,2.87955985917554,2.83385690059223,1.96433862681958e-43
4.4,2.88555320729732,2.83994670066235,1.97651912608457e-43
4.4,2.88904145506952,2.84349089669184,1.9835440367958102e-43
4.4,2.89503543966206,2.84958069676197,1.9954976349640503e-43
4.4,2.90102982335896,2.85567049683209,2.0072943255458505e-43
4.4,2.90451867086724,2.85921469286158,2.0140833275946204e-43
4.4,2.91051368090849,2.86530449293171,2.02560933300487e-43
4.4,2.91650908372054,2.87139429300184,2.0369493966531603e-43
4.4,2.91999852144732,2.87493848903132,2.04345885090707e-43
4.4,2.92599454068932,2.88102828910145,2.05448006120649e-43
4.4,2.9319909465008,2.88711808917159,2.06528341905634e-43
4.4,2.9354809651273,2.89066228520106,2.0714653635059e-43
4.4,2.94147797766087,2.89675208527119,2.08189697958932e-43
4.4,2.94747537069147,2.90284188534132,2.0920757401584e-43
4.4,2.95096596109254,2.90638608137081,2.09787756570653e-43
4.4,2.95696395133861,2.91247588144094,2.1076266301407303e-43
4.4,2.96296231613482,2.91856568151107,2.1170845230373e-43
4.4,2.96645346937398,2.92210987754055,2.1224486421556102e-43
4.4,2.9724524220751,2.92819967761068,2.1314134676062003e-43
4.4,2.97845174350185,2.93428947768081,2.1400452701951103e-43
4.4,2.98194345082648,2.93783367371029,2.1449087830040304e-43
4.4,2.98794335103868,2.94392347378042,2.15297837914923e-43
4.4,2.9939436142712,2.95001327385055,2.1606693458349804e-43
4.4,2.99743586710792,2.95355746988003,2.1649637097991204e-43
4.4,3.00343670019269,2.95964726995017,2.17201722026926e-43
4.4,3.00943789070873,2.96573707002029,2.1786425269835703e-43
4.4,3.01293068065879,2.96928126604978,2.1822932380186904e-43
4.4,3.01893243227542,2.97537106611991,2.1881994019418e-43
4.4,3.0249345358476,2.98146086619004,2.19362362214077e-43
4.4,3.02842785468253,2.98500506221952,2.19654991752951e-43
4.4,3.03443051078063,2.99109486228965,2.20116657476498e-43
4.4,3.04043351346902,2.99718466235978,2.2052432076394103e-43
4.4,3.04392735312638,3.00072885838926,2.2073578035693705e-43
4.4,3.04993089993862,3.00681865845939,2.2105314675462102e-43
4.4,3.05593478808361,3.01290845852952,2.21310254475251e-43
4.4,3.05942914066283,3.016452654559,2.2143114249254204e-43
4.4,3.06543356469788,3.02254245462913,2.2158769527379502e-43
4.4,3.0714383249132,3.02863225469926,2.21677275563485e-43
4.4,3.07493318267159,3.03217645072874,2.21697503082613e-43
4.4,3.08093847070731,3.03826625079887,2.2167554280424803e-43
4.4,3.08694408987329,3.04435605086901,2.2157943565294203e-43
4.4,3.09043944522211,3.04790024689849,2.21488222055021e-43
4.4,3.09644558429892,3.05399004696862,2.21268862625118e-43
4.4,3.10245204955589,3.06007984703875,2.2096772679604802e-43
4.4,3.10594789505661,3.06362404306823,2.20753608035225e-43
4.4,3.11195487247103,3.06971384313837,2.20316798873723e-43
4.4,3.11796217121303,3.07580364320849,2.1979014500470704e-43
4.4,3.12145849957363,3.07934783923798,2.19440998336162e-43
4.4,3.12746630287203,3.08543763930811,2.1876557704668802e-43
4.4,3.13347442274058,3.09152743937823,2.1799183428530902e-43
4.4,3.13697122681198,3.09507163540772,2.1749492400993604e-43
4.4,3.14297984378454,3.10116143547785,2.1655870793794103e-43
4.4,3.14898877266263,3.10725123554798,2.15515333195961e-43
4.4,3.15248604543526,3.11079543157746,2.1485738303648e-43
4.4,3.15849546411004,3.11688523164759,2.1363730990583803e-43
4.4,3.16450519011633,3.12297503171772,2.12300950702139e-43
4.4,3.16800292471674,3.1265192277472,2.11468249595025e-43
4.4,3.17401313335397,3.13260902781733,2.09940579703241e-43
4.4,3.18002364483709,3.13869882788746,2.0828730414511803e-43
4.4,3.18352183452471,3.14224302391695,2.07265853847088e-43
4.4,3.18953282161123,3.14833282398707,2.0540644912075103e-43
4.4,3.19554410714432,3.1544226240572,2.0341205960412604e-43
4.4,3.20106245933539,3.16001278779461,2.01459378828485e-43
4.4,3.21401563545451,3.1731335388548,1.96401740660491e-43
4.4,3.22697016557987,3.186254289915,1.90650432904888e-43
4.4,3.23451017515761,3.19389042136033,1.86970569188097e-43
4.4,3.24746681423705,3.20701117242053,1.8005460267757403e-43
4.4,3.26042476591018,3.22013192348071,1.7236437004234901e-43
4.4,3.26796674798596,3.22776805492605,1.6752243220223201e-43
4.4,3.28092674442874,3.24088880598624,1.5855996769664701e-43
4.4,3.29388801371425,3.25400955704644,1.48773731666898e-43
4.4,3.30143190855086,3.26164568849176,1.4269694254195e-43
4.4,3.31439516098438,3.27476643955196,1.3160418742665702e-43
4.4,3.3273596480892,3.28788719061214,1.1970501155678702e-43
4.4,3.33490539832327,3.29552332205749,1.1242270969097302e-43
4.4,3.34787180939139,3.30864407311767,9.93363374631391e-44
4.4,3.36083941846174,3.32176482417786,8.56022145264942e-44
4.4,3.36838696898761,3.3294009556232,7.73611199018405e-44
4.4,3.38135644515489,3.34252170668339,6.29002581162522e-44
4.4,3.3943270840849,3.35564245774359,4.82917341285777e-44
4.4,3.40187638194533,3.36327858918892,3.9873708744399996e-44
4.4,3.41484883331246,3.37639934024911,2.59542279167828e-44
4.4,3.42782241356379,3.3895200913093,1.3543152846419997e-44
4.4,3.43537340784687,3.39715622275464,7.613174306124239e-45
4.4,3.4483487479767,3.41027697381483,1.2644576743627001e-45
4.4,3.46132518440847,3.42339772487502,9.01492901286578e-48
4.4,3.46849463391251,3.43064643703472,0.0
4.6,0.51099907,0.0,0.0
4.6,0.511312904019196,0.017911903184159802,3.97771793009346e-48
4.6,0.517141079567985,0.07946600931137901,3.69192135646316e-47
4.6,0.530100672041809,0.141020115438588,1.0420768656422701e-46
4.6,0.5407345210183271,0.176843921806927,1.59841078683521e-46
4.6,0.563873806151474,0.238398027934136,2.85215978948968e-46
4.6,0.592529604550542,0.299952134061348,4.50553950095681e-46
4.6,0.611445444591996,0.33577594042968406,5.66399084530634e-46
4.6,0.64729530775201,0.397330046556895,8.015459480642781e-46
4.6,0.6868003458978991,0.45888415268410504,1.08567320725123e-45
4.6,0.711235554714961,0.494707959052443,1.27525197948766e-45
4.6,0.7553459702009391,0.556262065179653,1.64573980827209e-45
4.6,0.801758611471767,0.6178161713068631,2.07708728745907e-45
4.6,0.8296778109339201,0.653639977675201,2.35826249842768e-45
4.6,0.878989548883736,0.71519408380241,2.89710851047231e-45
4.6,0.9297622277226621,0.776748189929621,3.51177587258477e-45
4.6,0.959892337040209,0.8125719962979581,3.90706335932714e-45
4.6,1.01252974893673,0.8741261024251661,4.65572748911949e-45
4.6,1.06612264876865,0.9356802085523761,5.4989496237815797e-45
4.6,1.09769763621315,0.971504014920717,6.03655197300952e-45
4.6,1.15253161822309,1.03305812104793,7.0469823029436e-45
4.6,1.20801323561548,1.09461222717514,8.17548785169611e-45
4.6,1.2405666751426,1.13043603354347,8.89080589577771e-45
4.6,1.29690421489523,1.19199013967069,1.02282755555816e-44
4.6,1.35369613492611,1.2535442457979,1.1713437186195097e-44
4.6,1.38693547920868,1.28936805216623,1.26510548363696e-44
4.6,1.44433747002184,1.35092215829345,1.43978480167891e-44
4.6,1.50206832304412,1.41247626442065,1.63297385961787e-44
4.6,1.53580374546628,1.44830007078899,1.754596428295e-44
4.6,1.59398233525098,1.5098541769162,1.98060711847986e-44
4.6,1.65240553181061,1.57140828304341,2.2298593460305098e-44
4.6,1.68650972092535,1.60723208941174,2.38646531274637e-44
4.6,1.74527001233685,1.66878619553896,2.67696203815255e-44
4.6,1.80421661923147,1.73034030166617,2.99668163136131e-44
4.6,1.83860156261496,1.7661641080345,3.1972729726254097e-44
4.6,1.89780766146608,1.82771821416171,3.56886427317264e-44
4.6,1.95715864194775,1.88927232028892,3.97720142582564e-44
4.6,1.99176181969925,1.92509612665726,4.2330962199503e-44
4.6,2.05131645461237,1.98665023278447,4.706600063017009e-44
4.6,2.11098580371293,2.04820433891169,5.22618806103127e-44
4.6,2.14576172019639,2.08402814528003,5.55142488524741e-44
4.6,2.20559362691648,2.14558225140723,6.152481542216209e-44
4.6,2.2655178106321,2.20713635753444,6.810874500623439e-44
4.6,2.3004326433077,2.24296016390278,7.22234199558524e-44
4.6,2.36048852365622,2.30451427002999,7.9813143765693e-44
4.6,2.42061967483371,2.3660683761572,8.810290837661159e-44
4.6,2.45564779763266,2.40189218252553,9.326931098789578e-44
4.6,2.51588705362897,2.46344628865275,1.02765857418198e-43
4.6,2.57618847198333,2.52500039477996,1.13081405829582e-43
4.6,2.59558663887894,2.54478878305961,1.1657732777432801e-43
4.6,2.60190927083104,2.55123730846341,1.17735728296038e-43
4.6,2.60823251921793,2.55768583386722,1.1890359094369402e-43
4.6,2.61191286157787,2.56143880405819,1.19587637732795e-43
4.6,2.61823707604034,2.56788732946198,1.2077050801919301e-43
4.6,2.62456189547674,2.57433585486579,1.2196288524427801e-43
4.6,2.6282431469374,2.57808882505676,1.22661217124055e-43
4.6,2.63456891454116,2.58453735046057,1.23868658488856e-43
4.6,2.64089527593759,2.59098587586436,1.25085632861093e-43
4.6,2.64457741969666,2.59473884605534,1.2579828888747302e-43
4.6,2.65090471178791,2.60118737145913,1.27030352317195e-43
4.6,2.65723258676185,2.60763589686294,1.2827195357952e-43
4.6,2.66091560642459,2.6113888670539,1.28998940873217e-43
4.6,2.66724439504344,2.61783739245771,1.3025562036580201e-43
4.6,2.67357375589811,2.62428591786152,1.3152181850472701e-43
4.6,2.67725763546525,2.62803888805248,1.32263108090807e-43
4.6,2.68358789332499,2.63448741345629,1.3354433328034201e-43
4.6,2.68991871302902,2.64093593886009,1.34835030855026e-43
4.6,2.69360343688497,2.64468890905105,1.35590553058157e-43
4.6,2.69993513735215,2.65113743445486,1.36896181056101e-43
4.6,2.70626738951988,2.65758595985866,1.3821120471509002e-43
4.6,2.70995294242144,2.66133893004964,1.3898084406715401e-43
4.6,2.7162860594966,2.66778745545343,1.4031065042525e-43
4.6,2.72261971836912,2.67423598085724,1.4164974150825e-43
4.6,2.72630608543449,2.67798895104821,1.4243333111027203e-43
4.6,2.73264059373363,2.68443747645201,1.4378699985707601e-43
4.6,2.73897563416041,2.69088600185581,1.4514980404212902e-43
4.6,2.74266280085872,2.69463897204678,1.45947119349527e-43
4.6,2.7489986755953,2.70108749745058,1.4732423195362902e-43
4.6,2.75533507301653,2.70753602285438,1.4871028778453701e-43
4.6,2.7590230251576,2.71128899304536,1.49521039725919e-43
4.6,2.76536024212526,2.71773751844916,1.5092106292173801e-43
4.6,2.77169797255475,2.72418604385296,1.5232978915873902e-43
4.6,2.77538669627925,2.72793901404393,1.5315361654837701e-43
4.6,2.78172523183508,2.73438753944774,1.54575888895155e-43
4.6,2.78806427184377,2.74083606485154,1.56006570552817e-43
4.6,2.79175375361374,2.7445890350425,1.5684303171666702e-43
4.6,2.79809358466211,2.75103756044631,1.5828674877203401e-43
4.6,2.80443391136212,2.75748608585011,1.59738521720092e-43
4.6,2.80812413795179,2.76123905604108,1.6058708526269502e-43
4.6,2.81446524192876,2.76768758144489,1.62051283236414e-43
4.6,2.82080683295798,2.77413610684868,1.63523117227807e-43
4.6,2.8244977914449,2.77788907703966,1.6438315185738802e-43
4.6,2.83084014630312,2.78433760244346,1.65866689603006e-43
4.6,2.83718297981036,2.79078612784726,1.6735736958569802e-43
4.6,2.84087465756678,2.79453909803823,1.6822813290991303e-43
4.6,2.84721824176095,2.80098762344203,1.69729672099752e-43
4.6,2.85356229639151,2.80743614884583,1.7123777762048501e-43
4.6,2.85725468107619,2.81118911903681,1.72118403818663e-43
4.6,2.86359947354893,2.81763764444061,1.73636387129173e-43
4.6,2.86994472843073,2.82408616984441,1.7516026974295202e-43
4.6,2.87363780798084,2.82783914003538,1.7604975601237502e-43
4.6,2.87998378814909,2.83428766543919,1.775823831625e-43
4.6,2.88633022287922,2.84073619084299,1.7912014155276401e-43
4.6,2.89002398550263,2.84448916103395,1.80017333223074e-43
4.6,2.89637113324448,2.85093768643775,1.81562534649946e-43
4.6,2.90271872787618,2.85738621184156,1.83111987353698e-43
4.6,2.90641316204401,2.86113918203253,1.8401556155468e-43
4.6,2.91276145768596,2.86758770743633,1.8557096954947103e-43
4.6,2.91911019271606,2.87403623284014,1.87129625050382e-43
4.6,2.92280528715535,2.87778920303111,1.88038072814165e-43
4.6,2.92915471145998,2.8842377284349,1.8960098990599603e-43
4.6,2.93550456781674,2.89068625383871,1.91166013894331e-43
4.6,2.93920031150352,2.89443922402968,1.92077620571291e-43
4.6,2.94555084565759,2.90088774943349,1.9364498493e-43
4.6,2.9519018046889,2.90733627483728,1.95213164496407e-43
4.6,2.95559818684138,2.91108924502826,1.96125988348191e-43
4.6,2.96194981244425,2.91753777043206,1.9769433602752802e-43
4.6,2.9683018559063,2.92398629583586,1.99262040616014e-43
4.6,2.97199886597828,2.92773926602683,2.0017388948056e-43
4.6,2.9783515650308,2.93418779143063,2.0173931323078903e-43
4.6,2.98470467507699,2.94063631683443,2.03302452073263e-43
4.6,2.98840230275156,2.9443892870254,2.04210857947638e-43
4.6,2.99475605764524,2.95083781242921,2.05768962423896e-43
4.6,3.00111021681554,2.95728633783301,2.0732293829282703e-43
4.6,3.00480845199889,2.96103930802398,2.0822512973521e-43
4.6,3.01116324550543,2.96748783342779,2.09770982883797e-43
4.6,3.01751843671606,2.97393635883159,2.1131064194926904e-43
4.6,3.02121726953154,2.97768932902255,2.1220351418227404e-43
4.6,3.0275730847927,2.98413785442635,2.1373159462903903e-43
4.6,3.0339292913261,2.99058637983015,2.15251172257164e-43
4.6,3.03762871210848,2.99433935002113,2.1613125488054304e-43
4.6,3.04398553262629,3.00078787542493,2.17635395162295e-43
4.6,3.05034273812144,3.00723640082873,2.19128457505797e-43
4.6,3.05404273741126,3.0109893710197,2.1999187975343204e-43
4.6,3.0604005470385,3.0174378964235,2.21465205322659e-43
4.6,3.06675873548155,3.0238864218273,2.22924586674761e-43
4.6,3.07045930401978,3.02763939201827,2.2376704017876402e-43
4.6,3.07681808695079,3.03408791742208,2.2520190410726404e-43
4.6,3.08317724266594,3.04053644282588,2.26619639952561e-43
4.6,3.0868783713887,3.04428941301685,2.2743633903512402e-43
4.6,3.09323811215043,3.05073793842065,2.28824252507024e-43
4.6,3.09959821979113,3.05718646382446,2.3019150842118104e-43
4.6,3.10329989982463,3.06093943401543,2.30977147992424e-43
4.6,3.10966058326804,3.06738795941923,2.32308706754597e-43
4.6,3.11602162780846,3.07383648482303,2.3361570336766205e-43
4.6,3.11972385046405,3.077589455014,2.34364414594693e-43
4.6,3.12608546175571,3.08403798041781,2.3562922169350302e-43
4.6,3.13244742848245,3.09048650582161,2.36865156133287e-43
4.6,3.13615018525189,3.09423947601258,2.3757046016054105e-43
4.6,3.14251270986584,3.10068800141638,2.38757045537474e-43
4.6,3.14887558436993,3.10713652682019,2.3991000998708103e-43
4.6,3.15257886692072,3.11088949701115,2.40564770116545e-43
4.6,3.15894229063065,3.11733802241495,2.4166050782021e-43
4.6,3.16530605879973,3.12378654781876,2.42717406107318e-43
4.6,3.16900985897068,3.12753951800972,2.4331377904036503e-43
4.6,3.17537416784224,3.13398804341352,2.44304803221111e-43
4.6,3.18173881585306,3.14043656881733,2.4525126672224e-43
4.6,3.18544312564988,3.1441895390083,2.4578065367713303e-43
4.6,3.19180830603332,3.1506380644121,2.4665177489572503e-43
4.6,3.1981738203444,3.15708658981591,2.4747207949163203e-43
4.6,3.20187863193552,3.16083956000687,2.4792507830309e-43
4.6,3.20824467045849,3.16728808541068,2.4865970220890005e-43
4.6,3.21461103780302,3.17373661081447,2.4933668855748202e-43
4.6,3.21831634351551,3.17748958100545,2.49703048185825e-43
4.6,3.22468322707608,3.18393810640925,2.5028309925018303e-43
4.6,3.23105043445507,3.19038663181305,2.50798099365579e-43
4.6,3.23475622677062,3.19413960200403,2.5106667869568e-43
4.6,3.24112394253055,3.20058812740782,2.51472532465432e-43
4.6,3.24749197720611,3.20703665281162,2.51805306399868e-43
4.6,3.25119824875722,3.2107896230026,2.51964039727562e-43
4.6,3.25756678413541,3.2172381484064,2.5217446804009203e-43
4.6,3.26393563362428,3.2236866738102,2.5230315552971e-43
4.6,3.26764237719051,3.22743964400117,2.52339027714323e-43
4.6,3.27401171985659,3.23388816940497,2.52331162372878e-43
4.6,3.28038137192387,3.24033669480878,2.5223225547852e-43
4.6,3.28408858042822,3.24408966499975,2.5213129061120202e-43
4.6,3.29045871829641,3.25053819040355,2.5188061258045503e-43
4.6,3.29682916094942,3.25698671580736,2.51528956954123e-43
4.6,3.30053682745478,3.26073968599832,2.5127622519588705e-43
4.6,3.30690774867789,3.26718821140212,2.5075658789317e-43
4.6,3.31327897016026,3.27363673680593,2.5012542205776203e-43
4.6,3.31698708786604,3.27738970699689,2.4970507054675303e-43
4.6,3.32335878082963,3.2838382324007,2.4888876800588003e-43
4.6,3.32973076961554,3.2902867578045,2.47949812266452e-43
4.6,3.33343933185431,3.29403972799547,2.4734512725375e-43
4.6,3.33981178517105,3.30048825339927,2.46203020323764e-43
4.6,3.34618452995966,3.30693677880308,2.44926629647022e-43
4.6,3.34989353019392,3.31068974899404,2.4412013878727603e-43
4.6,3.3562667326981,3.31713827439785,2.4262185567188e-43
4.6,3.36264022240808,3.32358679980165,2.40977254156465e-43
4.6,3.36634965422717,3.32733976999262,2.3995087987521503e-43
4.6,3.37272359496936,3.33378829539642,2.3806511109112202e-43
4.6,3.37909781873364,3.34023682080022,2.36020729906555e-43
4.6,3.38494931845951,3.34615627832871,2.3400035139076e-43
4.6,3.39868437937027,3.36004991942599,2.2869639235773e-43
4.6,3.4124207242275,3.37394356052327,2.2256611385617704e-43
4.6,3.42041570936406,3.38202950538927,2.1859960582526702e-43
4.6,3.43415405396788,3.39592314648656,2.1106880162258502e-43
4.6,3.44789364314351,3.40981678758384,2.0259802465701303e-43
4.6,3.45589049855879,3.41790273244984,1.97220508980838e-43
4.6,3.4696320264593,3.43179637354713,1.87189761960939e-43
4.6,3.48337476114199,3.4456900146444,1.7613829860539801e-43
4.6,3.49137343004624,3.4537759595104,1.69230416966791e-43
4.6,3.5051180448766,3.46766960060769,1.5654102110597702e-43
4.6,3.51886383020601,3.48156324170497,1.4282677331523501e-43
4.6,3.52686425807349,3.48964918657097,1.34386290441732e-43
4.6,3.54061186729731,3.50354282766826,1.19135690347356e-43
4.6,3.5543606121696,3.51743646876554,1.03023281232448e-43
4.6,3.56236274662747,3.52552241363154,9.33051924733413e-44
4.6,3.57611326135135,3.53941605472882,7.6164457175018e-44
4.6,3.58986487823604,3.5533096958261,5.873348279619819e-44
4.6,3.59786866895966,3.5613956406921,4.86334981181196e-44
4.6,3.61162200375661,3.57528928178938,3.18318743013461e-44
4.6,3.62537640852397,3.58918292288667,1.67187375754771e-44
4.6,3.63338180713828,3.59726886775267,9.437974234792079e-45
4.6,3.6471378798812,3.61116250884995,1.59364422472814e-45
4.6,3.66089499163949,3.62505614994723,1.2555457253696001e-47
4.6,3.66849571000303,3.63273185423446,0.0
4.8,0.51099907,0.0,0.0
4.8,0.51134873964343,0.0189072471306496,3.84309335919139e-48
4.8,0.5178380184649359,0.08388184444101461,3.6707858988960395e-47
4.8,0.532238940506749,0.14885644175138,1.04273410605558e-46
4.8,0.544027653610288,0.18667093601268203,1.60268766490379e-46
4.8,0.56960119731467,0.251645533323047,2.8670666965608298e-46
4.8,0.6011392157089581,0.316620130633408,4.5380546160337696e-46
4.8,0.6218874117274941,0.354434624894714,5.710662365236009e-46
4.8,0.661078017492287,0.41940922220507704,8.09444611042493e-46
4.8,0.704093554969246,0.4843838195154391,1.0979849287985599e-45
4.8,0.7306237940637711,0.522198313776744,1.2907597328103899e-45
4.8,0.778390696922421,0.587172911087107,1.66797330144836e-45
4.8,0.828502517950243,0.65214750839747,2.1078220108196798e-45
4.8,0.858584657825757,0.689962002658775,2.3948701515416698e-45
4.8,0.9116190649135341,0.754936599969137,2.94560282828729e-45
4.8,0.9661130477150011,0.8199111972795001,3.57471631913826e-45
4.8,0.9984054344153069,0.8577256915408061,3.97973644610695e-45
4.8,1.05474919890318,0.922700288851171,4.7476829235667696e-45
4.8,1.112034950123,0.987674886161533,5.61382289542417e-45
4.8,1.14575238114563,1.02548938042284,6.166640521130429e-45
4.8,1.20425567728559,1.0904639777332,7.206833095590811e-45
4.8,1.26339160605078,1.15543857504357,8.370233824301589e-45
4.8,1.29806507423409,1.19325306930487,9.10850833527156e-45
4.8,1.35803420817624,1.25822766661523,1.04905231743544e-44
4.8,1.4184443171301,1.32320226392559,1.2027461894748298e-44
4.8,1.45378356903854,1.3610167581869,1.29989434304983e-44
4.8,1.5147842735828,1.42599135549726,1.48111092703388e-44
4.8,1.57610263687756,1.49096595280762,1.6818566065883898e-44
4.8,1.61192112241298,1.52878044706892,1.80840313734056e-44
4.8,1.67367117171364,1.59375504437929,2.0438887478331397e-44
4.8,1.73565666932166,1.65872964168966,2.30405623323572e-44
4.8,1.77183014275366,1.69654413595096,2.46775901091377e-44
4.8,1.83413966130484,1.76151873326132,2.7718867809983e-44
4.8,1.8966280437038,1.82649333057168,3.10728114024687e-44
4.8,1.93307105799926,1.86430782483299,3.31805286259431e-44
4.8,1.9958082858662,1.92928242214335,3.7091828583221e-44
4.8,2.05868431508604,1.99425701945371,4.1399749712287394e-44
4.8,2.09533641365603,2.03207151371502,4.4104509652419397e-44
4.8,2.15840738539034,2.09704611102539,4.91194153011297e-44
4.8,2.22158807901318,2.16202070833575,5.463705365369359e-44
4.8,2.25840540384716,2.19983520259705,5.809846055167449e-44
4.8,2.32174147555181,2.26480979990741,6.45105274688989e-44
4.8,2.3851656938377,2.32978439721778,7.15565455360089e-44
4.8,2.4221157198767,2.36759889147908,7.59717147375688e-44
4.8,2.48566567098275,2.43257348878945,8.413920690650439e-44
4.8,2.54928744788062,2.49754808609981,9.309483066135259e-44
4.8,2.58634558082175,2.53536258036111,9.86946860562052e-44
4.8,2.65007046833123,2.60033717767147,1.0902542361871802e-43
4.8,2.71385462164017,2.66531177498184,1.20303194000431e-43
4.8,2.73437183184526,2.6861997813357,1.2413879042757201e-43
4.8,2.74105907154334,2.69300664391107,1.2541128958247601e-43
4.8,2.74774689870583,2.69981350648645,1.2669496760009102e-43
4.8,2.75163940860564,2.70377502493287,1.2744721789712e-43
4.8,2.75832815640717,2.71058188750824,1.28748670864862e-43
4.8,2.76501748070818,2.71738875008361,1.3006141298334001e-43
4.8,2.76891085691998,2.72135026853003,1.3083062656673e-43
4.8,2.7756010847278,2.72815713110541,1.32161305164785e-43
4.8,2.782291878339,2.73496399368078,1.33503366271487e-43
4.8,2.7861861047895,2.7389255121272,1.3428968330784502e-43
4.8,2.79287778519409,2.74573237470256,1.35649813650414e-43
4.8,2.7995700209667,2.75253923727794,1.37021400348904e-43
4.8,2.80346508197442,2.75650075572436,1.37824931672604e-43
4.8,2.81015818823322,2.76330761829973,1.39214687279309e-43
4.8,2.81685183967755,2.7701144808751,1.4061595070193502e-43
4.8,2.82074771994104,2.77407599932152,1.4143677349083802e-43
4.8,2.82744222595843,2.7808828618969,1.42856267605734e-43
4.8,2.83413726722421,2.78768972447226,1.4428729540435302e-43
4.8,2.83803395181071,2.79165124291869,1.4512544836214002e-43
4.8,2.84472983211873,2.79845810549406,1.4657472539769602e-43
4.8,2.85142623797609,2.80526496806944,1.48035532823912e-43
4.8,2.85532371231058,2.80922648651585,1.488910108156e-43
4.8,2.86202094205036,2.81603334909123,1.5037003682713903e-43
4.8,2.86871868787143,2.8228402116666,1.51860556803857e-43
4.8,2.87261693772609,2.82680173011302,1.5273330488562302e-43
4.8,2.87931549262986,2.83360859268839,1.5424195697217302e-43
4.8,2.88601455437115,2.84041545526376,1.55762029048067e-43
4.8,2.88991356585514,2.84437697371018,1.5665193582668201e-43
4.8,2.89661342222895,2.85118383628556,1.5818999034308303e-43
4.8,2.90331377641419,2.85799069886093,1.5973934841843003e-43
4.8,2.90721353596383,2.86195221730735,1.6064623866852001e-43
4.8,2.91391467067078,2.86875907988272,1.6221335812448901e-43
4.8,2.92061629437449,2.8755659424581,1.6379161677485303e-43
4.8,2.92451678874375,2.87952746090451,1.6471524323587802e-43
4.8,2.9312191791879,2.88633432347989,1.6631096173254202e-43
4.8,2.93792205001938,2.89314118605526,1.6791760109019402e-43
4.8,2.94182326627074,2.89710270450169,1.6885763535635401e-43
4.8,2.94852689038145,2.90390956707705,1.70481342433446e-43
4.8,2.95523098646949,2.91071642965243,1.72115691330205e-43
4.8,2.95913291196502,2.91467794809885,1.7307171373887102e-43
4.8,2.96583774818196,2.92148481067422,1.74722636430378e-43
4.8,2.9725430481599,2.92829167324959,1.7638385373193101e-43
4.8,2.97644567055277,2.93225319169601,1.7735534214646801e-43
4.8,2.98315169781132,2.93906005427138,1.79032525088454e-43
4.8,2.98985818080274,2.94586691684675,1.80719578989978e-43
4.8,2.99376148802891,2.94982843529318,1.81705896364929e-43
4.8,3.00046868574613,2.95663529786855,1.83408179744995e-43
4.8,3.00717633135095,2.96344216044391,1.85119824827761e-43
4.8,3.0110803116212,2.96740367889035,1.8612020543178203e-43
4.8,3.01778865968222,2.97421054146571,1.87846200565185e-43
4.8,3.02449744796333,2.98101740404108,1.8958095239142602e-43
4.8,3.02840208975551,2.98497892248751,1.9059448655561e-43
4.8,3.03511156850043,2.99178578506287,1.9234254885495903e-43
4.8,3.04182147997068,2.99859264763825,1.9409865586216e-43
4.8,3.04572677202228,3.00255416608467,1.9512427310827203e-43
4.8,3.05243736223345,3.00936102866004,1.9689247217662e-43
4.8,3.05914837784315,3.01616789123542,1.98667884580478e-43
4.8,3.06305430914406,3.02012940968183,1.9970433497484e-43
4.8,3.06976599203379,3.0269362722572,2.0149042159167204e-43
4.8,3.07647809315858,3.03374313483258,2.03282757094349e-43
4.8,3.08038465294414,3.03770465327901,2.0432859065938e-43
4.8,3.08709741014286,3.04451151585437,2.0612996031040905e-43
4.8,3.093810578572,3.05131837842975,2.0793646621124904e-43
4.8,3.09771775631617,3.05527989687616,2.0899001021941304e-43
4.8,3.10443156986094,3.06208675945153,2.10803662904913e-43
4.8,3.11114578778596,3.06889362202691,2.1262117437787003e-43
4.8,3.11505357319489,3.07285514047333,2.1368050834071604e-43
4.8,3.12176842551827,3.0796620030487,2.1550300431995705e-43
4.8,3.128483675522,3.08646886562408,2.17327898497651e-43
4.8,3.13239205852763,3.09043038407049,2.18390826655983e-43
4.8,3.13910793244695,3.09723724664587,2.20218237797714e-43
4.8,3.14582419749292,3.10404410922124,2.22046383310124e-43
4.8,3.14973316824691,3.10800562766766,2.2311040442493203e-43
4.8,3.15645004695384,3.11481249024304,2.24938260789656e-43
4.8,3.16316731037599,3.12161935281841,2.2676496245161e-43
4.8,3.16707685924378,3.12558087126482,2.2782723669339104e-43
4.8,3.17379472629428,3.1323877338402,2.29650468072084e-43
4.8,3.18051297178703,3.13919459641557,2.3147040631580505e-43
4.8,3.18442308934212,3.14315611486199,2.3252771905105402e-43
4.8,3.19114192864669,3.14996297743736,2.34340591020009e-43
4.8,3.19786114025529,3.15676984001273,2.3614775578045302e-43
4.8,3.20177181727367,3.16073135845916,2.3719647806364802e-43
4.8,3.20849161308791,3.16753822103453,2.38992522308099e-43
4.8,3.21521177519914,3.1743450836099,2.4078014103169203e-43
4.8,3.21912300265393,3.17830660205632,2.41816186628038e-43
4.8,3.22584373956938,3.18511346463169,2.435881252171e-43
4.8,3.23256483690251,3.19192032720707,2.45348584729404e-43
4.8,3.23647660595877,3.19588184565349,2.46367363520912e-43
4.8,3.24319826889407,3.20268870822886,2.48107026893839e-43
4.8,3.24992028649209,3.20949557080423,2.49831788906845e-43
4.8,3.25383258850177,3.21345708925065,2.5082815657294203e-43
4.8,3.26055516269408,3.22026395182602,2.5252639511802204e-43
4.8,3.26727808591527,3.2270708144014,2.5420590530305906e-43
4.8,3.27119091241231,3.23103233284782,2.55174109245599e-43
4.8,3.27791438340899,3.23783919542319,2.5682069838977803e-43
4.8,3.28463819791868,3.24464605799856,2.58444288985067e-43
4.8,3.28855154061429,3.24860757644498,2.5937791051777904e-43
4.8,3.29527589426486,3.25541443902035,2.6096144948820703e-43
4.8,3.30200058602747,3.26222130159572,2.6251723568275704e-43
4.8,3.30591443680555,3.26618282004215,2.6340912865854e-43
4.8,3.31263965925387,3.27298968261752,2.6491693324166602e-43
4.8,3.31936521452522,3.27979654519289,2.66391703758578e-43
4.8,3.32327956543789,3.28375806363931,2.6723392992993904e-43
4.8,3.33000564311461,3.29056492621469,2.6865191985216804e-43
4.8,3.33673204843443,3.29737178879006,2.7003102249650502e-43
4.8,3.34064689169775,3.30133330723648,2.7081478413315e-43
4.8,3.34737381131293,3.30814016981185,2.72127366072005e-43
4.8,3.3541010534976,3.31494703238722,2.73394589404279e-43
4.8,3.35801638148737,3.31890855083364,2.74110159909026e-43
4.8,3.36474413002343,3.32571541340901,2.75300107584999e-43
4.8,3.37147219615897,3.33252227598438,2.7643756041195402e-43
4.8,3.37538800140669,3.33648379443081,2.7707421404732904e-43
4.8,3.38211656611148,3.34329065700618,2.78122547496204e-43
4.8,3.38884544354671,3.35009751958155,2.7911053854351702e-43
4.8,3.39276171873564,3.35405903802798,2.79656480772812e-43
4.8,3.39949108711572,3.36086590060335,2.80542347653686e-43
4.8,3.40622076345569,3.36767276317872,2.8135926862038704e-43
4.8,3.41013750141702,3.37163428162514,2.8180156910037503e-43
4.8,3.41686766123122,3.37844114420051,2.82502131831072e-43
4.8,3.42359812433074,3.38524800677588,2.8312434806170005e-43
4.8,3.42751531803994,3.3892095252223,2.8344887896833705e-43
4.8,3.43424625729304,3.39601638779768,2.8393921272273304e-43
4.8,3.44097749525048,3.40282325037305,2.8434096706084605e-43
4.8,3.44489513782367,3.40678476881947,2.84532350249355e-43
4.8,3.45162684476027,3.41359163139484,2.84785358324471e-43
4.8,3.45835884591153,3.42039849397021,2.8493869533463005e-43
4.8,3.46227693060202,3.42436001241664,2.84980262846792e-43
4.8,3.46900939370064,3.43116687499201,2.84966617685594e-43
4.8,3.47574214661328,3.43797373756738,2.8484133731417404e-43
4.8,3.47966066680814,3.4419352560138,2.8471511090863404e-43
4.8,3.48639387477545,3.44874211858917,2.84403231403291e-43
4.8,3.49312736824299,3.45554898116455,2.8396688372569402e-43
4.8,3.49704631745983,3.45951049961096,2.8365358070333205e-43
4.8,3.50378025922507,3.46631736218634,2.83009659019289e-43
4.8,3.51051448226146,3.4731242247617,2.82227594532849e-43
4.8,3.51443385414523,3.47708574320813,2.8170666887620505e-43
4.8,3.52116851885476,3.4838926057835,2.8069476351404104e-43
4.8,3.52790346068905,3.49069946835887,2.79530257152057e-43
4.8,3.53182324900891,3.4946609868053,2.78779987273537e-43
4.8,3.53855862602096,3.50146784938067,2.77362203077091e-43
4.8,3.54529427609205,3.50827471195603,2.75776674549486e-43
4.8,3.5492144747384,3.51223623040246,2.74774311750214e-43
4.8,3.55595055361796,3.51904309297784,2.72911092778755e-43
4.8,3.56268690156957,3.5258499555532,2.70864451391477e-43
4.8,3.56887080286618,3.53209835055733,2.68818975863707e-43
4.8,3.58338600253067,3.54676404537881,2.6336313540076403e-43
4.8,3.59790242279082,3.5614297402003,2.56938616554649e-43
4.8,3.60635137427659,3.56996501176213,2.5272928227502803e-43
4.8,3.62086969554595,3.58463070658362,2.44647568042029e-43
4.8,3.63538919989436,3.5992964014051,2.3544318579113604e-43
4.8,3.64383992925104,3.60783167296693,2.2954831064486803e-43
4.8,3.65836127646995,3.62249736778841,2.1846263584056702e-43
4.8,3.67288377076578,3.6371630626099,2.06133581314265e-43
4.8,3.68133622388983,3.64569833417174,1.9837415909342503e-43
4.8,3.69586050525291,3.66036402899321,1.84027808111828e-43
4.8,3.71038589912996,3.6750297238147,1.68403422992029e-43
4.8,3.71884002408065,3.68356499537653,1.58732191158196e-43
4.8,3.73336715144163,3.69823069019802,1.4116122968288201e-43
4.8,3.74789535812191,3.7128963850195,1.22472970841028e-43
4.8,3.75635110501489,3.72143165658134,1.111434286222e-43
4.8,3.77088099370691,3.73609735140282,9.10586398922348e-44
4.8,3.78541192982516,3.7507630462243,7.05015373407435e-44
4.8,3.7938692507321,3.75929831778614,5.852704927669149e-44
4.8,3.80840181939856,3.77396401260762,3.84936664860361e-44
4.8,3.82293540483686,3.7886297074291,2.0327461411519998e-44
4.8,3.83139425369096,3.79716497899094,1.15123894060016e-44
4.8,3.845929424126,3.81183067381242,1.9733072334600198e-45
4.8,3.86046558185788,3.8264963686339,1.7041258231139698e-47
4.8,3.86849667129329,3.83459860301784,0.0
5.0,0.51099907,0.0,0.0
5.0,0.511386474396093,0.0199016746632282,3.7188230834584e-48
5.0,0.5185709322723281,0.088293613907952,3.64850863980495e-47
5.0,0.534481442248115,0.15668555315267702,1.0424675545447e-46
5.0,0.5474741439906671,0.19648890247911902,1.60529617558934e-46
5.0,0.5755709425024851,0.264880841723848,2.87851672541942e-46
5.0,0.6100744184731841,0.33327278096857604,4.5646023721662304e-46
5.0,0.6326972803298351,0.373076130295018,5.74952684142063e-46
5.0,0.675288165129536,0.44146806953974704,8.161719411782091e-46
5.0,0.721856826592759,0.509860008784474,1.1086271976771001e-45
5.0,0.75049973803502,0.549663358110916,1.30425216927479e-45
5.0,0.801942890815948,0.618055297355645,1.6874893331907902e-45
5.0,0.855762734744364,0.686447236600373,2.13498527598287e-45
5.0,0.8880089881864411,0.726250585926815,2.42733198669975e-45
5.0,0.9447628233328571,0.7946425251715431,2.98881806527554e-45
5.0,1.00296985812693,0.863034464416276,3.63104129704994e-45
5.0,1.03741802927489,0.902837813742719,4.04491398967373e-45
5.0,1.09745491143323,0.971229752987445,4.83043866089558e-45
5.0,1.15841845310775,1.03962169223217,5.71752770722148e-45
5.0,1.1942690106859,1.07942504155861,6.2842822639415e-45
5.0,1.25642503594976,1.14781698080334,7.351793032003279e-45
5.0,1.31919831213709,1.21620892004807,8.547305114088051e-45
5.0,1.35598188423009,1.25601226937452,9.30674639870395e-45
5.0,1.41956562276959,1.32440420861924,1.0729915878312699e-44
5.0,1.48357714967762,1.39279614786397,1.23148099209828e-44
5.0,1.52100669587319,1.43259949719041,1.3317716817823498e-44
5.0,1.58558990340897,1.50099143643513,1.5190668402971298e-44
5.0,1.65047999969742,1.56938337567987,1.7268564443214898e-44
5.0,1.68837257898764,1.6091867250063,1.85800185739058e-44
5.0,1.75367905395804,1.67757866425104,2.1023546732128402e-44
5.0,1.81921230146793,1.74597060349577,2.37276329864048e-44
5.0,1.85744681219116,1.7857739528222,2.54313799376649e-44
5.0,1.92329176279763,1.85416589206693,2.8601073459658003e-44
5.0,1.98930858950507,1.92255783131166,3.2103076697651096e-44
5.0,2.02780212368373,1.96236118063811,3.4307157452687297e-44
5.0,2.09405785102865,2.03075311988283,3.8403807762862795e-44
5.0,2.16044671973194,2.09914505912756,4.2925340445312697e-44
5.0,2.19914081940397,2.138948408454,4.57691212497274e-44
5.0,2.26571654452176,2.20734034769873,5.10514871267228e-44
5.0,2.33239736995602,2.27573228694346,5.68775532224346e-44
5.0,2.37124974061711,2.3155356362699,6.053983011210419e-44
5.0,2.43807931266395,2.38392757551463,6.73387093186744e-44
5.0,2.50499322394501,2.45231951475935,7.48314177142957e-44
5.0,2.54397256652663,2.4921228640858,7.95378711960121e-44
5.0,2.61100672301234,2.56051480333053,8.826708112855879e-44
5.0,2.67810954045918,2.62890674257525,9.7872596597314e-44
5.0,2.71719222804697,2.6687100919017,1.0389688063785801e-43
5.0,2.78439357463106,2.73710203114642,1.1504731718059101e-43
5.0,2.85165153331223,2.80549397039115,1.27275061688279e-43
5.0,2.87328496557341,2.82748058240005,1.31447108548438e-43
5.0,2.88033589870428,2.83464545222568,1.3283274940980901e-43
5.0,2.88738739279271,2.84181032205132,1.3423133582395703e-43
5.0,2.89149154067451,2.84598019674266,1.3505128573456001e-43
5.0,2.89854391383396,2.8531450665683,1.36470498426302e-43
5.0,2.90559683744575,2.86030993639394,1.3790283888479402e-43
5.0,2.90970181249832,2.86447981108528,1.3874251506193102e-43
5.0,2.91675559876806,2.87164468091092,1.40195759041132e-43
5.0,2.92380992524358,2.87880955073655,1.41662298498493e-43
5.0,2.92791571206916,2.8829794254279,1.42521952839343e-43
5.0,2.93497088519246,2.89014429525353,1.4400964810508302e-43
5.0,2.94202658852578,2.89730916507917,1.4551078944917501e-43
5.0,2.94613317210348,2.90147903977052,1.46390648121772e-43
5.0,2.95318970646514,2.90864390959615,1.4791316823886202e-43
5.0,2.96024676128428,2.91580877942179,1.4944926499644202e-43
5.0,2.96435412695872,2.91997865411313,1.5034952404068501e-43
5.0,2.97141199756573,2.92714352393877,1.51907188306878e-43
5.0,2.97847037911361,2.93430839376442,1.5347853645347102e-43
5.0,2.98257851258397,2.93847826845576,1.5439935684486701e-43
5.0,2.98963769504686,2.94564313828139,1.5599242150500702e-43
5.0,2.99669737916291,2.95280800810703,1.5759925028198601e-43
5.0,3.00080626647233,2.95697788279837,1.5854075239717601e-43
5.0,3.00786673698725,2.96414275262401,1.60169400796534e-43
5.0,3.01492770008971,2.97130762244965,1.61811862421347e-43
5.0,3.01903732761509,2.97547749714099,1.6277411983838e-43
5.0,3.02609906294641,2.98264236696663,1.64438451392975e-43
5.0,3.03316128201523,2.98980723679227,1.6611660953615401e-43
5.0,3.0372716364574,2.99397711148361,1.6709964209292802e-43
5.0,3.04433461392102,3.00114198130925,1.68799659943316e-43
5.0,3.05139806648132,3.00830685113488,1.7051347683298301e-43
5.0,3.05550913485552,3.01247672582622,1.7151724286002503e-43
5.0,3.06257333230272,3.01964159565186,1.7325284005849601e-43
5.0,3.0696379964089,3.0268064654775,1.750021620561e-43
5.0,3.07374976603564,3.03097634016884,1.7602654969029302e-43
5.0,3.08081516183746,3.03814120999448,1.7779749375660103e-43
5.0,3.08788101605782,3.04530607982012,1.7958203523263803e-43
5.0,3.09199347455399,3.04947595451146,1.8062685270851402e-43
5.0,3.09906004758621,3.0566408243371,1.8243276837392902e-43
5.0,3.10612707098806,3.06380569416274,1.84252093696646e-43
5.0,3.11024020625841,3.06797556885408,1.85317058503036e-43
5.0,3.11730793588701,3.07514043867971,1.87157408419695e-43
5.0,3.12437610802239,3.08230530850535,1.89010911820435e-43
5.0,3.12848990825125,3.08647518319669,1.90095638583917e-43
5.0,3.13555877431837,3.09364005302234,1.91969701827739e-43
5.0,3.14262807521016,3.10080492284798,1.93856584976429e-43
5.0,3.14674252885348,3.10497479753932,1.94960571962465e-43
5.0,3.15381251166383,3.11213966736495,1.96867420012982e-43
5.0,3.16088292179237,3.11930453719059,1.9878666695918e-43
5.0,3.16499801757,3.12347441188193,1.99909280997294e-43
5.0,3.17206909787781,3.13063928170757,2.0184775097590004e-43
5.0,3.17914059816799,3.13780415153321,2.0379810024090703e-43
5.0,3.18325632505624,3.14197402622455,2.0493855993556805e-43
5.0,3.19032848405255,3.14913889605018,2.06907224783498e-43
5.0,3.19740105586127,3.15630376587582,2.08887138268266e-43
5.0,3.20151740308572,3.16047364056716,2.10044495299387e-43
5.0,3.20859062238616,3.1676385103928,2.1204163057277302e-43
5.0,3.2156642474903,3.17480338021845,2.1404925894987502e-43
5.0,3.21978120451881,3.17897325490979,2.15222377263202e-43
5.0,3.22685546615175,3.18613812473542,2.1724592419155103e-43
5.0,3.23393012673643,3.19330299456106,2.1927906841703403e-43
5.0,3.23804768327245,3.19747286925241,2.20466601089829e-43
5.0,3.24512296966757,3.20463773907804,2.2251412551312904e-43
5.0,3.25219864831491,3.21180260890368,2.24570194042422e-43
5.0,3.25631679429094,3.21597248359503,2.25770557564306e-43
5.0,3.26339308826816,3.22313735342066,2.27839204323355e-43
5.0,3.27046976794632,3.2303022232463,2.29915165652538e-43
5.0,3.27458849351762,3.23447209793764,2.31126511427096e-43
5.0,3.28166577827639,3.24163696776328,2.33212953786832e-43
5.0,3.288743442329,3.24880183758892,2.35305283794788e-43
5.0,3.29286273786753,3.25297171228026,2.3652546650855503e-43
5.0,3.29994099697646,3.2601365821059,2.3862585010241402e-43
5.0,3.30701962911241,3.26730145193154,2.4073047375767404e-43
5.0,3.3111394852009,3.27147132662287,2.4195701639136603e-43
5.0,3.31821870258777,3.27863619644852,2.44066897212976e-43
5.0,3.3252982868713,3.28580106627415,2.46179124117561e-43
5.0,3.32941869429759,3.2899709409655,2.4740917927257202e-43
5.0,3.3364988542396,3.29713581079113,2.4952345518321503e-43
5.0,3.34357937508074,3.30430068061677,2.51637908409966e-43
5.0,3.3477003248322,3.30847055530811,2.5286821564402e-43
5.0,3.35478141194665,3.31563542513375,2.54981050838576e-43
5.0,3.36186285409192,3.32280029495939,2.57091588559065e-43
5.0,3.36598433735017,3.32697016965073,2.58318427416465e-43
5.0,3.3730663365853,3.33413503947637,2.6042316936394402e-43
5.0,3.38014868510876,3.34129990930201,2.62522798690223e-43
5.0,3.38427069324446,3.34546978399334,2.6374193711421404e-43
5.0,3.39135358987069,3.35263465381899,2.65831025365993e-43
5.0,3.39843683016523,3.35979952364462,2.6791180790065105e-43
5.0,3.4025593547331,3.36396939833597,2.69118445732569e-43
5.0,3.40964313433449,3.3711342681616,2.71183312161442e-43
5.0,3.41672725210342,3.37829913798724,2.7323626078611104e-43
5.0,3.42085028483734,3.38246901267859,2.7442496808754803e-43
5.0,3.42793493330336,3.38963388250422,2.7645592810023503e-43
5.0,3.43501991455225,3.39679875232986,2.7847089459359203e-43
5.0,3.4391434473606,3.4009686270212,2.79635544558901e-43
5.0,3.44622895087809,3.40813349684684,2.8162167893213205e-43
5.0,3.45331478190688,3.41529836667248,2.8358723212650002e-43
5.0,3.45743880686797,3.41946824136382,2.84720928484321e-43
5.0,3.46452515191343,3.42663311118945,2.8664995567846703e-43
5.0,3.47161181930875,3.4337979810151,2.8855325005281805e-43
5.0,3.47573632866643,3.43796785570644,2.89648248872279e-43
5.0,3.48282350199848,3.44513272553208,2.91506387778414e-43
5.0,3.48991099262625,3.45229759535772,2.93333022585128e-43
5.0,3.49403597878559,3.45646747004905,2.94380648650507e-43
5.0,3.5011239674377,3.46363233987469,2.96152472132244e-43
5.0,3.50821226843594,3.47079720970033,2.9788634152871402e-43
5.0,3.51233772395913,3.47496708439167,2.98876899597516e-43
5.0,3.51942651523258,3.48213195421731,3.0054517950547403e-43
5.0,3.52651561400443,3.48929682404294,3.0216831456725503e-43
5.0,3.53064153160673,3.49346669873429,3.03090996132595e-43
5.0,3.53773111306374,3.50063156855993,3.04636541048243e-43
5.0,3.54482099727071,3.50779643838556,3.0612894516545705e-43
5.0,3.54894736981656,3.51196631307691,3.0697173169981905e-43
5.0,3.55603772927368,3.51913118290254,3.08373219303174e-43
5.0,3.56312838682909,3.52629605272819,3.0971269916728804e-43
5.0,3.56725520732833,3.53046592741953,3.1046226331780103e-43
5.0,3.57434633285001,3.53763079724516,3.11696070212186e-43
5.0,3.5814377519126,3.5447956670708,3.1285806564960402e-43
5.0,3.58556501351683,3.54896554176215,3.13499672466982e-43
5.0,3.59265689340916,3.55613041158778,3.14539705431792e-43
5.0,3.59974906237699,3.56329528141342,3.1549712257954504e-43
5.0,3.60387675837596,3.56746515610476,3.1601453366849303e-43
5.0,3.61096938118063,3.5746300259304,3.1683206776053704e-43
5.0,3.61806228868505,3.58179489575604,3.17555121651011e-43
5.0,3.62219041250327,3.58596477044738,3.17930506096375e-43
5.0,3.62928376699169,3.59312964027302,3.1849403686819204e-43
5.0,3.63637740189153,3.60029451009866,3.18950111550306e-43
5.0,3.64050594708488,3.60446438478999,3.19163968770659e-43
5.0,3.64760002225249,3.61162925461564,3.19439088211353e-43
5.0,3.65469437362847,3.61879412444128,3.1959262505199e-43
5.0,3.65882333388097,3.62296399913261,3.19623726274795e-43
5.0,3.66591811894169,3.63012886895825,3.19573034902218e-43
5.0,3.6730131760909,3.63729373878389,3.19385462746886e-43
5.0,3.67714254521156,3.64146361347523,3.1921081974104703e-43
5.0,3.68423802959245,3.64862848330087,3.1879389089027403e-43
5.0,3.69133378202308,3.65579335312651,3.1822361579839805e-43
5.0,3.69546355394283,3.65996322781786,3.1781848790063205e-43
5.0,3.70255972727885,3.66712809764349,3.1699190461782002e-43
5.0,3.70965616470502,3.67429296746913,3.1599438148564702e-43
5.0,3.71378633347372,3.67846284216047,3.1533233494343904e-43
5.0,3.72088318560269,3.68562771198611,3.14049825378418e-43
5.0,3.72798029793945,3.69279258181174,3.1257773980360304e-43
5.0,3.73211085772304,3.69696245650309,3.1163077710465304e-43
5.0,3.73920837868072,3.70412732632873,3.09843480965296e-43
5.0,3.74630615603919,3.71129219615436,3.0784707698233705e-43
5.0,3.75282182224942,3.71786922578116,3.0582374755428702e-43
5.0,3.76811567054441,3.7333062634964,3.00322338445539e-43
5.0,3.78341068190066,3.74874330121164,2.9370147228949704e-43
5.0,3.79231273853851,3.75772748577389,2.8930132659400202e-43
5.0,3.80760956124152,3.77316452348913,2.8074749669111402e-43
5.0,3.82290751118845,3.78860156120437,2.70872072615432e-43
5.0,3.83181126179131,3.79758574576662,2.6448736703785104e-43
5.0,3.84711096758238,3.81302278348186,2.52376214872259e-43
5.0,3.86241176624935,3.8284598211971,2.38773011011935e-43
5.0,3.87131715916938,3.83744400575936,2.3015044947512703e-43
5.0,3.88661966041273,3.8528810434746,2.1410101725997305e-43
5.0,3.90192322154102,3.86831808118983,1.96483757084343e-43
5.0,3.91083020719989,3.87730226575209,1.85515248114716e-43
5.0,3.92613541976078,3.89273930346733,1.6547573079002601e-43
5.0,3.94144166052474,3.90817634118257,1.4401831313934902e-43
5.0,3.95035019131144,3.91716052574482,1.3094338279736002e-43
5.0,3.96565803438381,3.93259756346006,1.0764755195312702e-43
5.0,3.98096687522243,3.9480346011753,8.3652873914184e-44
5.0,3.98987690539705,3.95701878573755,6.96045300100746e-44
5.0,4.00518730134121,3.97245582345279,4.59745688109383e-44
5.0,4.02049866579953,3.98789286116803,2.4386495631833e-44
5.0,4.02941015140262,3.99687704573028,1.38443721132726e-44
5.0,4.04472302559225,4.01231408344552,2.40630153628173e-45
5.0,4.06003684017185,4.02775112116076,2.2616948294225e-47
5.0,4.06849753528585,4.03627949293482,0.0
5.2,0.51099907,0.0,0.0
5.2,0.511426107856899,0.0208953166233879,3.60397659924627e-48
5.2,0.5193396686839871,0.0927018981894571,3.6255083509341102e-47
5.2,0.5368268710229941,0.16450847975552302,1.04146604561504e-46
5.2,0.551071114799532,0.20629911300229603,1.6065520348037602e-46
5.2,0.5817755812099861,0.278105694568364,2.88711429588001e-46
5.2,0.619321120688166,0.34991227613443504,4.58616646602423e-46
5.2,0.6438565203199901,0.391702909381205,5.7818320478768e-46
5.2,0.689899338845216,0.46350949094727406,8.21906067214451e-46
5.2,0.740056313419443,0.535316072513344,1.11784252297851e-45
5.2,0.770825660817125,0.577106705760116,1.3160148618454399e-45
5.2,0.825959141852271,0.648913287326184,1.70465807632442e-45
5.2,0.883491470789012,0.720719868892253,2.15904658061902e-45
5.2,0.917901037919215,0.762510502139024,2.4561827029814396e-45
5.2,0.978368563325211,0.8343170837050939,3.02741472110359e-45
5.2,1.04027887910181,0.9061236652711671,3.68155584714999e-45
5.2,1.07687583633194,0.9479142985179361,4.10349438722976e-45
5.2,1.14059226843783,1.019720880084,4.9050704035354e-45
5.2,1.20521875569422,1.09152746165008,5.81133970248058e-45
5.2,1.24319344985464,1.13331809489685,6.39088020035773e-45
5.2,1.30898645346723,1.20512467646292,7.48350377169176e-45
5.2,1.37538121525356,1.27693125802899,8.70860823909204e-45
5.2,1.41426570207679,1.31872189127575,9.487593289980661e-45
5.2,1.48144844099438,1.39052847284182,1.09488355567014e-44
5.2,1.54904611322291,1.46233505440789,1.25782007606144e-44
5.2,1.58855724914259,1.50412568765466,1.3610304553943198e-44
5.2,1.65670835294329,1.57593226922073,1.55398394690023e-44
5.2,1.72515604219824,1.64773885078681,1.7683462024412998e-44
5.2,1.7651147064595,1.68952948403357,1.90379087536233e-44
5.2,1.83396422689291,1.76133606559965,2.1564491633006198e-44
5.2,1.90303232090224,1.83314264716571,2.43647345787361e-44
5.2,1.94332057456797,1.87493328041248,2.61312460422026e-44
5.2,2.01268878363177,1.94673986197855,2.9421982809736195e-44
5.2,2.08222232105208,2.01854644354462,3.3063895691528197e-44
5.2,2.1227597413608,2.06033707679139,3.53592173028887e-44
5.2,2.19252289142321,2.13214365835746,3.96317283065243e-44
5.2,2.26241391208591,2.20395023992353,4.43564722706677e-44
5.2,2.3031439640128,2.24574087317031,4.73327854032315e-44
5.2,2.37321432965839,2.31754745473638,5.287069306129869e-44
5.2,2.44338551201722,2.38935403630245,5.899228321664399e-44
5.2,2.48426738774602,2.43114466954922,6.284746915158549e-44
5.2,2.55458118191621,2.50295125111528,7.00187325248038e-44
5.2,2.62497579922079,2.57475783268135,7.794282744952669e-44
5.2,2.66597935552616,2.61654846592812,8.293130973848189e-44
5.2,2.73648915783132,2.68835504749419,9.22058840491455e-44
5.2,2.80706470678491,2.76016162906026,1.0244465465047901e-43
5.2,2.84816722293273,2.80195226230703,1.0888373913965802e-43
5.2,2.91883708731401,2.8737588438731,1.2083787782444101e-43
5.2,2.9895611258316,2.94556542543917,1.34001101327237e-43
5.2,3.01230834038111,2.96864977523263,1.38505460108787e-43
5.2,3.01972217637121,2.97617236949193,1.4000296504489e-43
5.2,3.027136548994,2.98369496375123,1.4151522052010603e-43
5.2,3.03145187702201,2.98807303009137,1.4240216723498302e-43
5.2,3.03886709057335,2.99559562435067,1.4393796528255402e-43
5.2,3.04628283067873,3.00311821860998,1.45488773664755e-43
5.2,3.05059894996533,3.00749628495011,1.4639827570246001e-43
5.2,3.05801551525333,3.01501887920942,1.4797302899170903e-43
5.2,3.06543259726573,3.02254147346872,1.49563040903957e-43
5.2,3.0697494930397,3.02691953980885,1.5049547124368603e-43
5.2,3.07716738487671,3.03444213406816,1.52109810210964e-43
5.2,3.08458578384995,3.04196472832746,1.53739642005619e-43
5.2,3.08890344170291,3.0463427946676,1.5469535244565102e-43
5.2,3.09632263551887,3.0538653889269,1.5634986891132202e-43
5.2,3.10374232711702,3.06138798318621,1.5802009539177001e-43
5.2,3.10806073299239,3.06576604952634,1.5899941214183501e-43
5.2,3.11548120481615,3.07328864378565,1.6069465146955101e-43
5.2,3.12290216529511,3.08081123804494,1.6240579770005901e-43
5.2,3.12722130547759,3.08518930438508,1.63409016447858e-43
5.2,3.13464303191885,3.09271189864438,1.6514546871011601e-43
5.2,3.14206523810863,3.10023449290369,1.66898000727964e-43
5.2,3.14638509921392,3.10461255924383,1.67925381020134e-43
5.2,3.15380805744592,3.11213515350313,1.6970347100209601e-43
5.2,3.16123148673346,3.11965774776243,1.7149778535655201e-43
5.2,3.1655520556984,3.12403581410257,1.72549544284858e-43
5.2,3.17297622344114,3.13155840836187,1.7436962022285102e-43
5.2,3.18040085375382,3.13908100262118,1.7620603217663102e-43
5.2,3.18472211782692,3.14345906896131,1.77282337255703e-43
5.2,3.19214747333099,3.15098166322062,1.79144658143237e-43
5.2,3.19957328312068,3.15850425747992,1.81023388380067e-43
5.2,3.20389522985291,3.16288232382006,1.8212434952505004e-43
5.2,3.21132175188389,3.17040491807935,1.8402907081815104e-43
5.2,3.21874872011157,3.17792751233866,1.85950230477027e-43
5.2,3.22307133734751,3.1823055786788,1.87075890973416e-43
5.2,3.23049900517095,3.1898281729381,1.8902304850235702e-43
5.2,3.23792711129184,3.19735076719741,1.90986622339395e-43
5.2,3.24225038716113,3.20172883353754,1.9213694868457203e-43
5.2,3.24967918052797,3.20925142779684,1.9412644055995403e-43
5.2,3.25710840447722,3.21677402205615,1.9613226801469503e-43
5.2,3.26143232738633,3.22115208839628,1.97307138497607e-43
5.2,3.26886222651889,3.22867468265559,1.9933870477167904e-43
5.2,3.27629254869772,3.23619727691489,2.0138645868956105e-43
5.2,3.28061710732193,3.24057534325503,2.0258565055910103e-43
5.2,3.28804809290036,3.24809793751433,2.04658850377819e-43
5.2,3.29547949416271,3.25562053177364,2.06748013116927e-43
5.2,3.29980467743844,3.25999859811377,2.07971188172438e-43
5.2,3.30723673058764,3.26752119237307,2.1008537412844704e-43
5.2,3.31466919222721,3.27504378663237,2.1221521072166504e-43
5.2,3.3189949893446,3.27942185297252,2.1346189914221402e-43
5.2,3.32642809162154,3.28694444723181,2.1561618847157603e-43
5.2,3.33386159535937,3.29446704149112,2.17785716550254e-43
5.2,3.33818799575504,3.29884510783125,2.1905529875734502e-43
5.2,3.34562212913659,3.30636770209056,2.21248541092457e-43
5.2,3.35305665710895,3.31389029634986,2.2345649714820305e-43
5.2,3.35738365045912,3.31826836269,2.2474818347538105e-43
5.2,3.36481879733019,3.3257909569493,2.2697892465294903e-43
5.2,3.37225433207695,3.3333135512086,2.29223726235427e-43
5.2,3.37658190829069,3.33769161754874,2.30536534156103e-43
5.2,3.38401805143285,3.34521421180804,2.32802975713218e-43
5.2,3.39145457588621,3.35273680606734,2.3508267911587003e-43
5.2,3.39578272509894,3.35711487240748,2.36415407753185e-43
5.2,3.40321984767936,3.36463746666678,2.38715361594933e-43
5.2,3.41065734515297,3.37216006092609,2.4102761451449604e-43
5.2,3.4149860577202,3.37653812726622,2.4237881613252e-43
5.2,3.42242414328101,3.38406072152553,2.4470965384489e-43
5.2,3.42986259745939,3.39158331578483,2.47051642469649e-43
5.2,3.43419186395067,3.39596138212497,2.48419590621168e-43
5.2,3.44163089639859,3.40348397638427,2.5077818684864403e-43
5.2,3.449070291327,3.41100657064358,2.53146576754605e-43
5.2,3.45340010252001,3.41538463698371,2.54529230699635e-43
5.2,3.4608400661164,3.42290723124301,2.56911899948231e-43
5.2,3.46828038619093,3.43042982550231,2.59302770210074e-43
5.2,3.47261073306584,3.43480789184245,2.6069773528957002e-43
5.2,3.48005161241704,3.44233048610176,2.6310016150603105e-43
5.2,3.4874928423751,3.44985308036106,2.6550893125046802e-43
5.2,3.49182371610904,3.4542311467012,2.66913414707444e-43
5.2,3.499265496157,3.4617537409605,2.6933057286845002e-43
5.2,3.50670762106809,3.4692763352198,2.71751919586133e-43
5.2,3.51103901302985,3.47365440155994,2.73162681465471e-43
5.2,3.5184816790431,3.48117699581924,2.75588750443527e-43
5.2,3.52592468429986,3.48869959007854,2.7801651925968404e-43
5.2,3.53025658604475,3.49307765641869,2.79429817898922e-43
5.2,3.53770012360964,3.50060025067799,2.81858083794934e-43
5.2,3.54514399491921,3.50812284493729,2.8428518687366203e-43
5.2,3.54947639818405,3.51250091127743,2.85696718514693e-43
5.2,3.55692079319627,3.52002350553673,2.88119467616748e-43
5.2,3.56436551657193,3.52754609979604,2.90537772918794e-43
5.2,3.56869841327024,3.53192416613617,2.91942604961937e-43
5.2,3.57614365192659,3.53944676039547,2.94351005571093e-43
5.2,3.58358921367963,3.54696935465478,2.96751214107243e-43
5.2,3.58792259589698,3.55134742099492,2.9814371153661102e-43
5.2,3.59536866468745,3.55887001525422,3.00527683779533e-43
5.2,3.60281505141931,3.56639260951352,3.02899194598667e-43
5.2,3.60714891140874,3.57077067585366,3.04272939141264e-43
5.2,3.61459579710879,3.57829327011296,3.06621012103731e-43
5.2,3.62204299570348,3.58581586437226,3.08951774334192e-43
5.2,3.62637732588116,3.5901939307124,3.1029947597132503e-43
5.2,3.63382501554427,3.5977165249717,3.12598631511894e-43
5.2,3.64127301316098,3.60523911923101,3.14874982876248e-43
5.2,3.64560780610194,3.60961718557114,3.16188383400517e-43
5.2,3.65305628705235,3.61713977983044,3.18423886211023e-43
5.2,3.6605050711183,3.62466237408975,3.20630377725025e-43
5.2,3.66484031955233,3.62904044042989,3.2190014624496904e-43
5.2,3.67228957937806,3.63656303468919,3.2405536002034405e-43
5.2,3.6797391375816,3.64408562894849,3.2617456679387304e-43
5.2,3.68407483438923,3.64846369528863,3.27390187177538e-43
5.2,3.69152486093529,3.65598628954793,3.29446377104872e-43
5.2,3.69897518121917,3.66350888380723,3.3145869572495503e-43
5.2,3.70331131942782,3.66788695014737,3.32608346383674e-43
5.2,3.71076210078961,3.67540954440667,3.3454446876165503e-43
5.2,3.71821317134448,3.68293213866597,3.36427902278757e-43
5.2,3.72254974412473,3.68731020500611,3.37498329015284e-43
5.2,3.73000126864166,3.69483279926542,3.3929080952241202e-43
5.2,3.73745307789977,3.70235539352472,3.4102074195509304e-43
5.2,3.74179007856167,3.70673345986486,3.4199712515794e-43
5.2,3.74924233481097,3.71425605412416,3.43619628321786e-43
5.2,3.75669487144004,3.72177864838346,3.4516859164756005e-43
5.2,3.76103229342964,3.7261567147236,3.46034409808277e-43
5.2,3.76848527022037,3.7336793089829,3.4745760349121302e-43
5.2,3.77593852311766,3.74120190324221,3.48795041602311e-43
5.2,3.78027636001355,3.74557996958234,3.49531934062132e-43
5.2,3.78773004638076,3.75310256384165,3.5072325455883504e-43
5.2,3.79518400466732,3.76062515810095,3.5181529054056403e-43
5.2,3.79952225017734,3.76500322444109,3.5240292357526006e-43
5.2,3.80697663537641,3.77252581870039,3.5332634909193203e-43
5.2,3.81443128839149,3.78004841295969,3.5413556461742006e-43
5.2,3.81876993634947,3.78442647929983,3.5455150645251403e-43
5.2,3.82622500985068,3.79194907355913,3.5516734955821305e-43
5.2,3.83368034714631,3.79947166781843,3.5565258827456705e-43
5.2,3.838019391509,3.80384973415857,3.5587220062409405e-43
5.2,3.84547514299213,3.81137232841787,3.5613693387974704e-43
5.2,3.85293115432788,3.81889492267717,3.5625314465330404e-43
5.2,3.85727058917186,3.82327298901731,3.5624950081562103e-43
5.2,3.86472700852111,3.83079558327662,3.5611563431136005e-43
5.2,3.87218368385896,3.83831817753592,3.5581377501036705e-43
5.2,3.87652350337774,3.84269624387606,3.5555761753312203e-43
5.2,3.88398058067664,3.85021883813536,3.54973652638214e-43
5.2,3.89143791017604,3.85774143239466,3.54200681445491e-43
5.2,3.89577810867719,3.8621194987348,3.5366043637348002e-43
5.2,3.9032358342038,3.8696420929941,3.5257092715906206e-43
5.2,3.91069380821686,3.87716468725341,3.5126991594012606e-43
5.2,3.91503438011921,3.88154275359354,3.50411785313751e-43
5.2,3.92249274434136,3.88906534785284,3.4875754787233207e-43
5.2,3.92995135340816,3.89658794211215,3.46867961835398e-43
5.2,3.93679823684828,3.90349334674864,3.44918051661849e-43
5.2,3.952869451945,3.91970111801641,3.3948789606635602e-43
5.2,3.96894177763886,3.93590888928418,3.3278050972211006e-43
5.2,3.97829619868176,3.94534163221702,3.28249127457859e-43
5.2,3.9943702539689,3.96154940348479,3.1931590990199105e-43
5.2,4.01044538559452,3.97775717475257,3.0884693262650503e-43
5.2,4.01980142410455,3.9871899176854,3.02008948952984e-43
5.2,4.03587823223849,4.00339768895317,2.8891759216883102e-43
5.2,4.05195608384135,4.01960546022095,2.74059501548015e-43
5.2,4.06131369042254,4.02903820315379,2.64571192729776e-43
5.2,4.07739316759062,4.04524597442156,2.4678720195956604e-43
5.2,4.09347365667775,4.06145374568932,2.2710736476990005e-43
5.2,4.1028327839174,4.07088648862217,2.14781597669987e-43
5.2,4.118914849662,4.08709425988994,1.92134261525077e-43
5.2,4.13499789703016,4.10330203115771,1.6771970884646501e-43
5.2,4.14435849940066,4.11273477409055,1.5276661365889902e-43
5.2,4.16044307645363,4.12894254535832,1.2599098112962703e-43
5.2,4.17652860602753,4.14515031662609,9.82404171427034e-44
5.2,4.18589063979399,4.15458305955893,8.19125013318194e-44
5.2,4.20197765392071,4.17079083082671,5.43065629543025e-44
5.2,4.21806559260071,4.18699860209448,2.8910626913618495e-44
5.2,4.22742901573387,4.19643134502732,1.64400989934166e-44
5.2,4.24351839558642,4.21263911629509,2.89532116714954e-45
5.2,4.25960867310495,4.22884688756286,2.94329063993717e-47
5.2,4.26849831608675,4.23780106008937,0.0
5.4,0.51099907,0.0,0.0
5.4,0.511467639584527,0.0218882799987288,3.49768574746943e-48
5.4,0.5201440688714011,0.0971071719350936,3.60210444405285e-47
5.4,0.539273883875615,0.172326063871445,1.03988084171411e-46
5.4,0.554815639274792,0.21610262386891899,1.6067101494893502e-46
5.4,0.588207680255832,0.291321515805274,2.89335112074358e-46
5.4,0.628865581860116,0.36654040774162605,4.60355140448197e-46
5.4,0.655347284693753,0.41031696773910104,5.80860142061507e-46
5.4,0.704886601214442,0.485535859675455,8.26793843459626e-46
5.4,0.7586606230694231,0.560754751611808,1.1258319217524299e-45
5.4,0.791566899419692,0.604531311609283,1.32628528983246e-45
5.4,0.850400134502105,0.6797502035456361,1.71978907760543e-45
5.4,0.911645975515582,0.754969095481989,2.1804006599490303e-45
5.4,0.948216574253047,0.7987456554794641,2.4818732219275602e-45
5.4,1.01239028031713,0.873964547415816,3.06195259325133e-45
5.4,1.0779931591069,0.949183439352167,3.72694547820831e-45
5.4,1.11673166421004,0.9929599993496521,4.1562446333170696e-45
5.4,1.18411409641548,1.068178891286,4.97250044708439e-45
5.4,1.25238913290505,1.14339778322236,5.89635705178591e-45
5.4,1.29247938890347,1.18717434321982,6.48764490135481e-45
5.4,1.36189453692603,1.26239323515619,7.603387243215229e-45
5.4,1.43189603396541,1.33761212709253,8.855800726915729e-45
5.4,1.47287295934209,1.38138868709001,9.652855344241379e-45
5.4,1.54364040139467,1.45660757902636,1.11493651774337e-44
5.4,1.61481032529612,1.53182647096272,1.2820021472129799e-44
5.4,1.65639517045656,1.57560303096019,1.3879283706762699e-44
5.4,1.72810100128919,1.65082192289654,1.58615489341164e-44
5.4,1.80009359312506,1.7260408148329,1.8066564047353198e-44
5.4,1.84211117737023,1.76981737483037,1.94612411690467e-44
5.4,1.91449180599588,1.84503626676673,2.20656866364726e-44
5.4,1.98708327054169,1.92025515870308,2.49562851286093e-44
5.4,2.02941879403999,1.96403171870056,2.67818828156287e-44
5.4,2.10229947974209,2.03925061063691,3.0186784667645e-44
5.4,2.17533935900891,2.11446950257326,3.39609730133064e-44
5.4,2.21791481264339,2.15824606257074,3.63427208123194e-44
5.4,2.29117562673668,2.23346495450709,4.0782140697606897e-44
5.4,2.36455939920522,2.30868384644344,4.57002363161647e-44
5.4,2.40732008952134,2.35246040644092,4.880290442713289e-44
5.4,2.48087622127958,2.42767929837728,5.45849535343057e-44
5.4,2.55452919353373,2.50289819031363,6.0989643875212e-44
5.4,2.59743572267207,2.5466747503111,6.50300295363841e-44
5.4,2.67122562147013,2.62189364224745,7.25596119305248e-44
5.4,2.74509308978626,2.69711253418381,8.090002958656919e-44
5.4,2.78811640290407,2.74088909418128,8.616134817580701e-44
5.4,2.86209437982335,2.81610798611764,9.596486613410259e-44
5.4,2.93613541331089,2.89132687805399,1.06819896140027e-43
5.4,2.97925363834676,2.93510343805147,1.1366376998895e-43
5.4,3.05338510181145,3.01032232998781,1.26404572232498e-43
5.4,3.12756849353202,3.08554122192417,1.40487117819125e-43
5.4,3.15142736686746,3.10972255982753,1.45318953433845e-43
5.4,3.15920341770545,3.11760263422087,1.4692679848348401e-43
5.4,3.16697998278916,3.1254827086142,1.48551227395444e-43
5.4,3.17150609256368,3.13006882442346,1.49504314250252e-43
5.4,3.17928346347513,3.1379488988168,1.5115525065293701e-43
5.4,3.1870613389499,3.14582897321012,1.52823113214284e-43
5.4,3.1915882069374,3.15041508901939,1.53801634445166e-43
5.4,3.19936687311365,3.15829516341272,1.5549654011799902e-43
5.4,3.20714603441082,3.16617523780605,1.57208706261135e-43
5.4,3.21167364642195,3.17076135361531,1.5821316411681802e-43
5.4,3.21945358366815,3.17864142800864,1.5995289444214901e-43
5.4,3.2272340068255,3.18652150240197,1.6171020906228e-43
5.4,3.23176234902052,3.19110761821123,1.6274109001648101e-43
5.4,3.23954353373687,3.19898769260457,1.6452647110897602e-43
5.4,3.24732519538018,3.20686776699789,1.6632974697858402e-43
5.4,3.25185425425833,3.21145388280715,1.67387517436745e-43
5.4,3.25963666342202,3.21933395720049,1.6921933846529801e-43
5.4,3.26741954074724,3.22721403159382,1.7106934815745501e-43
5.4,3.2719493031365,3.23180014740308,1.7215444956567502e-43
5.4,3.27973291428429,3.23968022179641,1.7403345401186101e-43
5.4,3.28751698504036,3.24756029618974,1.75930920711703e-43
5.4,3.29204743808756,3.25214641199901,1.7704376399390402e-43
5.4,3.299832229299,3.26002648639233,1.7897063968899602e-43
5.4,3.30761747177132,3.26790656078567,1.80916226720279e-43
5.4,3.31214860293259,3.27249267659493,1.82057185942624e-43
5.4,3.31993455281383,3.28037275098826,1.84032553789943e-43
5.4,3.32772094580824,3.28825282538159,1.86026852775412e-43
5.4,3.33225274283986,3.29283894119085,1.8719625797993603e-43
5.4,3.340039830508,3.30071901558419,1.89220659112479e-43
5.4,3.34782735333543,3.30859908997752,1.9126417648559902e-43
5.4,3.35235980428492,3.31318520578678,1.92462305535141e-43
5.4,3.36014800935296,3.32106528018011,1.9453618677523e-43
5.4,3.36793664181453,3.32894535457344,1.9662932851843303e-43
5.4,3.37246973501212,3.3335314703827,1.97856397868394e-43
5.4,3.3802590375744,3.34141154477603,1.9998009524843e-43
5.4,3.38804875994709,3.34929161916937,2.02123149601743e-43
5.4,3.39258248399743,3.35387773497862,2.0337930384725904e-43
5.4,3.40037286461561,3.36175780937195,2.0555302395403e-43
5.4,3.40816365763839,3.36963788376529,2.0774614184408803e-43
5.4,3.41269800141262,3.37422399957454,2.09031441892154e-43
5.4,3.4204894411021,3.38210407396787,2.11255240761048e-43
5.4,3.42828128596257,3.38998414836121,2.13498413666594e-43
5.4,3.43281623859059,3.39457026417047,2.1481282336123002e-43
5.4,3.44060871880744,3.4024503385638,2.17086582614699e-43
5.4,3.44840159712891,3.41033041295713,2.1937961754779204e-43
5.4,3.45293714799195,3.41491652876639,2.20722988555772e-43
5.4,3.46073065062027,3.42279660315972,2.2304638844367006e-43
5.4,3.46852454444932,3.43067667755306,2.25388879689157e-43
5.4,3.47306068317275,3.43526279336232,2.2676093443004304e-43
5.4,3.48085519051245,3.44314286775565,2.2913342338783e-43
5.4,3.48865008230683,3.45102294214898,2.31524720600729e-43
5.4,3.49318679875324,3.45560905795824,2.3292503298548002e-43
5.4,3.50098229350826,3.46348913235158,2.3534579328723705e-43
5.4,3.5087781661253,3.47136920674491,2.37784965502616e-43
5.4,3.51331545038778,3.47595532255416,2.39212939183549e-43
5.4,3.52111191565466,3.4838353969475,2.41680848178459e-43
5.4,3.52890875233999,3.49171547134083,2.4416664321990604e-43
5.4,3.53344659473567,3.49630158715009,2.45621487120208e-43
5.4,3.54124401399255,3.50418166154342,2.48135073603261e-43
5.4,3.54904179836924,3.51206173593676,2.50665872373546e-43
5.4,3.55358018943301,3.51664785174602,2.52146573072196e-43
5.4,3.56137854652899,3.52452792613934,2.54703968084555e-43
5.4,3.56917726258701,3.53240800053267,2.5727773307033204e-43
5.4,3.57371619306547,3.53699411634194,2.58783023740033e-43
5.4,3.58151547221032,3.54487419073527,2.61381905227833e-43
5.4,3.58931510429641,3.5527542651286,2.63996122574919e-43
5.4,3.593854565142,3.55734038093786,2.65524448036933e-43
5.4,3.60165475089615,3.56522045533119,2.6816197861053704e-43
5.4,3.60945528370398,3.57310052972453,2.70813593003188e-43
5.4,3.61399526606935,3.57768664553379,2.7236307045293e-43
5.4,3.62179634333431,3.58556671992712,2.7503582745517003e-43
5.4,3.62959776189494,3.59344679432045,2.7772116897986704e-43
5.4,3.63413825712745,3.59803291012971,2.7928954389460602e-43
5.4,3.64194021113647,3.60591298452304,2.8199344090857503e-43
5.4,3.6497425008092,3.61379305891637,2.8470814297589803e-43
5.4,3.65428350044561,3.61837917472563,2.8629273963557902e-43
5.4,3.66208631675466,3.62625924911897,2.8902293847078004e-43
5.4,3.66988946321811,3.6341393235123,2.91761845881702e-43
5.4,3.67443095897946,3.63872543932156,2.9335951199799903e-43
5.4,3.68223462345852,3.64660551371489,2.9611032416423904e-43
5.4,3.69003861270198,3.65448558810822,2.9886739018215904e-43
5.4,3.69458059648865,3.65907170391748,3.0047443490607506e-43
5.4,3.70238509531325,3.66695177831081,3.03239211433952e-43
5.4,3.71018991362839,3.67483185270414,3.06007382806777e-43
5.4,3.71473237751526,3.6794179685134,3.07619507530058e-43
5.4,3.72253769715831,3.68729804290673,3.1039051602019104e-43
5.4,3.73034333113108,3.69517811730007,3.13161604753366e-43
5.4,3.73488626736289,3.69976423310933,3.1477382597873404e-43
5.4,3.74269239458678,3.70764430750266,3.17542113637959e-43
5.4,3.7504988310896,3.71552438189599,3.2030665427718603e-43
5.4,3.75504223207645,3.72011049770525,3.2191321785055103e-43
5.4,3.76284915392536,3.72799057209858,3.2466845933935703e-43
5.4,3.77065638010954,3.73587064649191,3.2741555060892803e-43
5.4,3.77520023842252,3.74045676230117,3.2900983660082004e-43
5.4,3.78300794221501,3.74833683669451,3.31740165426888e-43
5.4,3.79081594550344,3.75621691108784,3.3445729492546902e-43
5.4,3.79536025387041,3.7608030268971,3.3603171247593106e-43
5.4,3.80316872719222,3.76868310129043,3.3872353479928303e-43
5.4,3.81097749527224,3.77656317568376,3.4139638572086403e-43
5.4,3.81552224657373,3.78114929149302,3.4294225722706306e-43
5.4,3.82333147727084,3.78902936588636,3.4558004707098906e-43
5.4,3.83114099808737,3.79690944027969,3.4819228598051203e-43
5.4,3.83568618535261,3.80149555608894,3.49699720121181e-43
5.4,3.84349616152444,3.80937563048228,3.52265795176504e-43
5.4,3.85130642327331,3.81725570487561,3.54798840164516e-43
5.4,3.85585203967641,3.82184182068487,3.5625659343392603e-43
5.4,3.86366274966931,3.8297218950782,3.58730871081662e-43
5.4,3.87147374079079,3.83760196947153,3.6116364010870304e-43
5.4,3.87601977964697,3.84218808528079,3.6255896683636304e-43
5.4,3.88383121204789,3.85006815967413,3.649187004341e-43
5.4,3.89164292122043,3.85794823406746,3.672273401707291e-43
5.4,3.89618937598244,3.86253434987672,3.68545831354296e-43
5.4,3.90400151961273,3.87041442427005,3.70765327718324e-43
5.4,3.91181393574688,3.87829449866338,3.729229241873711e-43
5.4,3.91636080000149,3.88288061447264,3.74148336080949e-43
5.4,3.924173643911,3.89076068886598,3.76198656075545e-43
5.4,3.93198675614351,3.8986407632593,3.78174929523115e-43
5.4,3.9365340236081,3.90322687906856,3.7928900365942e-43
5.4,3.94434755706934,3.9111069534619,3.8113764931384705e-43
5.4,3.95216135475747,3.91898702785523,3.8289863740455004e-43
5.4,3.95670901927677,3.92357314366449,3.838809147732861e-43
5.4,3.96452323177934,3.93145321805783,3.85491508217344e-43
5.4,3.97233770449529,3.93933329245115,3.86999243766903e-43
5.4,3.97688576003813,3.94391940826042,3.8782687723451e-43
5.4,3.98470064128327,3.95179948265375,3.89158839382708e-43
5.4,3.99251577880882,3.95967955704708,3.90371031759813e-43
5.4,3.99706421946508,3.96426567285634,3.910186026480841e-43
5.4,4.00487975936039,3.97214574724967,3.92026842895176e-43
5.4,4.01269555168168,3.980025821643,3.92896575879079e-43
5.4,4.01724437165925,3.98461193745226,3.9333592290291605e-43
5.4,4.02506056031356,3.99249201184559,3.93970555386364e-43
5.4,4.03287699761602,4.00037208623892,3.94446019072377e-43
5.4,4.03742619123791,4.00495820204818,3.9464609089206206e-43
5.4,4.04524301895634,4.01283827644152,3.94852198539192e-43
5.4,4.05306009161978,4.02071835083484,3.94876479014393e-43
5.4,4.05760965332126,4.02530446664411,3.94803225501226e-43
5.4,4.06542711060034,4.03318454103744,3.94520700067072e-43
5.4,4.0732448091942,4.04106461543077,3.94031658336717e-43
5.4,4.07779473352005,4.04565073124003,3.93647980377113e-43
5.4,4.0856128110431,4.05353080563336,3.92811475712492e-43
5.4,4.09343112632179,4.0614108800267,3.9174175713096404e-43
5.4,4.09798140792365,4.06599699583596,3.9100754113999706e-43
5.4,4.10580009655619,4.07387707022929,3.89546588179057e-43
5.4,4.11361901945461,4.08175714462262,3.8782381603712e-43
5.4,4.12079664559306,4.08899070001268,3.86002023357569e-43
5.4,4.13764411690829,4.10596867847831,3.80769079481765e-43
5.4,4.15449265079939,4.12294665694395,3.740956586176281e-43
5.4,4.16429879451181,4.13282765191481,3.69499493766566e-43
5.4,4.18114898317174,4.14980563038044,3.6029251405211904e-43
5.4,4.19800020158279,4.16678360884607,3.4932156436408e-43
5.4,4.20780789275344,4.17666460381694,3.42075501127519e-43
5.4,4.22466071507221,4.19364258228256,3.28064591732102e-43
5.4,4.24151453565072,4.2106205607482,3.1198653040143e-43
5.4,4.25132372695468,4.22050155571906,3.0163889010158504e-43
5.4,4.26817910263557,4.23747953418469,2.8210378859920703e-43
5.4,4.28503544635137,4.25445751265033,2.60305242059885e-43
5.4,4.29484609236719,4.26433850762118,2.4656919654938302e-43
5.4,4.31170394433334,4.28131648608682,2.21184557935989e-43
5.4,4.32856273531332,4.29829446455245,1.93631184556499e-43
5.4,4.33837479242859,4.30817545952332,1.7666888011365502e-43
5.4,4.35523504666378,4.32515343798894,1.46143870580534e-43
5.4,4.37209621203636,4.34213141645458,1.14313091190304e-43
5.4,4.38190963835882,4.35201241142544,9.54939403688866e-44
5.4,4.3987722237576,4.36899038989107,6.35186363858795e-44
5.4,4.41563569350626,4.38596836835671,3.39122463398818e-44
5.4,4.42545044878013,4.39584936332757,1.93040163157171e-44
5.4,4.44231529700656,4.4128273417932,3.4428710117310596e-45
5.4,4.4591810038318,4.42980532025884,3.76443273444117e-47
5.4,4.46849902519345,4.43918500274701,0.0
5.6,0.51099907,0.0,0.0
5.6,0.511511069116649,0.0228806531373649,3.39915600457845e-48
5.6,0.5209839676408751,0.101509827100451,3.5785428668590097e-47
5.6,0.5418211044662551,0.180139001063533,1.03783428807341e-46
5.6,0.558704750647777,0.225900307338281,1.6059782715509e-46
5.6,0.594859861246781,0.30452948130135904,2.89763092044599e-46
5.6,0.6386944532755211,0.38315865526443704,4.61742128575911e-46
5.6,0.6671524435596721,0.42891996153918605,5.8306823225423206e-46
5.6,0.72022647444395,0.507549135502265,8.309575096011652e-46
5.6,0.77764070111364,0.586178309465344,1.1327636459833e-45
5.6,0.812691655846546,0.631939615740093,1.33526286771858e-45
5.6,0.87523028651955,0.710568789703171,1.73314368325039e-45
5.6,0.9401880000275581,0.7891979636662491,2.1993825043653098e-45
5.6,0.9789162538242331,0.8349592699409991,2.5047873025350098e-45
5.6,1.0467874160382,0.9135884439040741,3.0929102862066e-45
5.6,1.11607161542028,0.992217617867153,3.76779875599729e-45
5.6,1.15694437917458,1.03797892414191,4.2038247835565104e-45
5.6,1.22797951705006,1.11660809810499,5.03352549466842e-45
5.6,1.2998892976256,1.19523727206807,5.973531767169609e-45
5.6,1.34208700201952,1.24099857834281,6.57562791782151e-45
5.6,1.41511040353633,1.31962775230589,7.71268272532047e-45
5.6,1.48870496788316,1.39825692626897,8.990331917660921e-45
5.6,1.53176653098948,1.44401823254372,9.80411499521621e-45
5.6,1.60610559244488,1.52264740650679,1.1333335427798701e-44
5.6,1.68083513073179,1.60127658046987,1.30423768564887e-44
5.6,1.72448654674748,1.64703788674462,1.41269309944572e-44
5.6,1.7997352177341,1.7256670607077,1.61583909220846e-44
5.6,1.87526130232243,1.80429623467078,1.84208106059635e-44
5.6,1.91933138210948,1.85005754094553,1.98531706581341e-44
5.6,1.99523244104686,1.92868671490861,2.2530678748181595e-44
5.6,2.07133703854723,2.00731588887169,2.5506252932467796e-44
5.6,2.1157140682926,2.05307719514644,2.73875168508606e-44
5.6,2.19209764692245,2.13170636910952,3.09001709396564e-44
5.6,2.26863466924731,2.21033554307259,3.4799490906915596e-44
5.6,2.31324297106375,2.25609684934734,3.7263145710118795e-44
5.6,2.38999281452136,2.33472602331042,4.18610442981831e-44
5.6,2.46686103332714,2.41335519727349,4.696316512411629e-44
5.6,2.51164767186089,2.45911650354825,5.01863228609316e-44
5.6,2.58868174429926,2.53774567751132,5.620164381016669e-44
5.6,2.66580896032866,2.6163748514744,6.28775206576512e-44
5.6,2.71073587277261,2.66213615774915,6.709567621208289e-44
5.6,2.78799473691335,2.74076533171223,7.49699449816314e-44
5.6,2.86532815366285,2.8193945056753,8.37119646759475e-44
5.6,2.91036730951474,2.86515581195006,8.923706896169429e-44
5.6,2.98780690353786,2.94378498591314,9.95532177396541e-44
5.6,3.06530706510149,3.02241415987621,1.11007388227571e-43
5.6,3.1104373873511,3.06817546615096,1.18245828513062e-43
5.6,3.18802438707487,3.14680464011404,1.31755577085268e-43
5.6,3.26566124062692,3.22543381407712,1.4674009333840802e-43
5.6,3.29062991353964,3.25071148801936,1.51894049900936e-43
5.6,3.29876757690634,3.25894883005359,1.5361052496548401e-43
5.6,3.30690573385797,3.26718617208782,1.5534543706971001e-43
5.6,3.31164227663091,3.27198021369755,1.5636369012945501e-43
5.6,3.31978120701829,3.28021755573178,1.5812810933357501e-43
5.6,3.32792062167686,3.28845489776601,1.5991139462953403e-43
5.6,3.3326578921696,3.29324893937574,1.6095799736952e-43
5.6,3.3407980657141,3.30148628140997,1.6277146577553301e-43
5.6,3.34893871444753,3.3097236234442,1.6460422534403202e-43
5.6,3.35367669901191,3.31451766505393,1.6567981640182701e-43
5.6,3.36181809244199,3.32275500708816,1.6754342697610001e-43
5.6,3.3699599522031,3.33099234912238,1.6942674742809102e-43
5.6,3.37469863752817,3.33578639073212,1.70531955873928e-43
5.6,3.38284122814617,3.34402373276635,1.7244678307944702e-43
5.6,3.39098427645485,3.35226107480058,1.7438172978648303e-43
5.6,3.39572364955653,3.35705511641031,1.7551717100971702e-43
5.6,3.40386741522119,3.36529245844454,1.77484263426426e-43
5.6,3.41201163014712,3.37352980047877,1.79471872730458e-43
5.6,3.41675167835833,3.3783238420885,1.80638143708783e-43
5.6,3.42489659746796,3.38656118412273,1.82658515551842e-43
5.6,3.43304195761402,3.39479852615696,1.8469978581837003e-43
5.6,3.43778266857511,3.39959256776669,1.85897459687681e-43
5.6,3.44592872005133,3.40782990980092,1.8797208107754503e-43
5.6,3.45407520453759,3.41606725183515,1.9006796243864803e-43
5.6,3.45881656618709,3.42086129344488,1.91297582270422e-43
5.6,3.46696372945919,3.42909863547911,1.9342736808798203e-43
5.6,3.47511131790745,3.43733597751334,1.9557875070520702e-43
5.6,3.47985331847322,3.44213001912307,1.96840822386726e-43
5.6,3.48800157346301,3.4503673611573,1.99026619532758e-43
5.6,3.49615024598192,3.45860470319153,2.0123432015904304e-43
5.6,3.50089287397256,3.46339874480127,2.0252930425730503e-43
5.6,3.50904220107985,3.47163608683549,2.0477187706786003e-43
5.6,3.51719193825051,3.47987342886972,2.07036623737147e-43
5.6,3.52193518244708,3.48466747047945,2.0836492621172103e-43
5.6,3.53008556253557,3.49290481251368,2.1066493987843805e-43
5.6,3.5382363453977,3.50114215454791,2.12987354423437e-43
5.6,3.54298019484575,3.50593619615765,2.14349316037447e-43
5.6,3.55113160922949,3.51417353819187,2.16707317645423e-43
5.6,3.559283419268,3.5224108802261,2.19087895771467e-43
5.6,3.56402786326984,3.52720492183583,2.20483780027886e-43
5.6,3.57218029370013,3.53544226387006,2.22900176991436e-43
5.6,3.58033311283222,3.54367960590429,2.25339265599879e-43
5.6,3.58507814093952,3.54847364751403,2.2676924501073702e-43
5.6,3.59323156959222,3.55671098954825,2.2924428052760904e-43
5.6,3.60138538015492,3.56494833158248,2.3174205191545403e-43
5.6,3.60613098216147,3.56974237319221,2.3320619238459302e-43
5.6,3.61428539162484,3.57797971522644,2.3573991752459603e-43
5.6,3.62244017636292,3.58621705726067,2.3829634005462003e-43
5.6,3.62718634229775,3.59101109887041,2.3979458312754004e-43
5.6,3.63534171556063,3.59924844090463,2.42386825116413e-43
5.6,3.64349745761499,3.60748578293886,2.45001629898112e-43
5.6,3.6482441777356,3.6122798245486,2.4653377260230806e-43
5.6,3.65640049817601,3.62051716658282,2.4918409880661e-43
5.6,3.66455718107242,3.62875450861705,2.51856741869352e-43
5.6,3.66930444585838,3.63354855022679,2.5342241383137602e-43
5.6,3.67746169723251,3.64178589226101,2.56130090887102e-43
5.6,3.68561930487075,3.65002323429524,2.5885971026510803e-43
5.6,3.69036710501738,3.65481727590498,2.6045834775461302e-43
5.6,3.69852527144896,3.66305461793921,2.6322229522059e-43
5.6,3.70668378809232,3.67129195997343,2.66007662300271e-43
5.6,3.71143211450467,3.67608600158317,2.6763847880889903e-43
5.6,3.71959118047466,3.68432334361739,2.70457216613507e-43
5.6,3.72775059073979,3.69256068565162,2.73296680976159e-43
5.6,3.73249943452678,3.69735472726135,2.7495863387460703e-43
5.6,3.74065938486347,3.70559206929558,2.77830222847921e-43
5.6,3.74881967371054,3.71382941132981,2.8072164988166503e-43
5.6,3.75356902617934,3.71862345293955,2.8241340270395704e-43
5.6,3.76172984604868,3.72686079497378,2.8533537721905e-43
5.6,3.76989099877191,3.735098137008,2.8827607746244102e-43
5.6,3.77464085142242,3.73989217861773,2.89995957212565e-43
5.6,3.78280252631876,3.74812952065196,2.92965249038213e-43
5.6,3.79096452853726,3.75636686268619,2.95951898337034e-43
5.6,3.79571487305685,3.76116090429592,2.9769784725166402e-43
5.6,3.80387738879393,3.76939824633016,3.00710699507738e-43
5.6,3.81204022644279,3.77763558836438,3.0373924882537504e-43
5.6,3.81679105470119,3.78242962997412,3.0550876990346702e-43
5.6,3.82495439740342,3.79066697200834,3.08560639937086e-43
5.6,3.83311805672512,3.79890431404258,3.1162621359514402e-43
5.6,3.83786936076945,3.8036983556523,3.13416309156609e-43
5.6,3.84603351686355,3.81193569768654,3.1650175900913706e-43
5.6,3.85419798439964,3.82017303972076,3.1959853997268003e-43
5.6,3.85894975644965,3.8249670813305,3.21405642441065e-43
5.6,3.86711471265642,3.83320442336472,3.2451821553650405e-43
5.6,3.8752799752395,3.84144176539895,3.2763931636366105e-43
5.6,3.8800322076829,3.84623580700869,3.2945921039535804e-43
5.6,3.8881979510094,3.85447314904292,3.3259129285771503e-43
5.6,3.89636399575531,3.86271049107714,3.35728610615275e-43
5.6,3.90111668114329,3.86750453268688,3.3755634563894605e-43
5.6,3.90928319887515,3.8757418747211,3.40699010614606e-43
5.6,3.91745001317544,3.88397921675534,3.43843064170735e-43
5.6,3.92220314421833,3.88877325836507,3.45672856348408e-43
5.6,3.9303704239124,3.8970106003993,3.48815689620844e-43
5.6,3.938537995427,3.90524794243352,3.5195543752462403e-43
5.6,3.94329156499007,3.91004198404326,3.5378056007556306e-43
5.6,3.95145959446723,3.91827932607749,3.56911465141848e-43
5.6,3.9596279111174,3.92651666811171,3.60034102285973e-43
5.6,3.96438191221676,3.93131070972145,3.6184676319269905e-43
5.6,3.97255067955499,3.93954805175568,3.649517440896311e-43
5.6,3.98071972951648,3.9477853937899,3.6804247540396405e-43
5.6,3.98547415531515,3.95257943539964,3.6983368138149006e-43
5.6,3.9936436488428,3.96081677743386,3.72896601407959e-43
5.6,4.00181342053918,3.96905411946809,3.7593839084339e-43
5.6,4.00656826434325,3.97384816107783,3.7769779668211304e-43
5.6,4.01473847263256,3.98208550311205,3.80700111522295e-43
5.6,4.0229089547288,3.99032284514628,3.83673404871517e-43
5.6,4.02766420998374,3.99511688675602,3.853891473151461e-43
5.6,4.0358351218445,4.00335422879025,3.883096112168721e-43
5.6,4.04400630324074,4.01159157082447,3.9119203162627004e-43
5.6,4.04876196352779,4.01638561243421,3.9285054719598005e-43
5.6,4.05693356800122,4.02462295446844,3.95664891444364e-43
5.6,4.06510543782673,4.03286029650267,3.98430907063512e-43
5.6,4.06986149685941,4.0376543381124,4.000167336930941e-43
5.6,4.07803378321227,4.04589168014663,4.0269731725758905e-43
5.6,4.08620633081957,4.05412902218085,4.0531788131467506e-43
5.6,4.09096278244034,4.05892306379058,4.06813444081692e-43
5.6,4.09913574015913,4.06716040582481,4.09328877460408e-43
5.6,4.10730895511835,4.07539774785904,4.117710423085821e-43
5.6,4.1120657932953,4.08019178946878,4.13156424489548e-43
5.6,4.12023941208072,4.088429131503,4.15471169279196e-43
5.6,4.12841328417406,4.09666647353723,4.176976776746991e-43
5.6,4.13317050299773,4.10146051514697,4.1895037938997606e-43
5.6,4.14134477275928,4.1096978571812,4.21024328248188e-43
5.6,4.14951929197567,4.11793519921543,4.22993187548267e-43
5.6,4.15427688565599,4.12272924082516,4.240878758003191e-43
5.6,4.1624517965067,4.13096658285939,4.25875920292234e-43
5.6,4.17062695303663,4.13920392489362,4.27539968417827e-43
5.6,4.17538491589994,4.14399796650335,4.28448224394184e-43
5.6,4.18356045815129,4.15223530853758,4.298998221277231e-43
5.6,4.19173624238177,4.1604726505718,4.31206298538198e-43
5.6,4.1964945688679,4.16526669218154,4.31896370789154e-43
5.6,4.2046707330249,4.17350403421577,4.3295512834986505e-43
5.6,4.2128471355346,4.18174137625,4.33845268882663e-43
5.6,4.21760582019406,4.18653541785973,4.34281844527846e-43
5.6,4.22578259695044,4.19477275989395,4.34885139349123e-43
5.6,4.23395960850493,4.20301010192818,4.35293821175904e-43
5.6,4.23871864599619,4.20780414353792,4.35437832004098e-43
5.6,4.24689602622978,4.21604148557215,4.355165050592471e-43
5.6,4.25507363777695,4.22427882760638,4.35371977656253e-43
5.6,4.25983302286377,4.22907286921611,4.35180463965851e-43
5.6,4.26801099763195,4.23731021125034,4.34658626211085e-43
5.6,4.27618920029755,4.24554755328456,4.338823763160361e-43
5.6,4.28094892784643,4.2503415948943,4.33308439001442e-43
5.6,4.28912748838178,4.25857893692853,4.3210344880345e-43
5.6,4.29730627346509,4.26681627896275,4.306102631481301e-43
5.6,4.30481422846441,4.2743777900472,4.28974126616238e-43
5.6,4.32243698748945,4.29212551788458,4.24072138801229e-43
5.6,4.34006076498139,4.30987324572196,4.1756254042168604e-43
5.6,4.35031807176271,4.32020222628112,4.12974222103357e-43
5.6,4.36794343529968,4.3379499541185,4.036109002342391e-43
5.6,4.38556978580169,4.35569768195588,3.922427193053891e-43
5.6,4.39582857574463,4.36602666251504,3.8464197365480804e-43
5.6,4.41345646348195,4.38377439035242,3.697869604142071e-43
5.6,4.43108530796405,4.4015221181898,3.5253917418562105e-43
5.6,4.44134553565395,4.41185109874896,3.41347579371713e-43
5.6,4.45897587053753,4.42959882658634,3.2005985020303602e-43
5.6,4.47660713316295,4.44734655442372,2.9610040404700003e-43
5.6,4.48686875501454,4.45767553498287,2.8090834548823804e-43
5.6,4.50450146308485,4.47542326282025,2.52667409181172e-43
5.6,4.52213507105086,4.49317099065763,2.21800659569933e-43
5.6,4.5323980452174,4.50349997121679,2.0270034974175202e-43
5.6,4.55003305545614,4.52124769905418,1.6815644419153701e-43
5.6,4.56766893884434,4.53899542689156,1.3191588180224801e-43
5.6,4.57793322513202,4.54932440745071,1.103882736182e-43
5.6,4.5955704693178,4.56707213528809,7.363678085572919e-44
5.6,4.61320856095308,4.58481986312548,3.94013519692459e-44
5.6,4.62347412074049,4.59514884368463,2.24389090529696e-44
5.6,4.64111353331293,4.61289657152201,4.05131191584564e-45
5.6,4.65875376863068,4.6306442993594,4.74103492968383e-47
5.6,4.6684996720727,4.64044923887785,0.0
5.8,0.51099907,0.0,0.0
5.8,0.511556395969958,0.023872509648288902,3.3076685162133403e-48
5.8,0.521859193595274,0.105910190251197,3.5550143726823295e-47
5.8,0.544467126371702,0.18794787085411202,1.03542616185032e-46
5.8,0.5627354511743891,0.23569289015067502,1.6045271005573302e-46
5.8,0.601724825092224,0.317730570753591,2.90028786525665e-46
5.8,0.6487948091141791,0.39976825135650706,4.6283288782266605e-46
5.8,0.679255605020285,0.447513270653071,5.84878230381445e-46
5.8,0.735896908212682,0.5295509512559861,8.34499707492407e-46
5.8,0.7969697009045631,0.611588631858902,1.13877977376495e-45
5.8,0.834170793714849,0.659333651155465,1.3431165327592e-45
5.8,0.9004174038156191,0.74137133175838,1.74494447368754e-45
5.8,0.969083304560898,0.823409012361296,2.2162788132248e-45
5.8,1.0099650471252,0.8711540316578591,2.5252542505703102e-45
5.8,1.08152415130846,0.9531917122607712,3.12070021893303e-45
5.8,1.15447821347559,1.03522939286369,3.80462478774117e-45
5.8,1.19747802774611,1.08297441216025,4.2468069619863e-45
5.8,1.27215298837258,1.16501209276317,5.08883841662818e-45
5.8,1.34768437951668,1.24704977336608,6.04369437190092e-45
5.8,1.39198189810327,1.29479479266265,6.65574820909752e-45
5.8,1.46860059545795,1.37683247326557,7.81247638698251e-45
5.8,1.54577559024236,1.45887015386848,9.113475704308369e-45
5.8,1.59091462044699,1.50661517316504,9.942765404804741e-45
5.8,1.66881333267863,1.58865285376796,1.15023625890759e-44
5.8,1.74709098537463,1.67069053437087,1.3247130522789999e-44
5.8,1.79280249934263,1.71843555366744,1.43552656551217e-44
5.8,1.87158326474266,1.80047323427035,1.64326730304966e-44
5.8,1.95063256256986,1.88251091487327,1.87488251230996e-44
5.8,1.99674936357539,1.93025593416983,2.0216517477828198e-44
5.8,2.07616127543022,2.01229361477275,2.29626492978717e-44
5.8,2.15576984493493,2.09433129537566,2.60182095955682e-44
5.8,2.20218323202694,2.14207631467223,2.79519603069945e-44
5.8,2.28206115464061,2.22411399527515,3.1566389721964397e-44
5.8,2.36208712830328,2.30615167587806,3.55841607585913e-44
5.8,2.40872366640403,2.35389669517462,3.8125484687554596e-44
5.8,2.48895486753689,2.43593437577754,4.28739328010114e-44
5.8,2.56930016273959,2.51797205638046,4.81512713130506e-44
5.8,2.61610859139323,2.56571707567701,5.14893608547794e-44
5.8,2.69661367254263,2.64775475627993,5.772761556594369e-44
5.8,2.77720845418626,2.72979243688284,6.46632898860852e-44
5.8,2.82415197360561,2.77753745617941,6.90520812883975e-44
5.8,2.90487349336327,2.85957513678233,7.725788121413479e-44
5.8,2.98566676254166,2.94161281738524,8.6387196997571e-44
5.8,3.03271830628428,2.98935783668181,9.216723508764478e-44
5.8,3.11361373216678,3.07139551728472,1.02979939310499e-43
5.8,3.19456741720701,3.15343319788763,1.15016187336454e-43
5.8,3.24170665355696,3.2011782171842,1.2263889130239302e-43
5.8,3.32274384824092,3.28321589778711,1.36899475058638e-43
5.8,3.40382897578708,3.36525357839002,1.5276778875109502e-43
5.8,3.42990581156309,3.39162701762051,1.5823813131449501e-43
5.8,3.43840455726717,3.40022144130272,1.6006138887473501e-43
5.8,3.44690377743763,3.40881586498493,1.6190494930586502e-43
5.8,3.4518504462472,3.41381772414933,1.62987307064897e-43
5.8,3.46035040988131,3.42241214783154,1.6486339704395003e-43
5.8,3.46885083901159,3.43100657151375,1.6676030936067603e-43
5.8,3.47379820732757,3.43600843067816,1.6787395663770401e-43
5.8,3.48229936590874,3.44460285436036,1.6980422102360401e-43
5.8,3.49080098123934,3.45319727804258,1.7175582767076302e-43
5.8,3.49574903591776,3.45819913720698,1.7290154564588902e-43
5.8,3.50425136703456,3.46679356088919,1.74887325933678e-43
5.8,3.51275414637064,3.4753879845714,1.7689496666709802e-43
5.8,3.51770287459304,3.4803898437358,1.78073533889846e-43
5.8,3.52620635638802,3.48898426741801,1.80116165127288e-43
5.8,3.53471027808209,3.49757869110022,1.8218117069148502e-43
5.8,3.53965966734556,3.50258055026462,1.8339335922545504e-43
5.8,3.54816427849831,3.51117497394684,1.85494163072254e-43
5.8,3.55666932143358,3.51976939762905,1.8761784784216402e-43
5.8,3.56161935954112,3.52477125679344,1.88864418781511e-43
5.8,3.57012507925199,3.53336568047565,1.91024695446133e-43
5.8,3.57863122282624,3.54196010415786,1.93208348887962e-43
5.8,3.58358189787757,3.54696196332227,1.94490047159506e-43
5.8,3.59208870585196,3.55555638700448,1.96711066056583e-43
5.8,3.60059592996207,3.56415081068669,1.9895594284368402e-43
5.8,3.60554723034466,3.56915266985109,2.0027349119353903e-43
5.8,3.61405510677782,3.5777470935333,2.0255648014480803e-43
5.8,3.62256339180483,3.58634151721551,2.0486378874128302e-43
5.8,3.62751530618531,3.59134337637991,2.0621788079436e-43
5.8,3.63602423174777,3.59993780006212,2.08564013570154e-43
5.8,3.64453355854245,3.60853222374433,2.1093490306986705e-43
5.8,3.64948607585834,3.61353408290873,2.12326195332275e-43
5.8,3.65799603168177,3.62212850659094,2.1473657730436904e-43
5.8,3.66650638155072,3.63072293027316,2.17172122283663e-43
5.8,3.6714594910024,3.63572478943755,2.18601224942663e-43
5.8,3.67997045866604,3.64431921311977,2.21076876591851e-43
5.8,3.68848181335827,3.65291363680198,2.2357805970853903e-43
5.8,3.69343550440126,3.65791549596637,2.2504552606748602e-43
5.8,3.70194746591876,3.66650991964858,2.2758736401881203e-43
5.8,3.71045980761277,3.6751043433308,2.30155056004721e-43
5.8,3.71541406995028,3.6801062024952,2.3166137034395198e-43
5.8,3.72392700775706,3.68870062617741,2.34270185668192e-43
5.8,3.73244031904829,3.69729504985962,2.3690512246244104e-43
5.8,3.73739514262403,3.70229690902402,2.38450686160208e-43
5.8,3.74590903956504,3.71089133270623,2.4112711945895103e-43
5.8,3.75442330345386,3.71948575638845,2.4382987594585002e-43
5.8,3.75937867844507,3.72448761555285,2.45414991553238e-43
5.8,3.76789351776297,3.73308203923505,2.4815950446660205e-43
5.8,3.77640871764298,3.74167646291726,2.5093046446112403e-43
5.8,3.78136463445375,3.74667832208166,2.52555317501248e-43
5.8,3.78988039977752,3.75527274576387,2.5536816011599604e-43
5.8,3.79839651942434,3.76386716944608,2.5820748204004903e-43
5.8,3.80335296867911,3.76886902861048,2.59872120199543e-43
5.8,3.81186964401302,3.7774634522927,2.62753293803622e-43
5.8,3.82038666757339,3.78605787597491,2.65660871472037e-43
5.8,3.8253436401107,3.79105973513931,2.6736518083413404e-43
5.8,3.83386120982366,3.79965415882152,2.7031439538386403e-43
5.8,3.84237912180495,3.80824858250374,2.73289813236207e-43
5.8,3.84733660867139,3.81325044166813,2.7503349115211e-43
5.8,3.85585505748669,3.82184486535035,2.7805011673550204e-43
5.8,3.86437384274672,3.83043928903255,2.8109259876179303e-43
5.8,3.86933183519109,3.83544114819696,2.8287512290804104e-43
5.8,3.87785114817643,3.84403557187917,2.8595813439336606e-43
5.8,3.88637079191372,3.85262999556137,2.8906648590457003e-43
5.8,3.89132928138135,3.85763185472578,2.9088707901783e-43
5.8,3.89984944393926,3.86622627840799,2.9403499298177005e-43
5.8,3.90836993168349,3.87482070209019,2.9720753427014602e-43
5.8,3.91332890981081,3.8798225612546,2.99065123948255e-43
5.8,3.92184990766933,3.88841698493681,3.0227592681042602e-43
5.8,3.9303712252722,3.89701140861902,3.05510417605069e-43
5.8,3.93533068388144,3.90201326778343,3.0740359060957002e-43
5.8,3.94385250308515,3.91060769146563,3.1067465692354106e-43
5.8,3.95237463671148,3.91920211514784,3.13968210477816e-43
5.8,3.95733456780557,3.92420397431225,3.15895160695775e-43
5.8,3.96585719470692,3.93279839799446,3.19223160158566e-43
5.8,3.97438013082609,3.94139282167666,3.2257214555317504e-43
5.8,3.97934052658371,3.94639468084107,3.2453061488894902e-43
5.8,3.98786394783457,3.95498910452328,3.2791140672863003e-43
5.8,3.99638767321224,3.96358352820549,3.31311337930571e-43
5.8,4.00134852598304,3.96858538736989,3.3329854918680506e-43
5.8,4.00987272852659,3.9771798110521,3.36727062277491e-43
5.8,4.01839723021664,3.98577423473431,3.4017247226149603e-43
5.8,4.02335853251662,3.99077609389871,3.42185053016193e-43
5.8,4.03188350357948,3.99937051758092,3.4565514995495804e-43
5.8,4.04040876891624,4.00796494126313,3.49139448044535e-43
5.8,4.04537051342327,4.01296680042753,3.51173344390444e-43
5.8,4.05389624050788,4.02156122410974,3.5467766754461503e-43
5.8,4.06242225709862,4.03015564779195,3.58192977953936e-43
5.8,4.06738443664809,4.03515750695636,3.6024335695238606e-43
5.8,4.07591090752534,4.04375193063857,3.6377315444667704e-43
5.8,4.08443766324298,4.05234635432078,3.6731013382408605e-43
5.8,4.08940027082361,4.05734821348518,3.69371273307162e-43
5.8,4.09792747352568,4.06594263716739,3.72916202522748e-43
5.8,4.10645495650175,4.0745370608496,3.76463834145101e-43
5.8,4.11141798525154,4.079538920014,3.785289984879331e-43
5.8,4.11994590806501,4.08813334369621,3.82076904738825e-43
5.8,4.12847410668279,4.09672776737842,3.85622266872366e-43
5.8,4.13343754988508,4.10172962654282,3.8768356728216e-43
5.8,4.14196618134422,4.11032405022504,3.91220235052531e-43
5.8,4.15049508423215,4.11891847390724,3.94748240869556e-43
5.8,4.15545893531179,4.12392033307164,3.967964786717451e-43
5.8,4.16398826419206,4.13251475675385,4.00305352882608e-43
5.8,4.17251786021734,4.14110918043606,4.03798459432637e-43
5.8,4.17748211273702,4.14611103960047,4.0582295085529406e-43
5.8,4.18601212804882,4.15470546328268,4.092848255489361e-43
5.8,4.19454240631117,4.16329988696489,4.12722709159455e-43
5.8,4.1995070539678,4.16830174612928,4.147110901936961e-43
5.8,4.20803774495035,4.1768961698115,4.18103762287777e-43
5.8,4.21656869477603,4.18549059349372,4.21462958241697e-43
5.8,4.22153373139733,4.19049245265811,4.23400968336351e-43
5.8,4.23006508751277,4.19908687634033,4.26698854467877e-43
5.8,4.23859669844869,4.20768130002253,4.29952359122115e-43
5.8,4.2435621179898,4.21268315918693,4.31823602795565e-43
5.8,4.25209412891747,4.22127758286914,4.349973178810911e-43
5.8,4.26062639072562,4.22987200655135,4.381141522832321e-43
5.8,4.26559218726582,4.23487386571576,4.3989983825704805e-43
5.8,4.27412484289673,4.24346828939797,4.42915735514622e-43
5.8,4.28265774554862,4.25206271308017,4.45860470674405e-43
5.8,4.2876239132882,4.25706457224458,4.47539128921236e-43
5.8,4.29615720371962,4.26565899592679,4.50358802485978e-43
5.8,4.30469073739102,4.27425341960899,4.5309104830848905e-43
5.8,4.3096572706482,4.2792552787734,4.5463822657010204e-43
5.8,4.31819118617848,4.28784970245561,4.5721798019639706e-43
5.8,4.32672534124424,4.29644412613782,4.59691842597109e-43
5.8,4.3316922344522,4.30144598530222,4.61079785568146e-43
5.8,4.34022676557568,4.31004040898443,4.6337007397593305e-43
5.8,4.34876153260472,4.31863483266665,4.65533588262556e-43
5.8,4.35372878030873,4.32363669183104,4.6673090489210705e-43
5.8,4.36226391771086,4.33223111551326,4.68675758576196e-43
5.8,4.37079928746133,4.34082553919547,4.70470311956188e-43
5.8,4.37576688431596,4.34582739835987,4.714416394331981e-43
5.8,4.38430261886849,4.35442182204208,4.729780896499151e-43
5.8,4.39283858228309,4.36301624572429,4.74337852383956e-43
5.8,4.39780652304944,4.36801810488869,4.750435295503701e-43
5.8,4.40634284580588,4.3766125285709,4.76101058020584e-43
5.8,4.41487939400726,4.38520695225311,4.76952451368104e-43
5.8,4.41984767355039,4.39020881141751,4.773482197755481e-43
5.8,4.42838457574144,4.39880323509973,4.77848267885721e-43
5.8,4.43692170002777,4.40739765878193,4.7810950850134505e-43
5.8,4.44189031331413,4.41239951794633,4.7814626665115e-43
5.8,4.45042778634337,4.42099394162854,4.78001852606118e-43
5.8,4.45896547818407,4.42958836531076,4.775826280971511e-43
5.8,4.46393442027899,4.43459022447516,4.772062738067621e-43
5.8,4.47247245571867,4.44318464815737,4.763217835965501e-43
5.8,4.48101070675018,4.45177907183958,4.7512313314270205e-43
5.8,4.48884862754996,4.45966836788525,4.73732476933037e-43
5.8,4.50724582463129,4.47818544436419,4.6930167430372906e-43
5.8,4.52564399953177,4.49670252084314,4.63093856286909e-43
5.8,4.53635197848541,4.50747925377007,4.58591479289363e-43
5.8,4.55475167610359,4.52599633024902,4.491998910654801e-43
5.8,4.57315232126277,4.54451340672796,4.37551380989866e-43
5.8,4.58386172413371,4.5552901396549,4.2965704812214e-43
5.8,4.60226384509829,4.57380721613384,4.14047482745995e-43
5.8,4.62066688455924,4.59232429261279,3.956950919319301e-43
5.8,4.63137766769951,4.60310102553973,3.83683735033937e-43
5.8,4.64978213795523,4.62161810201867,3.6065685835276205e-43
5.8,4.6681874988342,4.64013517849761,3.3450848885511404e-43
5.8,4.67889962035644,4.65091191142455,3.1782221039886806e-43
5.8,4.69730636882611,4.6694289879035,2.8661704680808303e-43
5.8,4.71571398115913,4.68794606438244,2.52270220702848e-43
5.8,4.72642740084895,4.69872279730938,2.3090581610343502e-43
5.8,4.74483635928567,4.71723987378832,1.9207434108801202e-43
5.8,4.7632461558842,4.73575695026727,1.5108990693721701e-43
5.8,4.77396083511773,4.7465336831942,1.2663141841983203e-43
5.8,4.79237193796585,4.76505075967315,8.468399903754739e-44
5.8,4.81078385428089,4.78356783615209,4.538556386381269e-44
5.8,4.82149975594715,4.79434456907903,2.58459944272168e-44
5.8,4.83991294021121,4.81286164555798,4.72276444576604e-45
5.8,4.85832691420534,4.83137872203692,5.88932571744686e-47
5.8,4.86850026459075,4.84160869719759,0.0
6.0,0.51099907,0.0,0.0
6.0,0.511603619640196,0.0248639113593463,3.22257717022365e-48
6.0,0.52276956929999,0.11030853568619302,3.53166754244334e-47
6.0,0.547210516342623,0.19575316001305101,1.0327383772880202e-46
6.0,0.5669047207633751,0.245480982731729,1.6024978317142e-46
6.0,0.6087953736256191,0.330925607058584,2.90160046124891e-46
6.0,0.6591541694663161,0.41637023138543905,4.6367376078524796e-46
6.0,0.6916411248476411,0.46609805410411803,5.86349656517726e-46
6.0,0.7518772344416851,0.551542678430973,8.3750728992669e-46
6.0,0.816622846493752,0.6369873027578281,1.14400122635206e-45
6.0,0.855977635863858,0.686715125476507,1.34999053111415e-45
6.0,0.9259323564695511,0.772159749803362,1.75538248640223e-45
6.0,0.9983012130956,0.8576043741302171,2.231336805997e-45
6.0,1.04133172667479,0.9073321968488911,2.5435587270682198e-45
6.0,1.1165687915237,0.9927768211757521,3.14568027736626e-45
6.0,1.1931812666492,1.0782214455026,3.83786688736267e-45
6.0,1.23830109473496,1.12794926822129,4.28569027592563e-45
6.0,1.31660350448189,1.21339389254814,5.13904544449835e-45
6.0,1.39574408200748,1.298838516875,6.10757353365322e-45
6.0,1.44213425929278,1.34856633959367,6.728813264040071e-45
6.0,1.52233619617519,1.43401096392053,7.90372507108203e-45
6.0,1.60307995252797,1.51945558824739,9.226357087521009e-45
6.0,1.65028986144615,1.56918341096606,1.0070038664268799e-44
6.0,1.73173727358343,1.65462803529292,1.16578796072452e-44
6.0,1.81355256617973,1.74007265961977,1.34359388370092e-44
6.0,1.8613183005923,1.78980048233845,1.4566085047677e-44
6.0,1.94362142908876,1.8752451066653,1.66864546831978e-44
6.0,2.02618465860321,1.96068973099217,1.9052955277549898e-44
6.0,2.074342977863,2.01041755371084,2.05538096099503e-44
6.0,2.15725712859404,2.0958621780377,2.3364458327660996e-44
6.0,2.2403614475309,2.18130680236456,2.64953760262813e-44
6.0,2.28880657720593,2.23103462508323,2.8478657558412397e-44
6.0,2.37217119164878,2.31647924941009,3.2189292465615197e-44
6.0,2.45567879511314,2.40192387373694,3.6319269783865896e-44
6.0,2.50433945188638,2.45165169645562,3.89342912629392e-44
6.0,2.58804516777989,2.53709632078248,4.38258375476218e-44
6.0,2.67186097286438,2.62254094510933,4.92700865258476e-44
6.0,2.72068748978083,2.67226876782801,5.27178495772201e-44
6.0,2.80465741273532,2.75771339215487,5.91692241365258e-44
6.0,2.8887138238713,2.84315801648172,6.63538346381678e-44
6.0,2.9376705955888,2.8928858392004,7.09064315654168e-44
6.0,3.02184916888903,2.97833046352725,7.94311118128704e-44
6.0,3.10609688169837,3.06377508785411,8.89338805677132e-44
6.0,3.15515774941382,3.11350291057279,9.4960239412656e-44
6.0,3.23950387877239,3.19894753489964,1.06253756058451e-43
6.0,3.32390612158788,3.2843921592265,1.18855209971543e-43
6.0,3.37305145284607,3.33411998194518,1.26851896722329e-43
6.0,3.45753411349899,3.41956460627203,1.41845033473879e-43
6.0,3.54206292379515,3.50500923059888,1.5857844682192e-43
6.0,3.56924647430742,3.53247793267206,1.64359175571834e-43
6.0,3.57810583328452,3.54142927426821,1.6628727007320203e-43
6.0,3.58696564899167,3.55038061586436,1.68237539848007e-43
6.0,3.59212217228479,3.55559019729202,1.6938287732147e-43
6.0,3.6009827036519,3.56454153888818,1.71368711880066e-43
6.0,3.60984368309945,3.57349288048432,1.7337733470977001e-43
6.0,3.61500087972822,3.57870246191199,1.74556916114745e-43
6.0,3.62386256132421,3.58765380350814,1.7660207800825501e-43
6.0,3.632724682567,3.59660514510429,1.7867064646753602e-43
6.0,3.63788253985795,3.60181472653196,1.79885400816526e-43
6.0,3.64674535007397,3.6107660681281,1.81991489480204e-43
6.0,3.65560859171242,3.61971740972424,1.8412160631934803e-43
6.0,3.6607670973066,3.62492699115192,1.85372467584937e-43
6.0,3.66963101506905,3.63387833274806,1.87541089252178e-43
6.0,3.67849535623244,3.64282967434421,1.89734361681208e-43
6.0,3.68365449807573,3.64803925577189,1.9102226529005203e-43
6.0,3.69251950282988,3.65699059736803,1.9325502660554903e-43
6.0,3.70138492316015,3.66594193896417,1.95513059482869e-43
6.0,3.70654468949401,3.67115152039185,1.96838938152067e-43
6.0,3.7154107611882,3.68010286198799,1.9913743867819403e-43
6.0,3.72427724082441,3.68905420358414,2.0146182653836203e-43
6.0,3.72943762017689,3.69426378501181,2.02826605403967e-43
6.0,3.73830473924731,3.70321512660796,2.05192428829702e-43
6.0,3.74717225881061,3.71216646820411,2.07584746542199e-43
6.0,3.75233323998773,3.71737604963178,2.08989337457842e-43
6.0,3.76120138734373,3.72632739122793,2.1142404132637304e-43
6.0,3.77006992792291,3.73527873282407,2.13885833193582e-43
6.0,3.77523150000033,3.74048831425175,2.15331128082363e-43
6.0,3.78410065701028,3.74943965584789,2.1783623182256503e-43
6.0,3.7929702001478,3.75839099744404,2.2036899889018702e-43
6.0,3.79813235246276,3.76360057887171,2.21855862011907e-43
6.0,3.80700250094041,3.77255192046785,2.2443283302799403e-43
6.0,3.81587302861895,3.781503262064,2.2703801834895998e-43
6.0,3.82103575076257,3.78671284349168,2.2856727732697002e-43
6.0,3.82990687295386,3.79566418508782,2.31217514865547e-43
6.0,3.83877836758331,3.80461552668397,2.3389648642294504e-43
6.0,3.84394164939307,3.80982510811164,2.3546892185065505e-43
6.0,3.85281372796345,3.81877644970778,2.3819373832523503e-43
6.0,3.8616861723684,3.82772779130393,2.40947769276562e-43
6.0,3.86685000392096,3.83293737273161,2.42564102699416e-43
6.0,3.8757230219431,3.84188871432774,2.45364702112144e-43
6.0,3.88459639935075,3.8508400559239,2.48194947976667e-43
6.0,3.88976077095494,3.85604963735156,2.49855828016757e-43
6.0,3.89863471189693,3.86500097894771,2.5273328102822503e-43
6.0,3.90750900592539,3.87395232054386,2.55640753333634e-43
6.0,3.91267390811555,3.87916190197153,2.5734673968879902e-43
6.0,3.92154875582941,3.88811324356767,2.60301954923716e-43
6.0,3.93042395047646,3.89706458516383,2.6328749092026904e-43
6.0,3.93558937400591,3.9022741665915,2.65039035935584e-43
6.0,3.94446511271662,3.91122550818764,2.68072726918713e-43
6.0,3.95334119234877,3.92017684978379,2.7113695464174603e-43
6.0,3.95850712818354,3.92538643121146,2.72934382104325e-43
6.0,3.96738374247836,3.93433777280761,2.7604702922066e-43
6.0,3.97626069182039,3.94328911440375,2.7919032735639e-43
6.0,3.98142713113317,3.94849869583142,2.8103380811861904e-43
6.0,3.99030460595132,3.95745003742757,2.8422561490789103e-43
6.0,3.9991824100761,3.96640137902371,2.8744806667432802e-43
6.0,4.00434934424039,3.97161096045139,2.89337590653254e-43
6.0,4.01322766486314,3.98056230204754,2.92608433616246e-43
6.0,4.02210630918179,3.98951364364368,2.95909773818448e-43
6.0,4.02727372976625,3.99472322507136,2.9784511785901603e-43
6.0,4.03615288180726,4.0036745666675,3.01194488861375e-43
6.0,4.04503235205969,4.01262590826365,3.0457404315460005e-43
6.0,4.05020025082266,4.01783548969132,3.0655473417120803e-43
6.0,4.05908022021874,4.02678683128747,3.09981674400186e-43
6.0,4.06796050246445,4.03573817288361,3.13438289665076e-43
6.0,4.07312887134869,4.04094775431128,3.15463562398014e-43
6.0,4.08200964435077,4.04989909590743,3.1896658668654902e-43
6.0,4.09089072496001,4.05885043750358,3.2249855127697704e-43
6.0,4.09605955608757,4.06406001893125,3.24567299911597e-43
6.0,4.10494111925203,4.0730113605274,3.2814431009358703e-43
6.0,4.11382298489721,4.08196270212354,3.3174926251422703e-43
6.0,4.1189922705645,4.08717228355121,3.33859985310643e-43
6.0,4.12787461074476,4.09612362514736,3.37508171043348e-43
6.0,4.13675724839216,4.10507496674351,3.4118299553808603e-43
6.0,4.14192698106517,4.11028454817118,3.4333373151047303e-43
6.0,4.15081008540358,4.11923588976733,3.4704945696605205e-43
6.0,4.15969348230531,4.12818723136347,3.5079016415068003e-43
6.0,4.16486365461498,4.13339681279114,3.52978420714512e-43
6.0,4.17374751053494,4.14234815438729,3.56757095059439e-43
6.0,4.1826316542212,4.15129949598343,3.605586856100361e-43
6.0,4.18780225895896,4.1565090774111,3.627813559851441e-43
6.0,4.19668685415733,4.16546041900725,3.66617285609874e-43
6.0,4.20557173242888,4.1744117606034,3.70473594774668e-43
6.0,4.21074276254231,4.17962134203107,3.7272686379090106e-43
6.0,4.21962808498201,4.18857268362721,3.766130838429831e-43
6.0,4.22851368590291,4.19752402522336,3.80516604267773e-43
6.0,4.23368513449157,4.20273360665104,3.82795841081867e-43
6.0,4.24257117239449,4.21168494824718,3.867239236555391e-43
6.0,4.25145748428504,4.22063628984332,3.90665603738362e-43
6.0,4.25662934459638,4.225845871271,3.92965239768711e-43
6.0,4.26551608643646,4.23479721286715,3.96925075820798e-43
6.0,4.27440309786643,4.24374855446329,4.00894090664767e-43
6.0,4.27957536329189,4.24895813589097,4.0320748104926006e-43
6.0,4.28846279778844,4.25790947748711,4.0718703291486e-43
6.0,4.29735049757042,4.26686081908326,4.1117052450171206e-43
6.0,4.3025231616416,4.27207040051092,4.134897909990461e-43
6.0,4.31141127775284,4.28102174210708,4.17474812047129e-43
6.0,4.32029965493587,4.28997308370322,4.21457595250054e-43
6.0,4.3254727113209,4.29518266513089,4.2377344863332105e-43
6.0,4.33436149823766,4.30413400672704,4.277471665374791e-43
6.0,4.34325054210104,4.31308534832318,4.31711397274535e-43
6.0,4.34842398460095,4.31829492975085,4.34012937046502e-43
6.0,4.35731343174064,4.327246271347,4.379556969299301e-43
6.0,4.36620313178793,4.33619761294315,4.41880498839542e-43
6.0,4.37137695433322,4.34140719437082,4.4415498813175406e-43
6.0,4.38026705133392,4.35035853596697,4.4804385203036606e-43
6.0,4.38915739728712,4.35930987756312,4.5190489800434206e-43
6.0,4.39433159393441,4.36451945899079,4.5413751160279606e-43
6.0,4.40322233064916,4.37347080058694,4.57945810675858e-43
6.0,4.41211331244308,4.38242214218309,4.6171485598976105e-43
6.0,4.41728787737185,4.38763172361075,4.6388839966866e-43
6.0,4.42617924386315,4.3965830652069,4.67585236320778e-43
6.0,4.43507085163995,4.40553440680304,4.71229600705669e-43
6.0,4.44024577914942,4.41074398823071,4.7332420048684795e-43
6.0,4.44913776568385,4.41969532982687,4.768738982931471e-43
6.0,4.45802998978775,4.42864667142301,4.8035589543213005e-43
6.0,4.4632052742938,4.43385625285069,4.82348656129319e-43
6.0,4.47209787133681,4.44280759444682,4.85710157051264e-43
6.0,4.48099070230896,4.45175893604297,4.88986471611799e-43
6.0,4.48616633834116,4.45696851747064,4.90851105147231e-43
6.0,4.4950595365521,4.46591985906679,4.9397731556777e-43
6.0,4.50395296512557,4.47487120066294,4.96998330543952e-43
6.0,4.50912894732436,4.48008078209061,4.987047562258571e-43
6.0,4.51802273755152,4.48903212368676,5.0154184676050506e-43
6.0,4.52691675464651,4.49798346528291,5.04250927623056e-43
6.0,4.53209307776036,4.50319304671058,5.05764849006147e-43
6.0,4.54098745103625,4.51214438830672,5.08251517622671e-43
6.0,4.54988204775539,4.52109572990287,5.10584265101764e-43
6.0,4.55505870663814,4.52630531133054,5.118667314471091e-43
6.0,4.56395365417492,4.53525665292668,5.139334458758771e-43
6.0,4.57284882179874,4.54420799452284,5.1581693646352906e-43
6.0,4.57802581140695,4.54941757595051,5.16823901544619e-43
6.0,4.58692132459194,4.55836891754665,5.18392145939743e-43
6.0,4.59581705457442,4.5673202591428,5.19744189358068e-43
6.0,4.60099436996485,4.57252984057047,5.20426086762889e-43
6.0,4.60989044035622,4.58148118216661,5.21407649584888e-43
6.0,4.61878672432056,4.59043252376276,5.221361058308421e-43
6.0,4.62396436064769,4.59564210519043,5.224374684370671e-43
6.0,4.63286097997024,4.60459344678658,5.2273382456382904e-43
6.0,4.64175780970467,4.61354478838273,5.22736041127833e-43
6.0,4.64693576221832,4.6187543698104,5.225952038654661e-43
6.0,4.65583292235939,4.62770571140654,5.220970652955031e-43
6.0,4.66473028981317,4.63665705300269,5.21259518756741e-43
6.0,4.67289785615716,4.64487398370906,5.20175934068278e-43
6.0,4.69206874183016,4.66416005605712,5.16361796405296e-43
6.0,4.71124056775011,4.68344612840519,5.10600586102503e-43
6.0,4.72239878588795,4.69467040839026,5.062670102180191e-43
6.0,4.74157207599291,4.71395648073833,4.969847389542841e-43
6.0,4.76074627720157,4.73324255308639,4.85183922495491e-43
6.0,4.77190586450068,4.74446683307146,4.77064257639968e-43
6.0,4.7910814847416,4.76375290541952,4.608030153343751e-43
6.0,4.8102579881317,4.78303897776758,4.41425451120037e-43
6.0,4.8214189025823,4.79426325775265,4.286271234369411e-43
6.0,4.84059678168446,4.81354933010072,4.038894079236991e-43
6.0,4.85977551711014,4.83283540244878,3.7553834819241e-43
6.0,4.87093771839899,4.84405968243385,3.57327336232987e-43
6.0,4.89011778795727,4.86334575478191,3.2306153426074e-43
6.0,4.90929868808605,4.88263182712997,2.85076401593191e-43
6.0,4.92046213751189,4.89385610711504,2.6132492191106704e-43
6.0,4.93964433184823,4.91314217946311,2.1793875691695003e-43
6.0,4.95882733202174,4.93242825181117,1.7187249401106201e-43
6.0,4.96999199241571,4.94365253179624,1.4425583075932402e-43
6.0,4.98917624844489,4.9629386041443,9.668031782338128e-44
6.0,5.00836128654776,4.98222467649237,5.187015088427781e-44
6.0,5.01952712219851,4.99344895647744,2.9525041317659e-44
6.0,5.03871337930181,5.0127350288255,5.4592727183427294e-45
6.0,5.05790039563818,5.03202110117356,7.22577606037815e-47
6.0,5.06850080933915,5.04267591708319,0.0
6.2,0.51099907,0.0,0.0
6.2,0.511652739602187,0.0258549105888717,3.14330323970446e-48
6.2,0.523714911452805,0.114705095515215,3.5086181819029e-47
6.2,0.550049817504298,0.203555280441571,1.02983851382077e-46
6.2,0.571209525170557,0.255265101619294,1.60000785842218e-46
6.2,0.6160644284287631,0.34411528654564805,2.9018021141610603e-46
6.2,0.669760516175624,0.43296547147200304,4.64303834185065e-46
6.2,0.7042941067806571,0.4846752926497271,5.87532894786759e-46
6.2,0.768148112651289,0.5735254775760821,8.4005423714608e-46
6.2,0.8365772933903991,0.662375662502436,1.1485316188607599e-45
6.2,0.8780877675628971,0.714085483680159,1.35600886681378e-45
6.2,0.951748778544766,0.8029356686065141,1.76462279146552e-45
6.2,1.02781421380627,0.891785853532862,2.2447710575549098e-45
6.2,1.07298841454065,0.9434956747105909,2.5599483822488002e-45
6.2,1.15189323439736,1.03234585963695,3.16816293941367e-45
6.2,1.23215283949892,1.1211960445633,3.8679133477273397e-45
6.2,1.27938587589146,1.17290586574102,4.3209126203815096e-45
6.2,1.36130392673224,1.26175605066738,5.18467987536002e-45
6.2,1.44404198455777,1.35060623559373,6.16581182504901e-45
6.2,1.49251813142083,1.40231605677146,6.79553612691845e-45
6.2,1.57629210805613,1.49116624169781,7.987275603041471e-45
6.2,1.66059385701112,1.58001642662417,9.32997388857053e-45
6.2,1.70986859065441,1.63172624780189,1.0187028954654999e-44
6.2,1.79485467668018,1.72057643272824,1.1801161797239602e-44
6.2,1.8801980571785,1.80942661765459,1.36102792061853e-44
6.2,1.93001266666577,1.86113643883232,1.47609944397833e-44
6.2,2.01582932868302,1.94998662375868,1.69215794724962e-44
6.2,2.10189809029596,2.03883680868503,1.93353077975506e-44
6.2,2.15209322780668,2.09054662986275,2.08673189009578e-44
6.2,2.23850184852588,2.17939681478911,2.3738682857274196e-44
6.2,2.32509451447873,2.26824699971547,2.69406624933624e-44
6.2,2.37556723759815,2.31995682089319,2.89707260909502e-44
6.2,2.46241167168006,2.40880700581955,3.27723758641491e-44
6.2,2.5493943382744,2.4976571907459,3.7008723199304794e-44
6.2,2.60007542410316,2.54936701192362,3.9693721703255497e-44
6.2,2.68724952829018,2.63821719684997,4.4721368117349794e-44
6.2,2.77452996997496,2.72706738177633,5.03246993681188e-44
6.2,2.82537126643526,2.77877720295405,5.38771668370563e-44
6.2,2.91280052273798,2.8676273878804,6.05323585355238e-44
6.2,3.00031326498588,2.95647757280676,6.79555667252746e-44
6.2,3.05128029634579,3.00818739398449,7.26654444611127e-44
6.2,3.13891092812886,3.09703757891084,8.149687229857759e-44
6.2,3.22660826461912,3.18588776383719,9.13597443065692e-44
6.2,3.27767572710225,3.23759758501491,9.7624077236257e-44
6.2,3.36546799356169,3.32644776994128,1.09383063898662e-43
6.2,3.45331437463545,3.41529795486762,1.2253314484430001e-43
6.2,3.50446329253136,3.46700777604534,1.3089363327913903e-43
6.2,3.59238721300289,3.5558579609717,1.46601043965696e-43
6.2,3.68035562389241,3.64470814589805,1.6418057133817203e-43
6.2,3.70864460187425,3.67327166616766,1.70265513664505e-43
6.2,3.71786415719336,3.68257978077899,1.7229643338031001e-43
6.2,3.72708415274869,3.69188789539032,1.7435140219795202e-43
6.2,3.73245028916805,3.6973051147518,1.7555855045852501e-43
6.2,3.74167097452871,3.70661322936313,1.77652123585255e-43
6.2,3.75089209177575,3.71592134397447,1.79770454989005e-43
6.2,3.75625887719577,3.72133856333594,1.8101480773122e-43
6.2,3.76548067120519,3.73064667794727,1.83172873931973e-43
6.2,3.77470288895999,3.7399547925586,1.8535641807405902e-43
6.2,3.78007031114702,3.74537201192008,1.86639056648921e-43
6.2,3.78929319294651,3.75468012653141,1.8886348137384703e-43
6.2,3.79851649055282,3.76398824114274,1.91114112478218e-43
6.2,3.80388453757733,3.76940546050422,1.92436131404402e-43
6.2,3.81310848682586,3.77871357511555,1.9472880118701603e-43
6.2,3.8223328441388,3.78802168972689,1.97048412491731e-43
6.2,3.82770150436608,3.79343890908836,1.98410916341689e-43
6.2,3.83692650122435,3.80274702369969,2.00773733128686e-43
6.2,3.8461518985948,3.81205513831103,2.0316423077684502e-43
6.2,3.85152116067593,3.8174723576725,2.04568330407376e-43
6.2,3.86074718579108,3.82678047228383,2.07003204751737e-43
6.2,3.86997360405058,3.83608858689517,2.09466500549447e-43
6.2,3.87534345691377,3.84150580625664,2.1091330867688902e-43
6.2,3.88457049140461,3.85081392086798,2.13422151672347e-43
6.2,3.89379791185081,3.8601220354793,2.15960154433463e-43
6.2,3.89916834469299,3.86553925484078,2.1745078031661705e-43
6.2,3.90839637013582,3.87484736945212,2.20035494013368e-43
6.2,3.91762477451848,3.88415548406344,2.2265009935676903e-43
6.2,3.92299577679726,3.88957270342492,2.2418564255585503e-43
6.2,3.93222477521211,3.89888081803626,2.26848108677433e-43
6.2,3.94145414571957,3.90818893264759,2.2954118701008302e-43
6.2,3.94682570714543,3.91360615200906,2.31122730040012e-43
6.2,3.95605566098288,3.92291426662039,2.3386479672527404e-43
6.2,3.96528598022899,3.93222238123173,2.36638179141616e-43
6.2,3.97065809075784,3.93763960059321,2.38266778860584e-43
6.2,3.97988898288623,3.94694771520454,2.4109024513443102e-43
6.2,3.98912023389781,3.95625582981587,2.43945706920521e-43
6.2,3.99449288372366,3.96167304917734,2.4562238446132302e-43
6.2,4.00372469741681,3.97098116378868,2.48528982095591e-43
6.2,4.0129568636215,3.98028927840001,2.5146822347474803e-43
6.2,4.01833004316955,3.98570649776149,2.5319395250277802e-43
6.2,4.02756276209486,3.99501461237281,2.5618532487249704e-43
6.2,4.03679582730941,4.00432272698415,2.5920994858174602e-43
6.2,4.04216952722924,4.00973994634562,2.60985641626991e-43
6.2,4.05140313543626,4.01904806095696,2.64063319114273e-43
6.2,4.0606370838552,4.02835617556829,2.67174804335696e-43
6.2,4.06601129501432,4.03377339492976,2.6900129691112803e-43
6.2,4.07524577692364,4.04308150954109,2.7216666834545906e-43
6.2,4.0844805931084,4.05238962415243,2.7536634045674303e-43
6.2,4.08985530658594,4.05780684351391,2.77244372632924e-43
6.2,4.09909064697854,4.06711495812524,2.8049865214159606e-43
6.2,4.10832631584687,4.07642307273657,2.8378764761049803e-43
6.2,4.11370152292749,4.08184029209805,2.8571784266594803e-43
6.2,4.12293770693441,4.09114840670938,2.89062031326397e-43
6.2,4.13217421375024,4.10045652132071,2.92441257155492e-43
6.2,4.13754990591828,4.10587374068218,2.94424096869172e-43
6.2,4.14678691901065,4.11518185529351,2.97858938315468e-43
6.2,4.15602424937422,4.12448996990485,3.01329025053444e-43
6.2,4.16140041830807,4.12990718926633,3.03364821139999e-43
6.2,4.17063824628748,4.13921530387766,3.0689075024626102e-43
6.2,4.17987638612585,4.148523418489,3.1045199774251005e-43
6.2,4.1852530236924,4.15394063785046,3.12540858856882e-43
6.2,4.1944916526816,4.1632487524618,3.1615794249454905e-43
6.2,4.20373058823945,4.17255686707313,3.19810257270944e-43
6.2,4.2091076864889,4.17797408643461,3.2195205093065504e-43
6.2,4.21834710292278,4.18728220104594,3.2565991960926504e-43
6.2,4.22758682075357,4.19659031565727,3.2940274262165002e-43
6.2,4.23296437191423,4.20200753501875,3.31597051295849e-43
6.2,4.24220456253115,4.21131564963008,3.3539482035148603e-43
6.2,4.25144504948849,4.22062376424141,3.3922704373097303e-43
6.2,4.25682304596188,4.22604098360289,3.4147311424092403e-43
6.2,4.26606399779526,4.23534909821422,3.45359293042241e-43
6.2,4.27530524102465,4.24465721282555,3.4927916420247002e-43
6.2,4.28068367538069,4.25007443218703,3.5157584945923903e-43
6.2,4.28992537575088,4.25938254679836,3.5554823689091604e-43
6.2,4.29916736268166,4.26869066140969,3.5955324817804704e-43
6.2,4.30454622765409,4.27410788077117,3.6189894014466704e-43
6.2,4.31378866416049,4.2834159953825,3.65954504347823e-43
6.2,4.32303138249808,4.29272410999384,3.700412660945041e-43
6.2,4.32841067097995,4.29814132935531,3.72433818711999e-43
6.2,4.3376538314934,4.30744944396664,3.7656855890783905e-43
6.2,4.34689726921179,4.31675755857797,3.80732653657098e-43
6.2,4.35227697425116,4.32217477793945,3.8316929430644305e-43
6.2,4.36152084690661,4.33148289255078,3.87378082075483e-43
6.2,4.3707649922411,4.34079100716211,3.916138971320211e-43
6.2,4.37614510703681,4.34620822652359,3.9409112501909706e-43
6.2,4.38538968022617,4.35551634113492,3.9836752219102706e-43
6.2,4.39463452166633,4.36482445574625,4.02668057626949e-43
6.2,4.40001503956399,4.37024167510773,4.051815272823571e-43
6.2,4.40926030192924,4.37954978971906,4.09517577236847e-43
6.2,4.4185058282121,4.3888579043304,4.1387422594885e-43
6.2,4.42388674270014,4.39427512369187,4.1641861382254305e-43
6.2,4.43313268312666,4.4035832383032,4.20804602605335e-43
6.2,4.44237888323011,4.41289135291454,4.25206898666906e-43
6.2,4.44776018793601,4.41830857227601,4.277757505782591e-43
6.2,4.4570067955461,4.42761668688734,4.3219993383106306e-43
6.2,4.46625365868252,4.43692480149868,4.36635265106421e-43
6.2,4.4716353473691,4.44234202086016,4.392208220946391e-43
6.2,4.48088261151575,4.45165013547149,4.436691135772871e-43
6.2,4.49013012712581,4.46095825008282,4.48122394046741e-43
6.2,4.49551219368768,4.4663754694443,4.507153939521441e-43
6.2,4.50476010394848,4.47568358405563,4.551710108186681e-43
6.2,4.51400826169519,4.48499169866696,4.59624307837717e-43
6.2,4.5193907001553,4.49040891802844,4.62213759775539e-43
6.2,4.52863924632657,4.49971703263977,4.66656819761434e-43
6.2,4.53788803608944,4.5090251472511,4.71088931218308e-43
6.2,4.54327084059573,4.51444236661258,4.736618599380331e-43
6.2,4.55252001268686,4.5237504812239,4.78068925221707e-43
6.2,4.56176942455629,4.53305859583524,4.8245490139192805e-43
6.2,4.56715258937846,4.53847581519672,4.8499605860022e-43
6.2,4.57640237760637,4.54778392980805,4.89339621312893e-43
6.2,4.5856524018782,4.55709204441938,4.9365022637736e-43
6.2,4.59103592140456,4.56250926378086,4.96141766000671e-43
6.2,4.60028631618834,4.57181737839219,5.003896703606171e-43
6.2,4.60953694335859,4.58112549300352,5.04590778866816e-43
6.2,4.61492081209302,4.58654271236499,5.070118937496851e-43
6.2,4.62417180404879,4.59585082697633,5.11126690751132e-43
6.2,4.63342302480851,4.60515894158766,5.15178615259792e-43
6.2,4.63880723736753,4.61057616094914,5.175051332926231e-43
6.2,4.64805881730339,4.61988427556047,5.2144336495409006e-43
6.2,4.65731062253372,4.62919239017181,5.25300112690612e-43
6.2,4.66269517364357,4.63460960953327,5.2750405145990506e-43
6.2,4.67194733255474,4.64391772414461,5.312154639010661e-43
6.2,4.68119971332209,4.65322583875594,5.3482392263817306e-43
6.2,4.68658459781604,4.65864305811742,5.368730033443061e-43
6.2,4.69583732688012,4.66795117272876,5.40299691022429e-43
6.2,4.7050902744315,4.67725928734008,5.43598748324803e-43
6.2,4.71047548724708,4.68267650670156,5.454558722322301e-43
6.2,4.7197287778195,4.69198462131289,5.48531360714431e-43
6.2,4.72898228357802,4.70129273592423,5.514509662688751e-43
6.2,4.73436781975444,4.7067099552857,5.5307366060813806e-43
6.2,4.743621663364,4.71601806989704,5.557219421786211e-43
6.2,4.75287571892441,4.72532618450836,5.58182130973083e-43
6.2,4.75826157360005,4.73074340386984,5.59521976378908e-43
6.2,4.7675159619446,4.74005151848117,5.616565226291951e-43
6.2,4.77677055906911,4.7493596330925,5.63566427907145e-43
6.2,4.78215672747904,4.75477685245398,5.64568486725542e-43
6.2,4.7914116524213,4.76408496706532,5.660912760658e-43
6.2,4.80066678303539,4.77339308167665,5.67348176612006e-43
6.2,4.80605326050897,4.77881030103812,5.67950451325416e-43
6.2,4.81530871407247,4.78811841564945,5.687510679947631e-43
6.2,4.8245643702609,4.79742653026079,5.69239535141358e-43
6.2,4.8299511522195,4.80284374962226,5.69372499488036e-43
6.2,4.83920712658466,4.8121518642336,5.69327385802113e-43
6.2,4.84846330058754,4.82145997884493,5.689186238844141e-43
6.2,4.85696022855512,4.83000441120144,5.6820499102291004e-43
6.2,4.87690413840072,4.85005916722767,5.65157094727441e-43
6.2,4.89684895366525,4.87011392325391,5.5999301343146105e-43
6.2,4.90845702715072,4.88178556860545,5.559151829407521e-43
6.2,4.92840325234514,4.90184032463169,5.468881829827441e-43
6.2,4.94835035487035,4.92189508065792,5.35073145608368e-43
6.2,4.95995974676494,4.93356672600946,5.268030022557921e-43
6.2,4.97990821570301,4.95362148203569,5.1000543972987005e-43
6.2,4.99985753503065,4.97367623806193,4.89695793912873e-43
6.2,5.01146820484736,4.98534788341347,4.76151609476179e-43
6.2,5.03141884883885,5.00540263943971,4.497459105965861e-43
6.2,5.05137031736777,5.02545739546594,4.1919262034469e-43
6.2,5.06298222625635,5.03712904081748,3.9943414959840005e-43
6.2,5.08293497937948,5.05718379684371,3.620231531593991e-43
6.2,5.10288853222269,5.07723855286995,3.2025046371072303e-43
6.2,5.11450164288796,5.0889101982215,2.9399238555960804e-43
6.2,5.1344564418517,5.10896495424773,2.4578658983786102e-43
6.2,5.15441201670178,5.12901971027397,1.9429726206773e-43
6.2,5.16602629332679,5.14069135562551,1.63290558000314e-43
6.2,5.18598307734121,5.16074611165174,1.0964280702920101e-43
6.2,5.20594061434375,5.18080086767798,5.885806901159439e-44
6.2,5.21755602251744,5.19247251302953,3.3474517552870095e-44
6.2,5.23751473317171,5.21252726905576,6.26273720091703e-45
6.2,5.257474174806,5.23258202508199,8.76703438364876e-47
6.2,5.26850131188267,5.24366150926703,0.0
6.4,0.51099907,0.0,0.0
6.4,0.511703755309865,0.0268455519100153,3.06932907365348e-48
6.4,0.524695031057283,0.11910006748670801,3.48595621881486e-47
6.4,0.552983552488472,0.21135458306340504,1.02678250121726e-46
6.4,0.5756468237351531,0.265045686883423,1.5971551412869401e-46
6.4,0.6235250469860121,0.35730020246012106,2.9010892654011303e-46
6.4,0.680602302413112,0.44955471803682,4.64756234444055e-46
6.4,0.717200395117869,0.503245821856836,5.8847081478981395e-46
6.4,0.784691468938155,0.595500337433536,8.422039124322281e-46
6.4,0.8568119906840661,0.6877548530102331,1.15246024435636e-45
6.4,0.9004788484138819,0.741445956830251,1.36127875498285e-45
6.4,0.977842792698517,0.833700472406949,1.77280883506691e-45
6.4,1.05759760273587,0.925954987983646,2.25676884807205e-45
6.4,1.10491018400912,0.979646091803669,2.5746398491995e-45
6.4,1.18747250984739,1.07190060738036,3.18842248155582e-45
6.4,1.27136823927926,1.16415512295707,3.89510600221507e-45
6.4,1.3207079471314,1.21784622677708,4.35286009591588e-45
6.4,1.40623042374171,1.31010074235378,5.22621307924921e-45
6.4,1.49255496347241,1.40235525793048,6.2189784694555e-45
6.4,1.54311083759648,1.45604636175049,6.85654922181096e-45
6.4,1.63044645918626,1.54830087732719,8.06388057769326e-45
6.4,1.71829626279257,1.64055539290389,9.425214625574281e-45
6.4,1.76963025550596,1.6942464967239,1.0294711690112099e-44
6.4,1.85814582756358,1.7865010123006,1.19333482365979e-44
6.4,1.94700857293192,1.8787555278773,1.3771473792041898e-44
6.4,1.99886718765885,1.93244663169732,1.49414320879569e-44
6.4,2.08818935571312,2.02470114727401,1.7139702580906498e-44
6.4,2.17775603041677,2.11695566285072,1.95977781814084e-44
6.4,2.22998372980589,2.17064676667074,2.1159092084190096e-44
6.4,2.3198797948898,2.26290128224743,2.40876500091069e-44
6.4,2.40995412436948,2.35515579782413,2.7356703616491195e-44
6.4,2.46245069901947,2.40884690164415,2.94309924361434e-44
6.4,2.55276876131878,2.50110141722085,3.33188190792553e-44
6.4,2.64322058173681,2.59335593279754,3.7656082202115303e-44
6.4,2.69591877911904,2.64704703661756,4.0407573132447503e-44
6.4,2.78655576714243,2.73930155219426,4.556475000416419e-44
6.4,2.87729557301147,2.83155606777096,5.131979157346339e-44
6.4,2.93014868064994,2.88524717159097,5.49722717875641e-44
6.4,3.02103233127804,2.97750168716768,6.1822472449557e-44
6.4,3.11199665710431,3.06975620274437,6.94744520143778e-44
6.4,3.16497126786725,3.12344730656439,7.433538897358359e-44
6.4,3.25604948648856,3.21570182214109,8.346195375995959e-44
6.4,3.34719213398158,3.30795633771779,9.367209010851838e-44
6.4,3.4002637501727,3.3616474415378,1.0016633481073801e-43
6.4,3.49149807087162,3.4539019571145,1.1237589765902602e-43
6.4,3.58278464024152,3.5461564726912,1.2605839469094e-43
6.4,3.63593490366021,3.59984757651122,1.3477266292755902e-43
6.4,3.72729632682201,3.69210209208792,1.51176207143036e-43
6.4,3.81870069310436,3.78435660766462,1.6958276339594602e-43
6.4,3.84809394930775,3.8140145507271,1.7596564792373002e-43
6.4,3.85767332876347,3.8236793095018,1.78097340672794e-43
6.4,3.86725313308187,3.83334406827651,1.80254953457974e-43
6.4,3.87282866717282,3.83896885058146,1.81522715467345e-43
6.4,3.88240913719905,3.84863360935616,1.8372196921053503e-43
6.4,3.89199002401884,3.85829836813087,1.85947950564194e-43
6.4,3.89756618443032,3.86392315043582,1.87255876609695e-43
6.4,3.90714772435376,3.87358790921052,1.8952478938319002e-43
6.4,3.91672967320381,3.88325266798522,1.91821253344896e-43
6.4,3.92230644811395,3.88887745029017,1.93170580941548e-43
6.4,3.93188903777832,3.89854220906488,1.9551129104304202e-43
6.4,3.94147202869825,3.90820696783958,1.9788039050010302e-43
6.4,3.94704940657959,3.91383175014453,1.99272379069906e-43
6.4,3.95663302632962,3.92349650891923,2.0168706114148602e-43
6.4,3.96621703985405,3.93316126769393,2.0413098356266003e-43
6.4,3.97179500946445,3.93878604999889,2.05566911783261e-43
6.4,3.9813796401305,3.94845080877359,2.08057771949983e-43
6.4,3.99096465727385,3.95811556754829,2.1057873411872004e-43
6.4,3.99654320764778,3.96374034985325,2.12059896661691e-43
6.4,4.00612883053098,3.97340510862795,2.14629166573341e-43
6.4,4.01571483277284,3.98306986740265,2.1722940816399403e-43
6.4,4.02129395321294,3.98869464970761,2.18757111725572e-43
6.4,4.0308805500709,3.99835940848231,2.21407041332155e-43
6.4,4.04046751934193,4.00802416725701,2.24088817113492e-43
6.4,4.04604719941089,4.01364894956196,2.25664375623569e-43
6.4,4.05563475244389,4.02331370833667,2.28397224437525e-43
6.4,4.06522267111222,4.03297846711136,2.31162794950001e-43
6.4,4.070802900625,4.03860324941632,2.32787523829133e-43
6.4,4.08039139246271,4.04826800819102,2.35605550549081e-43
6.4,4.08998024332086,4.05793276696572,2.3845717095104903e-43
6.4,4.09556101233709,4.06355754927068,2.4013238026580402e-43
6.4,4.10515042602575,4.07322230804538,2.4303783034716303e-43
6.4,4.11474019227795,4.08288706682008,2.45977737157232e-43
6.4,4.12032149109468,4.08851184912504,2.47704723498793e-43
6.4,4.12991181008475,4.09817660789974,2.50699814466607e-43
6.4,4.13950247533476,4.10784136667444,2.53730209890793e-43
6.4,4.14508429447945,4.11346614897939,2.5551024677707703e-43
6.4,4.15467550261365,4.1231309077541,2.5859715087909304e-43
6.4,4.16426705085301,4.13279566652879,2.61720184327932e-43
6.4,4.16984938107676,4.13842044883375,2.63554510898462e-43
6.4,4.17944146257857,4.14808520760845,2.6673533469035002e-43
6.4,4.18903387817525,4.15774996638315,2.6995308105192003e-43
6.4,4.19461671044622,4.16337474868811,2.71842888788447e-43
6.4,4.2042096499088,4.17303950746281,2.75119649173163e-43
6.4,4.21380291759621,4.18270426623751,2.7843408333486006e-43
6.4,4.21938624309336,4.18832904854247,2.80380500500314e-43
6.4,4.22898002546881,4.19799380731717,2.8375509666935402e-43
6.4,4.23857413033524,4.20765856609187,2.87168063705896e-43
6.4,4.24415794044223,4.21328334839683,2.8917213714766803e-43
6.4,4.2537525510312,4.22294810717153,2.92646317787148e-43
6.4,4.26334747850963,4.23261286594623,2.96159498141559e-43
6.4,4.26893176480892,4.23823764825118,2.9822217205585704e-43
6.4,4.27852718925066,4.24790240702588,3.0179749708374704e-43
6.4,4.28812292510885,4.25756716580058,3.05412365974196e-43
6.4,4.29370767937604,4.26319194810554,3.07534457122672e-43
6.4,4.30330390363873,4.27285670688024,3.1121225310894104e-43
6.4,4.31290043396972,4.28252146565494,3.1493003321133903e-43
6.4,4.31848564816805,4.2881462479599,3.1711220212474704e-43
6.4,4.32808265853945,4.2978110067346,3.2089351041767004e-43
6.4,4.33767996975236,4.3074757655093,3.24715116929307e-43
6.4,4.3432656360274,4.31310054781426,3.2695783439506604e-43
6.4,4.35286341910586,4.32276530658895,3.3084335083105105e-43
6.4,4.36246149791695,4.33243006536366,3.3476932754419403e-43
6.4,4.36804760859151,4.33805484766861,3.3707283567606602e-43
6.4,4.37764615127724,4.34771960644331,3.4106284057242503e-43
6.4,4.38724498470136,4.35738436521801,3.45093285724613e-43
6.4,4.3928315322705,4.36300914752297,3.4745755280284904e-43
6.4,4.40243082175716,4.37267390629767,3.5155182974287005e-43
6.4,4.41203039709941,4.38233866507237,3.5568631001436003e-43
6.4,4.41761737422566,4.38796344737733,3.5811097812175102e-43
6.4,4.42721739799219,4.39762820615202,3.6230871981778605e-43
6.4,4.4368177028399,4.40729296492673,3.66546170674007e-43
6.4,4.44240510234864,4.41291774723168,3.69030495032828e-43
6.4,4.45200584815144,4.42258250600639,3.73330194294283e-43
6.4,4.46160687036636,4.43224726478109,3.7766880459598e-43
6.4,4.46719468524135,4.43787204708605,3.8021158334518606e-43
6.4,4.47679614110659,4.44753680586074,3.84610906893466e-43
6.4,4.48639786881742,4.45720156463544,3.89047985400488e-43
6.4,4.49198609219644,4.4628263469404,3.916474783670771e-43
6.4,4.50158824641277,4.47249110571511,3.9614312092116906e-43
6.4,4.51119066800786,4.4821558644898,4.00674941925991e-43
6.4,4.51677929317854,4.48778064679476,4.03328776743819e-43
6.4,4.52638213428989,4.49744540556946,4.07916292368911e-43
6.4,4.53598523841021,4.50711016434416,4.12537917445622e-43
6.4,4.54157425880598,4.51273494664912,4.1524298114018205e-43
6.4,4.55117777560472,4.52239970542382,4.19916588643051e-43
6.4,4.56078155113703,4.53206446419852,4.2462166089602305e-43
6.4,4.56637096033318,4.53768924650348,4.27373974803188e-43
6.4,4.57597514185341,4.54735400527818,4.32126333178384e-43
6.4,4.5855795779237,4.55701876405288,4.36906840029096e-43
6.4,4.59116936963358,4.56264354635783,4.39701415639237e-43
6.4,4.60077420514469,4.57230830513253,4.44523365416067e-43
6.4,4.61037929111178,4.58197306390724,4.4936936545683006e-43
6.4,4.61596945918315,4.58759784621219,4.522000384842811e-43
6.4,4.62557493818355,4.59726260498689,4.5708030410581705e-43
6.4,4.63518066363289,4.6069273637616,4.619796129903551e-43
6.4,4.64077120204433,4.61255214606655,4.6483885261391606e-43
6.4,4.65037731425538,4.62221690484125,4.6976370050709205e-43
6.4,4.65998366899311,4.63188166361595,4.74701530274381e-43
6.4,4.66557457185059,4.63750644592091,4.77580220296364e-43
6.4,4.67518130721076,4.64717120469561,4.82533066744724e-43
6.4,4.68478828125789,4.6568359634703,4.8749161260547004e-43
6.4,4.6903795427914,4.66246074577526,4.903788008130461e-43
6.4,4.69998689145056,4.67212550454996,4.95339763228591e-43
6.4,4.70959447503737,4.68179026332467,5.0029773106879404e-43
6.4,4.71518608959772,4.68741504562962,5.0318034292335806e-43
6.4,4.72479404191165,4.69707980440432,5.081257277016421e-43
6.4,4.7344022254722,4.70674456317902,5.1305779547304205e-43
6.4,4.73999418752787,4.71236934548398,5.159203080133711e-43
6.4,4.74960273405291,4.72203410425867,5.208220278191171e-43
6.4,4.75921150821985,4.73169886303338,5.256982336163331e-43
6.4,4.76480381235393,4.73732364533833,5.285223054669821e-43
6.4,4.77441294384184,4.74698840411304,5.333472189379031e-43
6.4,4.78402229944121,4.75665316288774,5.38132268719148e-43
6.4,4.7896149403485,4.76227794519269,5.40896322097907e-43
6.4,4.79922464774139,4.77194270396739,5.4560548904110805e-43
6.4,4.80883457578775,4.78160746274209,5.502579775302741e-43
6.4,4.81442754827187,4.78723224504705,5.52936728688084e-43
6.4,4.82403782269739,4.79689700382175,5.57484575105197e-43
6.4,4.83364831438896,4.80656176259646,5.61956114648027e-43
6.4,4.83924161335958,4.81218654490141,5.64520050065038e-43
6.4,4.84885244612618,4.82185130367611,5.68853438983553e-43
6.4,4.85846349284021,4.83151606245081,5.7308769350830205e-43
6.4,4.86405711331039,4.83714084475577,5.755024906929161e-43
6.4,4.87366849590277,4.84680560353046,5.79559698058592e-43
6.4,4.88328008919101,4.85647036230517,5.8349132287962e-43
6.4,4.88887402627458,4.86209514461013,5.857172171155461e-43
6.4,4.89848595034925,4.87175990338483,5.89426816664406e-43
6.4,4.90809808193358,4.88142466215952,5.92980310703698e-43
6.4,4.91369233084261,4.88704944446448,5.94971412865368e-43
6.4,4.92330478822358,4.89671420323918,5.982510814563401e-43
6.4,4.93291744999177,4.90637896201388,6.013395669605881e-43
6.4,4.93851200603412,4.91200374431884,6.0304314311601106e-43
6.4,4.94812498870874,4.92166850309354,6.0579840856813505e-43
6.4,4.95773817271031,4.93133326186824,6.083223656900391e-43
6.4,4.96333303128727,4.93695804417319,6.09678097104902e-43
6.4,4.97294653140218,4.9466228029479,6.1180106582891106e-43
6.4,4.98256022984439,4.9562875617226,6.13647066780971e-43
6.4,4.98815538644837,4.96191234402755,6.1458632020216505e-43
6.4,4.99776939630557,4.97157710280226,6.159544432835151e-43
6.4,5.00738360154957,4.98124186157696,6.16993954981208e-43
6.4,5.01297905176183,4.98686664388191,6.17439108541224e-43
6.4,5.02259356381487,4.99653140265662,6.17914074077589e-43
6.4,5.0322082683719,5.00619616143132,6.18002431079573e-43
6.4,5.04103430508602,5.01506797715776,6.1772248438042706e-43
6.4,5.06175064734208,5.03589113924508,6.15593436753972e-43
6.4,5.08246786264708,5.05671430133239,6.11181592183142e-43
6.4,5.09452544963211,5.06883315048033,6.07449884112726e-43
6.4,5.11524402444307,5.08965631256764,5.988313733466201e-43
6.4,5.13596344519804,5.11047947465496,5.8714920677226306e-43
6.4,5.14802230342577,5.1225983238029,5.788094628849711e-43
6.4,5.16874304169379,5.14342148589022,5.6160253422288505e-43
6.4,5.18946459990869,5.16424464797753,5.4046684188702605e-43
6.4,5.20152469031091,5.17636349712548,5.26225912575635e-43
6.4,5.22224752575366,5.19718665921279,4.9820925410131704e-43
6.4,5.24297115619809,5.2180098213001,4.65468282402746e-43
6.4,5.25503244128745,5.23012867044805,4.441474469600801e-43
6.4,5.27575731029653,5.25095183253536,4.0351878354493804e-43
6.4,5.29648295036147,5.27177499462267,3.57818676615614e-43
6.4,5.30854539415252,5.28389384377062,3.2893822882791204e-43
6.4,5.32927223566025,5.30471700585793,2.7565058949493503e-43
6.4,5.34999982522795,5.32554016794524,2.1839420746698602e-43
6.4,5.36206339316285,5.33765901709319,1.83761295204606e-43
6.4,5.38279214851696,5.3584821791805,1.2358560259723602e-43
6.4,5.40352162983857,5.37930534126781,6.635001131149789e-44
6.4,5.41558628871714,5.39142419041576,3.76917677138814e-44
6.4,5.4363169015628,5.41224735250307,7.133417560759e-45
6.4,5.45704821914304,5.43307051459038,1.0529868364236299e-46
6.4,5.46850177695256,5.44457451367804,0.0
6.6,0.51099907,0.0,0.0
6.6,0.5117566661963061,0.0278358735356462,3.00019166601825e-48
6.6,0.525709733599342,0.123493621131726,3.46375087119391e-47
6.6,0.556010226485211,0.219151368727806,1.0236166983577e-46
6.6,0.580213576640867,0.274823115799094,1.59402160916612e-46
6.6,0.6311704363188271,0.370480863395174,2.8996277540907803e-46
6.6,0.691668456847442,0.4661386109912551,4.650591418073241e-46
6.6,0.730346561107961,0.521810358062543,5.89200040938946e-46
6.6,0.8014904310386459,0.6174681056586241,8.44010828510328e-46
6.6,0.8773075470558281,0.713125853254704,1.1558644126716e-45
6.6,0.9231304348833209,0.7687976003259931,1.36589333177407e-45
6.6,1.00419275943015,0.864455347922074,1.78006585874064e-45
6.6,1.08762916737568,0.960113095518153,2.26749439270518e-45
6.6,1.13707470993568,1.01578484258944,2.5878234957387e-45
6.6,1.22328438264337,1.11144259018552,3.20670072225224e-45
6.6,1.31080558246192,1.20710033778161,3.91974708695374e-45
6.6,1.36224571492245,1.26277208485289,4.38187458334504e-45
6.6,1.45136200144148,1.35842983244898,5.26406340657652e-45
6.6,1.54126270959306,1.45408758004505,6.26757971992818e-45
6.6,1.59389249178094,1.50975932711634,6.91241565151631e-45
6.6,1.68478011423421,1.60541707471242,8.13421134526139e-45
6.6,1.77616879846279,1.7010748223085,9.512873313925389e-45
6.6,1.82955692957845,1.75674656937979,1.0393959428263599e-44
6.6,1.92159355824579,1.85240431697587,1.2055459664326e-44
6.6,2.01396769014927,1.94806206457195,1.39207094817532e-44
6.6,2.06786586544273,2.00373381164324,1.51086904422154e-44
6.6,2.16068622630547,2.09939155923932,1.73423141342675e-44
6.6,2.25374388717517,2.1950493068354,1.98420761950686e-44
6.6,2.30800028423735,2.25072105390669,2.1430977496626702e-44
6.6,2.40137742341399,2.34637880150276,2.44134657536861e-44
6.6,2.49492736500995,2.44203654909885,2.77458890010637e-44
6.6,2.54944440659097,2.49770829617013,2.98620237941327e-44
6.6,2.64323050196166,2.59336604376621,3.38315168285895e-44
6.6,2.73714614152283,2.68902379136229,3.82645981254537e-44
6.6,2.7918584577729,2.74469553843358,4.1079318072525e-44
6.6,2.88595336743344,2.84035328602967,4.63598593079482e-44
6.6,2.98014778813283,2.93601103362575,5.22596720555505e-44
6.6,3.03501003455673,2.99168278069704,5.60077381442687e-44
6.6,3.12934363520245,3.08734052829312,6.30446150120913e-44
6.6,3.22375527511852,3.1829982758892,7.091603732444889e-44
6.6,3.27873505595736,3.23867002296048,7.59221094382322e-44
6.6,3.37325684332598,3.33432777055656,8.533271947921969e-44
6.6,3.46784092834111,3.42998551815264,9.587779960518559e-44
6.6,3.52291450650584,3.48565726522394,1.02594188841093e-43
6.6,3.61758721672206,3.58131501282001,1.1523991491741402e-43
6.6,3.71231043022844,3.6769727604161,1.2943903962641e-43
6.6,3.76746002882799,3.73264450748738,1.38497269725266e-43
6.6,3.862255585253,3.82830225508346,1.5557905069049302e-43
6.6,3.95709263881574,3.92396000267954,1.7479360058693302e-43
6.6,3.9875891430631,3.95471201534749,1.8146811672028102e-43
6.6,3.99752801303153,3.96473330319089,1.83698510630806e-43
6.6,4.0074672935021,3.97475459103429,1.85956688994692e-43
6.6,4.01325203215244,3.9805868692989,1.87283852422492e-43
6.6,4.02319195582209,3.99060815714231,1.8958669949470904e-43
6.6,4.03313228218806,4.0006294449857,1.9191823884075103e-43
6.6,4.0389176259749,4.00646172325031,1.93288518855258e-43
6.6,4.04885858334732,4.01648301109371,1.95666180488899e-43
6.6,4.05879993580614,4.02650429893711,1.98073464022476e-43
6.6,4.06458587329383,4.03233657720172,1.9948825751199403e-43
6.6,4.07452784487148,4.04235786504512,2.01943150613399e-43
6.6,4.08447020411538,4.05237915288852,2.0442861596971403e-43
6.6,4.09025672415349,4.05821143115313,2.05889350956054e-43
6.6,4.10019969092418,4.06823271899653,2.0842394490373203e-43
6.6,4.11014303812493,4.07825400683993,2.10990080779794e-43
6.6,4.11593012983941,4.08408628510454,2.1249821429585e-43
6.6,4.12587407326139,4.09410757294794,2.15115027000268e-43
6.6,4.1358183900555,4.10412886079134,2.1776436882304504e-43
6.6,4.14160604284026,4.10996113905595,2.19321384202464e-43
6.6,4.15155094482776,4.11998242689934,2.2202297710473303e-43
6.6,4.16149621330234,4.13000371474274,2.2475810157244598e-43
6.6,4.16728441681103,4.13583599300736,2.2636550505009e-43
6.6,4.17723025972044,4.14585728085076,2.2915447688040604e-43
6.6,4.18717646239948,4.15587856869415,2.31977995186079e-43
6.6,4.19296520653763,4.16171084695877,2.33637311695751e-43
6.6,4.20291197315408,4.17173213480217,2.36516290782905e-43
6.6,4.21285909298528,4.18175342264556,2.3943084030669302e-43
6.6,4.21864836790271,4.18758570091017,2.41143608340033e-43
6.6,4.22859604142719,4.19760698875357,2.44115243239952e-43
6.6,4.23854406176924,4.20762827659697,2.47123477421408e-43
6.6,4.24433385785277,4.21346055486159,2.4889124279348705e-43
6.6,4.25428242188968,4.22348184270498,2.5195819090839e-43
6.6,4.26423132649998,4.23350313054838,2.55062767072405e-43
6.6,4.27002163436633,4.23933540881299,2.5688707541405703e-43
6.6,4.27997107291152,4.24935669665639,2.60051989399227e-43
6.6,4.28992084593438,4.25937798449979,2.6325555412847103e-43
6.6,4.29571165642337,4.2652102627644,2.6513794189763303e-43
6.6,4.30566195385254,4.2752315506078,2.68403453323097e-43
6.6,4.31561257980775,4.2852528384512,2.7170862499547604e-43
6.6,4.32140388397576,4.29108511671581,2.7365060876448003e-43
6.6,4.33135502503329,4.30110640455921,2.7701930871286503e-43
6.6,4.34130648880513,4.31112769240261,2.80428656763951e-43
6.6,4.34709827791873,4.31695997066722,2.82431720503181e-43
6.6,4.35705024770693,4.32698125851062,2.8590613655614502e-43
6.6,4.36700253453351,4.33700254635402,2.8942215691633004e-43
6.6,4.37279480006336,4.34283482461863,2.9148773695011804e-43
6.6,4.38274758403207,4.35285611246203,2.9507030598483003e-43
6.6,4.3927006794951,4.36287740030543,2.9869539207821303e-43
6.6,4.39849341311004,4.36870967857004,3.0082485933608e-43
6.6,4.40844699704656,4.37873096641344,3.04517895457548e-43
6.6,4.41840088706144,4.38875225425684,3.0825430404465605e-43
6.6,4.42419408062278,4.39458453252145,3.1044894317164203e-43
6.6,4.43414845064221,4.40460582036484,3.1425459999355e-43
6.6,4.44410312144846,4.41462710820824,3.18104411027917e-43
6.6,4.44989676700447,4.42045938647285,3.20365395848376e-43
6.6,4.45985190954035,4.43048067431626,3.2428562221566602e-43
6.6,4.46980734769236,4.44050196215965,3.2825069175841003e-43
6.6,4.47560143747297,4.44633424042427,3.30579056506912e-43
6.6,4.48555733926818,4.45635552826766,3.3461554461417003e-43
6.6,4.49551353162631,4.46637681611106,3.3869744964961006e-43
6.6,4.50130805803795,4.47220909437568,3.4109405528850203e-43
6.6,4.51126470613603,4.48223038221907,3.45248179912684e-43
6.6,4.52122163985796,4.49225167006247,3.4944815385733805e-43
6.6,4.5270165954786,4.49808394832709,3.51913648694712e-43
6.6,4.53697397721527,4.50810523617048,3.5618639627618104e-43
6.6,4.54693163974769,4.51812652401388,3.60505253601097e-43
6.6,4.55272701732203,4.5239588022785,3.63040027297015e-43
6.6,4.56268512031705,4.53398009012189,3.67431913033067e-43
6.6,4.57264349938756,4.54400137796529,3.71869961286276e-43
6.6,4.5784392918224,4.5498336562299,3.74474091191443e-43
6.6,4.58839810397165,4.55985494407331,3.7898506239113205e-43
6.6,4.59835718758102,4.5698762319167,3.8354199963655e-43
6.6,4.60415338794078,4.57570851018131,3.862151882420191e-43
6.6,4.61411289740862,4.58572979802471,3.908445116929561e-43
6.6,4.62407267382324,4.59575108586811,3.95519307028228e-43
6.6,4.62986927532559,4.60158336413272,3.982608091173831e-43
6.6,4.63982947053754,4.61160465197612,4.030069399407801e-43
6.6,4.64978992828208,4.62162593981951,4.07797694421517e-43
6.6,4.65558692429378,4.62745821808413,4.10606232296852e-43
6.6,4.66554779392931,4.63747950592752,4.15466661372107e-43
6.6,4.67550892177977,4.64750079377092,4.20370446260265e-43
6.6,4.68130630581257,4.65333307203553,4.232441111720181e-43
6.6,4.69126783879824,4.66335435987893,4.2821518777890604e-43
6.6,4.70122962577505,4.67337564772233,4.3322785657872e-43
6.6,4.7070273914818,4.67920792598695,4.36163994206827e-43
6.6,4.71698957698454,4.68922921383034,4.4124071998127105e-43
6.6,4.72695201234599,4.69925050167374,4.46356690138881e-43
6.6,4.7327501535168,4.70508277993835,4.4935176763769105e-43
6.6,4.74271298093748,4.71510406778175,4.54527557548412e-43
6.6,4.75267605417333,4.72512535562515,4.59739557321351e-43
6.6,4.75847456473193,4.73095763388977,4.62789009180207e-43
6.6,4.76843802369906,4.74097892173316,4.6805541433331206e-43
6.6,4.77840172452436,4.75100020957656,4.733541893398671e-43
6.6,4.78420059852449,4.75683248784117,4.76452238770014e-43
6.6,4.79416467888819,4.76685377568457,4.81798625456496e-43
6.6,4.8041289972373,4.77687506352798,4.87172599076406e-43
6.6,4.8099282288593,4.78270734179258,4.9031205138426504e-43
6.6,4.8198929206854,4.79272862963598,4.95725229898008e-43
6.6,4.82985784670616,4.80274991747938,5.01160110747134e-43
6.6,4.83565743025361,4.80858219574399,5.0433211461443806e-43
6.6,4.845622723818,4.81860348358739,5.09795910614802e-43
6.6,4.85558824786615,4.82862477143079,5.15274239562421e-43
6.6,4.86138817776265,4.8344570496954,5.18468011745669e-43
6.6,4.87135406354574,4.8444783375388,5.239627722958221e-43
6.6,4.88132017617947,4.8544996253822,5.29463400911635e-43
6.6,4.88712044696546,4.86033190364681,5.32665909426669e-43
6.6,4.89708691564686,4.8703531914902,5.38167934930587e-43
6.6,4.90705360762155,4.88037447933361,5.436654262317181e-43
6.6,4.91285421395133,4.88620675759822,5.46861026715602e-43
6.6,4.9228212564047,4.89622804544162,5.52341919477773e-43
6.6,4.93278851866777,4.90624933328502,5.578058616281061e-43
6.6,4.93858945530653,4.91208161154963,5.609758812434461e-43
6.6,4.94855706259452,4.92210289939303,5.664018009580621e-43
6.6,4.95852488628054,4.93212418723643,5.71796024035506e-43
6.6,4.96432614810151,4.93795646550104,5.7491828729728405e-43
6.6,4.97429431147096,4.94797775334444,5.8024910369739504e-43
6.6,4.98426268789681,4.95799904118783,5.85530790033088e-43
6.6,4.99006426987848,4.96383131945244,5.88579080972936e-43
6.6,5.00003298075568,4.97385260729584,5.93767414426297e-43
6.6,5.01000190141593,4.98387389513924,5.988860935706241e-43
6.6,5.0158037986394,4.98970617340386,6.01829549411546e-43
6.6,5.02577304862553,4.99972746124725,6.068196917021881e-43
6.6,5.03574250518791,5.00974874909065,6.11716113233127e-43
6.6,5.04154471283425,5.01558102735527,6.14518546083659e-43
6.6,5.05151449370097,5.02560231519866,6.192452563421991e-43
6.6,5.061484478002,5.03562360304206,6.238501370765851e-43
6.6,5.06728699134976,5.04145588130667,6.26469282460669e-43
6.6,5.07725729503492,5.05147716915007,6.308564580174801e-43
6.6,5.08722779907566,5.06149845699347,6.350891057484971e-43
6.6,5.09303061349842,5.06733073525808,6.37475800570644e-43
6.6,5.10300143210185,5.07735202310148,6.4143502972159904e-43
6.6,5.11297244804381,5.08737331094488,6.45201854448134e-43
6.6,5.1187755590078,5.09320558920949,6.4729915279927e-43
6.6,5.12874688478734,5.10322687705289,6.50728167958132e-43
6.6,5.13871840494847,5.11324816489629,6.53921104732134e-43
6.6,5.14452180801027,5.1190804431609,6.556633485083041e-43
6.6,5.15449363337779,5.1291017310043,6.58444414663207e-43
6.6,5.1644656502286,5.1391230188477,6.60939301117596e-43
6.6,5.17026934103291,5.14495529711231,6.62251174794071e-43
6.6,5.18024165855054,5.1549765849557,6.6424947185690906e-43
6.6,5.19021416471037,5.16499787279911,6.65904450755658e-43
6.6,5.19601813898782,5.17083015106371,6.6670006725057705e-43
6.6,5.20599094136427,5.18085143890712,6.67762158453718e-43
6.6,5.2159639295976,5.19087272675052,6.6841621347152506e-43
6.6,5.22511884886158,5.20007182019515,6.68634149704656e-43
6.6,5.24660709420922,5.22166314036684,6.675786159538841e-43
6.6,5.26809618244561,5.24325446053852,6.64077670820409e-43
6.6,5.28060297716573,5.25582036916319,6.6078527832668105e-43
6.6,5.30209337792812,5.27741168933487,6.527346729853701e-43
6.6,5.32358459539251,5.29900300950656,6.41340436032767e-43
6.6,5.33609261741197,5.31156891813122,6.33017418210992e-43
6.6,5.35758510683274,5.33316023830291,6.15538766414809e-43
6.6,5.37907838783996,5.35475155847459,5.93695239301269e-43
6.6,5.39158759941538,5.36731746709926,5.788143109711881e-43
6.6,5.41308211346058,5.38890878727094,5.492574253074391e-43
6.6,5.4345773949938,5.41050010744263,5.143571794902731e-43
6.6,5.44708775991032,5.42306601606729,4.914668661473801e-43
6.6,5.46858423713138,5.44465733623898,4.475602756958601e-43
6.6,5.49008145870827,5.46624865641067,3.9780260022530404e-43
6.6,5.50259294220317,5.47881456503533,3.6618800393111506e-43
6.6,5.52409132360797,5.50040588520702,3.0755950744449104e-43
6.6,5.54559042715481,5.5219972053787,2.44189791904905e-43
6.6,5.55810299584557,5.53456311400337,2.05690444060273e-43
6.6,5.57960322477719,5.55615443417506,1.38519933470176e-43
6.6,5.60110415451043,5.57774575434674,7.43444700082624e-44
6.6,5.61361777632704,5.5903116629714,4.21732245023205e-44
6.6,5.63511979834956,5.61190298314309,8.0759676298556e-45
6.6,5.65662250066423,5.63349430331477,1.25311130473174e-46
6.6,5.6685022085971,5.64542268030741,0.0
6.8,0.51099907,0.0,0.0
6.8,0.5118114716737601,0.028825908415783103,2.93547655290702e-48
6.8,0.526758819226655,0.127885902632757,3.4420546236263e-47
6.8,0.559128330204964,0.226945896849726,1.02037953576091e-46
6.8,0.5849067516908051,0.284597713681302,1.5906758574603399e-46
6.8,0.638993964267753,0.38365770789826903,2.89755787386345e-46
6.8,0.7029483832233211,0.482717702115238,4.65236596211001e-46
6.8,0.743719884464357,0.540369518946814,5.89751960646854e-46
6.8,0.818529261447468,0.639429513163783,8.45522049876249e-46
6.8,0.8980461024091859,0.738489507380752,1.1588113094363e-45
6.8,0.946023814530809,0.7961413242123271,1.3699338102770599e-45
6.8,1.03077905006767,0.895201318429292,1.78650362607614e-45
6.8,1.11788890654033,0.994261312646263,2.2770922238806198e-45
6.8,1.16946196240354,1.05191312947785,2.59966723285721e-45
6.8,1.25930900934149,1.15097312369481,3.22321164614399e-45
6.8,1.35044542481994,1.25003311791178,3.94210479210914e-45
6.8,1.40398003479237,1.30768493474335,4.40825988897926e-45
6.8,1.49668010767046,1.40674492896033,5.29860345227496e-45
6.8,1.59014732531481,1.50580492317729,6.31206736942351e-45
6.8,1.64484559379293,1.56345674000887,6.96363849218343e-45
6.8,1.73927626934935,1.66251673422583,8.19886875486908e-45
6.8,1.8341953602962,1.7615767284428,9.593661782926419e-45
6.8,1.88963291394969,1.81922854527438,1.04855551566593e-44
6.8,1.98518285562935,1.91828853949134,1.21684135193694e-44
6.8,2.08106106493682,2.01734853370832,1.40590547730579e-44
6.8,2.13699473660595,2.07500035053989,1.52639341414048e-44
6.8,2.23330661401098,2.17406034475686,1.7530759147416698e-44
6.8,2.32984894896587,2.27312033897383,2.0069747795237197e-44
6.8,2.38613052698687,2.3307721558054,2.1684648154302598e-44
6.8,2.48298294936216,2.42983215002237,2.47180399245972e-44
6.8,2.58000300905567,2.52889214423934,2.81103900845875e-44
6.8,2.63653744750445,2.58654396107091,3.02661558920663e-44
6.8,2.73378650486808,2.68560395528789,3.43131087994495e-44
6.8,2.83116113303585,2.78466394950485,3.8837243107543397e-44
6.8,2.88788486008454,2.84231576633643,4.1712135669677497e-44
6.8,2.98543320379337,2.9413757605534,4.711025452449569e-44
6.8,3.08307794718637,3.04043575477037,5.31483086341388e-44
6.8,3.13994691847733,3.09808757160194,5.698778551609909e-44
6.8,3.23772645650658,3.19714756581891,6.420346071447739e-44
6.8,3.3355815577465,3.29620756003588,7.228547766869979e-44
6.8,3.39256433532846,3.35385937686746,7.74310506053208e-44
6.8,3.4905260681953,3.45291937108443,8.71151247976792e-44
6.8,3.58854809931088,3.55197936530139,9.79833466520284e-44
6.8,3.64562166448571,3.60963118213297,1.04914413447577e-43
6.8,3.74372946285876,3.70869117634994,1.17982390902362e-43
6.8,3.8418861287777,3.80775117056691,1.3268281603313802e-43
6.8,3.89903325255505,3.86540298739849,1.4207542723777501e-43
6.8,3.99725990925536,3.96446298161546,1.59817872361888e-43
6.8,4.09552670906427,4.06352297583242,1.79821548637117e-43
6.8,4.12712553442764,4.09536874132034,1.86781394318047e-43
6.8,4.13742359473715,4.10574645500021,1.8910841455343704e-43
6.8,4.14772205210682,4.11612416868009,1.9146507411432904e-43
6.8,4.15371582157498,4.12216388282434,1.9285042170081802e-43
6.8,4.16401490107546,4.13254159650422,1.95254763780572e-43
6.8,4.17431437007769,4.14291931018409,1.9768975477218602e-43
6.8,4.18030872485472,4.14895902432835,1.9912115944837804e-43
6.8,4.19060880418177,4.15933673800822,2.01605452252375e-43
6.8,4.20090926564207,4.16971445168809,2.04121431416082e-43
6.8,4.20690419465516,4.17575416583236,2.05600452110322e-43
6.8,4.21720525493003,4.18613187951223,2.08167395955891e-43
6.8,4.22750669015369,4.1965095931921,2.10767090767724e-43
6.8,4.23350218260653,4.20254930733637,2.1229532720469704e-43
6.8,4.24380420542108,4.21292702101624,2.14947691787898e-43
6.8,4.25410659617827,4.22330473469611,2.17633898082016e-43
6.8,4.26010264154254,4.22934444884037,2.1921298924640403e-43
6.8,4.27040560894468,4.23972216252024,2.2195361072346298e-43
6.8,4.28070893745617,4.25009987620012,2.2472918940144704e-43
6.8,4.28670552546331,4.25613959034438,2.2636081144148003e-43
6.8,4.29700941994304,4.26651730402425,2.2919258849883905e-43
6.8,4.30731366886639,4.27689501770413,2.32060461160257e-43
6.8,4.31331078949964,4.28293473184838,2.3374632463180303e-43
6.8,4.32361559397556,4.29331244552825,2.3667221336212004e-43
6.8,4.33392074639186,4.30369015920813,2.3963535666417204e-43
6.8,4.33991838987865,4.30972987335239,2.4137720299668703e-43
6.8,4.35022408768497,4.32010758703226,2.4440021037171503e-43
6.8,4.36053012708601,4.33048530071213,2.47461648894486e-43
6.8,4.36652828389055,4.3365250148564,2.4926124594325903e-43
6.8,4.3768348587646,4.34690272853627,2.52384421637173e-43
6.8,4.38714176904054,4.35728044221614,2.5554721899336303e-43
6.8,4.39314042985673,4.3633201563604,2.5740635551975603e-43
6.8,4.40344786592685,4.37369787004028,2.6063278179754005e-43
6.8,4.41375563135432,4.38407558372014,2.63900029691801e-43
6.8,4.41975478709893,4.3901152978644,2.6582050858678103e-43
6.8,4.43006306887282,4.40049301154427,2.69153287933762e-43
6.8,4.44037167410345,4.41087072522415,2.72528092782144e-43
6.8,4.44637131590947,4.41691043936841,2.74511722816189e-43
6.8,4.45668042826301,4.42728815304829,2.7795396286884003e-43
6.8,4.46698985831231,4.43766586672816,2.8143942964249002e-43
6.8,4.47298997752259,4.44370558087242,2.8348801549437603e-43
6.8,4.48329990568896,4.45408329455229,2.8704281095354002e-43
6.8,4.49361014592568,4.46446100823216,2.9064202369918003e-43
6.8,4.49961073408678,4.47050072237642,2.92757353970802e-43
6.8,4.50992146364604,4.4808784360563,2.96427764799034e-43
6.8,4.52023249978182,4.49125614973617,3.00143763295092e-43
6.8,4.52623354863808,4.49729586388043,3.0232759617291303e-43
6.8,4.53654506550703,4.5076735775603,3.0611662159152505e-43
6.8,4.5468568835865,4.51805129124018,3.0995237351403404e-43
6.8,4.55285838507429,4.52409100538444,3.1220641968081306e-43
6.8,4.56317067549676,4.53446871906431,3.16116967207119e-43
6.8,4.57348326188786,4.54484643274419,3.20075335031307e-43
6.8,4.57948520813006,4.55088614688844,3.2240123736967e-43
6.8,4.58979825866753,4.56126386056832,3.2643608606918304e-43
6.8,4.60011160005226,4.57164157424819,3.3051978783227003e-43
6.8,4.60611398335291,4.57768128839245,3.3291909738104103e-43
6.8,4.61642778087535,4.58805900207232,3.3708085437258304e-43
6.8,4.62674186424083,4.5984367157522,3.41292417270793e-43
6.8,4.63274467707998,4.60447642989646,3.43766564810695e-43
6.8,4.64305920875714,4.61485414357633,3.48057613895126e-43
6.8,4.6533740213869,4.6252318572562,3.5239931952123402e-43
6.8,4.6593772564156,4.63127157140046,3.5494958206109704e-43
6.8,4.6696925097085,4.64164928508034,3.59372023172174e-43
6.8,4.68000803917416,4.65202699876021,3.6384584301386105e-43
6.8,4.68601168920965,4.65806671290447,3.66473304328249e-43
6.8,4.69632765186238,4.66844442658434,3.71028882231988e-43
6.8,4.70664388601554,4.67882214026421,3.75636401743872e-43
6.8,4.71264794403661,4.68486185440848,3.78341905973412e-43
6.8,4.72296460406844,4.69523956808835,3.83031926532195e-43
6.8,4.73328153103284,4.70561728176822,3.877742560564001e-43
6.8,4.7392859901753,4.71165699591248,3.90558353223362e-43
6.8,4.74960333587299,4.72203470959236,3.95383585063245e-43
6.8,4.75992094403701,4.73241242327223,4.002612551898971e-43
6.8,4.76592579758936,4.73845213741649,4.031241372876481e-43
6.8,4.77624381749977,4.74882985109636,4.08084696483584e-43
6.8,4.78656209550907,4.75920756477623,4.130975354560131e-43
6.8,4.79256733690827,4.76524727892049,4.1603896155669e-43
6.8,4.80288601983121,4.77562499260036,4.21134176561369e-43
6.8,4.8132049565817,4.78600270628024,4.26281166694582e-43
6.8,4.81921057940912,4.7920424204245,4.29300375268721e-43
6.8,4.82952991439042,4.80242013410437,4.34528628812445e-43
6.8,4.83984949902138,4.81279784778424,4.39807738494919e-43
6.8,4.84585549699884,4.8188375619285,4.42903344846489e-43
6.8,4.85617547332365,4.82921527560838,4.4826188904527405e-43
6.8,4.86649569521117,4.83959298928825,4.53669876334538e-43
6.8,4.87250206219715,4.84563270343251,4.56839752723072e-43
6.8,4.88282266938344,4.85601041711238,4.623244930436211e-43
6.8,4.89314351813398,4.86638813079225,4.67856676255579e-43
6.8,4.89915024811993,4.87242784493652,4.71097811903649e-43
6.8,4.90947147591225,4.88280555861639,4.76703054904427e-43
6.8,4.91979294135646,4.89318327229626,4.823530448150331e-43
6.8,4.9258000284632,4.89922298644052,4.856613825710621e-43
6.8,4.93612186682658,4.90960070012039,4.9137954173256e-43
6.8,4.94644393901331,4.91997841380027,4.9713892945262205e-43
6.8,4.95245137748762,4.92601812794453,5.005091754035491e-43
6.8,4.96277381660172,4.93639584162441,5.06330428308939e-43
6.8,4.97309648579218,4.94677355530427,5.1218842161762105e-43
6.8,4.97910427000343,4.95281326944854,5.15613823417258e-43
6.8,4.98942730025681,4.9631909831284,5.21525712747376e-43
6.8,4.99975055691902,4.97356869680828,5.2746871310637305e-43
6.8,5.00575868135592,4.97960841095254,5.3094080221460596e-43
6.8,5.01608229334058,4.98998612463242,5.369277720152871e-43
6.8,5.02640612814385,5.00036383831229,5.42938883224418e-43
6.8,5.03241458741134,5.00640355245655,5.46447175640525e-43
6.8,5.04273877191732,5.01678126613642,5.5249003316164705e-43
6.8,5.05306317572702,5.02715897981629,5.58548491559365e-43
6.8,5.05907196454321,5.03319869396055,5.62080141010813e-43
6.8,5.06939671255348,5.04357640764043,5.681554335138511e-43
6.8,5.07972167642591,5.0539541213203,5.742359487594111e-43
6.8,5.08573078961915,5.05999383546456,5.77775345693461e-43
6.8,5.09605609230454,5.07037154914444,5.83854640399119e-43
6.8,5.10638160748201,5.0807492628243,5.89926634540675e-43
6.8,5.11239103998802,5.08678897696857,5.934549437345761e-43
6.8,5.1227168887024,5.09716669064844,5.99503998356198e-43
6.8,5.13304294660841,5.10754440432831,6.05530730478944e-43
6.8,5.13905269346752,5.11358411847257,6.090253596466801e-43
6.8,5.1493790797431,5.12396183215244,6.1500317031931706e-43
6.8,5.15970567197766,5.13433954583231,6.209407334773891e-43
6.8,5.16571572833216,5.14037925997658,6.24374725251914e-43
6.8,5.1760426438749,5.15075697365645,6.3023243881061205e-43
6.8,5.18636976221008,5.16113468733632,6.3602861627839e-43
6.8,5.19238012330156,5.16717440148059,6.39369956091631e-43
6.8,5.20270755998676,5.17755211516046,6.45049634203144e-43
6.8,5.2130351963623,5.18792982884033,6.5064260340909705e-43
6.8,5.21904585752917,5.19396954298459,6.538534369262871e-43
6.8,5.22937380739719,5.20434725666446,6.59286662095726e-43
6.8,5.23970195391623,5.21472497034433,6.64603537512769e-43
6.8,5.24571291059129,5.22076468448859,6.67639293286482e-43
6.8,5.25604136584337,5.23114239816847,6.727456109439161e-43
6.8,5.26637001476838,5.24152011184834,6.777008224750421e-43
6.8,5.27238126247641,5.2475598259926,6.805092391960591e-43
6.8,5.28271021547065,5.25793753967248,6.8519443714065604e-43
6.8,5.29303935921942,5.26831525335235,6.8968794929932005e-43
6.8,5.29905089357491,5.27435496749661,6.9220801263136e-43
6.8,5.30938033682233,5.28473268117648,6.963622508318961e-43
6.8,5.31970996796411,5.29511039485636,7.00277641530272e-43
6.8,5.32572178466901,5.30115010900061,7.024384447573331e-43
6.8,5.33605171082981,5.31152782268048,7.0593426594891206e-43
6.8,5.34638182208154,5.32190553636036,7.0913670430752505e-43
6.8,5.35239391692312,5.32794525050462,7.10856260330461e-43
6.8,5.36272431880294,5.3383229641845,7.13546537724832e-43
6.8,5.37305490302562,5.34870067786437,7.158807301042591e-43
6.8,5.37906727187433,5.35474039200863,7.17064781746847e-43
6.8,5.38939814242068,5.3651181056885,7.1878069763652e-43
6.8,5.39972919261584,5.37549581936837,7.20068914101208e-43
6.8,5.40921279129018,5.38502209576864,7.20849043904284e-43
6.8,5.43147246437273,5.40738135160618,7.21022868064056e-43
6.8,5.45373295217727,5.42974060744372,7.185940895657251e-43
6.8,5.46668868004885,5.44275344609999,7.15836444818778e-43
6.8,5.48895043650605,5.46511270193754,7.085183465439531e-43
6.8,5.51121298235777,5.48747195777509,6.975740559094711e-43
6.8,5.52416989649245,5.50048479643136,6.8935896986589005e-43
6.8,5.54643367175907,5.5228440522689,6.717560092940251e-43
6.8,5.56869821212961,5.54520330810644,6.493342355848961e-43
6.8,5.58165627602369,5.55821614676272,6.338772942352721e-43
6.8,5.60392200816963,5.58057540260026,6.02864095886471e-43
6.8,5.6261884821133,5.6029346584378,5.658465288239011e-43
6.8,5.63914766074254,5.61594749709407,5.413873387768521e-43
6.8,5.66141529033996,5.63830675293161,4.941548116666391e-43
6.8,5.68368363936413,5.66066600876916,4.40219340148677e-43
6.8,5.69664389910969,5.67367884742543,4.05763018385755e-43
6.8,5.7189133691082,5.69603810326297,3.4153824784294805e-43
6.8,5.74118353705128,5.71839735910052,2.71707031682505e-43
6.8,5.75414484563009,5.73141019775678,2.29097173421306e-43
6.8,5.77641610123925,5.75376945359433,1.5445415156626401e-43
6.8,5.79868803415601,5.77612870943188,8.28378115196177e-44
6.8,5.81165036055519,5.78914154808815,4.69146570726888e-44
6.8,5.83392334913391,5.81150080392569,9.090514691861589e-45
6.8,5.85619699518737,5.83386005976324,1.47876248244017e-46
6.8,5.8685026103008,5.84621269178315,0.0
7.0,0.51099907,0.0,0.0
7.0,0.5118681711336851,0.0298156851150288,2.87481224894744e-48
7.0,0.527842082930521,0.132277038716348,3.4209063725829e-47
7.0,0.562336342742269,0.23473839231767302,1.0171028405732801e-46
7.0,0.5897233305909381,0.294369762547725,1.5871753305744901e-46
7.0,0.6469891685994171,0.396831116149049,2.8949984670704998e-46
7.0,0.714431956095394,0.499292469750372,4.65309148945795e-46
7.0,0.757308331156687,0.5589238399804229,5.90153538869714e-46
7.0,0.835793290132213,0.6613851935817471,8.467783245699289e-46
7.0,0.919011206234377,0.763846547183071,1.1613594954714299e-45
7.0,0.969141852366266,0.8234779174131219,1.3734712201962001e-45
7.0,1.05758384213623,0.925939271014447,1.79221862650599e-45
7.0,1.14835878289451,1.02840062461577,2.28568993391692e-45
7.0,1.20205393861883,1.08803199484582,2.6103196080104197e-45
7.0,1.29552864199822,1.19049334844714,3.23814516913917e-45
7.0,1.39027044530556,1.29295470204847,3.96241779789511e-45
7.0,1.44589388699956,1.35258607227852,4.43228677867215e-45
7.0,1.54216829856551,1.45504742587985,5.3301660306252995e-45
7.0,1.63919298671687,1.55750877948116,6.35284578055533e-45
7.0,1.69595469083018,1.61714014971122,7.01066849140318e-45
7.0,1.79392011520458,1.71960150331254,8.25839209520206e-45
7.0,1.89236177938733,1.82206285691387,9.66821997727452e-45
7.0,1.94984440764067,1.88169422714391,1.05702034393174e-44
7.0,2.04890053886062,1.98415558074524,1.22730366256748e-44
7.0,2.14827611824987,2.08661693434657,1.4187474097951599e-44
7.0,2.2062415630295,2.14624830457661,1.5408215330903099e-44
7.0,2.30603884969955,2.24870965817794,1.7706254605777999e-44
7.0,2.40606009404836,2.35117101177927,2.0282194024108298e-44
7.0,2.46436364496855,2.41080238200932,2.1921621711918198e-44
7.0,2.56468607324101,2.51326373561064,2.5003108001288e-44
7.0,2.66517125000886,2.61572508921196,2.84521837017604e-44
7.0,2.72372029302184,2.67535645944201,3.0645517530126296e-44
7.0,2.8244277034475,2.77781781304333,3.4766005777287e-44
7.0,2.92525693356124,2.88027916664466,3.93767376017795e-44
7.0,2.98398961364946,2.93991053687472,4.2308939862484e-44
7.0,3.08498732080046,3.04237189047604,4.781920555746579e-44
7.0,3.18607849598766,3.14483324407736,5.39893574040669e-44
7.0,3.24495200486682,3.20446461430741,5.791630870074789e-44
7.0,3.34617384586784,3.30692596790873,6.5303337966816e-44
7.0,3.44746892047113,3.40938732151006,7.35875631598051e-44
7.0,3.50645272792649,3.46901869174011,7.886728299199829e-44
7.0,3.60785112827746,3.57148004534144,8.88147387692172e-44
7.0,3.70930794790704,3.67394139894276,9.999481346008068e-44
7.0,3.7683797144462,3.73357276917281,1.07133392106108e-43
7.0,3.86991961681743,3.83603412277413,1.20610221131506e-43
7.0,3.97150685092835,3.93849547637546,1.3579710665359903e-43
7.0,4.03064986461099,3.99812684660551,1.4551477950518403e-43
7.0,4.13230488192926,4.10058820020684,1.6390070144988002e-43
7.0,4.23399877200122,4.20304955380816,1.84674897708733e-43
7.0,4.26669908151237,4.23598878688762,1.9191381753398603e-43
7.0,4.27735606113544,4.24672283345537,1.9433539971033403e-43
7.0,4.28801342521186,4.25745688002313,1.9678846403678802e-43
7.0,4.29421606863112,4.26370397595199,1.9823078194972504e-43
7.0,4.3048740350797,4.27443802251975,2.00734524466047e-43
7.0,4.31553237865603,4.28517206908751,2.03270861709896e-43
7.0,4.32173558878961,4.29141916501637,2.04762160961874e-43
7.0,4.33239452329592,4.30215321158413,2.0735096351087703e-43
7.0,4.34305382778866,4.31288725815188,2.09973507508288e-43
7.0,4.34925759390512,4.31913435408074,2.1151551123784503e-43
7.0,4.35991747817264,4.3298684006485,2.1419236150107203e-43
7.0,4.37057772546384,4.34060244721626,2.16904133780552e-43
7.0,4.37678203710007,4.34684954314512,2.18498615999899e-43
7.0,4.3874428532889,4.35758358971288,2.2126658864168902e-43
7.0,4.39810402571169,4.36831763628064,2.24070697124007e-43
7.0,4.4043088726646,4.37456473220951,2.25719481789129e-43
7.0,4.41497060337736,4.38529877877727,2.28581736653736e-43
7.0,4.42563268370205,4.39603282534502,2.31481373490944e-43
7.0,4.43183805602055,4.40227992127388,2.33186333087016e-43
7.0,4.44250068428878,4.41301396784164,2.3614611244427905e-43
7.0,4.4531636557095,4.4237480144094,2.3914455085433304e-43
7.0,4.45936954368684,4.42999511033826,2.4090760434867206e-43
7.0,4.4700330529579,4.44072915690602,2.43968229008323e-43
7.0,4.48069689907964,4.45146320347378,2.4706881889591503e-43
7.0,4.48690329324593,4.45771029940263,2.48891928949144e-43
7.0,4.4975676673704,4.46844434597039,2.52056793031689e-43
7.0,4.50823237219662,4.47917839253816,2.55262955174231e-43
7.0,4.51443926331172,4.48542548846702,2.57148124471651e-43
7.0,4.52510448653122,4.49615953503477,2.6042068858740702e-43
7.0,4.53577003445181,4.50689358160253,2.63735907122887e-43
7.0,4.54197741349838,4.5131406775314,2.6568517366619802e-43
7.0,4.55264347043386,4.52387472409915,2.6906895621403904e-43
7.0,4.56330984621361,4.5346087706669,2.72496769122695e-43
7.0,4.56951770439049,4.54085586659578,2.7451220029323603e-43
7.0,4.5801845800309,4.55158991316353,2.7801076653898104e-43
7.0,4.59085176879836,4.56232395973129,2.8155475375939202e-43
7.0,4.59706009751412,4.56857105566015,2.8363843893353303e-43
7.0,4.60772777720553,4.57930510222791,2.8725538748027e-43
7.0,4.61839576444221,4.59003914879567,2.90919156238403e-43
7.0,4.624604555309,4.59628624472453,2.9307319770855805e-43
7.0,4.63527302474404,4.60702029129229,2.9681214385444104e-43
7.0,4.64594179627405,4.61775433786005,3.00599310712789e-43
7.0,4.6521510411016,4.6240014337889,3.0282581255316903e-43
7.0,4.66282028630933,4.63473548035667,3.0669036807851303e-43
7.0,4.67348982828938,4.64546952692442,3.10604537128836e-43
7.0,4.67969951907924,4.65171662285329,3.1290559180055104e-43
7.0,4.69036952641533,4.66245066942104,3.16899340470269e-43
7.0,4.70103982532505,4.6731847159888,3.20944076998622e-43
7.0,4.707249954265,4.67943181191766,3.23321749090408e-43
7.0,4.71792071040232,4.69016585848542,3.27448217150703e-43
7.0,4.72859175303492,4.70089990505318,3.3162701598154303e-43
7.0,4.73480231249363,4.70714700098203,3.34083322746148e-43
7.0,4.74547380441305,4.7178810475498,3.3834594356691204e-43
7.0,4.75614557786631,4.72861509411756,3.4266219116495503e-43
7.0,4.76235656038815,4.73486219004642,3.45199079231406e-43
7.0,4.77302877536973,4.74559623661417,3.4960115106023006e-43
7.0,4.78370126703731,4.75633028318193,3.5405808030800903e-43
7.0,4.78991266533731,4.7625773791108,3.5667739791762702e-43
7.0,4.80058559095183,4.77331142567856,3.61222033557927e-43
7.0,4.81125878851484,4.78404547224631,3.6582266994354106e-43
7.0,4.81747059547385,4.79029256817517,3.68526133938457e-43
7.0,4.82814421957452,4.80102661474293,3.73216200956889e-43
7.0,4.83881811099342,4.81176066131069,3.77963298689637e-43
7.0,4.84503031965347,4.81800775723956,3.80752455346313e-43
7.0,4.85570463036799,4.82874180380731,3.855905051775141e-43
7.0,4.86637920387472,4.83947585037507,3.90486471505844e-43
7.0,4.87259180743445,4.84572294630393,3.93362650155848e-43
7.0,4.88326679315734,4.85645699287169,3.98350834206286e-43
7.0,4.89394203724773,4.86719103943944,4.03397639855569e-43
7.0,4.90015502905806,4.87343813536831,4.06361898051474e-43
7.0,4.91083067844321,4.88417218193607,4.1150186849155005e-43
7.0,4.92150658186966,4.89490622850382,4.1670094195054005e-43
7.0,4.92771995542953,4.90115332443268,4.1975400072588e-43
7.0,4.93839625738301,4.91188737100044,4.25046793533409e-43
7.0,4.94907280914739,4.9226214175682,4.303988963080731e-43
7.0,4.95528655809971,4.92886851349707,4.33541063836265e-43
7.0,4.96596350177282,4.93960256006482,4.389869607955221e-43
7.0,4.97664069111961,4.95033660663258,4.444920404067431e-43
7.0,4.98285480924726,4.95658370256144,4.47723122070472e-43
7.0,4.99353238402985,4.9673177491292,4.53321488325628e-43
7.0,5.00421020043948,4.97805179569695,4.5897850528026106e-43
7.0,5.01042468166155,4.98429889162582,4.62297697839368e-43
7.0,5.02110287717545,4.99503293819357,4.680467907592601e-43
7.0,5.03178131035794,5.00576698476134,4.738535150456001e-43
7.0,5.03799614872597,5.0120140806902,4.772592821987021e-43
7.0,5.04867495481876,5.02274812725796,4.8315602670533806e-43
7.0,5.05935399470744,5.03348217382572,4.89108798657449e-43
7.0,5.06556918440187,5.03972926975457,4.925987248573601e-43
7.0,5.07624859114075,5.05046331632233,4.9863844955564705e-43
7.0,5.0869282278863,5.06119736289009,5.04731899104144e-43
7.0,5.09314376321303,5.06744445881895,5.0830251798593196e-43
7.0,5.10382376087894,5.07817850538671,5.144786455368641e-43
7.0,5.11450398484356,5.08891255195447,5.2070536284710005e-43
7.0,5.12071986023054,5.09515964788333,5.2435195597158705e-43
7.0,5.13140043931247,5.10589369445109,5.3065564011519604e-43
7.0,5.14208124106421,5.11662774101884,5.37005789701606e-43
7.0,5.14829745105825,5.12287483694771,5.4072215091859606e-43
7.0,5.15897860224772,5.13360888351547,5.4714185140064904e-43
7.0,5.16965997255507,5.14434293008322,5.5360272038109806e-43
7.0,5.17587651181866,5.15059002601209,5.57380879973342e-43
7.0,5.18655822600432,5.16132407257985,5.639018653566861e-43
7.0,5.19724015583093,5.1720581191476,5.704573353346081e-43
7.0,5.2034570191392,5.17830521507647,5.74287237739524e-43
7.0,5.21413928740172,5.18903926164423,5.80891004700604e-43
7.0,5.22482176790124,5.19977330821198,5.875209353454701e-43
7.0,5.23103895013903,5.20602040414084,5.9139006315389006e-43
7.0,5.24172176374604,5.2167544507086,5.980536593473551e-43
7.0,5.2524047862572,5.22748849727636,6.04733170137194e-43
7.0,5.25862228241619,5.23373559320522,6.0862610629534006e-43
7.0,5.26930563281742,5.24446963977298,6.15321342536919e-43
7.0,5.27998918885921,5.25520368634074,6.220199779190171e-43
7.0,5.28620699403516,5.2614507822696,6.259178971943631e-43
7.0,5.29689087285774,5.27218482883735,6.326104330905151e-43
7.0,5.30757495412477,5.28291887540512,6.392911945821341e-43
7.0,5.31379306351482,5.28916597133398,6.43171274621721e-43
7.0,5.32447746255871,5.29990001790173,6.498195607472371e-43
7.0,5.33516206091667,5.31063406446949,6.56437788804271e-43
7.0,5.34138046981675,5.31688116039835,6.60272530601213e-43
7.0,5.35206538105033,5.32761520696611,6.6682658952635e-43
7.0,5.36275048853165,5.33834925353387,6.73328677498575e-43
7.0,5.36896919233397,5.34459634946274,6.770851249326471e-43
7.0,5.37965460788971,5.35533039603049,6.83485153678833e-43
7.0,5.39034021668931,5.36606444259825,6.898070765046351e-43
7.0,5.39655921087987,5.37231153852711,6.934459252819761e-43
7.0,5.40724512305021,5.38304558509487,6.9962070289722604e-43
7.0,5.41793122552137,5.39377963166263,7.056863456317701e-43
7.0,5.42415050567767,5.40002672759149,7.091609334165181e-43
7.0,5.43483690691094,5.41076077415925,7.15026021232874e-43
7.0,5.44552349556134,5.421494820727,7.207452969082241e-43
7.0,5.45174305735001,5.42774191665587,7.240004698651541e-43
7.0,5.46242994024656,5.43847596322363,7.29456198590416e-43
7.0,5.47311700773439,5.44921000979138,7.34722953416685e-43
7.0,5.47933684690897,5.45545710572024,7.376938099371702e-43
7.0,5.49002420421737,5.46619115228801,7.42623059018027e-43
7.0,5.50071174334759,5.47692519885576,7.47312776350807e-43
7.0,5.50693185574641,5.48317229478463,7.499232979623282e-43
7.0,5.51761968035971,5.49390634135238,7.54189090867095e-43
7.0,5.5283076840804,5.50464038792013,7.581564270963621e-43
7.0,5.53452806562443,5.51088748384901,7.603180207619051e-43
7.0,5.54521635057666,5.52162153041675,7.637609875537511e-43
7.0,5.5559048119755,5.53235557698451,7.66837205286872e-43
7.0,5.56212545866633,5.53860267291338,7.68447202483103e-43
7.0,5.572814197129,5.54933671948114,7.708830019961211e-43
7.0,5.58350310942981,5.56007076604889,7.72873413411765e-43
7.0,5.59331520440344,5.56992414008215,7.74279854303856e-43
7.0,5.61634587673702,5.59305113132359,7.75839273058155e-43
7.0,5.63937733742999,5.61617812256503,7.74645665412392e-43
7.0,5.65278175095237,5.62963777470267,7.725199046356911e-43
7.0,5.67581443923602,5.65276476594412,7.6610314691154e-43
7.0,5.69884789135732,5.67589175718555,7.557768077035e-43
7.0,5.71225345273725,5.68935140932319,7.477651816953801e-43
7.0,5.73528809446033,5.71247840056464,7.301941844199132e-43
7.0,5.75832347650389,5.73560539180608,7.07334308684637e-43
7.0,5.7717301504,5.74906504394371,6.913721646699761e-43
7.0,5.79476668560485,5.77219203518516,6.5899917014707e-43
7.0,5.81780393856677,5.7953190264266,6.1991939799909e-43
7.0,5.83121169107102,5.80877867856424,5.938995229515571e-43
7.0,5.85425006222424,5.83190566980568,5.43305254925294e-43
7.0,5.87728912947708,5.85503266104713,4.85081839399649e-43
7.0,5.89069792804295,5.86849231318476,4.47680556406635e-43
7.0,5.91373807991429,5.8916193044262,3.77608017239595e-43
7.0,5.93677890708884,5.91474629566764,3.00965587518079e-43
7.0,5.95018872046382,5.92820594780529,2.53997480868274e-43
7.0,5.97323060001231,5.95133293904673,1.7139376442692602e-43
7.0,5.99627313488635,5.97445993028817,9.18243656836139e-44
7.0,6.00968393304834,5.98791958242581,5.19114595004999e-44
7.0,6.03272748931507,6.01104657366725,1.01785250091812e-44
7.0,6.0557716817086,6.0341735649087,1.7316240811178102e-46
7.0,6.06850298507934,6.04695034131884,0.0
7.2,0.51099907,0.0,0.0
7.2,0.511926763946778,0.0308052285197715,2.8178652962732097e-48
7.2,0.528959314729859,0.13666713979087,3.4003339823135997e-47
7.2,0.5656327343337589,0.242529051061971,1.0138129268173498e-46
7.2,0.5946603147420351,0.304139508101515,1.58356812034811e-46
7.2,0.6551497641214741,0.41000141937261403,2.89205029742304e-46
7.2,0.7261095133956661,0.515863330643714,4.6529439854008205e-46
7.2,0.771100528467017,0.577473787683258,5.9042798723284e-46
7.2,0.853268848022887,0.6833356989543571,8.47815012755091e-46
7.2,0.9401877033478141,0.789197610225457,1.16356013699731e-45
7.2,0.9924688493167271,0.8508080672649991,1.3765678355505099e-45
7.2,1.08459093550201,0.956669978536099,1.79729588561969e-45
7.2,1.17902250461903,1.0625318898072,2.2934004294156496e-45
7.2,1.23483442838097,1.12414234684674,2.6199123503287496e-45
7.2,1.33192737209237,1.23000425811784,3.25167024617045e-45
7.2,1.43026517543382,1.33586616938894,3.9808990272225603e-45
7.2,1.48797210019368,1.39747662642848,4.45419714475005e-45
7.2,1.58781195626988,1.50333853769958,5.35904913444343e-45
7.2,1.68838565929361,1.60920044897068,6.39027774066719e-45
7.2,1.74720609350574,1.67081090601023,7.05391049252017e-45
7.2,1.8486985555269,1.77667281728133,8.313266582561e-45
7.2,1.95065554461746,1.88253472855243,9.737124619638489e-45
7.2,2.01017923384988,1.94414518559197,1.0648539813480999e-44
7.2,2.11273499207303,2.05000709686307,1.23700759351989e-44
7.2,2.21560177599095,2.15586900813416,1.43068400136021e-44
7.2,2.27559557654869,2.21747946517371,1.55424867390729e-44
7.2,2.37887267440722,2.32334137644482,1.78699041276111e-44
7.2,2.48236755187274,2.42920328771591,2.04806873221843e-44
7.2,2.54269014246793,2.49081374475546,2.2143277756744497e-44
7.2,2.64647775583733,2.59667565602655,2.52702501033636e-44
7.2,2.75042348597375,2.70253756729766,2.87730727646493e-44
7.2,2.8109845872911,2.7641480243372,3.10020522255637e-44
7.2,2.91514615071547,2.8700099356083,3.51924128611781e-44
7.2,3.01942598826172,2.9758718468794,3.98855750005922e-44
7.2,3.080165384547,3.03748230391894,4.2872404750005204e-44
7.2,3.18460875221895,3.14334421519004,4.848972010779239e-44
7.2,3.28914282173539,3.24920612646114,5.47861897760852e-44
7.2,3.35001888041306,3.31081658350068,5.879690488248689e-44
7.2,3.4546797226627,3.41667849477178,6.634825608575209e-44
7.2,3.55941160330547,3.52254040604288,7.48267450241824e-44
7.2,3.62039465512744,3.58415086308242,8.023552792166629e-44
7.2,3.72522674805616,3.69001277435353,9.04367665268802e-44
7.2,3.83011549153635,3.79587468562463,1.01917908946663e-43
7.2,3.89118383983791,3.85748514266417,1.09257132799098e-43
7.2,3.99615314014344,3.96334705393527,1.23129929399039e-43
7.2,4.10116832769112,4.06920896520637,1.3878893874610202e-43
7.2,4.16230574907045,4.13081942224591,1.4882263197399e-43
7.2,4.26738664422529,4.23668133351702,1.67835274183998e-43
7.2,4.37250521810961,4.34254324478812,1.89361717207801e-43
7.2,4.40630625353252,4.37657568772424,1.9687353286333204e-43
7.2,4.41732190694656,4.38766598319074,1.99387633815039e-43
7.2,4.42833793296845,4.39875627865723,2.01935045612063e-43
7.2,4.43474930823885,4.40521070748995,2.0343313016383103e-43
7.2,4.44576591806799,4.41630100295644,2.06034194204658e-43
7.2,4.45678289339878,4.42739129842294,2.08669785616859e-43
7.2,4.46319481791284,4.43384572725565,2.10219755976761e-43
7.2,4.47421236595156,4.44493602272215,2.12910956268965e-43
7.2,4.48523027256469,4.45602631818865,2.15637941103212e-43
7.2,4.49164273591268,4.46248074702136,2.17241686413779e-43
7.2,4.50266120441309,4.47357104248785,2.2002630120628502e-43
7.2,4.51368002473407,4.48466133795435,2.22847998488697e-43
7.2,4.52009301676683,4.49111576678707,2.24507469153439e-43
7.2,4.53111238842446,4.50220606225357,2.27388881906528e-43
7.2,4.54213210531684,4.51329635772006,2.30308715717544e-43
7.2,4.54854561613768,4.51975078655278,2.3202592315338203e-43
7.2,4.55956587407775,4.53084108201927,2.3500762193428502e-43
7.2,4.5705864708296,4.54193137748576,2.3802912051093003e-43
7.2,4.57700049078654,4.54838580631847,2.3980613650735e-43
7.2,4.58802161855076,4.55947610178497,2.4289171251244504e-43
7.2,4.59904307886164,4.57056639725147,2.4601850637997902e-43
7.2,4.60545759853993,4.57702082608418,2.47857461788791e-43
7.2,4.61647958007375,4.58811112155068,2.5105060680652905e-43
7.2,4.62750188804215,4.59920141701718,2.54286425767492e-43
7.2,4.63391689825704,4.60565584584989,2.56189508537486e-43
7.2,4.64493971789738,4.61674614131638,2.5949401114294002e-43
7.2,4.65596285800866,4.62783643678288,2.62842679920148e-43
7.2,4.66237834979842,4.6342908656156,2.6481213228844804e-43
7.2,4.67340199226188,4.6453811610821,2.68231872521835e-43
7.2,4.68442594937657,4.65647145654859,2.7169730477457402e-43
7.2,4.69084191399581,4.6629258853813,2.73735419459786e-43
7.2,4.70186636436723,4.6740161808478,2.77274361697513e-43
7.2,4.71289112370984,4.68510647631429,2.8086055210326006e-43
7.2,4.71930755262302,4.69156090514701,2.8296966731325103e-43
7.2,4.73033279634451,4.7026512006135,2.8663185098927805e-43
7.2,4.74135834349265,4.71374149608,2.9034286502778e-43
7.2,4.74777522836786,4.72019592491272,2.92525358056876e-43
7.2,4.7588012512282,4.73128622037921,2.9631488583137003e-43
7.2,4.76982757210214,4.74237651584571,3.0015484684224803e-43
7.2,4.77624490480505,4.74883094467842,3.02413125998145e-43
7.2,4.78727169292945,4.75992124014492,3.06334148901118e-43
7.2,4.79829877378202,4.77101153561141,3.10307221911464e-43
7.2,4.80471654637013,4.77746596444413,3.1264371647016502e-43
7.2,4.81574408621036,4.78855625991062,3.16700415464683e-43
7.2,4.82677191361725,4.79964655537712,3.20810787206789e-43
7.2,4.83319011833423,4.80610098420984,3.2322793499213905e-43
7.2,4.84421839665911,4.81719127967633,3.27424498302746e-43
7.2,4.85524695750943,4.82828157514283,3.3167635266031404e-43
7.2,4.86166558677973,4.83473600397555,3.3417658491262502e-43
7.2,4.87269459066593,4.84582629944204,3.38517180351297e-43
7.2,4.88372387215317,4.85691659490853,3.4291466857788406e-43
7.2,4.8901429185768,4.86337102374124,3.4550039152545002e-43
7.2,4.90117263539996,4.87446131920775,3.4998913291565302e-43
7.2,4.91220262501324,4.88555161467424,3.5453633745352904e-43
7.2,4.91862208136074,4.89200604350696,3.57209910021894e-43
7.2,4.92965249878688,4.90309633897345,3.61850816653456e-43
7.2,4.94068318430246,4.91418663443995,3.6655170757683004e-43
7.2,4.94710304351001,4.92064106327266,3.693154145687481e-43
7.2,4.95813414948729,4.93173135873916,3.7411236243808504e-43
7.2,4.96916551896042,4.94282165420565,3.78970745129861e-43
7.2,4.97558577412514,4.94927608303837,3.818267650411101e-43
7.2,4.98661755687584,4.96036637850487,3.8678342840626006e-43
7.2,4.99764959863287,4.97145667397136,3.9180288091360206e-43
7.2,5.00407024300828,4.97791110280407,3.94753247432375e-43
7.2,5.01510269102105,4.98900139827057,3.99873028954958e-43
7.2,5.02613539365179,5.00009169373706,4.05056827182113e-43
7.2,5.03255642064343,5.00654612256978,4.08103383247199e-43
7.2,5.04358952266585,5.01763641803627,4.133893306857491e-43
7.2,5.05462287501622,5.02872671350277,4.18740359258915e-43
7.2,5.06104427817736,5.03518114233549,4.2188470235896e-43
7.2,5.07207802320873,5.04627143780199,4.27339409422547e-43
7.2,5.0831120143736,5.05736173326848,4.32860055689551e-43
7.2,5.08953378740117,5.06381616210119,4.36103472794395e-43
7.2,5.10056816468549,5.07490645756769,4.4172896133900105e-43
7.2,5.11160278400182,5.08599675303419,4.47420989429661e-43
7.2,5.11802492073245,5.0924511818669,4.5076437983033305e-43
7.2,5.12905991975169,5.1035414773334,4.565619600892301e-43
7.2,5.14009515679185,5.11463177279989,4.62426361704431e-43
7.2,5.14651765119802,5.12108620163261,4.6587014550041604e-43
7.2,5.15755326166558,5.1321764970991,4.7184025045895906e-43
7.2,5.16858910623091,5.14326679256559,4.778770679941181e-43
7.2,5.17501195241721,5.14972122139831,4.814210777255231e-43
7.2,5.18604816427165,5.16081151686481,4.87563067068852e-43
7.2,5.19708460638623,5.17190181233131,4.937711843966901e-43
7.2,5.2035077985858,5.17835624116402,4.97414536879234e-43
7.2,5.21454460198466,5.18944653663052,5.037264651530841e-43
7.2,5.22558163188927,5.20053683209701,5.10103360293411e-43
7.2,5.23200516446031,5.20699126092972,5.1384430514894806e-43
7.2,5.24304254977425,5.21808155639622,5.2032264785577005e-43
7.2,5.25408015792053,5.22917185186272,5.268641008697741e-43
7.2,5.26050402534297,5.23562628069544,5.30699841687216e-43
7.2,5.27154198315002,5.24671657616193,5.373391719739951e-43
7.2,5.28258016019482,5.25780687162842,5.44038920300436e-43
7.2,5.289004357067,5.26426130046114,5.47965403667416e-43
7.2,5.30004287814703,5.27535159592763,5.5475801105847805e-43
7.2,5.31108161494696,5.28644189139413,5.616073431538141e-43
7.2,5.31750613598252,5.29289632022685,5.656190100314421e-43
7.2,5.3285452113119,5.30398661569334,5.725544511745741e-43
7.2,5.33958449891799,5.31507691115984,5.7954172804272804e-43
7.2,5.34600933894281,5.32153133999255,5.83631221067428e-43
7.2,5.35704895968917,5.33262163545905,5.90695791170808e-43
7.2,5.36808878934178,5.34371193092555,5.978058834851821e-43
7.2,5.37451394329104,5.35016635975826,6.01963702800627e-43
7.2,5.38555410080825,5.36125665522475,6.0913981423553005e-43
7.2,5.39659446393209,5.37234695069125,6.1635344111472506e-43
7.2,5.40301992684737,5.37880137952396,6.2056754026065605e-43
7.2,5.41406061267071,5.38989167499046,6.2783299338063605e-43
7.2,5.42510150087,5.40098197045695,6.35125946930709e-43
7.2,5.43152726789654,5.40743639928967,6.39381259160548e-43
7.2,5.44256847373793,5.41852669475616,6.467083880462921e-43
7.2,5.4536098787918,5.42961699022267,6.540506256243121e-43
7.2,5.46003594517578,5.43607141905537,6.58328509847078e-43
7.2,5.47107766291923,5.44716171452187,6.656831839077621e-43
7.2,5.48211957677712,5.45825200998837,6.7303776833486406e-43
7.2,5.48854593786309,5.46470643882108,6.773153627183231e-43
7.2,5.49958815956026,5.47579673428758,6.8465582293856605e-43
7.2,5.5106305743376,5.48688702975407,6.919776886646061e-43
7.2,5.51705722556594,5.49334145858679,6.962271589619421e-43
7.2,5.52809994343183,5.50443175405329,7.035026661800191e-43
7.2,5.53914285140578,5.51552204951978,7.107371884493311e-43
7.2,5.54556978831022,5.52197647835249,7.14924857460872e-43
7.2,5.55661299471905,5.533066773819,7.22074129157069e-43
7.2,5.56765638832437,5.54415706928549,7.29155472691438e-43
7.2,5.57408360652967,5.5506114981182,7.332408172619971e-43
7.2,5.58512729401077,5.56170179358469,7.40190229929171e-43
7.2,5.59617116583584,5.5727920890512,7.47039454652282e-43
7.2,5.60259866105547,5.57924651788391,7.50973957629065e-43
7.2,5.61364282228943,5.59033681335041,7.57635493986737e-43
7.2,5.62468716507236,5.6014271088169,7.64158399062094e-43
7.2,5.63111493310626,5.60788153764962,7.678842463089321e-43
7.2,5.64215956092108,5.61897183311612,7.74153172749816e-43
7.2,5.65320436754598,5.6300621285826,7.80237867711315e-43
7.2,5.65963240427839,5.63651655741533,7.836864856389642e-43
7.2,5.67067749164582,5.64760685288182,7.89438756022556e-43
7.2,5.68172275513917,5.65869714834832,7.94952961011221e-43
7.2,5.68815105653652,5.66515157718103,7.98043398998605e-43
7.2,5.6991965965685,5.67624187264753,8.031327988534142e-43
7.2,5.71024231009555,5.68733216811402,8.079208979068851e-43
7.2,5.71667087220448,5.69378659694673,8.10558074772343e-43
7.2,5.72771685814962,5.70487689241323,8.14813149221712e-43
7.2,5.73876301501103,5.71596718787972,8.186930548905412e-43
7.2,5.74519183395635,5.72242161671244,8.2076591124001e-43
7.2,5.75623825919659,5.73351191217893,8.23986764099575e-43
7.2,5.76728485282508,5.74460220764543,8.267467032932271e-43
7.2,5.77742527846781,5.7547826022134,8.288431122670581e-43
7.2,5.80122656247849,5.7786771479003,8.3194405874541e-43
7.2,5.82502861012376,5.8025716935872,8.32149578672668e-43
7.2,5.83888148543278,5.81647805389042,8.307540508054822e-43
7.2,5.86268472215882,5.84037259957732,8.25410809325115e-43
7.2,5.88648869875466,5.86426714526423,8.158754927065581e-43
7.2,5.90034268590358,5.87817350556744,8.08166639418724e-43
7.2,5.92414781476443,5.90206805125435,7.907918360734671e-43
7.2,5.94795366070446,5.92596259694125,7.676437313693811e-43
7.2,5.96180872544375,5.93986895724446,7.512535887954191e-43
7.2,5.98561568833458,5.96376350293136,7.17629294978899e-43
7.2,6.00942334643883,5.98765804861827,6.765551562680711e-43
7.2,6.02327945590888,6.00156440892149,6.4899021437676204e-43
7.2,6.04708819707562,6.02545895460839,5.95010487197916e-43
7.2,6.0708976124685,6.04935350029529,5.32399123124669e-43
7.2,6.08475473512991,6.0632598605985,4.91954095709358e-43
7.2,6.10856520105178,6.08715440628541,4.15786472661278e-43
7.2,6.1323763210474,6.11104895197232,3.3198185395055705e-43
7.2,6.14623442661546,6.12495531227553,2.80404254510009e-43
7.2,6.17004656589442,6.14884985796244,1.8934147016970102e-43
7.2,6.19385933988859,6.17274440364934,1.0129653081946699e-43
7.2,6.20771839927163,6.18665076395255,5.715898164258519e-44
7.2,6.23153216252837,6.21054530963946,1.1341371252598898e-44
7.2,6.25534654189699,6.23443985532636,2.0133743090661703e-46
7.2,6.26850333555597,6.24764067615412,0.0
7.4,0.51099907,0.0,0.0
7.4,0.511987249463015,0.031794560412728996,2.7643359202279e-48
7.4,0.530110299856974,0.14105630249508902,3.3803564083217e-47
7.4,0.569015969004336,0.25031804457745105,1.01053150751358e-46
7.4,0.599714730544572,0.3139071654029,1.5798944717211301e-46
7.4,0.663469647989368,0.42316890748526304,2.88879887159593e-46
7.4,0.737971846441223,0.5324306495676251,4.65207438369207e-46
7.4,0.7850857381460181,0.5960197703930741,5.905953224648221e-46
7.4,0.870943202155287,0.705281512475437,8.48662861021065e-46
7.4,0.9615616272951399,0.8145432545578001,1.16545803129937e-45
7.4,1.01599041247302,0.8781323753832521,1.37927836525264e-45
7.4,1.11178558757818,0.987394117465612,1.80181047576495e-45
7.4,1.20986533292833,1.09665585954798,2.30032381463695e-45
7.4,1.26778880891992,1.16024498037342,2.62856249802223e-45
7.4,1.36849090895822,1.26950672245579,3.2639374685406396e-45
7.4,1.47041576717123,1.37876846453815,3.99773878529707e-45
7.4,1.53020111540829,1.4423575853636,4.47420749963241e-45
7.4,1.63359804935141,1.55161932744596,5.38552009893022e-45
7.4,1.73771285794242,1.66088106952832,6.424689381004959e-45
7.4,1.79858763671934,1.72447019035378,7.093728838523749e-45
7.4,1.90359997099623,1.83373193243614,8.36392967779926e-45
7.4,2.00906557104535,1.9429936745185,9.80089653890379e-45
7.4,2.07062661146601,2.00658279534395,1.0721138753972399e-44
7.4,2.1766759419118,2.11584453742631,1.2460207666332198e-44
7.4,2.28302825314314,2.22510627950868,1.44179436147356e-44
7.4,2.34504726712521,2.28869540033412,1.5667612874831e-44
7.4,2.45179903466967,2.39795714241649,1.80227105793706e-44
7.4,2.55876270574833,2.50721888449885,2.0666385636582397e-44
7.4,2.62110164812057,2.5708080053243,2.2350872813216598e-44
7.4,2.72835003262141,2.68006974740666,2.55209075665707e-44
7.4,2.83575214146017,2.78933148948903,2.9074704424060196e-44
7.4,2.89832297342756,2.85292061031447,3.1337537287982303e-44
7.4,3.00593485265268,2.96218235239683,3.55943500696615e-44
7.4,3.11366165070195,3.0714440944792,4.03660436801216e-44
7.4,3.17640572197638,3.13503321530465,4.340498738321639e-44
7.4,3.28429137258978,3.24429495738701,4.9124567618797e-44
7.4,3.39226511141107,3.35355669946937,5.55419172670165e-44
7.4,3.45514190833014,3.41714582029482,5.96328987454644e-44
7.4,3.56323874383009,3.52640756237718,6.7341930579142e-44
7.4,3.67140454607365,3.63566930445955,7.60071604485125e-44
7.4,3.73438521668332,3.699258425285,8.154018176105479e-44
7.4,3.84264829444288,3.80852016736736,9.198607175819459e-44
7.4,3.95096635515318,3.91778190944973,1.0375798820090601e-43
7.4,4.01402981182941,3.98137103027517,1.1129128514987802e-43
7.4,4.12242604880019,4.09063277235753,1.25547679379065e-43
7.4,4.23086681212765,4.19989451443989,1.41664987984306e-43
7.4,4.29399729363169,4.26348363526535,1.5200594966397402e-43
7.4,4.40250180972781,4.37274537734771,1.71629019399478e-43
7.4,4.51104288032853,4.48200711943007,1.9388982494319403e-43
7.4,4.54594395262331,4.5171325385527,2.0166845913432502e-43
7.4,4.55731805672004,4.52857900677085,2.04273065443426e-43
7.4,4.56869252227484,4.54002547498901,2.06912795471278e-43
7.4,4.57531250027309,4.54668719240881,2.0846545848830104e-43
7.4,4.58668753216103,4.55813366062697,2.11161790339846e-43
7.4,4.5980629186079,4.56958012884511,2.13894567132924e-43
7.4,4.6046834294061,4.57624184626493,2.15501997783008e-43
7.4,4.61605937141037,4.58768831448308,2.18293503862202e-43
7.4,4.62743566124837,4.59913478270123,2.2112282342268104e-43
7.4,4.63405669474038,4.60579650012105,2.22787078222798e-43
7.4,4.64543352963086,4.6172429683392,2.2567732988460903e-43
7.4,4.65681070579838,4.62868943655734,2.28606811465398e-43
7.4,4.66343225213128,4.63535115397716,2.30330018897362e-43
7.4,4.67480996310875,4.64679762219531,2.33322711490566e-43
7.4,4.68618800896985,4.65824409041346,2.36356098685597e-43
7.4,4.69281005853608,4.66490580783327,2.38140459714707e-43
7.4,4.70418862921888,4.67635227605142,2.41239413261278e-43
7.4,4.71556752855012,4.68779874426958,2.44380574404064e-43
7.4,4.72219007197992,4.69446046168938,2.46228362574958e-43
7.4,4.73356948639107,4.70590692990753,2.49437521659622e-43
7.4,4.74494922336887,4.71735339812569,2.52690449323942e-43
7.4,4.75157225152298,4.72401511554549,2.54604010273974e-43
7.4,4.76295249407783,4.73546158376365,2.5792744293921304e-43
7.4,4.77433305326624,4.7469080519818,2.6129625246852603e-43
7.4,4.78095655722887,4.75356976940161,2.63278002893906e-43
7.4,4.79233761272313,4.76501623761976,2.66719898404236e-43
7.4,4.80371897906209,4.77646270583792,2.7020882509880803e-43
7.4,4.81034295013416,4.78312442325773,2.72261250840742e-43
7.4,4.82172480373244,4.79457089147588,2.7582591597591602e-43
7.4,4.83310696252641,4.80601735969403,2.7943931078383003e-43
7.4,4.83973139221901,4.81267907711384,2.8156496401875403e-43
7.4,4.8511140294437,4.82412554533199,2.85256817674138e-43
7.4,4.86249696635075,4.83557201355014,2.88999141033176e-43
7.4,4.86912184637888,4.84223373096995,2.91200636321376e-43
7.4,4.88050525309947,4.8536801991881,2.95024202044472e-43
7.4,4.89188895412072,4.86512666740625,2.9890001551702202e-43
7.4,4.89851427639718,4.87178838482606,3.0118002449214402e-43
7.4,4.90989843881996,4.88323485304422,3.0513992055551705e-43
7.4,4.92128289028944,4.89468132126237,3.09153875822306e-43
7.4,4.92790864691901,4.90134303868218,3.11515120259976e-43
7.4,4.93929355157707,4.91278950690033,3.1561604679079805e-43
7.4,4.95067874015189,4.92423597511848,3.19772871494274e-43
7.4,4.95730492342566,4.93089769253829,3.2221811444500106e-43
7.4,4.96869055716938,4.94234416075644,3.26464837046571e-43
7.4,4.98007646982026,4.9537906289746,3.30769316880511e-43
7.4,4.9867030722102,4.96045234639441,3.33301351499129e-43
7.4,4.99808942219791,4.97189881461256,3.3769868069686004e-43
7.4,5.00947604620004,4.98334528283071,3.42155637039575e-43
7.4,5.01610306035373,4.99000700025052,3.4477727267503603e-43
7.4,5.02749011404281,5.00145346846867,3.4933003841057406e-43
7.4,5.03887743696705,5.01289993668682,3.5394430061369904e-43
7.4,5.04550485570261,5.01956165410664,3.56658345643364e-43
7.4,5.05689260084084,5.03100812232479,3.613713658150581e-43
7.4,5.0682806105452,5.04245459054294,3.661477372530101e-43
7.4,5.07490842684636,5.04911630796274,3.68956978054585e-43
7.4,5.08629685146361,5.0605627761809,3.73835020179207e-43
7.4,5.09768553608501,5.07200924439905,3.7877823679345405e-43
7.4,5.10431374309642,5.07867096181886,3.8168541213682505e-43
7.4,5.11570283549655,5.09011743003701,3.86733146604093e-43
7.4,5.1270921834429,5.10156389825516,3.91847826579482e-43
7.4,5.13372077446552,5.10822561567498,3.948555965865641e-43
7.4,5.14511052321866,5.11967208389312,4.00077540137617e-43
7.4,5.15650052316117,5.13111855211128,4.053681230975691e-43
7.4,5.16312949164785,5.13778026953109,4.0847903176777005e-43
7.4,5.17451988558287,5.14922673774924,4.1387947931826905e-43
7.4,5.18591052644862,5.16067320596739,4.193501530790751e-43
7.4,5.19253986599986,5.1673349233872,4.2256658319454705e-43
7.4,5.20393089419707,5.17878139160535,4.281495258625e-43
7.4,5.21532216516189,5.1902278598235,4.33804138462744e-43
7.4,5.22195186952169,5.19688957724332,4.37128257467029e-43
7.4,5.23334352130586,5.20833604546146,4.42897284271291e-43
7.4,5.24473541178736,5.21978251367961,4.4873923856472006e-43
7.4,5.25136547483922,5.22644423109943,4.52172933759615e-43
7.4,5.2627577397728,5.23789069931758,4.58131113993736e-43
7.4,5.27415023942368,5.24933716753573,4.6416324161930904e-43
7.4,5.28078065518676,5.25599888495554,4.677080427151181e-43
7.4,5.29217352306328,5.26744535317369,4.738577853933771e-43
7.4,5.30356662176488,5.27889182139184,4.800821962533691e-43
7.4,5.31019738439027,5.28555353881165,4.83739182953166e-43
7.4,5.32159084522802,5.29700000702981,4.9008206925552405e-43
7.4,5.33298453308402,5.30844647524796,4.964999722317901e-43
7.4,5.33961563685111,5.31510819266777,5.00269664114496e-43
7.4,5.351009680887,5.32655466088592,5.06806247760476e-43
7.4,5.36240394821737,5.33800112910407,5.13417737117617e-43
7.4,5.36903538753039,5.34466284652388,5.17299962581743e-43
7.4,5.38043000521401,5.35610931474203,5.24029532317062e-43
7.4,5.39182484254915,5.36755578296018,5.3083333375752105e-43
7.4,5.39845661193377,5.37421750037999,5.34827074209992e-43
7.4,5.40985179392164,5.38566396859814,5.417473715428841e-43
7.4,5.42124719199672,5.3971104368163,5.48740540489718e-43
7.4,5.42787928609677,5.40377215423611,5.5284374528873905e-43
7.4,5.43927502324678,5.41521862245426,5.5995062933026405e-43
7.4,5.45067097299621,5.42666509067241,5.67128192806403e-43
7.4,5.45730338657056,5.43332680809222,5.7133755967013505e-43
7.4,5.46869966993658,5.44477327631037,5.78624609548052e-43
7.4,5.48009616248874,5.45621974452853,5.859791415185741e-43
7.4,5.48672889040817,5.46288146194834,5.9028985620393705e-43
7.4,5.49812571123485,5.47432793016648,5.9774789988425405e-43
7.4,5.50952273790691,5.48577439838464,6.052690181207531e-43
7.4,5.5161557751512,5.49243611580445,6.0967444612298005e-43
7.4,5.52755312486892,5.5038825840226,6.172910025013661e-43
7.4,5.53895067716185,5.51532905224075,6.249647732544051e-43
7.4,5.54558401881689,5.52199076966056,6.294560950912001e-43
7.4,5.55698188903686,5.53343723787871,6.37214714383458e-43
7.4,5.56837995863064,5.54488370609686,6.4502294866356305e-43
7.4,5.57501359988564,5.55154542351668,6.495887289614431e-43
7.4,5.58641198239517,5.56299189173483,6.574682135656321e-43
7.4,5.59781056114407,5.57443835995298,6.65387636548181e-43
7.4,5.60444449728886,5.58110007737279,6.70013315706966e-43
7.4,5.61584338404678,5.59254654559094,6.7798680162195205e-43
7.4,5.62724246397487,5.60399301380909,6.8598807404926306e-43
7.4,5.63387669039731,5.6106547312289,6.906553696115911e-43
7.4,5.64527607352952,5.62210119944706,6.986892454793441e-43
7.4,5.65667564682623,5.63354766766521,7.0673581303622305e-43
7.4,5.66331015900966,5.64020938508502,7.1142201650317705e-43
7.4,5.67471003080482,5.65165585330317,7.194746546661431e-43
7.4,5.68611008982072,5.66310232152132,7.27521398904039e-43
7.4,5.69274488334151,5.66976403894113,7.321985518489241e-43
7.4,5.70414523624687,5.68121050715928,7.402188233757541e-43
7.4,5.71554577348955,5.69265697537744,7.482104849442021e-43
7.4,5.72218084401471,5.69931869279724,7.528444173661631e-43
7.4,5.73358167063207,5.71076516101539,7.607699607842121e-43
7.4,5.7449826787621,5.72221162923355,7.68639304577818e-43
7.4,5.75161802204702,5.72887334665336,7.73188517418025e-43
7.4,5.76301931512878,5.74031981487151,7.809437304593751e-43
7.4,5.77442078695586,5.75176628308966,7.88609421806831e-43
7.4,5.78105639884203,5.75842800050947,7.930237961193611e-43
7.4,5.79245815128739,5.76987446872762,8.005175205031042e-43
7.4,5.80386007976661,5.78132093694578,8.07881684000841e-43
7.4,5.81049595617945,5.78798265436558,8.12101000764344e-43
7.4,5.82189816103075,5.79942912258374,8.192238749125411e-43
7.4,5.83330053925889,5.81087559080189,8.261693135123301e-43
7.4,5.83993667620568,5.8175373082217,8.3012157305688e-43
7.4,5.85133932664478,5.82898377643985,8.36743037087428e-43
7.4,5.86274214785682,5.840430244658,8.431301017504531e-43
7.4,5.86937854142462,5.84709196207781,8.467296401605642e-43
7.4,5.88078163076946,5.85853843029596,8.526945953679271e-43
7.4,5.89218488833511,5.86998489851412,8.583577170099201e-43
7.4,5.89882153468882,5.87664661593393,8.615031316941232e-43
7.4,5.91022505639002,5.88809308415208,8.66628285939834e-43
7.4,5.92162874381041,5.89953955237023,8.71372217049327e-43
7.4,5.9282656391908,5.90620126979004,8.73944137431152e-43
7.4,5.93966958682841,5.9176477380082,8.780141151016119e-43
7.4,5.95107369773284,5.92909420622634,8.81609983821193e-43
7.4,5.96154230374015,5.9396015514294,8.84459327017529e-43
7.4,5.98611384771954,5.96426348749942,8.892568204465871e-43
7.4,6.01068613209984,5.98892542356945,8.910256740372911e-43
7.4,6.02498726605243,6.00327839655576,8.90459493085704e-43
7.4,6.04956070332693,6.02794033262578,8.86364462738964e-43
7.4,6.07413485794993,6.0526022686958,8.77797435961805e-43
7.4,6.08843706989856,6.06695524168212,8.704939369043221e-43
7.4,6.11301234170402,6.09161717775213,8.53486640826794e-43
7.4,6.13758830875108,6.11627911382215,8.30209083060873e-43
7.4,6.1518915654737,6.13063208680847,8.13474100714466e-43
7.4,6.17646861544884,6.15529402287849,7.78718332543372e-43
7.4,6.20104633945627,6.17995595894851,7.357298987002971e-43
7.4,6.21535060907978,6.19430893193482,7.066427361984391e-43
7.4,6.23992938314479,6.21897086800484,6.4926573120536606e-43
7.4,6.26450881088538,6.24363280407486,5.821765542906041e-43
7.4,6.27881406281798,6.25798577706118,5.38593518859988e-43
7.4,6.30339450906045,6.28264771313119,4.5608786706846406e-43
7.4,6.32797558943202,6.30730964920121,3.6476904791813205e-43
7.4,6.34228179429957,6.32166262218753,3.0832733459454003e-43
7.4,6.36686386286716,6.34632455825755,2.08297194553903e-43
7.4,6.39144654678775,6.37098649432756,1.11244896702255e-43
7.4,6.40575367637386,6.38533946731388,6.26529021647368e-44
7.4,6.43033731937326,6.4100014033839,1.25803381531785e-44
7.4,6.45492155968244,6.43466333945392,2.3256827425990697e-46
7.4,6.46850366402331,6.44828811406114,0.0
7.6,0.51099907,0.0,0.0
7.6,0.512049627011682,0.0327836999427731,2.71395424418946e-48
7.6,0.5312948189447589,0.145444611782903,3.36098548801433e-47
7.6,0.572484507096553,0.25810552362303,1.00727646690761e-46
7.6,0.60488363422518,0.323672923508588,1.5761880581371399e-46
7.6,0.671942903386131,0.436333835348714,2.88531682839843e-46
7.6,0.750010187918672,0.548994747188839,4.65061235350614e-46
7.6,0.7992538283659071,0.614562147074398,5.90672838720064e-46
7.6,0.88880449310175,0.7272230589145221,8.49348657329128e-46
7.6,0.9831201014481691,0.839883970754647,1.16709247482325e-45
7.6,1.039693336583,0.905451370640205,1.38165096124208e-45
7.6,1.1391543658689,1.01811228248033,1.8058287961210198e-45
7.6,1.24087391242404,1.13077319432045,2.3065489882000997e-45
7.6,1.30090386535134,1.19634059420601,2.6363742023150596e-45
7.6,1.40520638782064,1.30900150604614,3.27508126776508e-45
7.6,1.51070979343191,1.42166241788626,4.01310742374669e-45
7.6,1.57256878399976,1.48722981777183,4.49251193688619e-45
7.6,1.67951492885271,1.59989072961195,5.4098191315647496e-45
7.6,1.78716344361143,1.71255164145208,6.45637435629913e-45
7.6,1.85008847753515,1.77811904133763,7.13045196569136e-45
7.6,1.95861402039293,1.89077995317776,8.41077645503063e-45
7.6,2.06758200542674,2.00344086501788,9.860006912277169e-45
7.6,2.13117696350623,2.06900826490345,1.07885204654691e-44
7.6,2.24071427145315,2.18166917674357,1.2544045116498098e-44
7.6,2.35054687358523,2.29433008858369,1.4521503462927202e-44
7.6,2.41458820622158,2.35989748846925,1.5784379649937801e-44
7.6,2.52480991214811,2.47255840030938,1.81655869591344e-44
7.6,2.63523792881243,2.58521931214951,2.08403446465433e-44
7.6,2.69959075458531,2.65078671203506,2.25455533817295e-44
7.6,2.81029585977033,2.76344762387518,2.5756397422109e-44
7.6,2.92115051970201,2.87610853571531,2.93585860239942e-44
7.6,2.98572894945843,2.94167593560087,3.1653600636763e-44
7.6,3.09678763029961,3.054336847441,3.59736706240654e-44
7.6,3.20795805097768,3.16699775928112,4.0820246689342595e-44
7.6,3.27270492984002,3.23256515916668,4.3908948235003496e-44
7.6,3.38402977464509,3.34522607100681,4.972630093384809e-44
7.6,3.49544023488932,3.45788698284693,5.625941415619849e-44
7.6,3.56031611472038,3.52345438273249,6.042736556028179e-44
7.6,3.67184619571214,3.63611529457261,6.82878066820637e-44
7.6,3.78344328559411,3.74877620641274,7.713265607447639e-44
7.6,3.84842009095285,3.81434360629829,8.278533910693969e-44
7.6,3.96011168213984,3.92700451813842,9.34671987473424e-44
7.6,4.07185668162628,4.03966542997854,1.05520072455929e-43
7.6,4.13691390252866,4.1052328298641,1.13241158566607e-43
7.6,4.24873483119959,4.21789374170423,1.27869288612413e-43
7.6,4.36059900207248,4.33055465354435,1.44431586395264e-43
7.6,4.42572131501676,4.39612205342991,1.55071360556021e-43
7.6,4.53764739457025,4.50878296527004,1.7528905189854402e-43
7.6,4.64960896837787,4.62144387711017,1.9826676698937803e-43
7.6,4.68560944956053,4.6576620599041,2.06306262221228e-43
7.6,4.69734180100802,4.66946463162067,2.08999396961769e-43
7.6,4.70907450340106,4.68126720333726,2.1172945110127103e-43
7.6,4.71590296645274,4.68813616903956,2.13335524188876e-43
7.6,4.72763621870394,4.69993874075614,2.16125102934405e-43
7.6,4.73936981519728,4.71174131247273,2.1895302754082005e-43
7.6,4.74619879554574,4.71861027817502,2.20616725072894e-43
7.6,4.75793293142731,4.7304128498916,2.23506473554199e-43
7.6,4.76966740501677,4.74221542160819,2.2643604850710804e-43
7.6,4.77649689284282,4.74908438731049,2.2815959543118904e-43
7.6,4.78823189561397,4.76088695902708,2.31153380062039e-43
7.6,4.79996722972261,4.77268953074365,2.3418852698488302e-43
7.6,4.8067972154533,4.77955849644596,2.3597423120167e-43
7.6,4.81853306879226,4.79136106816254,2.3907606166795804e-43
7.6,4.83026924725711,4.80316363987913,2.42220846316768e-43
7.6,4.83709972155808,4.81003260558142,2.4407109997120003e-43
7.6,4.84883640954913,4.821835177298,2.4728513126390704e-43
7.6,4.86057341660834,4.83363774901459,2.5054376530773303e-43
7.6,4.86740437037649,4.84050671471689,2.52461045699611e-43
7.6,4.87914187749745,4.85230928643347,2.55791579447515e-43
7.6,4.89087969777798,4.86411185815005,2.59168421485942e-43
7.6,4.89771112213432,4.87098082385235,2.61155291505892e-43
7.6,4.90944943324448,4.88278339556893,2.6460677644563704e-43
7.6,4.92118805175023,4.89458596728552,2.68106332090534e-43
7.6,4.92801993803307,4.90145493298782,2.7016544006935204e-43
7.6,4.93975903836159,4.91325750470441,2.7374247140282303e-43
7.6,4.95149844046191,4.92506007642098,2.7736939214182604e-43
7.6,4.95833078022029,4.93192904212328,2.79503470976716e-43
7.6,4.97007065535497,4.94373161383986,2.83210788468136e-43
7.6,4.98181082677369,4.95553418555646,2.86969869210862e-43
7.6,4.98864361176098,4.96240315125875,2.89181734614556e-43
7.6,5.00038424763752,4.97420572297534,2.9302421905034102e-43
7.6,5.01212517444222,4.98600829469192,2.9692039383965303e-43
7.6,5.01895839661005,4.99287726039422,2.9921294151923103e-43
7.6,5.0306997795016,5.0046798321108,3.0319560921158602e-43
7.6,5.04244144809344,5.01648240382739,3.07233944888662e-43
7.6,5.04927509958574,5.02335136952968,3.0961014643207503e-43
7.6,5.06101721609289,5.03515394124626,3.1373814138586902e-43
7.6,5.07275961319665,5.04695651296285,3.17923828716591e-43
7.6,5.079593686344,5.05382547866514,3.20386725920991e-43
7.6,5.0913365233851,5.06562805038173,3.2466530916123103e-43
7.6,5.10307963603965,5.07743062209832,3.29003650918654e-43
7.6,5.10991412335377,5.08429958780061,3.31556348244807e-43
7.6,5.12165766815556,5.09610215951719,3.3599088374029002e-43
7.6,5.13340148370467,5.10790473123378,3.4048727913319603e-43
7.6,5.1402363778731,5.11477369693607,3.4313293391335804e-43
7.6,5.15198061796175,5.12657626865266,3.47728870416961e-43
7.6,5.16372512404517,5.13837884036925,3.5238879514198602e-43
7.6,5.17056041792617,5.14524780607154,3.5513060509596704e-43
7.6,5.18230534111852,5.15705037778813,3.598934531012111e-43
7.6,5.19405052566342,5.16885294950471,3.6472243415982e-43
7.6,5.20088621228103,5.175721915207,3.6756362170327605e-43
7.6,5.21263180667623,5.18752448692359,3.724989245616951e-43
7.6,5.22437765788891,5.19932705864018,3.775025088358961e-43
7.6,5.23121373042817,5.20619602434247,3.80446301499978e-43
7.6,5.24295998439957,5.21799859605906,3.85559599573783e-43
7.6,5.25470649075744,5.22980116777565,3.90743314875856e-43
7.6,5.26154294255979,5.23667013347794,3.93792921236197e-43
7.6,5.27328984474709,5.24847270519452,3.990897077102181e-43
7.6,5.28503699499096,5.26027527691111,4.04459015059452e-43
7.6,5.29187381954978,5.2671442426134,4.0761759510944905e-43
7.6,5.30362135885148,5.27894681432999,4.13103261954635e-43
7.6,5.31536914197811,5.29074938604658,4.18663497130259e-43
7.6,5.32220633293442,5.29761835174887,4.2193412619163105e-43
7.6,5.33395449850049,5.30942092346545,4.2761389827048e-43
7.6,5.34570290375534,5.32122349518204,4.33370200798864e-43
7.6,5.35254045489367,5.32809246088433,4.367558256718821e-43
7.6,5.36428923611851,5.33989503260093,4.4263468082249e-43
7.6,5.37603825298877,5.3516976043175,4.48591907922816e-43
7.6,5.38287615823313,5.3585665700198,4.520952938122291e-43
7.6,5.39462554474871,5.37036914173639,4.581778662062021e-43
7.6,5.40637516295662,5.38217171345298,4.64340488848531e-43
7.6,5.41321341636658,5.38904067915527,4.67964155310771e-43
7.6,5.42496339803587,5.40084325087185,4.7425461891449205e-43
7.6,5.43671360753212,5.41264582258844,4.80626596598499e-43
7.6,5.44355220329913,5.41951478829073,4.84372740429836e-43
7.6,5.45530277020971,5.43131736000732,4.9087466880750105e-43
7.6,5.46705356116719,5.4431199317239,4.974592990273341e-43
7.6,5.4738924936109,5.4499888974262,5.01329701631523e-43
7.6,5.48564363606877,5.46179146914279,5.0804589954199905e-43
7.6,5.49739499887647,5.47359404085937,5.14845637151032e-43
7.6,5.50423426244121,5.48046300656166,5.188415533601291e-43
7.6,5.51598597096485,5.49226557827826,5.25773854989603e-43
7.6,5.52773789622196,5.50406814999483,5.32790095737541e-43
7.6,5.5345774854734,5.51093711569713,5.36912120816898e-43
7.6,5.54632975078794,5.52273968741372,5.44061148107092e-43
7.6,5.55808222929816,5.5345422591303,5.51293969697615e-43
7.6,5.56492213891997,5.5414112248326,5.55541880100496e-43
7.6,5.57667495195166,5.55321379654918,5.6290675383843206e-43
7.6,5.58842797471764,5.56501636826576,5.703546063613001e-43
7.6,5.59526819950834,5.57188533396807,5.747271695428681e-43
7.6,5.60702155137911,5.58368790568464,5.8230516426204805e-43
7.6,5.61877510959717,5.59549047740123,5.899645006169951e-43
7.6,5.62561564446702,5.60235944310352,5.94459248009993e-43
7.6,5.63736952648927,5.61416201482011,6.02245380201402e-43
7.6,5.64912361154417,5.62596458653669,6.1011021525904305e-43
7.6,5.65596445151225,5.632833552239,6.14723171557358e-43
7.6,5.66771885518373,5.64463612395558,6.227097087780051e-43
7.6,5.6794734586437,5.65643869567216,6.30771094069275e-43
7.6,5.68631459883495,5.66330766137446,6.35496454728305e-43
7.6,5.6980695158339,5.67511023309105,6.4367233100553305e-43
7.6,5.7098246294458,5.68691280480763,6.519177293172121e-43
7.6,5.71666606508829,5.69378177050993,6.56747476764694e-43
7.6,5.72842148726865,5.70558434222651,6.650975970627471e-43
7.6,5.74017710295324,5.7173869139431,6.735101388615761e-43
7.6,5.74701882937543,5.7242558796454,6.78433586302364e-43
7.6,5.75877474876228,5.73605845136198,6.869380002566701e-43
7.6,5.77053085860968,5.74786102307856,6.954956005817541e-43
7.6,5.77737287123781,5.75472998878086,7.0049885047048605e-43
7.6,5.78912928002286,5.76653256049744,7.091317718598491e-43
7.6,5.80088587628819,5.77833513221403,7.1780608317566e-43
7.6,5.80772817064372,5.78520409791632,7.22871385457253e-43
7.6,5.81948506118104,5.79700666963291,7.3160003092487e-43
7.6,5.83124213628007,5.8088092413495,7.403552038492691e-43
7.6,5.83808470797726,5.81567820705178,7.45460196873952e-43
7.6,5.84984207277903,5.82748077876837,7.542434134157661e-43
7.6,5.86159961928412,5.83928335048496,7.630346333922171e-43
7.6,5.86844246402761,5.84615231618725,7.68151448490461e-43
7.6,5.88020029576011,5.85795488790383,7.769380956434911e-43
7.6,5.89195830639614,5.86975745962042,7.857098603617061e-43
7.6,5.89880141997865,5.87662642532272,7.90804068684532e-43
7.6,5.91055971145831,5.8884289970393,7.99531118154503e-43
7.6,5.92231817909883,5.90023156875589,8.082152170638591e-43
7.6,5.92916155739891,5.90710053445819,8.132445960241401e-43
7.6,5.94092030158848,5.91890310617477,8.21834908962605e-43
7.6,5.95267921925192,5.93070567789136,8.30348064851868e-43
7.6,5.95952285823178,5.93757464359365,8.35261160794585e-43
7.6,5.97128204823666,5.94937721531023,8.436209025958841e-43
7.6,5.98304140908267,5.96117978702682,8.518620357306441e-43
7.6,5.9898853047861,5.96804875272912,8.56596500076814e-43
7.6,6.00164493385071,5.9798513244457,8.646121552812771e-43
7.6,6.01340473117664,5.99165389616229,8.72459234745328e-43
7.6,6.02024887972689,5.99852286186458,8.76939914764024e-43
7.6,6.03200894123123,6.01032543358117,8.84474872513498e-43
7.6,6.04376916846866,6.02212800529775,8.91781330650176e-43
7.6,6.05061356606655,6.02899697100004,8.959181036494841e-43
7.6,6.06237405352279,6.04079954271663,9.028088009010211e-43
7.6,6.0741347042342,6.05260211443322,9.093995074707771e-43
7.6,6.08097934715614,6.05947108013551,9.130848616432621e-43
7.6,6.09274025420536,6.0712736518521,9.19136500338778e-43
7.6,6.1045013220809,6.08307622356868,9.248033285955991e-43
7.6,6.11134620667702,6.08994518927098,9.279097181098272e-43
7.6,6.12310752708603,6.10174776098756,9.328916212090271e-43
7.6,6.13486900594038,6.11355033270415,9.373886968096291e-43
7.6,6.14566565550025,6.12438456497095,9.41053053567071e-43
7.6,6.17100713931492,6.14981374221487,9.477006697053422e-43
7.6,6.19634934165809,6.17524291945878,9.511966876213641e-43
7.6,6.21109854935272,6.19004241829009,9.51559328307973e-43
7.6,6.23644187052448,6.215471595534,9.488889676438551e-43
7.6,6.26178588784389,6.24090077277792,9.414708797903691e-43
7.6,6.27653614167502,6.25570027160924,9.346780953696961e-43
7.6,6.30188124315201,6.28112944885315,9.18215857002159e-43
7.6,6.32722701931423,6.30655862609705,8.94975710115142e-43
7.6,6.34197828702833,6.32135812492837,8.77984559355848e-43
7.6,6.36732511409275,6.34678730217229,8.422277965762171e-43
7.6,6.39267259525187,6.3722164794162,7.9741684359023e-43
7.6,6.40742484590572,6.38701597824752,7.668373065560561e-43
7.6,6.43277334605583,6.41244515549143,7.06062859124581e-43
7.6,6.45812248053824,6.43787433273534,6.344160770782741e-43
7.6,6.47287568443315,6.45267383156665,5.87605318472823e-43
7.6,6.49822580727243,6.47810300881057,4.98523191743986e-43
7.6,6.52357654546855,6.50353218605448,3.993372958256991e-43
7.6,6.53833067408852,6.51833168488579,3.37773574475725e-43
7.6,6.56368237122131,6.54376086212971,2.2825813009888603e-43
7.6,6.58903466548374,6.56919003937362,1.2165838810353102e-43
7.6,6.60378969143725,6.58398953820493,6.83896381437021e-44
7.6,6.62914291637059,6.60941871544885,1.3897878840181299e-44
7.6,6.65449672091815,6.63484789269276,2.67020759517406e-46
7.6,6.66850397249441,6.64889653864706,0.0
7.8,0.51099907,0.0,0.0
7.8,0.5121138959014181,0.0337726640119417,2.66647699747466e-48
7.8,0.532512648214993,0.149832142639956,3.3422274604222896e-47
7.8,0.5760368076793111,0.265891621267964,1.0040625184477802e-46
7.8,0.6101641161965581,0.333436949291859,1.57247706924599e-46
7.8,0.6805638017508611,0.449496427919867,2.8816659775776203e-46
7.8,0.7622161983138751,0.565555906547877,4.64866953261431e-46
7.8,0.81359524504336,0.633101234571771,5.90675511052898e-46
7.8,0.9068416751246421,0.7491607131997791,8.49895791306464e-46
7.8,1.00485124764185,0.86522019182779,1.1684980071238001e-45
7.8,1.06356549613319,0.9327655198516791,1.3837280832893798e-45
7.8,1.16668501617908,1.04882499847969,1.80940967224344e-45
7.8,1.27203612155762,1.1648844771077,2.3121550156267402e-45
7.8,1.3341676334395,1.23242980513159,2.64344027837585e-45
7.8,1.44206220321987,1.3484892837596,3.28522180990212e-45
7.8,1.55113607622025,1.46454876238761,4.02715762947757e-45
7.8,1.61506419420862,1.53209409041151,4.509284675646079e-45
7.8,1.72555215414619,1.64815356903952,5.43216234328551e-45
7.8,1.83672745041315,1.76421304766752,6.48559742662788e-45
7.8,1.9016989237144,1.83175837569141,7.16437633956432e-45
7.8,2.01373147245267,1.94781785431943,8.45416421135323e-45
7.8,2.12619606221888,2.06387733294743,9.914882619044359e-45
7.8,2.19182175581021,2.13142266097133,1.08511567112419e-44
7.8,2.30484186385072,2.24748213959933,1.26221453804051e-44
7.8,2.41814991897393,2.36354161822735,1.4618173279888998e-44
7.8,2.48421089881154,2.43108694625124,1.5893502681580499e-44
7.8,2.59789818109102,2.54714642487925,1.82993658156443e-44
7.8,2.71178644697859,2.66320590350726,2.1003528382305297e-44
7.8,2.77815088468027,2.73075123153115,2.2728367290707597e-44
7.8,2.8923089857444,2.84681071015917,2.5977925059874695e-44
7.8,3.00661267960218,2.96287018878717,2.96260991254108e-44
7.8,3.07319674835018,3.03041551681106,3.1951735630489398e-44
7.8,3.18769900499783,3.14647499543907,3.63320771661252e-44
7.8,3.3023099860578,3.26253447406709,4.1250119329751805e-44
7.8,3.36905795999937,3.33007980209097,4.43863695414956e-44
7.8,3.48381916747342,3.44613928071898,5.02972758734506e-44
7.8,3.59866364788849,3.56219875934699,5.694133810836209e-44
7.8,3.66553709425301,3.62974408737089,6.11831523380453e-44
7.8,3.78049790432304,3.74580356599889,6.91890811513745e-44
7.8,3.89552387041793,3.86186304462691,7.82068100484554e-44
7.8,3.96249545218655,3.9294083726508,8.397481475303299e-44
7.8,4.07761329520974,4.04546785127881,9.488439369984118e-44
7.8,4.1927830574813,4.16152732990682,1.07208868972699e-43
7.8,4.25983281310405,4.22907265793071,1.15111740869582e-43
7.8,4.37507638032712,4.34513213655872,1.3010024390580902e-43
7.8,4.49036197616108,4.46119161518673,1.47094733067017e-43
7.8,4.55747499722616,4.52873694321063,1.5802516269782902e-43
7.8,4.67282075944133,4.64479642183863,1.78822171499555e-43
7.8,4.78820101442587,4.76085590046664,2.0249980576177303e-43
7.8,4.82530033058665,4.79816665308936,2.10794338828013e-43
7.8,4.83739074356699,4.8103252651361,2.13574066823869e-43
7.8,4.84948149756543,4.82248387718285,2.16392491613031e-43
7.8,4.85651833813479,4.8295600544044,2.1805082950934703e-43
7.8,4.86860962643364,4.84171866645114,2.20931673025222e-43
7.8,4.88070124923242,4.85387727849788,2.2385274540261103e-43
7.8,4.88773859245885,4.86095345571944,2.25571537635359e-43
7.8,4.89983073937756,4.87311206776618,2.2855750050335104e-43
7.8,4.91192321444266,4.88527067981293,2.3158528542282602e-43
7.8,4.91896105077851,4.89234685703448,2.3336692613431603e-43
7.8,4.93105404003936,4.90450546908122,2.36462171263323e-43
7.8,4.94314735125252,4.91666408112797,2.3960089431742004e-43
7.8,4.95018567138977,4.92374025834951,2.4144787183635403e-43
7.8,4.96227948712282,4.93589887039626,2.4465672512431204e-43
7.8,4.97437361876861,4.94805748244301,2.47910776293636e-43
7.8,4.98141241363145,4.95513365966455,2.4982567523522804e-43
7.8,4.99350704036188,4.9672922717113,2.53152629023214e-43
7.8,5.0056019771152,4.97945088375804,2.5652656591744e-43
7.8,5.01264123785282,4.98652706097959,2.58512068962516e-43
7.8,5.02473666048875,4.99868567302634,2.61961784892328e-43
7.8,5.03683238740286,5.01084428507308,2.6546033533426e-43
7.8,5.04387210538254,5.01792046229464,2.67519224596704e-43
7.8,5.05596830920328,5.03007907434138,2.7109653570705102e-43
7.8,5.0680648116982,5.04223768638812,2.74724599482321e-43
7.8,5.07510497849864,5.04931386360967,2.76859757355642e-43
7.8,5.08720194914339,5.06147247565641,2.8056966921855602e-43
7.8,5.09929921299474,5.07363108770316,2.84332318779548e-43
7.8,5.10633982039969,5.0807072649247,2.86546728141688e-43
7.8,5.11843754385663,5.09286587697146,2.90394418814965e-43
7.8,5.13053555518489,5.10502448901819,2.9429689868528103e-43
7.8,5.13757659517693,5.11210066623975,2.96593642255327e-43
7.8,5.14967505777268,5.12425927828649,3.0058446069674403e-43
7.8,5.16177380303285,5.13641789033324,3.04632185269495e-43
7.8,5.1688152677874,5.14349406755478,3.0701444403532703e-43
7.8,5.18091445617695,5.15565267960153,3.1115390681540503e-43
7.8,5.19301392214851,5.16781129164827,3.15352456192322e-43
7.8,5.20005580402814,5.17488746886982,3.17823506587114e-43
7.8,5.21215570518502,5.18704608091656,3.2211729227003104e-43
7.8,5.22425587896234,5.19920469296331,3.2647240570230803e-43
7.8,5.23129817051119,5.20628087018486,3.29035615291309e-43
7.8,5.24339877171807,5.21843948223161,3.3348955617156403e-43
7.8,5.25549964070108,5.23059809427835,3.38007122591723e-43
7.8,5.26254233463949,5.2376742714999,3.4066594398218703e-43
7.8,5.27464362347908,5.24983288354664,3.4528601453790103e-43
7.8,5.28674517536433,5.26199149559339,3.4997205956922105e-43
7.8,5.29378826458372,5.26906767281494,3.5273002214205404e-43
7.8,5.30589022893,5.28122628486169,3.57522323534165e-43
7.8,5.31799245170197,5.29338489690843,3.62382992248302e-43
7.8,5.32503592925982,5.30046107412998,3.65243691269648e-43
7.8,5.33713855726955,5.31261968617672,3.7021443107351504e-43
7.8,5.34924143919233,5.32477829822346,3.75255965623702e-43
7.8,5.35628529830739,5.33185447544501,3.78223048201953e-43
7.8,5.36838857841197,5.34401308749176,3.83378514401087e-43
7.8,5.38049210802117,5.35617169953851,3.88607225495356e-43
7.8,5.3875363420688,5.36324787676005,3.91684372744533e-43
7.8,5.39964026296633,5.3754064888068,3.97030900842503e-43
7.8,5.41174442906129,5.38756510085354,4.024531318191771e-43
7.8,5.418789031569,5.39464127807509,4.0564403648467e-43
7.8,5.43089358221668,5.40679989012183,4.111879682940641e-43
7.8,5.44299837385296,5.41895850216858,4.168100503272331e-43
7.8,5.45004333849606,5.42603467939014,4.20118388885516e-43
7.8,5.46214850810282,5.43819329143687,4.258660215018301e-43
7.8,5.47425391458493,5.45035190348362,4.31694218144035e-43
7.8,5.48129923518231,5.45742808070517,4.351236164954e-43
7.8,5.49340501320171,5.46958669275191,4.410811392972091e-43
7.8,5.50551102407606,5.48174530479866,4.47121578351038e-43
7.8,5.51255669458622,5.48882148202021,4.506755695517371e-43
7.8,5.52466307070954,5.50098009406696,4.56848987033719e-43
7.8,5.53676967575768,5.51313870611369,4.6310757712157906e-43
7.8,5.54381569027478,5.52021488333525,4.66789549812872e-43
7.8,5.55592265442438,5.53237349538199,4.7318458739967e-43
7.8,5.56802984365646,5.54453210742873,4.79666916333849e-43
7.8,5.57507619640652,5.55160828465029,4.83480051950259e-43
7.8,5.58718373872943,5.56376689669703,4.9010204146747e-43
7.8,5.59929150237781,5.57592550874377,4.968132528115741e-43
7.8,5.60633818771509,5.58300168596532,5.00760449389185e-43
7.8,5.6184462985768,5.59516029801207,5.07614190209835e-43
7.8,5.63055462708995,5.60731891005882,5.145588337749351e-43
7.8,5.6376016394934,5.61439508728036,5.1864261373884406e-43
7.8,5.64971030947184,5.62655369932711,5.2573220485156904e-43
7.8,5.66181919350838,5.63871231137385,5.32914056045864e-43
7.8,5.66886652757826,5.6457884885954,5.37136454847665e-43
7.8,5.68097574745798,5.65794710064215,5.444650921870011e-43
7.8,5.69308517788097,5.67010571268889,5.51886934072435e-43
7.8,5.70013282833549,5.67718188991044,5.562493659438351e-43
7.8,5.71224258910205,5.68934050195718,5.638190981080001e-43
7.8,5.72435255697344,5.70149911400392,5.71482459052384e-43
7.8,5.73140051864559,5.70857529122548,5.7598555541736205e-43
7.8,5.74351081148012,5.72073390327222,5.83796989934561e-43
7.8,5.75562130805538,5.73289251531897,5.917018280661411e-43
7.8,5.76266957588982,5.73996869254052,5.9634524330018904e-43
7.8,5.77478039216377,5.75212730458726,6.043971934848371e-43
7.8,5.78689140888664,5.76428591663401,6.12541517674416e-43
7.8,5.79393997793674,5.77136209385555,6.1732369587383e-43
7.8,5.80605130920675,5.78352070590229,6.2561275703335005e-43
7.8,5.81816283770428,5.79567931794904,6.3399217216571406e-43
7.8,5.8252117031292,5.80275549517059,6.3891006740047105e-43
7.8,5.83732354113219,5.81491410721734,6.47430108654545e-43
7.8,5.84943557320982,5.82707271926408,6.5603727057462205e-43
7.8,5.85648473027168,5.83414889648563,6.61086011680712e-43
7.8,5.86859706692007,5.84630750853237,6.6982756723525305e-43
7.8,5.88070959455695,5.85846612057911,6.7865153009659704e-43
7.8,5.88775903861814,5.86554229780067,6.838240194374541e-43
7.8,5.89987186599522,5.87770090984741,6.9277356008984006e-43
7.8,5.91198488133961,5.88985952189416,7.01798995701184e-43
7.8,5.91903460786015,5.89693569911571,7.07085429314174e-43
7.8,5.93114791821561,5.90909431116246,7.1622449183171105e-43
7.8,5.94326141358045,5.92125292320919,7.25430756958484e-43
7.8,5.95031141811543,5.92832910043074,7.308180516664041e-43
7.8,5.962425203861,5.94048771247749,7.40122199342341e-43
7.8,5.97453917171967,5.95264632452424,7.49482223012666e-43
7.8,5.98158944991679,5.95972250174578,7.54953333069772e-43
7.8,5.99370370362206,5.97188111379253,7.643909168906831e-43
7.8,6.00581813660416,5.98403972583928,7.73869875020833e-43
7.8,6.01286868420134,5.99111590306082,7.79402978753866e-43
7.8,6.02498339858965,6.00327451510757,7.88933663643743e-43
7.8,6.03709828947702,6.01543312715431,7.984874036669591e-43
7.8,6.04414910230006,6.02250930437586,8.040549373999511e-43
7.8,6.05626427024459,6.03466791642261,8.136279530922232e-43
7.8,6.06837961196739,6.04682652846934,8.23201126446353e-43
7.8,6.07543068592774,6.0539027056909,8.287686402241951e-43
7.8,6.08754630044765,6.06606131773765,8.383207117971201e-43
7.8,6.09966208608059,6.07821992978439,8.47844567153811e-43
7.8,6.10671341717314,6.08529610700593,8.53369374329076e-43
7.8,6.11882947142986,6.09745471905268,8.62822282819033e-43
7.8,6.13094569418851,6.10961333109942,8.72212069627693e-43
7.8,6.13799727848952,6.11668950832097,8.77641660325731e-43
7.8,6.15011376578318,6.12884812036772,8.868993817297291e-43
7.8,6.16223041902042,6.14100673241446,8.96051312073018e-43
7.8,6.16928225268542,6.14808290963601,9.013215003664422e-43
7.8,6.18139916645133,6.16024152168276,9.1026687181561e-43
7.8,6.19351624365391,6.1724001337295,9.19054590494888e-43
7.8,6.20056832291574,6.17947631095105,9.24087367353317e-43
7.8,6.212685656721,6.1916349229978,9.325782346577671e-43
7.8,6.22480315150618,6.20379353504454,9.408487564275631e-43
7.8,6.23185547267306,6.21086971226609,9.455498269526481e-43
7.8,6.24397322021329,6.22302832431284,9.53414642611492e-43
7.8,6.25609112632561,6.23518693635958,9.60983734507837e-43
7.8,6.26314368577925,6.24226311358113,9.65239731698339e-43
7.8,6.27526184087539,6.25442172562787,9.72272600546174e-43
7.8,6.2873801521835,6.26658033767462,9.789196223013431e-43
7.8,6.2944329463773,6.27365651489617,9.825950138609301e-43
7.8,6.30655150297254,6.28581512694291,9.885502324348811e-43
7.8,6.31867021346614,6.29797373898966,9.94012508269573e-43
7.8,6.32979478169185,6.30913480033455,9.98552906728347e-43
7.8,6.35590591311544,6.33533108265345,1.00720232340787e-42
7.8,6.38201774244109,6.36152736497235,1.0125884107269701e-42
7.8,6.39721485509814,6.37677331044059,1.01397934600194e-42
7.8,6.42332777112794,6.40296959275948,1.01291118878781e-42
7.8,6.44944136331304,6.42916587507838,1.00682531428241e-42
7.8,6.46463949206311,6.44441182054663,1.00065092164679e-42
7.8,6.49075413726401,6.47060810286553,9.84916718472291e-43
7.8,6.51686943776629,6.49680438518442,9.618881376005692e-43
7.8,6.53206855127029,6.51205033065266,9.447345618507361e-43
7.8,6.55818487247615,6.53824661297157,9.0811725329459e-43
7.8,6.58430182897702,6.56444289529045,8.61586702853216e-43
7.8,6.59950189716962,6.5796888407587,8.295513840763241e-43
7.8,6.62561984336853,6.6058851230776,7.65390686090709e-43
7.8,6.65173840566109,6.63208140539649,6.8911645097390706e-43
7.8,6.66693939968674,6.64732735086475,6.389927955523061e-43
7.8,6.69305892191316,6.67352363318363,5.43100314839465e-43
7.8,6.71917904179685,6.69971991550253,4.3569371877774905e-43
7.8,6.7343809339496,6.71496586097078,3.68746900519524e-43
7.8,6.76050198518295,6.74116214328967,2.49218777179531e-43
7.8,6.78662361636448,6.76735842560856,1.32524432154203e-43
7.8,6.80182638003141,6.78260437107682,7.436677524540509e-44
7.8,6.82794891510054,6.80880065339571,1.52924029338718e-44
7.8,6.8540720131006,6.83499693571461,3.04859335340517e-46
7.8,6.86850426274342,6.84946937782655,0.0
8.0,0.51099907,0.0,0.0
8.0,0.512180055420248,0.0347614675959383,2.62168464595741e-48
8.0,0.533763559667396,0.154218961505857,3.3240842534974503e-47
8.0,0.5796713308330921,0.273676455415776,1.00090176590617e-46
8.0,0.6155533049658071,0.34319939060765103,1.5687851401642701e-46
8.0,0.689326803724017,0.462656884517571,2.8778990453542003e-46
8.0,0.7745819511923111,0.58211437842749,4.64634230152556e-46
8.0,0.828100982997802,0.6516373136193641,5.9061634215573e-46
8.0,0.9250444593312731,0.771094807529283,8.50324737276206e-46
8.0,1.02674410207195,0.8905523014392079,1.1697050543116002e-45
8.0,1.0875957472945,0.960075236631076,1.38554724824579e-45
8.0,1.19436634490853,1.079532730541,1.81260531090491e-45
8.0,1.30334094076328,1.19899022445091,2.31721232295282e-45
8.0,1.36756926176622,1.26851315964279,2.64984355461481e-45
8.0,1.4790478642236,1.38797065355271,3.2944666437119496e-45
8.0,1.5916845382498,1.50742814746263,4.0400264149087296e-45
8.0,1.65767752190409,1.57695108265451,4.52468227162345e-45
8.0,1.77170034378904,1.69640857656442,5.45274437945516e-45
8.0,1.88639593814257,1.81586607047434,6.51259756462985e-45
8.0,1.95341028773474,1.88538900566622,7.19576986711062e-45
8.0,2.06894406314031,2.00484649957613,8.4944164523445e-45
8.0,2.18489988472737,2.12430399348606,9.96591087817994e-45
8.0,2.25255336064061,2.19382692867793,1.0909475861926601e-44
8.0,2.36905147038397,2.31328442258785,1.26950151602703e-44
8.0,2.48583050142726,2.43274191649777,1.47085486125621e-44
8.0,2.55390865880952,2.50226485168964,1.59956344916023e-44
8.0,2.67105748851591,2.62172234559956,1.8424807431145e-44
8.0,2.78840222386837,2.74117983950948,2.1156818475238e-44
8.0,2.85677617906177,2.81070277470136,2.29002736040243e-44
8.0,2.97438384363703,2.93016026861128,2.61865953213082e-44
8.0,3.09213333267271,3.04961776252119,2.98785118444483e-44
8.0,3.16072123757709,3.11914069771307,3.22333141505087e-44
8.0,3.27866410239362,3.23859819162299,3.66711361419644e-44
8.0,3.39671282811496,3.3580556855329,4.16574448394946e-44
8.0,3.4654603230726,3.42757862072478,4.4839171728310094e-44
8.0,3.5836552914676,3.54703611463471,5.083966887952139e-44
8.0,3.70193131095641,3.66649360854462,5.759014893373059e-44
8.0,3.7708009314486,3.73601654373649,6.19028971374653e-44
8.0,3.88919016049697,3.85547403764642,7.00487223734388e-44
8.0,4.00764278973334,3.97493153155633,7.923295259115369e-44
8.0,4.07660790156969,4.04445446674821,8.51121643490033e-44
8.0,4.19514992171349,4.16391196065813,9.62416251418381e-44
8.0,4.31374245103569,4.28336945456804,1.08828790524627e-43
8.0,4.38278361391145,4.35289238975992,1.16907716859746e-43
8.0,4.50144793722004,4.47234988366985,1.3224571754462002e-43
8.0,4.62015314057194,4.59180737757976,1.49660106732048e-43
8.0,4.68925584014186,4.66133031277163,1.6087333389783402e-43
8.0,4.80801956132209,4.78078780668155,1.82234866267934e-43
8.0,4.92681682788286,4.90024530059148,2.06595914304816e-43
8.0,4.96501445317143,4.93864844574508,2.15139807263014e-43
8.0,4.97746275743183,4.95116304034517,2.18004239126038e-43
8.0,4.98991139332119,4.96367763494526,2.2090912603726104e-43
8.0,4.99715651288261,4.9709609900606,2.22618609216631e-43
8.0,5.00960566835854,4.98347558466068,2.25588778845124e-43
8.0,5.02205514912082,4.99599017926077,2.2860104141046905e-43
8.0,5.02930075749395,5.0032735343761,2.3037378038462605e-43
8.0,5.04175074793661,5.01578812897619,2.3345397035886604e-43
8.0,5.05420105748332,5.02830272357628,2.36577959376402e-43
8.0,5.06144714537786,5.03558607869162,2.38416517990779e-43
8.0,5.07389795494835,5.04810067329171,2.41611188695429e-43
8.0,5.08634907759587,5.06061526789179,2.44851434851104e-43
8.0,5.09359563595487,5.06789862300714,2.46758482586193e-43
8.0,5.10604724921137,5.08041321760722,2.50072277500225e-43
8.0,5.11849916966835,5.09292781220731,2.5343349653479802e-43
8.0,5.12574618966092,5.10021116732264,2.5541181144998205e-43
8.0,5.13819859154638,5.11272576192273,2.5884956208342903e-43
8.0,5.15065129490155,5.12524035652282,2.6233665955877704e-43
8.0,5.15789876791594,5.13252371163816,2.6438913097970003e-43
8.0,5.17035194374617,5.14503830623825,2.67955861326904e-43
8.0,5.18280541545665,5.15755290083833,2.71573936851267e-43
8.0,5.19005333309345,5.16483625595367,2.7370356771399302e-43
8.0,5.20250726854568,5.17735085055376,2.77404498065667e-43
8.0,5.2149614944257,5.18986544515384,2.8115884880842604e-43
8.0,5.22220984849137,5.19714880026918,2.8336875755576403e-43
8.0,5.23466452959325,5.20966339486927,2.87209307479275e-43
8.0,5.2471194958033,5.22217798946936,2.91105430769731e-43
8.0,5.25436827830391,5.22946134458469,2.93398852673946e-43
8.0,5.26682369142285,5.24197593918478,2.9738464293286005e-43
8.0,5.27927938445918,5.25449053378487,3.0142823769780302e-43
8.0,5.28652858759441,5.26177388890021,3.03808525457338e-43
8.0,5.29898471942737,5.2742884835003,3.0794537860441706e-43
8.0,5.31144112611187,5.28680307810038,3.1214234534811e-43
8.0,5.31869074226916,5.29408643321573,3.14612968791052e-43
8.0,5.33114757983276,5.30660102781581,3.1890690804501e-43
8.0,5.34360468730329,5.31911562241589,3.2326334702169703e-43
8.0,5.35085470905225,5.32639897753123,3.2582789161765205e-43
8.0,5.36331223967325,5.33891357213132,3.30285137770648e-43
8.0,5.3757700353742,5.35142816673141,3.34807344888651e-43
8.0,5.38302045546122,5.35871152184674,3.3746950899975103e-43
8.0,5.39547866676733,5.37122611644683,3.42096474690541e-43
8.0,5.40793713844058,5.38374071104692,3.46790934727649e-43
8.0,5.4151879497836,5.39102406616226,3.4955452503278804e-43
8.0,5.42764682969463,5.40353866076234,3.5435780595606404e-43
8.0,5.44010596537079,5.41605325536243,3.5923118235394805e-43
8.0,5.44735716105429,5.42333661047778,3.6210010725568e-43
8.0,5.45981669777359,5.43585120507786,3.67086469567183e-43
8.0,5.4722764857636,5.44836579967795,3.7214559016143004e-43
8.0,5.47952805903369,5.45564915479328,3.75123850652498e-43
8.0,5.49198824103991,5.46816374939337,3.80300213761554e-43
8.0,5.50444866992688,5.48067834399346,3.85552051534513e-43
8.0,5.5117006141867,5.4879616991088,3.8864372899510405e-43
8.0,5.5241614302258,5.50047629370889,3.9401714276554204e-43
8.0,5.53662248885714,5.51299088830897,3.9946879057722005e-43
8.0,5.54387479766226,5.52027424342432,4.026780308578641e-43
8.0,5.55633623673984,5.5327888380244,4.0825564604174906e-43
8.0,5.56879791421971,5.54530343262449,4.13914284080302e-43
8.0,5.57605058127379,5.55258678773983,4.172452770961061e-43
8.0,5.58851263264766,5.56510138233991,4.23034307596523e-43
8.0,5.60097491832959,5.57761597693999,4.28907162051645e-43
8.0,5.60822793748016,5.58489933205533,4.3236411596011604e-43
8.0,5.62069059065316,5.59741392665542,4.38371791252189e-43
8.0,5.63315347413302,5.60992852125551,4.44466082344385e-43
8.0,5.6404068393674,5.61721187637085,4.480531911964191e-43
8.0,5.65287008408045,5.62972647097093,4.542866968010271e-43
8.0,5.66533355518957,5.64224106557102,4.606095741279861e-43
8.0,5.67258726063094,5.64952442068636,4.64330977658526e-43
8.0,5.68505108685637,5.66203901528645,4.7079738146612606e-43
8.0,5.69751513565495,5.67455360988654,4.7735584395228e-43
8.0,5.70476917555852,5.68183696500188,4.8121557791888906e-43
8.0,5.71723357349358,5.69435155960196,4.879217391787341e-43
8.0,5.72969819026428,5.70686615420205,4.9472253654606505e-43
8.0,5.73695255901363,5.71414950931739,4.987244716952601e-43
8.0,5.74941751907424,5.72666410391747,5.05676929400662e-43
8.0,5.76188269431603,5.73917869851756,5.12726441461298e-43
8.0,5.76913738641954,5.7464620536329,5.16874208827971e-43
8.0,5.78160289923424,5.75897664823299,5.240790452409591e-43
8.0,5.79406862365641,5.77149124283307,5.31383134505282e-43
8.0,5.80132363374383,5.77877459794841,5.356800342901711e-43
8.0,5.81378969014789,5.7912891925485,5.431427086135991e-43
8.0,5.82625595466429,5.80380378714858,5.5070654084553e-43
8.0,5.8335112774834,5.81108714226393,5.551554315638821e-43
8.0,5.84597786851323,5.82360173686402,5.62880577749608e-43
8.0,5.85844466423665,5.8361163314641,5.70708404035676e-43
8.0,5.86570029465004,5.84339968657944,5.75311567968718e-43
8.0,5.87816741153765,5.85591428117953,5.8330274947101005e-43
8.0,5.89063472977445,5.86842887577962,5.9139764199350704e-43
8.0,5.89789066275642,5.87571223089495,5.961566221822781e-43
8.0,5.91035829692416,5.88822682549504,6.044160349036101e-43
8.0,5.92282612916901,5.90074142009513,6.127795672906611e-43
8.0,5.93008235980256,5.90802477521046,6.17694970364724e-43
8.0,5.94255050285798,5.92053936981056,6.26223083683406e-43
8.0,5.95501884078881,5.93305396441064,6.3485494466766704e-43
8.0,5.9622753642627,5.94033731952597,6.39926202670634e-43
8.0,5.97474400799358,5.95285191412606,6.487213257837091e-43
8.0,5.98721284346669,5.96536650872615,6.57618852892001e-43
8.0,5.99446965507264,5.9726498638415,6.62843935909026e-43
8.0,6.0069387914422,5.98516445844157,6.7190169488226e-43
8.0,6.0194081164875,5.99767905304166,6.810593122620111e-43
8.0,6.02666521161742,6.004962408157,6.8643438206825806e-43
8.0,6.03913483275968,6.01747700275709,6.9574708973124505e-43
8.0,6.05160463957611,6.02999159735718,7.05155631075552e-43
8.0,6.05886201371948,6.03727495247252,7.10674624127215e-43
8.0,6.07133211193473,6.04978954707261,7.202305216889491e-43
8.0,6.08380239288578,6.06230414167269,7.29876415632915e-43
8.0,6.09106004162711,6.06958749678803,7.355305415401531e-43
8.0,6.10353060937754,6.08210209138812,7.45312886703367e-43
8.0,6.11600135698699,6.0946166859882,7.55177177864774e-43
8.0,6.12325927600329,6.10190004110355,7.60954316801598e-43
8.0,6.13573030590879,6.11441463570363,7.709402888590481e-43
8.0,6.1482015128565,6.12692923030372,7.80997462802383e-43
8.0,6.15545969791488,6.13421258541905,7.868814427425311e-43
8.0,6.16793118274896,6.14672718001915,7.97040829424313e-43
8.0,6.18040284186682,6.15924177461923,8.072574045169891e-43
8.0,6.1876612888222,6.16652512973457,8.13227135287376e-43
8.0,6.20013322150795,6.17903972433465,8.23520760796373e-43
8.0,6.212605325776,6.19155431893474,8.33853603625515e-43
8.0,6.21986403056879,6.19883767405008,8.398820418009771e-43
8.0,6.23233640417512,6.21135226865017,8.502598888004581e-43
8.0,6.2448089467177,6.22386686325025,8.60654203685741e-43
8.0,6.25206790537167,6.2311502183656,8.667071181046681e-43
8.0,6.26454071310951,6.24366481296568,8.771060902940651e-43
8.0,6.27701368719161,6.25617940756577,8.874930267739851e-43
8.0,6.28427289581171,6.26346276268111,8.93527531212591e-43
8.0,6.29674613103046,6.27597735728119,9.03868796511169e-43
8.0,6.30921953005413,6.28849195188128,9.141626130514e-43
8.0,6.31647898482448,6.29577530699662,9.20125428875925e-43
8.0,6.32895264100845,6.30828990159671,9.30311278678558e-43
8.0,6.34142645850935,6.32080449619679,9.40405996542984e-43
8.0,6.3486861556912,6.32808785131214,9.46231406731666e-43
8.0,6.36116022645625,6.34060244591222,9.56141564489948e-43
8.0,6.37363445610028,6.35311704051231,9.659070453327922e-43
8.0,6.3808943920301,6.36040039562765,9.71514501803172e-43
8.0,6.39336887112031,6.37291499022773,9.81001816749278e-43
8.0,6.40584350670037,6.38542958482782,9.90279203241675e-43
8.0,6.41310367778797,6.39271293994316,9.955705539609342e-43
8.0,6.42557855907247,6.40522753454325,1.00445602781152e-42
8.0,6.43805359450526,6.41774212914334,1.01305250288865e-42
8.0,6.44531399723196,6.42502548425867,1.0179088178213201e-42
8.0,6.45778927470181,6.43754007885876,1.02597593826118e-42
8.0,6.4702647040248,6.45005467345884,1.0336587923891401e-42
8.0,6.47752533494167,6.45733802857418,1.0379367908453102e-42
8.0,6.49000100270684,6.46985262317427,1.0449251939898101e-42
8.0,6.5024768200753,6.48236721777436,1.05141525017955e-42
8.0,6.51392919265927,6.49385505516082,1.0568915315054199e-42
8.0,6.54080970422188,6.52081831807192,1.06769214347336e-42
8.0,6.56769089420333,6.54778158098302,1.07512979973659e-42
8.0,6.58333575734455,6.56347390064061,1.0776481784352602e-42
8.0,6.61021800368674,6.59043716355171,1.07836021091179e-42
8.0,6.63710090730064,6.61740042646281,1.0737917513384301e-42
8.0,6.65274675815756,6.6330927461204,1.06834531140669e-42
8.0,6.67963068537306,6.66005600903149,1.05352677744925e-42
8.0,6.70651524958174,6.68701927194259,1.03089043568088e-42
8.0,6.72216205767998,6.70271159160018,1.01367281558692e-42
8.0,6.74904761406988,6.72967485451128,9.763446885259801e-43
8.0,6.77593378799895,6.75663811742237,9.28208026289363e-43
8.0,6.79158152410325,6.77233043707997,8.94759991863778e-43
8.0,6.8184686600643,6.79929369999107,8.272352484441181e-43
8.0,6.84535639489363,6.82625696290216,7.462734752123651e-43
8.0,6.8610050309456,6.84194928255976,6.927562507408501e-43
8.0,6.88789369886526,6.86891254547085,5.8982411583259e-43
8.0,6.91478294772643,6.89587580838195,4.7384251550478904e-43
8.0,6.93043245678601,6.91156812803955,4.01248370796625e-43
8.0,6.95732261094369,6.93853139095064,2.71170987301882e-43
8.0,6.98421332882361,6.96549465386174,1.4382915342971302e-43
8.0,6.99986368501393,6.98118697351933,8.05834825998221e-44
8.0,7.02675528148809,7.00815023643043,1.67663673322589e-44
8.0,7.05364742513816,7.03511349934152,3.46246873134297e-46
8.0,7.06850453634052,7.05000966883916,0.0
8.2,0.51099907,0.0,0.0
8.2,0.5122481048356241,0.0357501240113032,2.5793788787351598e-48
8.2,0.535047321269136,0.15860512745940203,3.3065545641035496e-47
8.2,0.583386539809868,0.281460130907498,9.978041798730739e-47
8.2,0.621048370608405,0.352960378930114,1.5651321430423999e-46
8.2,0.6982265589682101,0.4758153823782101,2.87406116732929e-46
8.2,0.787099917676455,0.598670385826305,4.6437141658642e-46
8.2,0.842762557316312,0.6701706338489221,5.90506660936653e-46
8.2,0.943403259985466,0.793025637297017,8.50653472293633e-46
8.2,1.04878853809171,0.915880640745114,1.17074048867253e-45
8.2,1.11177383898193,0.987380888767731,1.38714168335646e-45
8.2,1.22218811396001,1.11023589221582,1.81546213569891e-45
8.2,1.33477833609559,1.23309089566392,2.32178374386757e-45
8.2,1.40109889077331,1.30459114368653,2.65565805747145e-45
8.2,1.51615386834924,1.42744614713463,3.30291214889517e-45
8.2,1.63234607453168,1.55030115058272,4.05183686646318e-45
8.2,1.70039990180519,1.62180139860534,4.5388455586881806e-45
8.2,1.81795104740664,1.74465640205343,5.47174072751028e-45
8.2,1.93616086604889,1.86751140550154,6.537590676493e-45
8.2,2.00521476207495,1.93901165352414,7.22487488199029e-45
8.2,2.12424437404804,2.06186665697224,8.53182637636627e-45
8.2,2.24368642707725,2.18472166042034,1.0013443289172499e-44
8.2,2.313364940877,2.25622190844296,1.0963867292009698e-44
8.2,2.43333659863035,2.37907691189105,1.27631158367082e-44
8.2,2.55358245579293,2.50193191533914,1.47931726371539e-44
8.2,2.62367550374768,2.57343216336176,1.6091370777409798e-44
8.2,2.74428215303099,2.69628716680986,1.8542606963056899e-44
8.2,2.86507986375033,2.81914217025796,2.13010222439218e-44
8.2,2.93546140153534,2.89064241828057,2.30621512933345e-44
8.2,3.05651546050501,3.01349742172866,2.63834222375235e-44
8.2,3.1777077563006,3.13635242517676,3.01169897224304e-44
8.2,3.24829783463482,3.20785267319938,3.24995981551469e-44
8.2,3.36967857173637,3.33070767664747,3.6992290563528e-44
8.2,3.49116244750795,3.45356268009556,4.2043868381263097e-44
8.2,3.56190801351382,3.52506292811818,4.526912810960819e-44
8.2,3.68353434692601,3.64791793156627,5.13554929066056e-44
8.2,3.80523962149268,3.77077293501437,5.82081255917347e-44
8.2,3.8761041346468,3.84227318303698,6.258904667069509e-44
8.2,3.99791965712161,3.96512818648509,7.08694888250512e-44
8.2,4.11979691377101,4.08798318993318,8.021418510888919e-44
8.2,4.19075440943148,4.15948343795579,8.6200703714112e-44
8.2,4.31271869894923,4.28233844140389,9.75426032689673e-44
8.2,4.43473216058284,4.40519344485198,1.10383974237913e-43
8.2,4.50576369435461,4.4766936928746,1.1863348654855101e-43
8.2,4.62784704364618,4.5995486963227,1.3431058379928e-43
8.2,4.7499701844485,4.72240369977079,1.52133079423597e-43
8.2,4.8210616165125,4.79390394779341,1.6362154320990503e-43
8.2,4.94324171310228,4.91675895124151,1.8553331877988402e-43
8.2,5.06545445758256,5.0396139546896,2.10561775267092e-43
8.2,5.1047499090042,5.0791093297878,2.19349503526099e-43
8.2,5.11755594817103,5.09197985395856,2.22296798687717e-43
8.2,5.130362310074,5.10485037812931,2.2528628736631104e-43
8.2,5.13781561813571,5.11234088030311,2.2704582402112704e-43
8.2,5.15062248568945,5.12521140447386,2.3010342815056405e-43
8.2,5.16342966980332,5.13808192864461,2.33204969585123e-43
8.2,5.17088345356375,5.14557243081841,2.35030533884986e-43
8.2,5.18369113368247,5.15844295498917,2.38203008597747e-43
8.2,5.1964991243415,5.17131347915992,2.4142123982592303e-43
8.2,5.20395337475451,5.17880398133372,2.43315565601695e-43
8.2,5.21676185201567,5.19167450550447,2.46607669338383e-43
8.2,5.22957063394863,5.20454502967522,2.49947426846246e-43
8.2,5.23702534219547,5.21203553184902,2.5191336520249304e-43
8.2,5.24983460156346,5.22490605601977,2.55330059945626e-43
8.2,5.26264415988134,5.23777658019052,2.5879638630363304e-43
8.2,5.27009931736354,5.24526708236433,2.60836909438022e-43
8.2,5.28290934417763,5.25813760653508,2.6438336718780702e-43
8.2,5.29571966436176,5.27100813070583,2.6798151740269603e-43
8.2,5.30317526269432,5.27849863287963,2.70099722237475e-43
8.2,5.31598604265708,5.29136915705038,2.7378133112597402e-43
8.2,5.32879711054772,5.30423968122113,2.7751677857612903e-43
8.2,5.33625314155256,5.31173018339493,2.79715890120813e-43
8.2,5.34906466071872,5.32460070756569,2.83538260014879e-43
8.2,5.36187646250405,5.33747123173644,2.8741670180849805e-43
8.2,5.36933291820367,5.34496173391023,2.8970007615400303e-43
8.2,5.38214516296932,5.35783225808099,2.93669043565348e-43
8.2,5.39495768517487,5.37070278225174,2.97696405125766e-43
8.2,5.40241455778625,5.37819328442554,3.0006753194967803e-43
8.2,5.41522751487854,5.39106380859629,3.04189164033217e-43
8.2,5.42804074435696,5.40393433276704,3.0837160267496503e-43
8.2,5.43549802628567,5.41142483494084,3.10834107111371e-43
8.2,5.44831168275278,5.42429535911159,3.1511470448395703e-43
8.2,5.46112560667399,5.43716588328235,3.1945861169167202e-43
8.2,5.46858329050854,5.44465638545614,3.2201625538898503e-43
8.2,5.48139763371009,5.4575269096269,3.2646235344786104e-43
8.2,5.4942122395518,5.47039743379765,3.30974355513498e-43
8.2,5.50167031805818,5.47788793597145,3.3363103667713103e-43
8.2,5.51448533565591,5.49075846014221,3.3824940504266703e-43
8.2,5.52730061119445,5.50362898431296,3.4293636164229006e-43
8.2,5.53475907731085,5.51111948648675,3.45696113747483e-43
8.2,5.54757475725968,5.52399001065751,3.5049375327907403e-43
8.2,5.56039069056119,5.53686053482826,3.5536275348080404e-43
8.2,5.56784953739293,5.54435103700206,3.5822974246651802e-43
8.2,5.58066586793232,5.55722156117281,3.63213879489573e-43
8.2,5.59348244734422,5.57009208534356,3.6827223459674104e-43
8.2,5.60094166815882,5.57758258751736,3.7125075404855804e-43
8.2,5.61375863780446,5.59045311168811,3.764288308488731e-43
8.2,5.62657585194721,5.60332363585886,3.81684063338315e-43
8.2,5.63403544016969,5.61081413803266,3.8477852724593105e-43
8.2,5.64685303770541,5.62368466220342,3.90158188206461e-43
8.2,5.65967087546461,5.63655518637416,3.95618015885783e-43
8.2,5.6671308246729,5.64404568854797,3.9883294846143504e-43
8.2,5.67994903914294,5.65691621271872,4.04422020780507e-43
8.2,5.69276748966165,5.66978673688947,4.10094335107765e-43
8.2,5.70022779358218,5.67727723906327,4.13434356988397e-43
8.2,5.71304661428366,5.69014776323402,4.1924082480905396e-43
8.2,5.72586566695501,5.70301828740477,4.25133662100296e-43
8.2,5.73332631945845,5.71050878957857,4.286034721568031e-43
8.2,5.74614573593418,5.72337931374932,4.346354426791101e-43
8.2,5.75896538039421,5.73624983792008,4.4075694667345e-43
8.2,5.76642637549137,5.74374034009387,4.443612984815041e-43
8.2,5.7792463775228,5.75661086426463,4.5062695834369804e-43
8.2,5.79206660364357,5.76948138843539,4.56985332293996e-43
8.2,5.79952793548143,5.77697189060918,4.60729004134479e-43
8.2,5.81234851308192,5.78984241477993,4.672365640134231e-43
8.2,5.82516931096484,5.80271293895069,4.7384001001371705e-43
8.2,5.83263097382268,5.81020344112449,4.777277670384321e-43
8.2,5.84545211723097,5.82307396529523,4.844853918894061e-43
8.2,5.85827347720037,5.83594448946599,4.913420349384e-43
8.2,5.86573546548608,5.84343499163979,4.9537858181704e-43
8.2,5.87855716515999,5.85630551581054,5.023943039871761e-43
8.2,5.89137907775687,5.8691760399813,5.095120973439741e-43
8.2,5.89884138600335,5.87666654215509,5.1370201951257706e-43
8.2,5.91166363261366,5.88953706632585,5.20983630820556e-43
8.2,5.92448608858969,5.9024075904966,5.28370238943205e-43
8.2,5.93194871145141,5.9098980926704,5.327179299253921e-43
8.2,5.94477149587596,5.92276861684115,5.402728485807461e-43
8.2,5.95759448618764,5.9356391410119,5.4793550290321205e-43
8.2,5.96505741843726,5.94312964318569,5.5244507492807405e-43
8.2,5.97788073175527,5.95600016735645,5.6028018195938104e-43
8.2,5.99070424755832,5.9688706915272,5.682255038862191e-43
8.2,5.99816748408346,5.976361193701,5.72900678287936e-43
8.2,6.01099131757,5.98923171787176,5.81022117177665e-43
8.2,6.0238153502139,6.00210224204251,5.89255901500112e-43
8.2,6.03127888601399,6.00959274421631,5.940998747211541e-43
8.2,6.04410323113464,6.02246326838706,6.02512806623651e-43
8.2,6.05692777215736,6.03533379255781,6.110397571775571e-43
8.2,6.06439160234062,6.04282429473161,6.16055037323172e-43
8.2,6.07721645074633,6.05569481890237,6.24763342698141e-43
8.2,6.09004149186925,6.06856534307312,6.3358675030724704e-43
8.2,6.09750561164974,6.07605584524692,6.38774958166377e-43
8.2,6.1103309551718,6.08892636941767,6.4778087363591306e-43
8.2,6.12315648829475,6.10179689358842,6.56902224598523e-43
8.2,6.13062089298955,6.10928739576222,6.622638517931321e-43
8.2,6.14344672363477,6.12215791993296,6.71567529158064e-43
8.2,6.15627274083131,6.13502844410373,6.80986029775974e-43
8.2,6.16373742585772,6.14251894627752,6.86520145210225e-43
8.2,6.17656373580378,6.15538947044827,6.961191161900401e-43
8.2,6.18939022931648,6.16825999461902,7.05831116128221e-43
8.2,6.19685519018943,6.17575049679282,7.1153501010535105e-43
8.2,6.20968197178029,6.18862102096358,7.214235377598371e-43
8.2,6.22250893401636,6.20149154513433,7.314218315425651e-43
8.2,6.22997416634575,6.20898204730812,7.37290584797027e-43
8.2,6.2428014120873,6.22185257147888,7.47458878342739e-43
8.2,6.25562883561419,6.23472309564963,7.57731860093184e-43
8.2,6.26309433510247,6.24221359782343,7.63757822466833e-43
8.2,6.27592203765826,6.25508412199418,7.74191087766857e-43
8.2,6.28874991519948,6.26795464616494,7.84721729502635e-43
8.2,6.29621567763915,6.27544514833873,7.90893889928669e-43
8.2,6.3090438298263,6.28831567250949,8.015711825787512e-43
8.2,6.32187215425735,6.30118619668024,8.12335800579914e-43
8.2,6.32933817552868,6.30867669885404,8.18639026900692e-43
8.2,6.34216677031386,6.32154722302479,8.29531868602117e-43
8.2,6.35499553465828,6.33441774719554,8.404986362401211e-43
8.2,6.36246181072702,6.34190824936934,8.469127589300321e-43
8.2,6.37529084122259,6.3547787735401,8.57983470975349e-43
8.2,6.38812003864817,6.36764929771085,8.691106283947221e-43
8.2,6.39558656556332,6.37513979988464,8.75609338366445e-43
8.2,6.4084160250236,6.3880103240554,8.86809037963751e-43
8.2,6.42124564883864,6.40088084822615,8.980427416124491e-43
8.2,6.42871242273037,6.40837135039995,9.045922670978962e-43
8.2,6.44154230454797,6.42124187457071,9.15858464202046e-43
8.2,6.45437234819772,6.43411239874145,9.27130210236516e-43
8.2,6.46183936527524,6.44160290091526,9.33687733169175e-43
8.2,6.47466966297759,6.45447342508601,9.449414568014581e-43
8.2,6.48750012004076,6.46734394925676,9.561650045754392e-43
8.2,6.49496737659035,6.47483445143056,9.62676771745875e-43
8.2,6.50779808383625,6.4877049756013,9.738191473192441e-43
8.2,6.52062894802163,6.50057549977206,9.8488686156867e-43
8.2,6.52809644040469,6.50806600194586,9.9128594253821e-43
8.2,6.54092755098103,6.52093652611662,1.00219413605813e-42
8.2,6.5537588161242,6.53380705028736,1.01297266296429e-42
8.2,6.56122654077538,6.54129755246116,1.01917630526636e-42
8.2,6.57405804859386,6.55416807663191,1.02969874982118e-42
8.2,6.58688970865409,6.56703860080267,1.0400239442077199e-42
8.2,6.59435766207941,6.57452910297647,1.0459304788006401e-42
8.2,6.60718956117351,6.58739962714722,1.05588130671359e-42
8.2,6.62002161023057,6.60027015131797,1.06555233996742e-42
8.2,6.6274897890057,6.60776065349177,1.07103760043084e-42
8.2,6.6403220735276,6.62063117766252,1.08019022693635e-42
8.2,6.65315450577888,6.63350170183327,1.0889628366963401e-42
8.2,6.66062290654737,6.64099220400707,1.0938760775730002e-42
8.2,6.67345557076504,6.65386272817783,1.10195592902048e-42
8.2,6.68628838052257,6.66673325234858,1.10953483038138e-42
8.2,6.69806845257483,6.67854781714089,1.11600553883018e-42
8.2,6.72571809884469,6.7062779464906,1.1291041358782402e-42
8.2,6.75336840510152,6.73400807584032,1.13875304047509e-42
8.2,6.76946087697927,6.75014670325113,1.14249740311215e-42
8.2,6.79711221089134,6.77787683260085,1.14516750455201e-42
8.2,6.82476418421111,6.80560696195056,1.1423029485052401e-42
8.2,6.84085761695946,6.82174558936138,1.1376955029115801e-42
8.2,6.8685105860553,6.84947571871109,1.1239842005470101e-42
8.2,6.8961641748252,6.8772058480608,1.1019265439079501e-42
8.2,6.91225853878861,6.89334447547163,1.0847474714124801e-42
8.2,6.9399130927587,6.92107460482133,1.04686684246734e-42
8.2,6.96756824747191,6.94880473417104,9.97247520669014e-43
8.2,6.98366351420114,6.96494336158187,9.624360196499411e-43
8.2,7.01131960477613,6.99267349093158,8.91580067021449e-43
8.2,7.03897627792561,7.02040362028129,8.0588020319647e-43
8.2,7.05507242011709,7.03654224769211,7.48893167788085e-43
8.2,7.08273000096552,7.06427237704183,6.38696615379991e-43
8.2,7.11038814694421,7.09200250639154,5.137850427681541e-43
8.2,7.12648513838301,7.10814113380236,4.3527623206596e-43
8.2,7.15414416501515,7.13587126315207,2.9410400858825003e-43
8.2,7.18180374002202,7.16360139250178,1.55557601514058e-43
8.2,7.19790155552821,7.1797400199126,8.70408404056576e-44
8.2,7.22556198520559,7.20747014926231,1.8320751206656199e-44
8.2,7.25322294715724,7.23520027861202,3.91344491644594e-46
8.2,7.26850479468033,7.25052011242987,0.0
8.4,0.51099907,0.0,0.0
8.4,0.512318043394469,0.036738645139309405,2.5393803920835998e-48
8.4,0.53636369714446,0.162990693211634,3.289634749192e-47
8.4,0.5871809030667879,0.28924274128396704,9.94777998893103e-47
8.4,0.626646527826987,0.36272003156257304,1.56153485661718e-46
8.4,0.707257905012979,0.48897207963490397,2.87019115912035e-46
8.4,0.79976295041343,0.615224127707236,4.64085779647989e-46
8.4,0.8575719752164099,0.6887014179858421,5.90356379192815e-46
8.4,0.9619091440365329,0.814953466058174,8.50897838013508e-46
8.4,1.07097519549732,0.941205514130499,1.17162811634004e-45
8.4,1.1360903322819,1.01468280440911,1.3885408975817498e-45
8.4,1.25014094691267,1.14093485248144,1.81802152149835e-45
8.4,1.36633915646004,1.26718690055377,2.32592544356944e-45
8.4,1.43474754647677,1.34066419083238,2.66095005836044e-45
8.4,1.55337159157209,1.46691623890471,3.31064481803436e-45
8.4,1.67311244098244,1.59316828697704,4.06269969321606e-45
8.4,1.7432233160805,1.66664557725565,4.55190136839931e-45
8.4,1.8642966353152,1.79289762532798,5.48930975916746e-45
8.4,1.98601498444835,1.91914967340031,6.56077200679597e-45
8.4,2.05710531230687,1.99262696367892,7.25191078051357e-45
8.4,2.1796257284178,2.11887901175125,8.56665994533719e-45
8.4,2.30254935350481,2.24513105982358,1.00577993903406e-44
8.4,2.37425035131185,2.31860835010219,1.10146852477156e-44
8.4,2.49769141730978,2.44486039817452,1.2826867913384e-44
8.4,2.62140024810908,2.57111244624685,1.48725412588542e-44
8.4,2.69350606534989,2.64458973652546,1.61812559206677e-44
8.4,2.8175670790265,2.77084178459779,1.8653400702123997e-44
8.4,2.94181452930604,2.89709383267012,2.1436879793263998e-44
8.4,3.01420185887371,2.97057112294873,2.32148068567694e-44
8.4,3.13869938065336,3.09682317102106,2.65693376013104e-44
8.4,3.26333172041623,3.22307521909339,3.0342605320550497e-44
8.4,3.33592243563721,3.296552509372,3.27517498980328e-44
8.4,3.46073851771591,3.42280455744433,3.72968713383271e-44
8.4,3.58565514776621,3.54905660551666,4.2410909518171803e-44
8.4,3.6583974463864,3.62253389579527,4.56778780374602e-44
8.4,3.78345293382647,3.7487859438676,5.1846611718574e-44
8.4,3.90858535643252,3.87503799193993,5.87973815897696e-44
8.4,3.98144358034296,3.94851528221853,6.32438723021295e-44
8.4,4.10668343624714,4.07476733029087,7.16539460135721e-44
8.4,4.2319834436023,4.2010193783632,8.11533978424605e-44
8.4,4.30493226657177,4.27449666864181,8.7243526821594e-44
8.4,4.43031706734428,4.40074871671414,9.87907981748465e-44
8.4,4.55574977077518,4.52700076478647,1.11878299629909e-43
8.4,4.62877072068559,4.60047805506507,1.20293182822375e-43
8.4,4.75427150228573,4.72673010313741,1.36299435374925e-43
8.4,4.87981104239715,4.85298215120974,1.5451873084094902e-43
8.4,4.95289033577067,4.92645944148834,1.662751634585e-43
8.4,5.07848534961748,5.05271148956068,1.88723414551967e-43
8.4,5.20411215998205,5.17896353763301,2.14403783388098e-43
8.4,5.24450499287755,5.21955099321548,2.2342998141938203e-43
8.4,5.25766862299194,5.23277739825163,2.2645835033289502e-43
8.4,5.27083256740818,5.24600380328778,2.29530630976776e-43
8.4,5.27849398066436,5.2537014241741,2.3133915848750802e-43
8.4,5.29165841751433,5.26692782921025,2.3448235522635403e-43
8.4,5.30482316264841,5.2801542342464,2.3767131334501703e-43
8.4,5.31248503916684,5.28785185513273,2.3954860986067803e-43
8.4,5.325650267336,5.30107826016888,2.4281147504807005e-43
8.4,5.33881579792381,5.31430466520503,2.4612203398554605e-43
8.4,5.34647812889032,5.32200228609136,2.4807100340683302e-43
8.4,5.35964413335167,5.3352286911275,2.5145859376801005e-43
8.4,5.37281043451375,5.34845509616365,2.54895896149206e-43
8.4,5.38047321133586,5.35615271704999,2.56919571456098e-43
8.4,5.39363997743967,5.36937912208614,2.60437168005647e-43
8.4,5.40680703466919,5.38260552712229,2.64006583889689e-43
8.4,5.41447024896919,5.39030314800862,2.6610813186450703e-43
8.4,5.42763776243119,5.40352955304477,2.6976124797431804e-43
8.4,5.4408055615824,5.41675595808092,2.7346838284641e-43
8.4,5.4484692051907,5.42445357896724,2.75651108683166e-43
8.4,5.46163745208083,5.43767998400339,2.7944549791687303e-43
8.4,5.4748059793579,5.45090638903955,2.83296200396698e-43
8.4,5.48247004430664,5.45860400992587,2.8556355212081604e-43
8.4,5.49563901103815,5.47183041496203,2.8950521569621803e-43
8.4,5.50880825298443,5.48505681999818,2.9350558481308106e-43
8.4,5.51647273150129,5.4927544408845,2.9586115741766e-43
8.4,5.52964240482022,5.50598084592065,2.9995635112704704e-43
8.4,5.54281234830794,5.5192072509568,3.04112742975739e-43
8.4,5.55047723281018,5.52690487184313,3.0656028216045303e-43
8.4,5.56364759978532,5.54013127687928,3.10815522538829e-43
8.4,5.57681823200559,5.55335768191543,3.15134556090901e-43
8.4,5.58448351509434,5.56105530280176,3.1767796146371703e-43
8.4,5.59765456310741,5.57428170783791,3.2210003095014205e-43
8.4,5.61082587156064,5.58750811287405,3.2658859274523403e-43
8.4,5.61849154601535,5.59520573376039,3.2923192031665002e-43
8.4,5.63166326275167,5.60843213879654,3.3382787109769202e-43
8.4,5.6448352352383,5.62165854383268,3.3849311847943404e-43
8.4,5.65250129401143,5.62935616471902,3.41240582241741e-43
8.4,5.66567366745082,5.64258256975516,3.4601773840000302e-43
8.4,5.6788462920624,5.65580897479132,3.5086710088953703e-43
8.4,5.68651272827425,5.66350659567765,3.5372307323082905e-43
8.4,5.69968574668234,5.67673300071379,3.5868903075106403e-43
8.4,5.71285901179288,5.68995940574994,3.637302090793861e-43
8.4,5.72052581872668,5.69765702663627,3.66699219727128e-43
8.4,5.73369947064645,5.71088343167242,3.71861843743437e-43
8.4,5.74687336490414,5.72410983670857,3.771028058565141e-43
8.4,5.75454053600123,5.7318074575949,3.80189538979068e-43
8.4,5.76771481024489,5.74503386263104,3.85556957719851e-43
8.4,5.7808893225641,5.7582602676672,3.91005931248902e-43
8.4,5.78855685141932,5.76595788855353,3.9421522027489205e-43
8.4,5.80173173706045,5.77918429358968,3.9979581476926806e-43
8.4,5.81490685661394,5.79241069862583,4.0546127480836806e-43
8.4,5.82257473697118,5.80010831951216,4.08798094417949e-43
8.4,5.83575022333718,5.8133347245483,4.146004830134231e-43
8.4,5.84892593954867,5.82656112958445,4.20491134353116e-43
8.4,5.85659416529657,5.83425875047079,4.23960588990574e-43
8.4,5.86977024196133,5.84748515550693,4.299936055246091e-43
8.4,5.88294654449828,5.86071156054309,4.36118357980217e-43
8.4,5.89061510966604,5.86840918142941,4.39725666098314e-43
8.4,5.9037917664429,5.88163558646556,4.45998330258571e-43
8.4,5.9169686452095,5.89486199150171,4.523662655593741e-43
8.4,5.92463754396295,5.90255961238804,4.5611673864125805e-43
8.4,5.93781477089783,5.91578601742419,4.62638216783473e-43
8.4,5.95099221602834,5.92901242246034,4.6925854515153405e-43
8.4,5.95866144266597,5.93671004334667,4.73157560355481e-43
8.4,5.97183923003083,5.94993644838282,4.799371146760941e-43
8.4,5.98501723188302,5.96316285341897,4.868191188335251e-43
8.4,5.9926867808323,5.9708604743053,4.908720838804051e-43
8.4,6.00586511911875,5.98408687934144,4.979190074033881e-43
8.4,6.01904366826765,5.9973132843776,5.0507197128854904e-43
8.4,6.02671353408137,6.00501090526393,5.09284279824697e-43
8.4,6.03989241399454,6.01823731030008,5.16607814133429e-43
8.4,6.05307150122632,6.03146371533622,5.24040932913382e-43
8.4,6.06074167857914,6.03916133622256,5.2841790849858e-43
8.4,6.07392109103168,6.0523877412587,5.3602714044859305e-43
8.4,6.08710070733786,6.06561414629485,5.437494080720521e-43
8.4,6.09477119102287,6.07331176718119,5.48296234068407e-43
8.4,6.10795112712926,6.08653817221733,5.56199967090625e-43
8.4,6.12113126370095,6.09976457725348,5.64220036204196e-43
8.4,6.12880204862644,6.10746219813981,5.689416687609201e-43
8.4,6.14198249969739,6.12068860317596,5.771482631471551e-43
8.4,6.15516314791985,6.13391500821211,5.85474271737931e-43
8.4,6.16283422910614,6.14161262909844,5.903753321709831e-43
8.4,6.17601518664322,6.15483903413459,5.9889250784780905e-43
8.4,6.18919633809054,6.16806543917074,6.0753186540169205e-43
8.4,6.19686771066692,6.17576306005707,6.1261650758741805e-43
8.4,6.21004916635735,6.18898946509321,6.21451101327353e-43
8.4,6.22323081278731,6.20221587012936,6.304102258963131e-43
8.4,6.23090247198908,6.2099134910157,6.3568197335950004e-43
8.4,6.24408441770073,6.22313989605185,6.4483964075143406e-43
8.4,6.25726655104981,6.23636630108799,6.54123636475872e-43
8.4,6.2649384922154,6.24406392197432,6.59585182717809e-43
8.4,6.27812091999188,6.25729032701047,6.6907003307178205e-43
8.4,6.2913035323705,6.27051673204662,6.786822955055971e-43
8.4,6.29897575093873,6.27821435293295,6.8433525976311904e-43
8.4,6.31215865299468,6.2914407579691,6.9414940981262904e-43
8.4,6.3253417366825,6.30466716300525,7.04091143664535e-43
8.4,6.33301422818988,6.31236478389158,7.0993577263580905e-43
8.4,6.34619759690643,6.32559118892773,7.20078801798617e-43
8.4,6.35938114434784,6.33881759396388,7.303484326635041e-43
8.4,6.36705390442598,6.34651521485021,7.36383236753225e-43
8.4,6.38023773234631,6.35974161988636,7.46851522930225e-43
8.4,6.39342173614611,6.37296802492251,7.574439803901891e-43
8.4,6.40109476051917,6.38066564580884,7.63665290638324e-43
8.4,6.41427904034425,6.39389205084499,7.74451201564835e-43
8.4,6.42746349326338,6.40711845588113,7.853570467132941e-43
8.4,6.43513677774569,6.41481607676746,7.91758475722616e-43
8.4,6.44832150233011,6.42804248180362,8.02849385417842e-43
8.4,6.46150639728158,6.44126888683976,8.140537501636572e-43
8.4,6.46917993777525,6.4489665077261,8.20625536950401e-43
8.4,6.48236510012321,6.46219291276224,8.32002630822416e-43
8.4,6.49555043016813,6.47541931779839,8.43483929750799e-43
8.4,6.50322422266076,6.48311693868472,8.50212144459913e-43
8.4,6.51640981592221,6.49634334372087,8.61848969295078e-43
8.4,6.52959557426594,6.50956974875702,8.735773375796861e-43
8.4,6.53726961482841,6.51726736964335,8.80442917370152e-43
8.4,6.55045563229525,6.5304937746795,8.923036244691182e-43
8.4,6.56364181228368,6.54372017971564,9.042390260134181e-43
8.4,6.57131609706802,6.55141780060197,9.112166081193151e-43
8.4,6.58450253217045,6.56464420563812,9.232538279017341e-43
8.4,6.5976891272864,6.57787061067427,9.353437686071351e-43
8.4,6.60536365252369,6.5855682315606,9.424002806833781e-43
8.4,6.61855049882668,6.59879463659675,9.545525570681612e-43
8.4,6.63173750268639,6.6120210416329,9.66729327011211e-43
8.4,6.63941226468475,6.61971866251923,9.73822288543601e-43
8.4,6.65259951588461,6.63294506755538,9.860109902054999e-43
8.4,6.66578692223434,6.64617147259153,9.98188347867219e-43
8.4,6.67346191737698,6.65386909347787,1.00526382999538e-42
8.4,6.68664956729801,6.66709549851401,1.0173894451230601e-42
8.4,6.69983737001077,6.68032190355015,1.02945864597209e-42
8.4,6.70751259475408,6.68801952443649,1.0364488315093601e-42
8.4,6.72070063734537,6.70124592947264,1.0483865430347e-42
8.4,6.73388883041774,6.71447233450879,1.0602116073121199e-42
8.4,6.74156428128945,6.72216995539512,1.06703188866347e-42
8.4,6.75475271062173,6.73539636043127,1.0786263225306201e-42
8.4,6.76794128817072,6.74862276546742,1.0900384347601201e-42
8.4,6.77561696176814,6.75632038635375,1.09658398780209e-42
8.4,6.78880577203076,6.7695467913899,1.1076430301376601e-42
8.4,6.80199472829085,6.78277319642605,1.11843397065993e-42
8.4,6.80967062127911,6.79047081731237,1.12457575003473e-42
8.4,6.82285980677706,6.80369722234853,1.1348633467879501e-42
8.4,6.83604913609727,6.81692362738467,1.14477788251703e-42
8.4,6.84372524520768,6.824621248271,1.15035800340814e-42
8.4,6.85691480035876,6.83784765330715,1.1595859000294999e-42
8.4,6.87010449719984,6.8510740583433,1.1683131180592401e-42
8.4,6.88221217224158,6.86321530583219,1.17583541412812e-42
8.4,6.91063072746963,6.89171219668281,1.19137591655979e-42
8.4,6.93904992522182,6.92020908753342,1.20339357456328e-42
8.4,6.95558987545817,6.93679396162488,1.20846160480437e-42
8.4,6.98401007366968,6.96529085247549,1.2132670487635001e-42
8.4,7.01243089436461,6.9937877433261,1.21229358857848e-42
8.4,7.02897178003858,7.01037261741755,1.20863728658456e-42
8.4,7.05739357014813,7.03886950826816,1.19622802243114e-42
8.4,7.08581596352417,7.06736639911878,1.1749405565420601e-42
8.4,7.10235775575673,7.08395127321023,1.15790642054181e-42
8.4,7.13078108877235,7.11244816406085,1.1196395136694599e-42
8.4,7.15920500661947,7.14094505491146,1.0686703439393199e-42
8.4,7.17574767770672,7.15752992900292,1.0325505051081801e-42
8.4,7.20417250662386,7.18602681985353,9.584063952306331e-43
8.4,7.23259790268014,7.21452371070414,8.679271467245001e-43
8.4,7.24914142603422,7.2311085847956,8.073983894000441e-43
8.4,7.27756770573612,7.25960547564621,6.897171003680571e-43
8.4,7.30599453559045,7.28810236649683,5.5551989290575e-43
8.4,7.32253888568399,7.30468724058828,4.708259752486601e-43
8.4,7.35096657284796,7.33318413143889,3.18004534016942e-43
8.4,7.3793947938485,7.36168102228951,1.6769401675863402e-43
8.4,7.3959399461623,7.37826589638096,9.37419449999043e-44
8.4,7.42436899917153,7.40676278723157,1.99564690472384e-44
8.4,7.45279857033958,7.43525967808219,4.40311407858393e-46
8.4,7.46850503900579,7.45100311824616,0.0
8.6,0.51099907,0.0,0.0
8.6,0.512389870323211,0.0377270416143666,2.5015269214862302e-48
8.6,0.537712447764143,0.167375705942175,3.2733195443073e-47
8.6,0.5910528961735521,0.297024370269981,9.918300629753039e-47
8.6,0.632345038615516,0.372478453498714,1.5580075266459602e-46
8.6,0.716415865260976,0.5021271178265201,2.86632258906412e-46
8.6,0.8125642672783351,0.6317757821543281,4.6378367659047394e-46
8.6,0.872521708629996,0.7072298653830611,5.90174211179262e-46
8.6,0.980553783854761,0.8368785297108681,8.510718529934729e-46
8.6,1.09329541586761,0.9665271940386702,1.1723891017314801e-45
8.6,1.16053652752366,1.0419812772674,1.38977118104995e-45
8.6,1.27821624523524,1.17162994159522,1.82032044078237e-45
8.6,1.39801504275663,1.30127860592302,2.3296877359831298e-45
8.6,1.46850704694254,1.37673268915176,2.66577900194886e-45
8.6,1.59069319218125,1.50638135347956,3.31774239659414e-45
8.6,1.71397615756686,1.63603001780737,4.0727146064076896e-45
8.6,1.78614049773253,1.7114841010361,4.56396406245892e-45
8.6,1.91073020315204,1.84113276536391,5.5055945505499194e-45
8.6,2.03595174136289,1.97078142969171,6.582318280233811e-45
8.6,2.10907558515044,2.04623551292045,7.277076367515859e-45
8.6,2.23508210192382,2.17588417724826,8.59915861329604e-45
8.6,2.36148295211434,2.30553284157606,1.0099269814368398e-44
8.6,2.43520405420825,2.3809869248048,1.1062252273405698e-44
8.6,2.56211067500217,2.5106355891326,1.28866549515777e-44
8.6,2.68927889751358,2.64028425346041,1.49471076072138e-44
8.6,2.76339551329591,2.71573833668914,1.62657878400152e-44
8.6,2.89090768359993,2.84538700101695,1.8757771602718898e-44
8.6,3.01860187166413,2.97503566534476,2.1565070268987e-44
8.6,3.09299333262987,3.05048974857349,2.33589810414124e-44
8.6,3.22093160044594,3.1801384129013,2.67451985377893e-44
8.6,3.3490014252212,3.3097870772291,3.0556346709772596e-44
8.6,3.42359135470325,3.38524116045784,3.29908409830016e-44
8.6,3.55184044263288,3.51488982478565,3.7586107340599595e-44
8.6,3.68018761045823,3.64453848911346,4.2759973346572203e-44
8.6,3.75492540376262,3.71999257234218,4.60669386659759e-44
8.6,3.88340800079144,3.84964123667,5.23147527440022e-44
8.6,4.01196562369669,3.9792899009978,5.93598789101539e-44
8.6,4.08681646604813,4.05474398422653,6.38694845743014e-44
8.6,4.21547884430897,4.18439264855434,7.240448195385779e-44
8.6,4.34419986865185,4.31404131288214,8.205328616874599e-44
8.6,4.41913904307383,4.38949539611088,8.82435224443409e-44
8.6,4.54794273144893,4.51914406043869,9.998945694542589e-44
8.6,4.67679311573462,4.64879272476649,1.1331540574880801e-43
8.6,4.75180260031853,4.72424680799523,1.2189068839464302e-43
8.6,4.88071934306603,4.85389547232303,1.3821659956151201e-43
8.6,5.00967386278666,4.98354413665084,1.5682186292028601e-43
8.6,5.08474021345099,5.05899821987958,1.68839284495965e-43
8.6,5.2137487989484,5.18864688420739,1.91810751979247e-43
8.6,5.34278837229307,5.31829554853519,2.18128050586581e-43
8.6,5.38427817639751,5.35997494689011,2.2738751568344202e-43
8.6,5.3977992646386,5.37355718791492,2.30495221341445e-43
8.6,5.41132065917167,5.38713942893975,2.33648536372317e-43
8.6,5.41919010076325,5.39504414242085,2.35505022352519e-43
8.6,5.43271197517827,5.40862638344566,2.3873202145425403e-43
8.6,5.44623415001806,5.42220862447048,2.4200658529884803e-43
8.6,5.45410404306158,5.4301133379516,2.43934550524211e-43
8.6,5.46762668861986,5.44369557897641,2.4728596239898002e-43
8.6,5.48114962888427,5.45727782000122,2.5068698448688604e-43
8.6,5.48901996478618,5.46518253348234,2.5268950283936203e-43
8.6,5.50254336683694,5.47876477450715,2.5617068241629502e-43
8.6,5.51606705801913,5.49234701553197,2.59703611527973e-43
8.6,5.52393782840214,5.50025172901307,2.6178389791920303e-43
8.6,5.53746197266263,5.51383397003789,2.6540044542804304e-43
8.6,5.55098640061924,5.52741621106271,2.69070979407881e-43
8.6,5.55885759731561,5.53532092454382,2.7123239543339202e-43
8.6,5.57238246985959,5.54890316556863,2.7499016611048902e-43
8.6,5.5859076207995,5.56248540659345,2.7880426154962004e-43
8.6,5.5937792358445,5.57039012007455,2.8105032110580202e-43
8.6,5.60730482309127,5.58397236109938,2.8495543480462e-43
8.6,5.62083068356471,5.59755460212419,2.8891931658085102e-43
8.6,5.62870270919037,5.60545931560529,2.9125369137724805e-43
8.6,5.6422289978941,5.61904155663012,2.9531254195413802e-43
8.6,5.65575555478218,5.63262379765493,2.9943271249031905e-43
8.6,5.66362798341129,5.64052851113604,3.01859237369191e-43
8.6,5.67715496065079,5.65411075216086,3.0607850168667002e-43
8.6,5.6906822011554,5.66769299318568,3.1036174975549406e-43
8.6,5.69855502539565,5.67559770666677,3.12884427711464e-43
8.6,5.71208267856454,5.6891799476916,3.17271074062097e-43
8.6,5.72561059019861,5.70276218871641,3.21724482922849e-43
8.6,5.73348380283707,5.71066690219752,3.24347489691425e-43
8.6,5.74701211963421,5.72424914322233,3.28908785399606e-43
8.6,5.76054069021238,5.73783138424716,3.3353974000556502e-43
8.6,5.76841428421004,5.74573609772826,3.3626742805723e-43
8.6,5.78194325263042,5.75931833875308,3.4101094596245004e-43
8.6,5.79547247025994,5.7729005797779,3.45827138916705e-43
8.6,5.80334643874654,5.780805293259,3.4866404065709906e-43
8.6,5.8168760470724,5.79438753428382,3.5359766411390803e-43
8.6,5.83040590014448,5.80796977530864,3.5860709998073905e-43
8.6,5.83828023641348,5.81587448878974,3.61557929914334e-43
8.6,5.8518104732058,5.82945672981456,3.66689855864583e-43
8.6,5.86534095038716,5.84303897083938,3.7190085335485806e-43
8.6,5.87321564789091,5.85094368432049,3.74970508914865e-43
8.6,5.88674650198121,5.8645259253453,3.8030924848909904e-43
8.6,5.90027759220598,5.87810816637012,3.8573043994836e-43
8.6,5.90815264455104,5.88601287985123,3.889240006306931e-43
8.6,5.92168410503341,5.89959512087605,3.9447837663677006e-43
8.6,5.93521579749529,5.91317736190086,4.00118704054347e-43
8.6,5.94309119843794,5.92108207538197,4.03441428414603e-43
8.6,5.95662325466139,5.93466431640678,4.09220568809037e-43
8.6,5.97015553880615,5.9482465574316,4.15089275622574e-43
8.6,5.97803128224802,5.95615127091271,4.185465956007211e-43
8.6,5.99156392380911,5.96973351193753,4.245599222087021e-43
8.6,6.00509678932723,5.98331575296234,4.30666539716817e-43
8.6,6.01297286931113,5.99122046644345,4.3426405164239105e-43
8.6,6.0265060860468,6.00480270746827,4.4052126262308005e-43
8.6,6.04003952286647,6.01838494849309,4.46875589761972e-43
8.6,6.04791593357231,6.02628966197419,4.506190412427341e-43
8.6,6.06144971555301,6.039871902999,4.5713008609020905e-43
8.6,6.07498371383332,6.05345414402382,4.6374216105397005e-43
8.6,6.08286044957423,6.06135885750494,4.676374327919271e-43
8.6,6.09639478709726,6.07494109852975,4.744124780284421e-43
8.6,6.10992933722163,6.08852333955457,4.81292539815395e-43
8.6,6.11780639244012,6.09642805303567,4.85345621183022e-43
8.6,6.13134127602322,6.11001029406049,4.92395004631704e-43
8.6,6.14487636859305,6.1235925350853,4.99553442227393e-43
8.6,6.15275373785741,6.13149724856641,5.03770399186349e-43
8.6,6.1662891582325,6.14507948959123,5.111045702395411e-43
8.6,6.17982478406108,6.15866173061605,5.185518566515501e-43
8.6,6.18770246206182,6.16656644409716,5.229387903060341e-43
8.6,6.20123841016903,6.18014868512197,5.305682330485321e-43
8.6,6.21477456027554,6.19373092614679,5.3831484082256905e-43
8.6,6.222652541822,6.2016356396279,5.42877834434211e-43
8.6,6.23618900880386,6.21521788065271,5.50812969807956e-43
8.6,6.24972567440771,6.22880012167753,5.588692637994941e-43
8.6,6.25760395442473,6.23670483515864,5.636143159199281e-43
8.6,6.27114093162056,6.25028707618346,5.71865378245447e-43
8.6,6.28467810413581,6.26386931720827,5.802414809044891e-43
8.6,6.29255667766056,6.27177403068937,5.851744212663041e-43
8.6,6.30609415660104,6.28535627171419,5.9375130359191005e-43
8.6,6.31963182763107,6.29893851273901,6.02456926322487e-43
8.6,6.32751068980997,6.30684322622012,6.0758331092177005e-43
8.6,6.34104866221189,6.32042546724493,6.1649537216996804e-43
8.6,6.3545868235442,6.33400770826976,6.2553960560373105e-43
8.6,6.36246596962992,6.34191242175087,6.3086458631178204e-43
8.6,6.37600442739111,6.35549466277568,6.40120411976608e-43
8.6,6.38954307099231,6.3690769038005,6.495114660340431e-43
8.6,6.39742249634088,6.37698161728161,6.5503962917428e-43
8.6,6.4109614315353,6.39056385830642,6.64646735340366e-43
8.6,6.42450054954627,6.40414609933123,6.74391618106933e-43
8.6,6.43238024961431,6.41205081281234,6.80126785202197e-43
8.6,6.44591965448729,6.42563305383716,6.9009125350846404e-43
8.6,6.4594592392185,6.43921529486197,7.001953755414901e-43
8.6,6.4673392095605,6.44712000834309,7.06140357981775e-43
8.6,6.48087907652414,6.46070224936791,7.164663863354491e-43
8.6,6.49441912045108,6.47428449039272,7.269330741140701e-43
8.6,6.50229935671676,6.48218920387382,7.330893715494551e-43
8.6,6.51583967834549,6.49577144489864,7.43778722447603e-43
8.6,6.52938017410429,6.50935368592346,7.546086210827931e-43
8.6,6.53726067203613,6.51725839940457,7.60976051597139e-43
8.6,6.55080144106238,6.53084064042938,7.72027375384747e-43
8.6,6.56434238144555,6.54442288145421,7.83217716617479e-43
8.6,6.57222313687626,6.55232759493531,7.89793963380567e-43
8.6,6.58576434618631,6.56590983596013,8.01201969510948e-43
8.6,6.5993057241386,6.57949207698494,8.12745675515806e-43
8.6,6.6071867329888,6.58739679046604,8.19525732131842e-43
8.6,6.62072837561873,6.60097903149087,8.3128017536911e-43
8.6,6.63427018423317,6.61456127251569,8.43164763006118e-43
8.6,6.64215144250907,6.62246598599679,8.50140255539103e-43
8.6,6.6556935116408,6.6360482270216,8.62224697227733e-43
8.6,6.66923574415481,6.64963046804642,8.74430939776153e-43
8.6,6.67711724794598,6.65753518152753,8.81589299013109e-43
8.6,6.69065973690356,6.67111742255235,8.93979595297742e-43
8.6,6.70420238669519,6.68469966357716,9.064798898967252e-43
8.6,6.71208413217239,6.69260437705827,9.138033420326161e-43
8.6,6.72562703441825,6.70618661808309,9.26465801119023e-43
8.6,6.73917009500259,6.71976885910791,9.39222180161025e-43
8.6,6.74705207841569,6.72767357258901,9.46686517861222e-43
8.6,6.7605953875471,6.74125581361383,9.59575657651437e-43
8.6,6.77413885257273,6.75483805463865,9.725373702499551e-43
8.6,6.78202107024867,6.76274276811976,9.80110458934364e-43
8.6,6.79556477999431,6.77632500914458,9.931662830534012e-43
8.6,6.80910864323986,6.78990725016939,1.0062668598246501e-42
8.6,6.8169910915807,6.79781196365049,1.01390682620677e-42
8.6,6.83053519579727,6.81139420467531,1.02705152327811e-42
8.6,6.84407945116818,6.82497644570014,1.0402052236195701e-42
8.6,6.85196212664918,6.83288115918123,1.04785826513869e-42
8.6,6.86550661931819,6.84646340020605,1.06099222182424e-42
8.6,6.87905126084343,6.86004564123087,1.0740897486368599e-42
8.6,6.8869341600112,6.86795035471197,1.08168749478445e-42
8.6,6.90047903523581,6.8815325957368,1.09468449940086e-42
8.6,6.91402405706481,6.89511483676161,1.1075878540795801e-42
8.6,6.92190717653553,6.90301955024272,1.11504420329522e-42
8.6,6.93545242853746,6.91660179126754,1.12774570745661e-42
8.6,6.94899782493712,6.93018403229236,1.14028205001826e-42
8.6,6.95688116139475,6.93808874577346,1.14748940376286e-42
8.6,6.97042678451139,6.95167098679828,1.1596977068925301e-42
8.6,6.98397254986307,6.96525322782309,1.1716520891612101e-42
8.6,6.99185610005775,6.97315794130421,1.1784769078852001e-42
8.6,7.00540208873922,6.98674018232902,1.18994714205233e-42
8.6,7.01894821753597,7.00032242335383,1.20105400165778e-42
8.6,7.02683197828229,7.00822713683495,1.20733162467272e-42
8.6,7.04037832708869,7.02180937785976,1.21776245491341e-42
8.6,7.05392481393247,7.03539161888458,1.22769581099599e-42
8.6,7.06636000302052,7.04785950787523,1.2363254051109e-42
8.6,7.0955472590914,7.0771230635378,1.2544486508454101e-42
8.6,7.12473514111863,7.10638661920035,1.26899009426597e-42
8.6,7.14172244952145,7.12341768370056,1.2754784036510101e-42
8.6,7.17091130620634,7.15268123936311,1.28259541641832e-42
8.6,7.20010076931825,7.18194479502568,1.28370041994606e-42
8.6,7.21708898902994,7.19897585952588,1.28110817530006e-42
8.6,7.24627939654721,7.22823941518844,1.2701983610544301e-42
8.6,7.27547039176519,7.257502970851,1.24987697200295e-42
8.6,7.29245949464403,7.2745340353512,1.23309755785298e-42
8.6,7.32165140525273,7.30379759101376,1.1946178339854701e-42
8.6,7.35084388559809,7.33306114667633,1.1424403759473601e-42
8.6,7.36783384464788,7.35009221117653,1.1050728949588899e-42
8.6,7.39702721254439,7.37935576683909,1.0276934521359e-42
8.6,7.42622113293738,7.40861932250165,9.324024700919541e-43
8.6,7.4432119222498,7.42565038700185,8.682642848732011e-43
8.6,7.47240670347065,7.45491394266441,7.428822439232841e-43
8.6,7.50160202063564,7.48417749832698,5.99042968359825e-43
8.6,7.51859361533609,7.50120856282718,5.078903888538071e-43
8.6,7.54778976766657,7.53047211848974,3.42856752534176e-43
8.6,7.57698644004276,7.5597356741523,1.8022214089807102e-43
8.6,7.59397881623933,7.5767667386525,1.00691553965387e-43
8.6,7.62317629912751,7.60603029431507,2.16743743167147e-44
8.6,7.65237428678492,7.63529384997763,4.933048106107601e-46
8.6,7.66850527042829,7.65146084307079,0.0
8.8,0.51099907,0.0,0.0
8.8,0.512463584827835,0.038715322983682,2.4656714820908e-48
8.8,0.539093330134468,0.17176020800699301,3.25760262555709e-47
8.8,0.59500100359418,0.304805093030311,9.88966086558937e-47
8.8,0.6381412145504761,0.38223573899766605,1.55456232877261e-46
8.8,0.7256956462817711,0.5152806240209821,2.86248467408313e-46
8.8,0.825497435016254,0.648325509044299,4.63470701350992e-46
8.8,0.88760466767484,0.725756155011653,5.8996786001805e-46
8.8,0.999329413109617,0.8588010400349702,8.51187980673724e-46
8.8,1.11574118351686,0.991845925058292,1.1730423354425099e-45
8.8,1.18510439830642,1.06927657102564,1.3908560403115799e-45
8.8,1.30640611343355,1.20232145604896,1.82239203147853e-45
8.8,1.42979834746359,1.33536634107227,2.3331158065066902e-45
8.8,1.50236991986964,1.41279698703963,2.67019832971835e-45
8.8,1.62811152657425,1.54584187206294,3.3242748986712497e-45
8.8,1.75493042388024,1.67888675708626,4.0819715522466503e-45
8.8,1.82914484659085,1.75631740305362,4.57513690377288e-45
8.8,1.95724548923945,1.88936228807693,5.52072451243505e-45
8.8,2.08596520185458,2.02240717310025,6.60238962021325e-45
8.8,2.16111982914587,2.09983781906761,7.30055195721504e-45
8.8,2.29060804586233,2.23288270409092,8.629541767476249e-45
8.8,2.42048206076244,2.36592758911424,1.0138119107085099e-44
8.8,2.49622104679892,2.44335823508159,1.11068622691717e-44
8.8,2.62658963045756,2.57640312010491,1.2942827074110701e-44
8.8,2.75721390937196,2.70944800512823,1.50172860372378e-44
8.8,2.83333948997878,2.78687865109559,1.63454223061335e-44
8.8,2.9642998340792,2.9199235361189,1.8856254178483699e-44
8.8,3.09543797063234,3.05296842114222,2.16862174145907e-44
8.8,3.17183202091494,3.13039906710957,2.34953547948096e-44
8.8,3.30320851268181,3.26344395213289,2.6911794218019295e-44
8.8,3.43471344808669,3.3964888371562,3.0759125005719296e-44
8.8,3.51130127228728,3.47391948312355,3.32178604083552e-44
8.8,3.64298119712716,3.60696436814687,3.7861134379112397e-44
8.8,3.77475684824063,3.74000925317019,4.3092360440077797e-44
8.8,3.85148898908826,3.81743989913754,4.643771548231259e-44
8.8,3.983396801654,3.95048478416086,5.276151863417379e-44
8.8,4.11537782088696,4.08352966918418,5.989744059601269e-44
8.8,4.19222027019178,4.16096031515154,6.446784637935769e-44
8.8,4.3243034940519,4.29400520017484,7.312332129609449e-44
8.8,4.45644393057895,4.42705008519817,8.291636557369459e-44
8.8,4.53337255329653,4.50448073116552,8.920338956602989e-44
8.8,4.66559362679054,4.63752561618884,1.0114161958916602e-43
8.8,4.79786024771215,4.77057050121216,1.1469870735623002e-43
8.8,4.87485745151535,4.84800114717951,1.2342965195057702e-43
8.8,5.0071887945697,4.98104603220282,1.400661539055e-43
8.8,5.13955698082975,5.11409091722614,1.5904701438115203e-43
8.8,5.21660964522398,5.19152156319349,1.7131872670485401e-43
8.8,5.34903055805602,5.32456644821682,1.94800653209822e-43
8.8,5.48148168967588,5.45761133324013,2.21740412951276e-43
8.8,5.52406808566991,5.50038254720305,2.3122810737845103e-43
8.8,5.5379465092377,5.51432058277692,2.34413466265793e-43
8.8,5.55182523148115,5.5282586183508,2.3764611141657302e-43
8.8,5.55990263034898,5.53637040030927,2.39549554407128e-43
8.8,5.57378182053949,5.55030843588315,2.42858618575034e-43
8.8,5.58766130368178,5.56424647145702,2.4621702986395402e-43
8.8,5.59573914277182,5.5723582534155,2.4819463080972503e-43
8.8,5.60961908492166,5.58629628898937,2.5163279775199003e-43
8.8,5.62349931444445,5.60023432456324,2.55122470225581e-43
8.8,5.63157758537324,5.60834610652173,2.5717747274965903e-43
8.8,5.64545826518986,5.6222841420956,2.6075039524951e-43
8.8,5.65933922694108,5.63622217766947,2.64377083577386e-43
8.8,5.66741792153625,5.64433395962796,2.6651288440917604e-43
8.8,5.68129932508631,5.65827199520183,2.70226481789916e-43
8.8,5.69518100526869,5.6722100307757,2.73996211580491e-43
8.8,5.70326011556238,5.68032181273418,2.7621636716462605e-43
8.8,5.71714222926054,5.69425984830806,2.80076836678185e-43
8.8,5.73102461442062,5.70819788388193,2.8399591589792303e-43
8.8,5.73910413264313,5.71630966584042,2.86304149047954e-43
8.8,5.75298694324127,5.73024770141428,2.9031797731109903e-43
8.8,5.76687002025874,5.74418573698816,2.9439300770942e-43
8.8,5.77494993883242,5.75229751894664,2.9679321424446202e-43
8.8,5.7888334334093,5.76623555452051,3.0096718860673305e-43
8.8,5.80271718948679,5.78017359009438,3.05205077020281e-43
8.8,5.81079750102015,5.78828537205286,3.0770133230555603e-43
8.8,5.82468166697138,5.80222340762674,3.1204255200341805e-43
8.8,5.8385660896246,5.81616144320061,3.16450521380804e-43
8.8,5.84664678690666,5.82427322515909,3.19047086672262e-43
8.8,5.86053161193505,5.83821126073296,3.2356297358703804e-43
8.8,5.8744166889833,5.85214929630684,3.2814857353482005e-43
8.8,5.8824977649781,5.86026107826533,3.3084990200486502e-43
8.8,5.89638323708441,5.87419911383919,3.3554821079707002e-43
8.8,5.9102689566414,5.88813714941306,3.40319327399877e-43
8.8,5.91835040448274,5.89624893137155,3.43130069690326e-43
8.8,5.93223651195672,5.91018696694543,3.48018897027662e-43
8.8,5.94612286242179,5.9241250025193,3.5298376163664105e-43
8.8,5.95420467540814,5.93223678447778,3.5590877074840303e-43
8.8,5.96809140681987,5.94617482005165,3.6099656328139304e-43
8.8,5.98197837686943,5.96011285562552,3.6616375989341e-43
8.8,5.99006054845905,5.968224637584,3.692080951795861e-43
8.8,6.00394789265065,5.98216267315787,3.74503655833802e-43
8.8,6.01783547123002,5.99610070873175,3.7988212659734905e-43
8.8,6.02591799503623,6.00421249069023,3.83051056572457e-43
8.8,6.03980594111382,6.01815052626411,3.885635486330791e-43
8.8,6.05369411742924,6.03208856183797,3.9416259691208405e-43
8.8,6.06177698721585,6.04020034379645,3.9746160052289805e-43
8.8,6.07566552454179,6.05413837937033,4.0320054886660406e-43
8.8,6.08955428805286,6.0680764149442,4.0902983917569205e-43
8.8,6.09763749772979,6.07618819690269,4.124646051054661e-43
8.8,6.11152661591521,6.09012623247656,4.18439893806086e-43
8.8,6.12541595632745,6.10406426805043,4.2450944769039805e-43
8.8,6.13349949994646,6.11217605000892,4.280858711709e-43
8.8,6.14738918884405,6.12611408558279,4.34307736413268e-43
8.8,6.16127909610182,6.14005212115666,4.4062792341478605e-43
8.8,6.16936296785242,6.14816390311514,4.44352099860172e-43
8.8,6.18325321754946,6.16210193868901,4.50831117232753e-43
8.8,6.19714368182907,6.17603997426288,4.57412639425551e-43
8.8,6.20522787603459,6.18415175622137,4.6129085421177505e-43
8.8,6.2191186768462,6.19808979179524,4.6803791861336205e-43
8.8,6.23300968854927,6.21202782736911,4.74891787334179e-43
8.8,6.24109419966298,6.22013960932759,4.7893050061208906e-43
8.8,6.25498554212566,6.23407764490146,4.85956797253697e-43
8.8,6.26887709187272,6.24801568047534,4.9309430005892e-43
8.8,6.27696191447419,6.25612746243382,4.9730012553832005e-43
8.8,6.29085378933952,6.2700654980077,5.04617089805871e-43
8.8,6.30474586796379,6.28400353358157,5.12049745350401e-43
8.8,6.3128309967553,6.29211531554005,5.16429421581254e-43
8.8,6.32672339498385,6.30605335111392,5.2404868515551205e-43
8.8,6.3406159935253,6.3199913866878,5.317881831700161e-43
8.8,6.34870142332839,6.32810316864628,5.36348535577506e-43
8.8,6.36259433608391,6.34204120422015,5.442818556215841e-43
8.8,6.37648744578341,6.35597923979402,5.5233997853577106e-43
8.8,6.38457317153556,6.3640910217525,5.5708787009357406e-43
8.8,6.39846659017928,6.37802905732638,5.653470376079431e-43
8.8,6.41236020247307,6.39196709290025,5.7373555963223105e-43
8.8,6.42044621922448,6.40007887485873,5.786778274783231e-43
8.8,6.43434013530962,6.4140169104326,5.87274550069537e-43
8.8,6.44823424182388,6.42795494600648,5.96005108471267e-43
8.8,6.45632054473432,6.43606672796496,6.01148483498546e-43
8.8,6.47021495000085,6.45000476353883,6.100942366990391e-43
8.8,6.48410954254644,6.4639427991127,6.19178169270615e-43
8.8,6.49219612688229,6.47205458107119,6.2452917452278405e-43
8.8,6.50609101325174,6.48599261664506,6.338350146765511e-43
8.8,6.5199860838192,6.49993065221893,6.432831553440251e-43
8.8,6.5280729449505,6.50804243417741,6.488479786664781e-43
8.8,6.54196830452105,6.52198046975128,6.58524308519635e-43
8.8,6.55586384527567,6.53591850532516,6.6834673196111e-43
8.8,6.56395097867332,6.54403028728364,6.7413106700879805e-43
8.8,6.57784680371498,6.55796832285751,6.841873434952381e-43
8.8,6.59174280699207,6.57190635843138,6.9439304716791205e-43
8.8,6.5998302082251,6.58001814038987,7.004018956672521e-43
8.8,6.61372649117509,6.59395617596374,7.108462668327931e-43
8.8,6.62762294947541,6.60789421153761,7.214427763570961e-43
8.8,6.63571061420833,6.61600599349609,7.27680202912395e-43
8.8,6.64960734766658,6.62994402906997,7.38519058081111e-43
8.8,6.6635042536519,6.64388206464384,7.495119387905011e-43
8.8,6.67159217764216,6.65199384660233,7.559807675830111e-43
8.8,6.68548935436696,6.6659318821762,7.672181811821491e-43
8.8,6.69938670085577,6.67986991775007,7.786104346542281e-43
8.8,6.70747487995127,6.68798169970855,7.85311874991716e-43
8.8,6.72137249285508,6.70191973528242,7.96948920469093e-43
8.8,6.73527027281844,6.7158577708563,8.087402405550422e-43
8.8,6.74335870295516,6.72396955281478,8.156734253453561e-43
8.8,6.7572567451005,6.73790758838865,8.277073297217622e-43
8.8,6.771154951658,6.75184562396252,8.3989318632695e-43
8.8,6.77924362885766,6.75995740592101,8.470546040076921e-43
8.8,6.79314209345322,6.77389544149488,8.594777077651421e-43
8.8,6.8070407198691,6.78783347706875,8.72048220116176e-43
8.8,6.8151296402369,6.79594525902723,8.79431016312109e-43
8.8,6.82902852063367,6.80988329460111,8.92229495207319e-43
8.8,6.84292756031304,6.82382133017497,9.051680479030531e-43
8.8,6.85101672003553,6.83193311213346,9.127611679487331e-43
8.8,6.8649160097231,6.84587114770733,9.259134641521121e-43
8.8,6.87881545620828,6.8598091832812,9.39195009275377e-43
8.8,6.88690485155122,6.86792096523969,9.46982146616924e-43
8.8,6.90080454415421,6.88185900081355,9.604570453570391e-43
8.8,6.91470439112118,6.89579703638743,9.740460220169701e-43
8.8,6.92279401842748,6.90390881834591,9.820043302936311e-43
8.8,6.93669410770208,6.91784685391979,9.957586055540271e-43
8.8,6.95059434895703,6.93178488949365,1.0096063948483501e-42
8.8,6.95868420464483,6.93989667145215,1.0177049130745199e-42
8.8,6.97258468447537,6.95383470702602,1.0316804502879001e-42
8.8,6.98648531395141,6.96777274259988,1.04572226738953e-42
8.8,6.99457539451208,6.97588452455837,1.0539199981965399e-42
8.8,7.00847625890782,6.98982256013224,1.0680402857114e-42
8.8,7.02237727066173,7.00376059570611,1.0821913937663501e-42
8.8,7.03046757265807,7.0118723776646,1.09043496433113e-42
8.8,7.04436881574999,7.02581041323846,1.1046008270425901e-42
8.8,7.05827020395908,7.03974844881234,1.1187519394345e-42
8.8,7.06636072402349,7.04786023077082,1.1269727641265702e-42
8.8,7.08026234006126,7.06179826634469,1.1410571947164502e-42
8.8,7.09416409902034,7.07573630191856,1.15506891461346e-42
8.8,7.10225483385308,7.08384808387705,1.1631797686700701e-42
8.8,7.11615681720204,7.09778611945092,1.1770216964983e-42
8.8,7.13005894132047,7.11172415502479,1.19071782881177e-42
8.8,7.13814988768795,7.11983593698328,1.1986087356606002e-42
8.8,7.15205223282623,7.13377397255715,1.2120055641022501e-42
8.8,7.16595471662508,7.14771200813102,1.2251651311524101e-42
8.8,7.17404587135821,7.1558237900895,1.23269846581955e-42
8.8,7.18794857287395,7.16976182566337,1.24539721464952e-42
8.8,7.20185141098321,7.18369986123724,1.25774501943526e-42
8.8,7.20994277097583,7.19181164319574,1.2647497430941902e-42
8.8,7.22384582356442,7.2057496787696,1.27643666266216e-42
8.8,7.23774901072032,7.21968771434347,1.28763228984548e-42
8.8,7.25051163168256,7.23248220679617,1.2974233940961499e-42
8.8,7.28046739632536,7.26251233798716,1.3182669719512602e-42
8.8,7.31042377118506,7.29254246917813,1.3354845114027e-42
8.8,7.3278583267143,7.31001967212505,1.34348845485434e-42
8.8,7.35781565172032,7.34004980331603,1.3530918278034801e-42
8.8,7.38777356790012,7.37007993450701,1.35646236312528e-42
8.8,7.40520901181643,7.38755713745392,1.3550475399151301e-42
8.8,7.43516784864362,7.4175872686449,1.3458365982774701e-42
8.8,7.46512725838474,7.44761739983587,1.32668090945269e-42
8.8,7.4825635632474,7.46509460278279,1.3102690140004301e-42
8.8,7.5125238653442,7.49512473397376,1.2717565164097e-42
8.8,7.54248472283859,7.52515486516475,1.2185204666873599e-42
8.8,7.55992186232419,7.54263206811166,1.17997128634372e-42
8.8,7.58988358502869,7.57266219930264,1.0994186409616101e-42
8.8,7.61984584632047,7.60269233049362,9.992921737143762e-43
8.8,7.63728379516672,7.62016953344053,9.31480909745224e-43
8.8,7.66724689561181,7.65019966463151,7.981862200927221e-43
8.8,7.69721051850477,7.68022979582249,6.4434755308763905e-43
8.8,7.71464925245759,7.69770699876941,5.46459610591653e-43
8.8,7.74461368948182,7.72773712996038,3.6864240383230304e-43
8.8,7.77457863345228,7.75776726115136,1.93125580373219e-43
8.8,7.79201812921606,7.77524446409828,1.0789490254905202e-43
8.8,7.82198386327974,7.80527459528925,2.34752628612132e-44
8.8,7.85195008939463,7.83530472648023,5.504797546896161e-46
8.8,7.86850548994462,7.85189522317687,0.0
9.0,0.51099907,0.0,0.0
9.0,0.512539186093918,0.0397034978427727,2.43168078687491e-48
9.0,0.540506097985448,0.17614423754011901,3.24247703240204e-47
9.0,0.599023720344539,0.31258497723746703,9.861908778135398e-47
9.0,0.6440324187313351,0.39199197292300403,1.55120974483277e-46
9.0,0.7350926345081741,0.528432712620352,2.8587030182330803e-46
9.0,0.838556352988708,0.6648734523177011,4.631518068441529e-46
9.0,0.9028141751328271,0.744280448003239,5.89744174427024e-46
9.0,1.01822878568895,0.880721187700585,8.512573575118299e-46
9.0,1.13830507162568,1.01716192739793,1.17360475113592e-45
9.0,1.20978653183663,1.09656892308347,1.39181657559421e-45
9.0,1.33470329214089,1.23300966278082,1.82426609386908e-45
9.0,1.46168206337373,1.36945040247817,2.33625034956103e-45
9.0,1.5363293298491,1.44885739816371,2.6742562093345602e-45
9.0,1.6656200753613,1.58529813786105,3.33030551166843e-45
9.0,1.79596904540054,1.7217388775584,4.0905518146000294e-45
9.0,1.87223035608457,1.80114587324394,4.585513285147e-45
9.0,2.00383680278364,1.93758661294129,5.53481685462158e-45
9.0,2.13604997812179,2.07402735263864,6.6211312743498e-45
9.0,2.21323282599984,2.15343434832418,7.322501263152591e-45
9.0,2.34619862080823,2.28987508802152,8.658008923855571e-45
9.0,2.47954200314897,2.42631582771888,1.0174588260469598e-44
9.0,2.55729679882305,2.50572282340441,1.11487832363355e-44
9.0,2.69112399263272,2.64216356310176,1.2995704106532799e-44
9.0,2.82520121780283,2.77860430279911,1.5083455709022098e-44
9.0,2.90333405446338,2.85801129848465,1.6420576798271e-44
9.0,3.03773979440524,2.994452038182,1.8949338876591298e-44
9.0,3.17231928344514,3.13089277787934,2.18008945119398e-44
9.0,3.25071448849197,3.21029977356488,2.36245545801787e-44
9.0,3.38552685894701,3.34674051326223,2.70698518290276e-44
9.0,3.52046469809171,3.48318125295958,3.09517810816604e-44
9.0,3.59904919095657,3.56258824864512,3.3433721735244896e-44
9.0,3.73415793802816,3.69902898834246,3.81230032006348e-44
9.0,3.86936016471078,3.83546972803981,4.34092757451965e-44
9.0,3.94808558816895,3.91487672372535,4.67915117435892e-44
9.0,4.08341685833991,4.0513174634227,5.31883976581664e-44
9.0,4.21881959999952,4.18775820312005,6.04117621216223e-44
9.0,4.29765271787267,4.26716519880558,6.504078489413219e-44
9.0,4.43315523201694,4.40360593850293,7.38125382021502e-44
9.0,4.56871359244353,4.54004667820028,8.37449853954245e-44
9.0,4.64763082599275,4.61945367388582,9.01256515691238e-44
9.0,4.78326789158755,4.75589441358316,1.0225013386728801e-43
9.0,4.91894941034823,4.89233515328052,1.1603141015140802e-43
9.0,4.99793357752446,4.97174214896605,1.2491350342793201e-43
9.0,5.13367825964721,5.1081828886634,1.41851941281617e-43
9.0,5.26945889562683,5.24462362836075,1.61198475033111e-43
9.0,5.3484971847542,5.32403062404629,1.7371805453507102e-43
9.0,5.48432927200813,5.46047136374364,1.9769817568257203e-43
9.0,5.62019084579742,5.59691210344099,2.25246439098767e-43
9.0,5.66387348227907,5.64077501534347,2.3495749090947304e-43
9.0,5.67810912741355,5.65506880712129,2.38218873491802e-43
9.0,5.69234506397293,5.66936259889911,2.4152919839812303e-43
9.0,5.70063035428997,5.67768142701854,2.4347862827150503e-43
9.0,5.71486674743452,5.69197521879637,2.46868073953478e-43
9.0,5.72910342641675,5.70626901057418,2.50308628004082e-43
9.0,5.73738914626556,5.71458783869362,2.52334862790985e-43
9.0,5.75162627310693,5.72888163047143,2.5585804647646405e-43
9.0,5.76586368034042,5.74317542224926,2.59434609629224e-43
9.0,5.7741498215378,5.75149425036869,2.61541062321841e-43
9.0,5.78838766812491,5.76578804214651,2.65203934061884e-43
9.0,5.80262578979576,5.78008183392433,2.6892256636787803e-43
9.0,5.81091234436466,5.78840066204377,2.7111281525018e-43
9.0,5.82515089709722,5.80269445382158,2.7492161307678803e-43
9.0,5.83938971973805,5.8169882455994,2.7878866760809203e-43
9.0,5.84767667990114,5.82530707371884,2.8106646384155402e-43
9.0,5.86191592551873,5.83960086549665,2.85027726872291e-43
9.0,5.87615543599788,5.85389465727447,2.89049862924815e-43
9.0,5.88444279417134,5.8622134853939,2.9141913826404505e-43
9.0,5.89868271974287,5.87650727717173,2.95539720013009e-43
9.0,5.91292290525404,5.89080106894954,2.9972391646575002e-43
9.0,5.92121065404162,5.89911989706898,3.02188791049998e-43
9.0,5.93545124695516,5.9134136888468,3.0647587283139902e-43
9.0,5.94969209500743,5.92770748062462,3.10829441553359e-43
9.0,5.95798022719465,5.93602630874405,3.13394231702386e-43
9.0,5.97222147514771,5.95032010052187,3.17855335998464e-43
9.0,5.98646297355586,5.96461389229969,3.2238593515983903e-43
9.0,5.99475148210451,5.97293272041912,3.25055161084109e-43
9.0,6.0089933730946,5.98722651219694,3.29698164709877e-43
9.0,6.02323550996988,6.00152030397476,3.34413811814373e-43
9.0,6.03152438801267,6.0098391320942,3.3719220512524006e-43
9.0,6.04576691032822,6.02413292387201,3.42025351979311e-43
9.0,6.06000967406938,6.03842671564983,3.4693443638694305e-43
9.0,6.06829891490477,6.04674554376927,3.4982694726257705e-43
9.0,6.08254205711641,6.06103933554709,3.5485886039962405e-43
9.0,6.09678543640107,6.0753331273249,3.59970155052085e-43
9.0,6.10507503348834,6.08365195544434,3.62981958880917e-43
9.0,6.11931878444044,6.09794574722215,3.6822165157664205e-43
9.0,6.13356276821681,6.11223953899997,3.73544323566272e-43
9.0,6.14185271517124,6.12055836711941,3.766808268434691e-43
9.0,6.1560970639738,6.13485215889723,3.82137712241401e-43
9.0,6.17034164145262,6.14914595067505,3.876813317794551e-43
9.0,6.1786319320409,6.15746477879448,3.90948176981988e-43
9.0,6.19287686806169,6.17175857057231,3.9663207581665e-43
9.0,6.2071220287085,6.18605236235012,4.024066230501831e-43
9.0,6.21541265684428,6.19437119046955,4.058096921467861e-43
9.0,6.22965816970126,6.20866498224737,4.1173083791724105e-43
9.0,6.24390390322897,6.22295877402519,4.17746706917128e-43
9.0,6.25219486296854,6.23127760214463,4.212921230947451e-43
9.0,6.26644094252258,6.24557139392245,4.274611639173531e-43
9.0,6.28068723888422,6.25986518570027,4.33729163001804e-43
9.0,6.28897852442237,6.2681840138197,4.374232901030661e-43
9.0,6.30322516077018,6.28247780559752,4.438512862980441e-43
9.0,6.31747201015197,6.29677159737533,4.5038263368445e-43
9.0,6.32576361581799,6.30509042549477,4.5423207263824906e-43
9.0,6.34001079928534,6.31938421727259,4.609304888891011e-43
9.0,6.35425819209997,6.33367800905041,4.677368023016881e-43
9.0,6.36255011235379,6.34199683716985,4.7174838397121605e-43
9.0,6.3767978334889,6.35629062894766,4.78729074583724e-43
9.0,6.39104576036904,6.37058442072548,4.858223535454911e-43
9.0,6.39933798979747,6.37890324884492,4.90003126763049e-43
9.0,6.41358623936469,6.39319704062273,4.97278312394929e-43
9.0,6.42783469115674,6.40749083240056,5.0467091094826e-43
9.0,6.43612722446989,6.41580966051999,5.0902812476638e-43
9.0,6.45037599344356,6.4301034522978,5.16610358311057e-43
9.0,6.46462496120157,6.44439724407563,5.24314946104043e-43
9.0,6.47291779322937,6.45271607219507,5.288560247404771e-43
9.0,6.48716707278789,6.46700986397288,5.367581438531121e-43
9.0,6.50141654776774,6.4813036557507,5.447876526397481e-43
9.0,6.50970967345654,6.48962248387014,5.495201613633661e-43
9.0,6.52395945497665,6.50391627564795,5.577552243520861e-43
9.0,6.5382094286304,6.51821006742577,5.661227764231621e-43
9.0,6.54650284303974,6.52652889554521,5.71054376216488e-43
9.0,6.56075311809098,6.54082268732303,5.79635577343998e-43
9.0,6.5750035820614,6.55511647910084,5.883543916043961e-43
9.0,6.58329728036085,6.56343530722027,5.934927799616081e-43
9.0,6.59754804070021,6.5777290989981,6.02433339297352e-43
9.0,6.6117989868155,6.59202289077591,6.11516609748003e-43
9.0,6.62009296428164,6.60034171889535,6.1686944425639e-43
9.0,6.63434420184839,6.61463551067317,6.261824661230211e-43
9.0,6.64859562211706,6.62892930245098,6.356432061691511e-43
9.0,6.65688987413052,6.63724813057042,6.41218007102437e-43
9.0,6.67114158104121,6.65154192234824,6.5091629974197705e-43
9.0,6.68539346764716,6.66583571412606,6.60767144700362e-43
9.0,6.69368798968977,6.6741545422455,6.66571171409521e-43
9.0,6.70794015823338,6.68844833402331,6.76667019016299e-43
9.0,6.72219250353112,6.70274212580113,6.86919976690876e-43
9.0,6.73048729118317,6.71106095392057,6.9296007198029405e-43
9.0,6.74473991381644,6.72535474569838,7.034649478660051e-43
9.0,6.75899271032644,6.7396485374762,7.1413108551104505e-43
9.0,6.76728775926402,6.74796736559564,7.2041348049301e-43
9.0,6.78154082860692,6.76226115737345,7.31337687938278e-43
9.0,6.79579406901118,6.77655494915128,7.424267407838071e-43
9.0,6.80408937500358,6.78487377727071,7.489568111056032e-43
9.0,6.81834288383491,6.79916756904853,7.603090351460681e-43
9.0,6.83259656097259,6.81346136082635,7.718289184156342e-43
9.0,6.84089211987984,6.82178018894579,7.78610880660394e-43
9.0,6.85514606113299,6.83607398072361,7.90397630285556e-43
9.0,6.86940016799625,6.85036777250142,8.02353832481021e-43
9.0,6.87769597576666,6.85868660062085,8.09390366847072e-43
9.0,6.89195034252551,6.87298039239867,8.216152823688041e-43
9.0,6.90620487225544,6.88727418417649,8.340101123364881e-43
9.0,6.91450092492331,6.89559301229593,8.413018949142311e-43
9.0,6.92875571041824,6.90988680407375,8.53964889425637e-43
9.0,6.94301065630092,6.92418059585156,8.6679654395985e-43
9.0,6.95130694998424,6.93249942397101,8.74341667428794e-43
9.0,6.96556214758828,6.94679321574882,8.87437864410046e-43
9.0,6.97981750305099,6.96108700752663,9.006992746927161e-43
9.0,6.98811403394925,6.96940583564608,9.08492532165162e-43
9.0,7.00236963717437,6.9836996274239,9.22010952316039e-43
9.0,7.01662539578188,6.9979934192017,9.35688359012495e-43
9.0,7.02492216017396,7.00631224732115,9.437203596473782e-43
9.0,7.03917816266741,7.02060603909897,9.576422999499791e-43
9.0,7.05343431811845,7.03489983087679,9.71713495104363e-43
9.0,7.06173131236054,7.04321865899622,9.79969573324235e-43
9.0,7.07598770790138,7.05751245077404,9.942666085756952e-43
9.0,7.09024425402512,7.07180624255185,1.0086987690421601e-42
9.0,7.09854147454877,7.08012507067129,1.01715764092337e-42
9.0,7.11279825704445,7.09441886244911,1.03178916312748e-42
9.0,7.12705518779719,7.10871265422692,1.0465361845927e-42
9.0,7.13535263110732,7.11703148234636,1.05516829528546e-42
9.0,7.14960979459041,7.13132527412418,1.07007848872851e-42
9.0,7.16386710405232,7.145619065902,1.0850777107212299e-42
9.0,7.17216476672536,7.15393789402143,1.0938432055424402e-42
9.0,7.18642230535036,7.16823168579925,1.1089573355906902e-42
9.0,7.20067998772231,7.18252547757707,1.1241255267853501e-42
9.0,7.20897786640441,7.1908443056965,1.1329717660818e-42
9.0,7.22323577444464,7.20513809747433,1.1481916371007199e-42
9.0,7.23749382404514,7.21943188925214,1.1634200879283702e-42
9.0,7.24579191545039,7.22775071737158,1.1722786122582102e-42
9.0,7.26005018729497,7.24204450914939,1.1874770275831501e-42
9.0,7.27430859855726,7.25633830092721,1.20262557364569e-42
9.0,7.28260689946596,7.26465712904665,1.2114084130537e-42
9.0,7.29686552961696,7.27895092082447,1.22642244713586e-42
9.0,7.31112429708606,7.29324471260229,1.24131222678716e-42
9.0,7.31942280434309,7.30156354072173,1.2499074361532501e-42
9.0,7.33368178741266,7.31585733249954,1.26453031322877e-42
9.0,7.34794090574261,7.33015112427736,1.27893504962956e-42
9.0,7.35623961625581,7.33846995239679,1.2872013481734e-42
9.0,7.37049894696346,7.35276374417461,1.3011727178456e-42
9.0,7.38475841091463,7.36705753595243,1.31480832108631e-42
9.0,7.39305732165326,7.37537636407187,1.3225687202972101e-42
9.0,7.40731699482318,7.38967015584968,1.3355631427875501e-42
9.0,7.42157679925962,7.4039639476275,1.3480754636005402e-42
9.0,7.43466677602498,7.41708500834316,1.3590807593875801e-42
9.0,7.46539087124522,7.44788163244628,1.38277888333767e-42
9.0,7.49611556171098,7.47867825654939,1.4028219053895302e-42
9.0,7.51399726157278,7.49660154986127,1.41243542491547e-42
9.0,7.54472287886992,7.52739817396438,1.4246981769519701e-42
9.0,7.57544907283229,7.55819479806751,1.43052058731344e-42
9.0,7.59333163927843,7.57611809137938,1.4303967140866302e-42
9.0,7.62405873129038,7.6069147154825,1.4230855294526099e-42
9.0,7.65478638215173,7.63771133958562,1.40529829547126e-42
9.0,7.67266978840875,7.65563463289749,1.3893693588159902e-42
9.0,7.70339830971609,7.6864312570006,1.3510100772048399e-42
9.0,7.73412737278263,7.71722788110372,1.29687266305712e-42
9.0,7.75201159316754,7.7351511744156,1.2572126493854701e-42
9.0,7.78274150019507,7.76594779851872,1.1735577532649999e-42
9.0,7.81347193258064,7.79674442262183,1.06858026779608e-42
9.0,7.83135694244602,7.81466771593371,9.970361572719651e-43
9.0,7.86208819337015,7.84546434003682,8.55620813239832e-43
9.0,7.89281995390593,7.87626096413995,6.9142438052529206e-43
9.0,7.91070572958829,7.89418425745182,5.865211768840801e-43
9.0,7.94143828425003,7.92498088155493,3.95340837245966e-43
9.0,7.97217133339942,7.95577750565805,2.0638823108438203e-43
9.0,7.9900578521707,7.97370079896994,1.15355299267522e-43
9.0,8.02079167199373,8.00449742307305,2.53598760723916e-44
9.0,8.0515259717724,8.03529404717616,6.119890733822421e-46
9.0,8.06850569845122,8.05230800183394,0.0
9.2,0.51099907,0.0,0.0
9.2,0.512616673286679,0.040691573951335,2.3994338188893097e-48
9.2,0.541950501958007,0.18052782896736702,3.22793546961837e-47
9.2,0.603119553527645,0.320364083983397,9.83508511267418e-47
9.2,0.650016067392943,0.4017472318860731,1.54795886357464e-46
9.2,0.744602392439015,0.541583486902103,2.85500021287604e-46
9.2,0.8517352371580261,0.681419741918132,4.6283140577555905e-46
9.2,0.9181439420155422,0.762802889820807,5.8950927901093605e-46
9.2,1.03724513753145,0.902639144836834,8.512899853500191e-46
9.2,1.16098019312961,1.04247539985287,1.1740915963088101e-45
9.2,1.23457607497637,1.12385854775554,1.3926718054443601e-45
9.2,1.36310109826555,1.26369480277157,1.82596952289223e-45
9.2,1.49365976035885,1.4035310577876,2.3391281284425e-45
9.2,1.57037901406051,1.48491420569028,2.67799617815146e-45
9.2,1.70321287838785,1.62475046070631,3.3358914000366996e-45
9.2,1.83708636891263,1.76458671572233,4.0985290001426096e-45
9.2,1.91539154925373,1.84596986362501,4.59517782991328e-45
9.2,2.05049896131967,1.98580611864104,5.54797790238095e-45
9.2,2.18620116874622,2.12564237365707,6.6386751694662e-45
9.2,2.26540983099238,2.20702552155974,7.34307310295398e-45
9.2,2.40184933913293,2.34686177657578,8.6847417092294e-45
9.2,2.53865853352975,2.4866980315918,1.02088969992475e-44
9.2,2.61842719853248,2.56808117949448,1.1188259754960601e-44
9.2,2.75570986892068,2.70791743451051,1.30455784086058e-44
9.2,2.89323713610774,2.84775368952655,1.51459638096029e-44
9.2,2.97337563417838,2.92913683742921,1.6491633971876999e-44
9.2,3.11122417895172,3.06897309244525,1.90374760030572e-44
9.2,3.24924260065261,3.20880934746128,2.19096288147272e-44
9.2,3.32963762383989,3.29019249536395,2.37471571225159e-44
9.2,3.46788368864559,3.43002875037998,2.72200419299346e-44
9.2,3.60625237695477,3.56986500539601,3.11350915618745e-44
9.2,3.6868323973986,3.65124815329868,3.3639269500026297e-44
9.2,3.82536809215895,3.79108440831472,3.8372686652462297e-44
9.2,3.96399511994421,3.93092066333075,4.37118365546367e-44
9.2,4.04471283568798,4.01230381123342,4.712953694659839e-44
9.2,4.18346592902283,4.15214006624945,5.359677305971619e-44
9.2,4.32228883716075,4.29197632126548,6.09044216656863e-44
9.2,4.40311175148935,4.37335946916815,6.55900023915209e-44
9.2,4.54203211066757,4.51319572418419,7.447406806986689e-44
9.2,4.68100701227853,4.65303197920022,8.454134141428179e-44
9.2,4.76191207870132,4.73441512710289,9.10126692888609e-44
9.2,4.90096384251395,4.87425138211892,1.03317669037781e-43
9.2,5.04005901576662,5.01408763713495,1.17316524981871e-43
9.2,5.12102944442939,5.09547078503762,1.26345468429773e-43
9.2,5.26018629453142,5.23530704005365,1.4357758428560302e-43
9.2,5.39937825050936,5.37514329506969,1.6328029969501502e-43
9.2,5.48040152474228,5.45652644297236,1.7604158987007903e-43
9.2,5.61964371619561,5.5963626979884,2.0050812392560503e-43
9.2,5.75891469618972,5.73619895300443,2.28651439396428e-43
9.2,5.80369324700695,5.78115345375066,2.38581142234719e-43
9.2,5.81828600812407,5.79580296618091,2.41916973067454e-43
9.2,5.83287905375548,5.81045247861116,2.45303381490098e-43
9.2,5.84137217442659,5.81897833220097,2.4729785961771204e-43
9.2,5.85596566581444,5.83362784463122,2.50766057357226e-43
9.2,5.87055943625978,5.84827735706147,2.54287103538906e-43
9.2,5.87905297627398,5.85680321065127,2.56361001726023e-43
9.2,5.89364718395344,5.87145272308152,2.59967517771068e-43
9.2,5.90824166537199,5.88610223551178,2.6362926573473803e-43
9.2,5.91673561673717,5.89462808910158,2.65786165857778e-43
9.2,5.93133052708299,5.90927760153182,2.6953724674754202e-43
9.2,5.94592570598355,5.92392711396208,2.73346061181159e-43
9.2,5.95442006090904,5.93245296755188,2.7558972268624e-43
9.2,5.96901566063874,5.94710247998214,2.7949192452385203e-43
9.2,5.98361152386867,5.96175199241239,2.8345448541734004e-43
9.2,5.99210627475893,5.97027784600218,2.85788853902318e-43
9.2,6.00670255092209,5.98492735843244,2.8984905726337805e-43
9.2,6.0212990856568,5.99957687086269,2.93972374922362e-43
9.2,6.02979422510539,6.00810272445249,2.9640159093980702e-43
9.2,6.04439116507337,6.02275223688275,3.0062701607062205e-43
9.2,6.05898835880615,6.03740174931299,3.04918446447638e-43
9.2,6.06748387958986,6.0459276029028,3.07446854477551e-43
9.2,6.08208147104587,6.06057711533305,3.1184507679033503e-43
9.2,6.09667931157816,6.0752266277633,3.1631233705007803e-43
9.2,6.1051752066514,6.08375248135311,3.1894449458387304e-43
9.2,6.11977343758098,6.09840199378336,3.2352346029507804e-43
9.2,6.13437191301288,6.11305150621361,3.2817464447356602e-43
9.2,6.14286817550227,6.12157735980341,3.3091533112661407e-43
9.2,6.15746703418405,6.13622687223366,3.3568337289658102e-43
9.2,6.17206613290534,6.15087638466391,3.4052696749035003e-43
9.2,6.18056275610448,6.15940223825372,3.4338119404007502e-43
9.2,6.19516223110135,6.17405175068397,3.4834704641851804e-43
9.2,6.20976194178266,6.18870126311422,3.53391945693887e-43
9.2,6.2182589191471,6.19722711670402,3.5636496291046604e-43
9.2,6.23285899929763,6.21187662913427,3.61537777344801e-43
9.2,6.24745931088209,6.22652614156453,3.66793298097085e-43
9.2,6.25595663602449,6.23505199515433,3.6989060519857305e-43
9.2,6.27055731043468,6.24970150758458,3.75279964295254e-43
9.2,6.28515821212972,6.26435102001483,3.80755859721331e-43
9.2,6.29365587881517,6.27287687360464,3.83983212243977e-43
9.2,6.30825713685054,6.28752638603489,3.89599142894623e-43
9.2,6.32285861812011,6.30217589846514,3.9530561515542e-43
9.2,6.33135662026158,6.31070175205494,3.98669031974314e-43
9.2,6.34595845153947,6.32535126448519,4.04522016862937e-43
9.2,6.36056050209643,6.34000077691543,4.104697278095071e-43
9.2,6.36905883375049,6.34852663050525,4.13975496983125e-43
9.2,6.38366122813267,6.3631761429355,4.20076483872277e-43
9.2,6.39826383793153,6.37782565536574,4.26276563279592e-43
9.2,6.40676249329407,6.38635150895555,4.29931246308942e-43
9.2,6.42136544087961,6.40100102138581,4.3629165435671904e-43
9.2,6.43596860010947,6.41565053381605,4.427557048529361e-43
9.2,6.4444675735117,6.42417638740585,4.465661388534121e-43
9.2,6.45907106463005,6.43882589983611,4.5319786103639805e-43
9.2,6.4736747637078,6.45347541226635,4.599379587243441e-43
9.2,6.48217404961233,6.46200126585616,4.6391125589945906e-43
9.2,6.49677807481669,6.47665077828641,4.70826656398948e-43
9.2,6.51138230438047,6.49130029071666,4.77855345947469e-43
9.2,6.51988189737749,6.49982614430646,4.819988895075861e-43
9.2,6.5344864474384,6.51447565673672,4.892107946532671e-43
9.2,6.54909119834122,6.52912516916697,4.96541077211554e-43
9.2,6.55759109314492,6.53765102275678,5.00862513004104e-43
9.2,6.57219615904402,6.55230053518702,5.08384193986158e-43
9.2,6.58680142234768,6.56695004761728,5.16029506320917e-43
9.2,6.59530161379265,6.57547590120708,5.20536728716255e-43
9.2,6.60990718671673,6.59012541363733,5.283818740526791e-43
9.2,6.62451295368587,6.60477492606758,5.36356056207685e-43
9.2,6.63301343672375,6.61330077965738,5.41057187010796e-43
9.2,6.64761950805891,6.62795029208763,5.492398619500111e-43
9.2,6.66222577015534,6.64259980451788,5.57557110840079e-43
9.2,6.67072653985151,6.65112565810769,5.62460469366586e-43
9.2,6.6853331011776,6.66577517053793,5.70995059103997e-43
9.2,6.69993985005474,6.68042468296819,5.79669864405955e-43
9.2,6.70844090158513,6.68895053655799,5.847839265480161e-43
9.2,6.72304794467034,6.70360004898825,5.936850591939021e-43
9.2,6.73765517216789,6.7182495614185,6.02732117206958e-43
9.2,6.74615650081592,6.7267754150083,6.0806546079310905e-43
9.2,6.76076401761152,6.74142492743855,6.17347905162248e-43
9.2,6.77537171575032,6.7560744398688,6.2678200528151006e-43
9.2,6.78387331690393,6.76460029345861,6.323432384255301e-43
9.2,6.79848129953926,6.77924980588886,6.42021770559696e-43
9.2,6.81308946051626,6.79389931831911,6.5185764778192705e-43
9.2,6.82159132966501,6.80242517190891,6.576553160234211e-43
9.2,6.83619977044255,6.81707468433916,6.67744546947837e-43
9.2,6.85080838662603,6.83172419676941,6.77996692135761e-43
9.2,6.85931051935835,6.84025005035922,6.840391595650301e-43
9.2,6.87391941074902,6.85489956278947,6.945533149621211e-43
9.2,6.88852847467389,6.86954907521972,7.052357331447201e-43
9.2,6.89703086667437,6.87807492880952,7.11531030954731e-43
9.2,6.91164020131293,6.89272444123978,7.22483671471659e-43
9.2,6.92624970567622,6.90737395367002,7.33609575356828e-43
9.2,6.93475235272301,6.91589980725982,7.40165210363743e-43
9.2,6.94936212340366,6.93054931969008,7.51568878247502e-43
9.2,6.96397206106016,6.94519883212033,7.63150301939705e-43
9.2,6.97247495902247,6.95372468571014,7.699730154700882e-43
9.2,6.98708515869454,6.96837419814038,7.818387902388211e-43
9.2,7.00169552265253,6.98302371057063,7.93886104122907e-43
9.2,7.01019866748817,6.99154956416044,8.00981569536177e-43
9.2,7.02480928925199,7.00619907659069,8.133185110936972e-43
9.2,7.03942007266921,7.02084858902094,8.25839814547262e-43
9.2,7.04792346042223,7.02937444261075,8.33212258877803e-43
9.2,7.06253449752511,7.044023955041,8.460267114944722e-43
9.2,7.07714569370473,7.05867346747125,8.59027074419868e-43
9.2,7.08564932050314,7.06719932106105,8.666788062218461e-43
9.2,7.10026076633548,7.0818488334913,8.799735303457461e-43
9.2,7.11487236872231,7.09649834592155,8.93454048137364e-43
9.2,7.12337623077588,7.10502419951135,9.013848693112121e-43
9.2,7.13798807886741,7.11967371194161,9.151579609898591e-43
9.2,7.15260008104413,7.13432322437186,9.291145785136322e-43
9.2,7.16110417464225,7.14284907796166,9.37321052962037e-43
9.2,7.17571641865835,7.15749859039191,9.515646003107761e-43
9.2,7.19032881434197,7.17214810282216,9.659866508856742e-43
9.2,7.19883313585153,7.18067395641197,9.74461196100117e-43
9.2,7.21344576958976,7.19532346884221,9.89159611516773e-43
9.2,7.22805855262808,7.20997298127247,1.00402800399552e-42
9.2,7.2365630984915,7.21849883486228,1.0127577643504e-42
9.2,7.25117611587813,7.23314834729252,1.02788571662829e-42
9.2,7.26578928024636,7.24779785972278,1.04317068867036e-42
9.2,7.27429404697963,7.25632371331258,1.05213613964804e-42
9.2,7.28890744206633,7.27097322574283,1.0676559932523899e-42
9.2,7.30352098186385,7.28562273817308,1.08331433073738e-42
9.2,7.31202596605464,7.29414859176288,1.0924875522592401e-42
9.2,7.32663973301527,7.30879810419314,1.1083462011460099e-42
9.2,7.34125364246241,7.32344761662339,1.1243178022013301e-42
9.2,7.34975884076824,7.33197347021319,1.13366034617468e-42
9.2,7.36437297389572,7.34662298264344,1.1497853058890399e-42
9.2,7.37898724733071,7.36127249507369,1.1659889435008599e-42
9.2,7.38749265647717,7.3697983486635,1.1754492057525602e-42
9.2,7.40210715018047,7.38444786109374,1.19174380076589e-42
9.2,7.41672178205645,7.399097373524,1.20807190993896e-42
9.2,7.42522739883546,7.40762322711381,1.2175819000951101e-42
9.2,7.43984224763668,7.42227273954405,1.23391935494458e-42
9.2,7.45445723251877,7.4369222519743,1.2502316413446e-42
9.2,7.46296305378695,7.44544810556411,1.25970302750233e-42
9.2,7.47757825231846,7.46009761799436,1.2759192407623901e-42
9.2,7.49219358488098,7.4747471304246,1.2920348797638702e-42
9.2,7.500699607558,7.48327298401441,1.30135416846613e-42
9.2,7.51531515055968,7.49792249644466,1.31723892369949e-42
9.2,7.52993082558344,7.51257200887491,1.3329270962490001e-42
9.2,7.53843704665047,7.52109786246472,1.34194979826276e-42
9.2,7.55305292896702,7.53574737489497,1.35723615229373e-42
9.2,7.56766894133664,7.55039688732522,1.37220465871461e-42
9.2,7.57617535783479,7.55892274091502,1.3807482915710701e-42
9.2,7.59079157441319,7.57357225334527,1.39509989162944e-42
9.2,7.60540791911455,7.58822176577553,1.40898160986898e-42
9.2,7.61882518112381,7.60166936211944,1.42125222926913e-42
9.2,7.65031744182468,7.63323240253735,1.44793564892243e-42
9.2,7.68181028351315,7.66479544295525,1.47095045452982e-42
9.2,7.70013903236329,7.68316478205328,1.48226594867159e-42
9.2,7.73163277867954,7.71472782247119,1.49735903513027e-42
9.2,7.76312708784417,7.74629086288909,1.5058185613306003e-42
9.2,7.7814566825154,7.76466020198712,1.50709907252386e-42
9.2,7.81295186820943,7.79622324240503,1.50188948541206e-42
9.2,7.84444759935916,7.82778628282293,1.4856760234674702e-42
9.2,7.86277801371391,7.84615562192097,1.47034777841915e-42
9.2,7.8942745944452,7.87771866233887,1.4323330343407199e-42
9.2,7.92577170394807,7.90928170275677,1.37745841528289e-42
9.2,7.9441029129136,7.9276510418548,1.33676303171463e-42
9.2,7.9756008461425,7.9592140822727,1.25008515925417e-42
9.2,8.00709929213173,7.99077712269061,1.1402489357383201e-42
9.2,8.02543127164655,8.00914646178864,1.06491590166907e-42
9.2,8.05693051654385,8.04070950220655,9.15175521890231e-43
9.2,8.08843025882955,8.07227254262445,7.40261698352977e-43
9.2,8.10676298579296,8.09064188172248,6.280600705146031e-43
9.2,8.13826350315486,8.12220492214039,4.2292907559449305e-43
9.2,8.16976450314101,8.15376796255829,2.19994774169091e-43
9.2,8.18809795536568,8.17213730165633,1.23070852320592e-43
9.2,8.2195997075338,8.20370034207423,2.7328903838440397e-44
9.2,8.25110192814006,8.23526338249213,6.77983307449759e-46
9.2,8.26850589675708,8.25270075279395,0.0
9.4,0.51099907,0.0,0.0
9.4,0.512696045551024,0.041679558332506306,2.3688205402424297e-48
9.4,0.5434262897898711,0.184911013446793,3.2139705078163396e-47
9.4,0.607287023749248,0.328142468561073,9.809224604348209e-47
9.4,0.656089631212423,0.411501585226094,1.5448176162790801e-46
9.4,0.7542206544414851,0.554733040340376,2.8513963167894503e-46
9.4,0.8650286044149871,0.697964495454658,4.62513452679487e-46
9.4,0.933588044266103,0.781323612119679,5.8926868127930296e-46
9.4,1.05637215122743,0.924555067233966,8.51294891897718e-46
9.4,1.18376015596464,1.06778652234825,1.17451666154091e-45
9.4,1.25946668545068,1.15114563901326,1.39343894374966e-45
9.4,1.39159337140665,1.29437709412754,1.82752668153933e-45
9.4,1.52572552918081,1.43760854924183,2.3417824640052197e-45
9.4,1.60451322533502,1.52096766590685,2.68145770796359e-45
9.4,1.74088447748504,1.66419912102113,3.34108441641839e-45
9.4,1.8782772258349,1.80743057613541,4.1059699159525504e-45
9.4,1.958623422698,1.89078969280044,4.60420737570431e-45
9.4,2.09722723606793,2.03402114791471,5.5603042788183004e-45
9.4,2.23641430574422,2.177252603029,6.65514131330829e-45
9.4,2.31764652109825,2.26061171969402,7.36240293754287e-45
9.4,2.45755611504871,2.4038431748083,8.709905654271539e-45
9.4,2.59782778873737,2.54707462992258,1.0241245851458699e-44
9.4,2.67960850586942,2.6304337465876,1.1225515227654199e-44
9.4,2.82034372030659,2.77366520170188,1.3092717437821398e-44
9.4,2.9613183138741,2.91689665681616,1.52051284670943e-44
9.4,3.0434609831322,3.00025577348118,1.65589447926292e-44
9.4,3.18474991261224,3.14348722859547,1.91210792649359e-44
9.4,3.32620500802154,3.28671868370974,2.20129055414322e-44
9.4,3.40859860208264,3.37007780037477,2.38636936869268e-44
9.4,3.55027632364664,3.51330925548905,2.7362983250814296e-44
9.4,3.69207394533755,3.65654071060333,3.1309774221768795e-44
9.4,3.77464842966106,3.73989982726835,3.38352849609609e-44
9.4,3.91660932513819,3.88313128238263,3.8611086115236996e-44
9.4,4.05865950080128,4.02636273749691,4.4001079671770397e-44
9.4,4.14136858636334,4.10972185416194,4.74529144447902e-44
9.4,4.2835419807006,4.25295330927622,5.398793149043149e-44
9.4,4.42578360657184,4.3961847643905,6.13768893989838e-44
9.4,4.50859550545875,4.47954388105552,6.61170860360321e-44
9.4,4.65093236440186,4.6227753361698,7.510971820342169e-44
9.4,4.79332252035129,4.76600679128408,8.530748737319189e-44
9.4,4.87621469571633,4.8493659079491,9.18666530011985e-44
9.4,5.01867995385324,4.99259736306339,1.0434672856516002e-43
9.4,5.16118762487522,5.13582881817767,1.18556881140958e-43
9.4,5.24414366210045,5.21918793484269,1.2772858170606501e-43
9.4,5.38671159088059,5.36241938995697,1.4524649889651101e-43
9.4,5.52931381614162,5.50565084507125,1.6529632162261402e-43
9.4,5.61232148062886,5.58900996173627,1.7829342507904601e-43
9.4,5.75497278104751,5.73224141685055,2.03235061438166e-43
9.4,5.89765220394824,5.87547287196483,2.31960475859267e-43
9.4,5.94352636584184,5.92151886021789,2.4210428780977602e-43
9.4,5.9584761447701,5.93652406027749,2.45513045330884e-43
9.4,5.97342620161907,5.95152926033707,2.48973995021821e-43
9.4,5.98212709583905,5.96026212017818,2.51012614241635e-43
9.4,5.99707758811259,5.97526732023777,2.5455798872312603e-43
9.4,6.0120283529746,5.99027252029735,2.5815793060497402e-43
9.4,6.0207296568166,5.99900538013845,2.60278553300792e-43
9.4,6.03568084877546,6.01401058019804,2.6396677154882103e-43
9.4,6.05063230812586,6.02901578025764,2.6771205264778302e-43
9.4,6.05933401378031,6.03774864009874,2.6991842899503703e-43
9.4,6.07428589211047,6.05275384015833,2.73756033055825e-43
9.4,6.08923803276626,6.06775904021792,2.7765332180201904e-43
9.4,6.0979401326205,6.07649190005902,2.79949391908059e-43
9.4,6.11289268434301,6.09149710011861,2.8394325516362e-43
9.4,6.1278454934522,6.10650230017819,2.87999557718282e-43
9.4,6.13654798008433,6.11523516001929,2.9038946119964905e-43
9.4,6.15150119254487,6.13024036007888,2.94546805031669e-43
9.4,6.16645465757615,6.14524556013848,2.9876948212614003e-43
9.4,6.1751575237491,6.15397841997957,3.0125756804816e-43
9.4,6.19011138460791,6.16898362003917,3.0558597900143302e-43
9.4,6.20506549334069,6.18398882009876,3.0998276333665204e-43
9.4,6.21376873199655,6.19272167993986,3.1257360037398e-43
9.4,6.22872322921869,6.20772687999944,3.1708104779581302e-43
9.4,6.24367796973361,6.22273208005904,3.21660061782036e-43
9.4,6.25238157398806,6.23146493990013,3.24358448624999e-43
9.4,6.26733669583415,6.24647013995972,3.2905330261611403e-43
9.4,6.28229205650381,6.26147534001932,3.33823076442798e-43
9.4,6.2909960196409,6.27020819986041,3.3663405234647102e-43
9.4,6.30595175465805,6.28521339992001,3.4152510193909e-43
9.4,6.32090772413818,6.30021859997959,3.46494591787623e-43
9.4,6.32961203960516,6.3089514598207,3.49423447179058e-43
9.4,6.34456837661831,6.32395665988029,3.5451991855084705e-43
9.4,6.35952494383923,6.33896185993988,3.59698524766651e-43
9.4,6.36822960524165,6.34769471978098,3.62750811785752e-43
9.4,6.38318653334524,6.36269991984057,3.68062386288422e-43
9.4,6.39814368750355,6.37770511990016,3.73459971264841e-43
9.4,6.40684868860054,6.38643797974126,3.76641514088473e-43
9.4,6.42180619715043,6.40144317980085,3.82178345804637e-43
9.4,6.43676392770113,6.41644837986044,3.8780525126456504e-43
9.4,6.44546926240079,6.42518123970153,3.9112215601319e-43
9.4,6.46042734100647,6.44018643976112,3.968948884787781e-43
9.4,6.47538563765527,6.45519163982072,4.02761951755444e-43
9.4,6.48409130001029,6.46392449966182,4.06220615736926e-43
9.4,6.4990499385274,6.47892969972141,4.12240397368515e-43
9.4,6.51400879122331,6.493934899781,4.183589661851651e-43
9.4,6.52271477542668,6.5026677596221,4.2196608616018605e-43
9.4,6.53767396394977,6.51767295968169,4.2824458381410104e-43
9.4,6.55263336287798,6.53267815974128,4.3462652893342206e-43
9.4,6.56133966325892,6.54141101958238,4.3838910801388005e-43
9.4,6.57629939211447,6.55641621964197,4.44938517953848e-43
9.4,6.59125932768946,6.57142141970156,4.515962429138021e-43
9.4,6.59996593870941,6.58015427954266,4.55521595602312e-43
9.4,6.6149261984491,6.59515947960225,4.62354650980934e-43
9.4,6.629886661308,6.61016467966184,4.69301097937372e-43
9.4,6.63859357755684,6.61889753950294,4.733968527044251e-43
9.4,6.65355435895102,6.63390273956253,4.80526826438683e-43
9.4,6.66851533994719,6.64890793962212,4.877754769029291e-43
9.4,6.6772225561395,6.65764079946322,4.9204957554126306e-43
9.4,6.69218385017093,6.67264599952281,4.99490277214053e-43
9.4,6.70714534036775,6.6876511995824,5.07055146196401e-43
9.4,6.71585285133929,6.6963840594235,5.11515839021721e-43
9.4,6.73081464919707,6.71138925948309,5.19281604000308e-43
9.4,6.74577663986196,6.72639445954268,5.27177225568504e-43
9.4,6.75448444056618,6.73512731938378,5.318330612954641e-43
9.4,6.76944673363989,6.75013251944337,5.39938730120672e-43
9.4,6.78440921623855,6.76513771950296,5.48180132362214e-43
9.4,6.79311730174328,6.77387057934406,5.530399412317741e-43
9.4,6.80808008161731,6.78887577940365,5.6150082646431e-43
9.4,6.82304304780811,6.80388097946324,5.701034925912211e-43
9.4,6.83175141329234,6.81261383930434,5.75176360960531e-43
9.4,6.84671467174044,6.82761903936394,5.84008198269394e-43
9.4,6.861678113369,6.84262423942352,5.9298801061268206e-43
9.4,6.87038675411978,6.85135709926462,5.982832448057751e-43
9.4,6.88535048309973,6.86636229932421,6.07502124303921e-43
9.4,6.90031439219378,6.88136749938381,6.1687528669232206e-43
9.4,6.90902330360319,6.8901003592249,6.22402363389714e-43
9.4,6.92398749525174,6.90510555928449,6.320246361753991e-43
9.4,6.93895186401596,6.92011075934408,6.418075692909711e-43
9.4,6.94766104157824,6.92884361918518,6.47576069082154e-43
9.4,6.96262568820613,6.94384881924477,6.576182228078121e-43
9.4,6.97759050901738,6.95885401930437,6.678274258084471e-43
9.4,6.98629994832607,6.96758687914546,6.73846945730748e-43
9.4,7.00126504241326,6.98259207920505,6.84325441555582e-43
9.4,7.01623030781579,6.99759727926465,6.949773115339111e-43
9.4,7.02494000456106,7.00633013910574,7.01257351421288e-43
9.4,7.03990553875212,7.02133533916533,7.1218841272432706e-43
9.4,7.05487124145303,7.03634053922493,7.232990119342971e-43
9.4,7.06358119141902,7.04507339906602,7.298488281631461e-43
9.4,7.07854715851864,7.06007859912561,7.41248169515173e-43
9.4,7.09351329138346,7.0750837991852,7.528329272399511e-43
9.4,7.10222349044575,7.0838166590263,7.59661345920138e-43
9.4,7.11718988341442,7.09882185908589,7.71543827431101e-43
9.4,7.13215643946285,7.11382705914549,7.83617160864318e-43
9.4,7.14086688358598,7.12255991898658,7.907323406054261e-43
9.4,7.1558336955358,7.13756511904618,8.03111529645584e-43
9.4,7.17080066793755,7.15257031910577,8.15686363987243e-43
9.4,7.17951135317267,7.16130317894686,8.23095495992914e-43
9.4,7.19447857736327,7.17630837900645,8.35983113824503e-43
9.4,7.20944595943409,7.19131357906604,8.49070277152654e-43
9.4,7.21815688191662,7.20004643890714,8.567792074375011e-43
9.4,7.23312451175129,7.21505163896673,8.70184432813686e-43
9.4,7.24809229694905,7.23005683902632,8.83791895368775e-43
9.4,7.25680345289646,7.23878969886742,8.918046502163061e-43
9.4,7.27177148191831,7.25379489892701,9.05733245187613e-43
9.4,7.28673966383928,7.26880009898661,9.198651653708e-43
9.4,7.29545104954892,7.27753295882771,9.28183356595029e-43
9.4,7.3104194714372,7.29253815888729,9.426365716314831e-43
9.4,7.32538804381239,7.30754335894688,9.57292101866765e-43
9.4,7.33409965565941,7.31627621878798,9.6591418279013e-43
9.4,7.34906846422597,7.33128141884758,9.80887387823401e-43
9.4,7.36403742091764,7.34628661890716,9.96059182443101e-43
9.4,7.37274925535293,7.35501947874826,1.0049795185506001e-42
9.4,7.38771844453873,7.37002467880786,1.0204604935815001e-42
9.4,7.40268777953696,7.38502987886745,1.0361328466742e-42
9.4,7.41139983308523,7.39376273870855,1.04534055633836e-42
9.4,7.426369396957,7.40876793876813,1.0613073601049701e-42
9.4,7.44133910437637,7.42377313882773,1.07745388480915e-42
9.4,7.45005137363421,7.43250599866883,1.0869313950912202e-42
9.4,7.46502130638125,7.44751119872842,1.10334971090104e-42
9.4,7.47999138045765,7.462516398788,1.11993045094836e-42
9.4,7.48870386209168,7.47124925862911,1.12965170072613e-42
9.4,7.50367415802267,7.48625445868869,1.1464715358423601e-42
9.4,7.5186445931102,7.50125965874828,1.1634293755942001e-42
9.4,7.5273572838553,7.50999251858939,1.1733575837239202e-42
9.4,7.54232793739527,7.52499771864898,1.19050917151174e-42
9.4,7.55729872796322,7.54000291870856,1.20776538250355e-42
9.4,7.56601162462077,7.54873577854966,1.2178502804778699e-42
9.4,7.58098263030814,7.56374097860925,1.2352390034310501e-42
9.4,7.59595377093809,7.57874617866885,1.25268773162146e-42
9.4,7.60466687037431,7.58747903850994,1.26286214112214e-42
9.4,7.61963822285803,7.60248423856954,1.2803622573416401e-42
9.4,7.63460970824096,7.61748943862912,1.297863720159e-42
9.4,7.64332300738529,7.62622229847022,1.30803933416264e-42
9.4,7.65829470142205,7.64122749852981,1.32548625363308e-42
9.4,7.67326652635568,7.65623269858941,1.34285837862582e-42
9.4,7.68198002219914,7.6649655584305,1.35292058377734e-42
9.4,7.6969520526507,7.6799707584901,1.3701014054625301e-42
9.4,7.71192421203674,7.69497595854968,1.3871096101176502e-42
9.4,7.72063790163046,7.70370881839078,1.39691117117253e-42
9.4,7.73561026346101,7.71871401845038,1.41355316663035e-42
9.4,7.75058275230265,7.73371921850997,1.4298979607516801e-42
9.4,7.75929663275632,7.74245207835106,1.43925138099129e-42
9.4,7.77426932102994,7.75745727841066,1.45500810838085e-42
9.4,7.7892421344293,7.77246247847025,1.47031021262306e-42
9.4,7.80298661611535,7.78623658012871,1.48389573177355e-42
9.4,7.83524688888138,7.81856596571165,1.51369167458501e-42
9.4,7.86750772904099,7.85089535129458,1.53982135420126e-42
9.4,7.88628343828222,7.8697106947704,1.5529295709173702e-42
9.4,7.9185451619001,7.90204008035334,1.57102163521176e-42
9.4,7.95080743519316,7.93436946593628,1.5823020826039102e-42
9.4,7.96958397045945,7.9531848094121,1.58510008562988e-42
9.4,8.00184709976441,7.98551419499504,1.5821944296706002e-42
9.4,8.03411076175555,8.01784358057798,1.56776208844694e-42
9.4,8.05288809751597,8.0366589240538,1.5531542281902e-42
9.4,8.08515258919676,8.06898830963673,1.51568008371806e-42
9.4,8.11741759726701,8.10131769521966,1.46023876416423e-42
9.4,8.13619570903102,8.12013303869548,1.41858774598053e-42
9.4,8.16846152153589,8.15246242427842,1.32897398451914e-42
9.4,8.20072783479091,8.18479180986136,1.21427868775064e-42
9.4,8.21950669905596,8.20360715333718,1.13510413341596e-42
9.4,8.25177379250427,8.23593653892011,9.768376571907251e-43
9.4,8.28404137168805,8.26826592450305,7.908453296644411e-43
9.4,8.30282096589028,8.28708126797887,6.7105876620231606e-43
9.4,8.33508930198943,8.31941065356181,4.51381885064277e-43
9.4,8.36735810940314,8.35174003914475,2.3393125180417604e-43
9.4,8.38613841187105,8.37055538262057,1.3104567829876e-43
9.4,8.41840795383827,8.40288476820351,2.93829872986391e-44
9.4,8.45067795326387,8.43521415378645,7.48610648124237e-46
9.4,8.46850608559339,8.45307490042478,0.0
9.6,0.51099907,0.0,0.0
9.6,0.512777302011591,0.042667457358290396,2.33974072482934e-48
9.6,0.5449332064999001,0.18929381924774402,3.2005747022085297e-47
9.6,0.6115246664167441,0.335920181137194,9.78435697443183e-47
9.6,0.662250636333138,0.42125509585378507,1.5417929580622202e-46
9.6,0.763943322236307,0.5678814577432351,2.84790923427006e-46
9.6,0.878431257331566,0.7145078196326831,4.62201509712009e-46
9.6,0.949140900621287,0.7998427343492741,5.890273584079481e-46
9.6,1.07560392323374,0.946469096238725,8.51280263195532e-46
9.6,1.20663902229346,1.09309545812818,1.1748924726721298e-45
9.6,1.28445248770981,1.17843037284477,1.39413363395822e-45
9.6,1.42017442583838,1.32505673473422,1.82895972078707e-45
9.6,1.55787393149403,1.47168309662366,2.3442436582359097e-45
9.6,1.6387266816583,1.55701801134025,2.68467669746125e-45
9.6,1.77862986592998,1.7036443732297,3.3459317275012796e-45
9.6,1.91953688237013,1.85027073511915,4.11293534796466e-45
9.6,2.00192139736227,1.93560564983574,4.6126718506054194e-45
9.6,2.14401730407989,2.08223201172519,5.5718839641971295e-45
9.6,2.28668530829517,2.22885837361464,6.67063905648002e-45
9.6,2.36993894969853,2.31419328833123,7.380614260019689e-45
9.6,2.5133152210682,2.46081965022068,8.733651816486119e-45
9.6,2.65704624641911,2.60744601211013,1.0271818026433499e-44
9.6,2.74083731173936,2.69278092682672,1.1260753916191697e-44
9.6,2.88502232240157,2.83940728871617,1.31373660775895e-44
9.6,3.02944169973446,2.98603365060562,1.52612413967625e-44
9.6,3.11358714565536,3.07136856532221,1.66228313809523e-44
9.6,3.25831419619116,3.21799492721166,1.9200528981649599e-44
9.6,3.40320385351998,3.3646212891011,2.2111171490068901e-44
9.6,3.48759485287513,3.4499562038177,2.39746539469753e-44
9.6,3.63270232767419,3.59658256570715,2.74992470339937e-44
9.6,3.77792709368243,3.7432089275966,3.1476492840590097e-44
9.6,3.86249504880655,3.82854384231319,3.4022491298003597e-44
9.6,4.00787951439677,3.97517020420264,3.88390372872011e-44
9.6,4.15335129525416,4.12179656609209,4.4277967869405895e-44
9.6,4.23805089001445,4.20713148080868,4.77626883153866e-44
9.6,4.3836431654956,4.35375784269812,5.43630706237873e-44
9.6,4.52930215799766,4.50038420458758,6.183053588932559e-44
9.6,4.61410228437696,4.58571911930417,6.66235167642293e-44
9.6,4.75985438883528,4.73234548119361,7.57211775235806e-44
9.6,4.90565859952955,4.87897184308307,8.604534551137099e-44
9.6,4.99053720906639,4.96430675779965,9.26896734194777e-44
9.6,5.1364148395039,5.11093311968911,1.05339661855122e-43
9.6,5.28233393036425,5.25755948157855,1.19755138715967e-43
9.6,5.36727496775626,5.34289439629515,1.2906569980633802e-43
9.6,5.51325296028401,5.48952075818459,1.4686190741016502e-43
9.6,5.65926447594207,5.63614712007405,1.6725016537515802e-43
9.6,5.74425597653629,5.72148203479064,1.80477435652274e-43
9.6,5.89031545884668,5.86810839668008,2.0588332247730005e-43
9.6,6.03640242739708,6.01473475856953,2.3517837233918104e-43
9.6,6.08337191791176,6.06187214003203,2.45531914117158e-43
9.6,6.09867862321567,6.07723299699188,2.49012130189736e-43
9.6,6.11398560014261,6.09259385395172,2.5254613250900406e-43
9.6,6.1228942150046,6.10153370216013,2.5462801693523902e-43
9.6,6.13820161748801,6.11689455911997,2.5824904669835303e-43
9.6,6.15350928638133,6.13225541607983,2.6192634183756803e-43
9.6,6.16241830158072,6.14119526428823,2.64092781627764e-43
9.6,6.17772638788883,6.15655612124807,2.6786112608265704e-43
9.6,6.19303473552604,6.17191697820792,2.7168834289847902e-43
9.6,6.20194414342778,6.18085682641632,2.7394325585899305e-43
9.6,6.21725290054414,6.19621768337618,2.7786575144956e-43
9.6,6.23256191403694,6.21157854033602,2.8184986103465003e-43
9.6,6.24147170719857,6.22051838854443,2.84197367320616e-43
9.6,6.25678112243443,6.23587924550428,2.88281203698346e-43
9.6,6.27209078921826,6.25124010246412,2.92429537428225e-43
9.6,6.28100096038387,6.26017995067252,2.94873970174426e-43
9.6,6.29631102136799,6.27554080763237,2.99126708688042e-43
9.6,6.31162132919189,6.29090166459222,3.0344697697478606e-43
9.6,6.32053187128638,6.29984151280062,3.05992893339121e-43
9.6,6.33584256595515,6.31520236976047,3.1042248617843902e-43
9.6,6.35115350287209,6.33056322672032,3.14922797889267e-43
9.6,6.36006440899553,6.33950307492873,3.17574990434574e-43
9.6,6.37537572558348,6.35486393188857,3.22189800453878e-43
9.6,6.390687279941,6.37022478884841,3.2687868291152705e-43
9.6,6.39959854336326,6.37916463705682,3.2964219139351502e-43
9.6,6.41491047039396,6.39452549401667,3.3445101242781705e-43
9.6,6.43022263082515,6.40988635097652,3.3933743195129503e-43
9.6,6.43913424498073,6.41882619918492,3.42217555309575e-43
9.6,6.45444677125792,6.43418705614477,3.4722963294903906e-43
9.6,6.46975952667276,6.44954791310461,3.5232301573777802e-43
9.6,6.47867148515581,6.45848776131302,3.55325324314373e-43
9.6,6.49398459975494,6.47384861827286,3.60550376952942e-43
9.6,6.50929793933193,6.48920947523271,3.6586063019640405e-43
9.6,6.51821023589138,6.49814932344112,3.68990978032878e-43
9.6,6.53352392815148,6.51351018040097,3.74439217996325e-43
9.6,6.54883784132954,6.52887103736082,3.79976750966559e-43
9.6,6.55775046986451,6.53781088556922,3.83241288045907e-43
9.6,6.57306472938022,6.55317174252906,3.88923442537271e-43
9.6,6.58837920585097,6.56853259948891,3.94699187377525e-43
9.6,6.59729216040628,6.57747244769731,3.98104371629529e-43
9.6,6.6126069770203,6.59283330465716,4.040317031554341e-43
9.6,6.62792200672051,6.60819416161701,4.100571349948521e-43
9.6,6.63683528148236,6.61713400982541,4.13609743831767e-43
9.6,6.65215064527809,6.63249486678526,4.19794069678004e-43
9.6,6.66746621838247,6.64785572374511,4.26081225601233e-43
9.6,6.67637980767427,6.65679557195351,4.2978836668891405e-43
9.6,6.69169570896875,6.67215642891336,4.36242076901421e-43
9.6,6.70701181588297,6.6875172858732,4.42803573172768e-43
9.6,6.71592571416133,6.69645713408161,4.46672694063418e-43
9.6,6.73124214349838,6.71181799104146,4.53408767243806e-43
9.6,6.74655877485234,6.72717884800131,4.60257814036335e-43
9.6,6.75547297670318,6.73611869620971,4.64296710192761e-43
9.6,6.77078992484684,6.75147955316956,4.713287262442101e-43
9.6,6.78610707148813,6.76684041012941,4.78479138925179e-43
9.6,6.79502157162296,6.77578025833782,4.82695959549183e-43
9.6,6.81033902955111,6.79114111529766,4.90038108287061e-43
9.6,6.82565668253877,6.8065019722575,4.97504314080578e-43
9.6,6.83457147579104,6.81544182046591,5.01907565005489e-43
9.6,6.84988943468928,6.83080267742576,5.09574649277141e-43
9.6,6.86520758528772,6.8461635343856,5.17371687824409e-43
9.6,6.87412266660937,6.85510338259401,5.21970230555081e-43
9.6,6.88944111786502,6.87046423955386,5.2997766219691e-43
9.6,6.90475975753819,6.88582509651371,5.381211781952551e-43
9.6,6.91367512199624,6.89476494472211,5.429242239488201e-43
9.6,6.92899405719269,6.91012580168196,5.512880103681761e-43
9.6,6.94431317759838,6.92548665864181,5.59794235875674e-43
9.6,6.9532288203717,6.93442650685021,5.648113331911201e-43
9.6,6.96854823128281,6.94978736381005,5.735480522066271e-43
9.6,6.98386782426722,6.9651482207699,5.824337760209701e-43
9.6,6.99278374064338,6.97408806897831,5.8767479017344005e-43
9.6,7.00810361922816,6.98944892593815,5.9680154951986e-43
9.6,7.02342367682061,7.004809782898,6.0608406981013005e-43
9.6,7.03233986219282,7.01374963110641,6.11559151813683e-43
9.6,7.04766020059025,7.02911048806625,6.21093529504166e-43
9.6,7.06298071499807,7.0444713450261,6.307905853975521e-43
9.6,7.07189716486224,7.0534111932345,6.3651012785588105e-43
9.6,7.08721795538628,7.06877205019435,6.46470088258826e-43
9.6,7.10253891898987,7.08413290715419,6.565997649224881e-43
9.6,7.11145562894181,7.09307275536261,6.625743413139591e-43
9.6,7.12677686407653,7.10843361232245,6.72978120696142e-43
9.6,7.1420982694246,7.12379446928229,6.835587210534591e-43
9.6,7.1510152351572,7.1327343174907,6.8979900420962605e-43
9.6,7.16633690755215,7.14809517445055,7.006649579453821e-43
9.6,7.18165874735711,7.1634560314104,7.1171483257172604e-43
9.6,7.19057596465774,7.1723958796188,7.18231487067711e-43
9.6,7.20589806712339,7.18775673657865,7.295778888380381e-43
9.6,7.22122033425685,7.20311759353849,7.41115213357678e-43
9.6,7.23013779900478,7.2120574417469,7.479187552510761e-43
9.6,7.24546032450817,7.22741829870675,7.597635360054941e-43
9.6,7.26078301199666,7.24277915566659,7.71806023120117e-43
9.6,7.26970072016054,7.251719003875,7.789066387926161e-43
9.6,7.28502366182103,7.26707986083485,7.912670507850401e-43
9.6,7.30034676284181,7.28244071779469,8.03831580181387e-43
9.6,7.30926471047728,7.2913805660031,8.11238894243648e-43
9.6,7.32458806156247,7.30674142296295,8.241310809225561e-43
9.6,7.33991156943947,7.32210227992279,8.37233226903906e-43
9.6,7.34882975268683,7.33104212813119,8.449560062306151e-43
9.6,7.36415350660858,7.34640298509104,8.58394454939867e-43
9.6,7.3794774148085,7.36176384205089,8.72047886198263e-43
9.6,7.38839582989047,7.3707036902593,8.800936643922571e-43
9.6,7.40371998020106,7.38606454721914,8.94090512576827e-43
9.6,7.41904428232956,7.40142540417899,9.08306232344211e-43
9.6,7.42796292554906,7.41036525238739,9.166808347984252e-43
9.6,7.44328746593749,7.42572610934724,9.312449933425222e-43
9.6,7.45861215573555,7.44108696630709,9.46030380291699e-43
9.6,7.4675310234736,7.45002681451549,9.54737325037002e-43
9.6,7.48285594776198,7.46538767147534,9.698733733159182e-43
9.6,7.4981810191023,7.48074852843518,9.852309735877e-43
9.6,7.507100107816,7.48968837664359,9.942707174470421e-43
9.6,7.52242540995605,7.50504923360344,1.00997751346785e-42
9.6,7.53775085683965,7.52041009056328,1.0259035224855899e-42
9.6,7.54667016306014,7.52934993877169,1.0352725137216101e-42
9.6,7.56199583712983,7.54471079573154,1.0515414487831901e-42
9.6,7.5773216536827,7.56007165269139,1.0680238056862602e-42
9.6,7.58624117401326,7.56901150089979,1.0777132956700599e-42
9.6,7.60156721421354,7.58437235785964,1.09452610575769e-42
9.6,7.61689339468338,7.59973321481948,1.11154210513591e-42
9.6,7.62581312579761,7.60867306302789,1.1215366595636101e-42
9.6,7.64113952644921,7.62403391998774,1.13886268454741e-42
9.6,7.65646606520233,7.63939477694758,1.1563759872090701e-42
9.6,7.66538600384226,7.64833462515598,1.16665162342484e-42
9.6,7.68071275938265,7.66369548211583,1.18444437943303e-42
9.6,7.69603965090093,7.67905633907568,1.20240127604874e-42
9.6,7.70495979387534,7.68799618728409,1.21292313598993e-42
9.6,7.72028689885573,7.70335704424393,1.23111603524905e-42
9.6,7.73561413773364,7.71871790120378,1.24944078422583e-42
9.6,7.74453448191633,7.72765774941218,1.26016023223881e-42
9.6,7.7598619309988,7.74301860637204,1.2786612488573299e-42
9.6,7.77518951194057,7.75837946333187,1.29725027054941e-42
9.6,7.78411005426873,7.76731931154029,1.3081012822433e-42
9.6,7.79943784222338,7.78268016850013,1.32678631983511e-42
9.6,7.81476576004027,7.79804102545998,1.34550098651317e-42
9.6,7.82368649751284,7.80698087366838,1.35639566847657e-42
9.6,7.83901461921514,7.82234173062823,1.37510034112202e-42
9.6,7.85434286882268,7.83770258758808,1.39375805584097e-42
9.6,7.86326379849888,7.84664243579648,1.40458110964065e-42
9.6,7.87859224892697,7.86200329275632,1.42309060139477e-42
9.6,7.8939208253424,7.87736414971617,1.44145381484172e-42
9.6,7.90284194434016,7.88630399792459,1.4520557341232e-42
9.6,7.91817071857235,7.90166485488442,1.4700923640872702e-42
9.6,7.93349961691208,7.91702571184427,1.48785514584242e-42
9.6,7.94242092240659,7.92596556005267,1.4980439201372e-42
9.6,7.95775001561885,7.94132641701252,1.51525202255461e-42
9.6,7.97307923109602,7.95668727397237,1.5320237999386e-42
9.6,7.98715087142391,7.97078785273745,1.54697224249065e-42
9.6,8.02017901344469,8.00388351727821,1.58000438370227e-42
9.6,8.05320770988383,8.03697918181897,1.60938872514366e-42
9.6,8.07243029704413,8.05624049114071,1.6243786756815e-42
9.6,8.10545985673586,8.08933615568148,1.64563584010762e-42
9.6,8.13848995352944,8.12243182022224,1.65991928707824e-42
9.6,8.15771334782024,8.14169312954398,1.66434735396352e-42
9.6,8.19074428104274,8.17478879408474,1.66394803382374e-42
9.6,8.22377573476362,8.2078844586255,1.65150569947197e-42
9.6,8.24299991123336,8.22714576794725,1.63773956398958e-42
9.6,8.27603217565836,8.26024143248801,1.6010062551373802e-42
9.6,8.30906494465499,8.29333709702877,1.54517451041265e-42
9.6,8.32828987936912,8.31259840635052,1.50265154101511e-42
9.6,8.36132343438829,8.34569407089128,1.41019627401391e-42
9.6,8.39435747869497,8.37878973543204,1.2906485046253301e-42
9.6,8.41358314868469,8.39805104475378,1.2075830864586901e-42
9.6,8.44661795532325,8.43114670929455,1.0405924357070899e-42
9.6,8.47965323657577,8.4642423738353,8.431587307518741e-43
9.6,8.4988796197899,8.48350368315705,7.154972743039231e-43
9.6,8.53191564062536,8.51659934769781,4.8067185204066e-43
9.6,8.56495212198165,8.54969501223857,2.4818572987713602e-43
9.6,8.58417919724125,8.56895632156032,1.3927848352338602e-43
9.6,8.61721639632697,8.60205198610108,3.1522721397862297e-44
9.6,8.65025404239241,8.63514765064184,8.24016892494888e-46
9.6,8.66850626562315,8.65343173703976,0.0
9.8,0.51099907,0.0,0.0
9.8,0.5128604417728,0.043655276823388704,2.3121029048355e-48
9.8,0.546470994570642,0.19367627207833601,3.18774064845296e-47
9.8,0.615831032924808,0.34369726733329004,9.76050765986362e-47
9.8,0.66849666512769,0.4310078209800581,1.53889100477575e-46
9.8,0.773766460139183,0.58102881623501,2.84455500866078e-46
9.8,0.891938269400061,0.7310498114899631,4.61898798797644e-46
9.8,0.964797251637664,0.8183603651367322,5.88789826756135e-46
9.8,1.09493493354396,0.968381360391685,8.512535516611511e-46
9.8,1.22961127136051,1.11840235564664,1.17523045043301e-45
9.8,1.30952803298655,1.2057129092934,1.3947701453554099e-45
9.8,1.44883900744106,1.35573390454836,1.8302888513861098e-45
9.8,1.59009995529292,1.50575489980331,2.34653935860975e-45
9.8,1.67301452131085,1.59306545345008,2.68768589860976e-45
9.8,1.81644444374167,1.74308644870503,3.35047636138618e-45
9.8,1.9608609955623,1.89310744395999,4.1194807478494806e-45
9.8,2.0452812752249,1.98041799760675,4.62063504979972e-45
9.8,2.19086520622481,2.13043899286171,5.58279724154067e-45
9.8,2.33701044219787,2.28045998811666,6.68526822554402e-45
9.8,2.42228350693793,2.36777054176342,7.39781984644283e-45
9.8,2.56912324994778,2.51779153701838,8.75611824792209e-45
9.8,2.71631068858029,2.66781253227334,1.03007811185047e-44
9.8,2.80211050248036,2.7551230859201,1.12941627916714e-44
9.8,2.94974273148139,2.90514408117505,1.3179748755598598e-44
9.8,3.09760450893564,3.05516507643,1.53145703102523e-44
9.8,3.18375142483946,3.14247563007678,1.6683589602002998e-44
9.8,3.33191447629762,3.29249662533172,1.92761750075493e-44
9.8,3.48023671861421,3.44251762058667,2.2204838324501e-44
9.8,3.56662403249251,3.52982817423345,2.4080489498788295e-44
9.8,3.71515947971623,3.67984916948841,2.7629360970682397e-44
9.8,3.86380971688981,3.82987016474335,3.1635861605877e-44
9.8,3.95037021430501,3.91718071839012,3.4201558300301296e-44
9.8,4.09917672576071,4.06720171364507,3.9057315437725e-44
9.8,4.24806867011386,4.21722270890003,4.45433957152232e-44
9.8,4.33475796993473,4.3045332625468,4.805982957056739e-44
9.8,4.48376780010301,4.45455425780175,5.47233060441958e-44
9.8,4.63284289725035,4.6045752530567,6.226663971884019e-44
9.8,4.71963054408778,4.69188580670347,6.71106773439232e-44
9.8,4.8687967228456,4.84190680195842,7.63100254073549e-44
9.8,5.01801386826825,4.99192779721338,8.67567161926307e-44
9.8,5.10487828203468,5.07923835086014,9.34836717743054e-44
9.8,5.254167237391,5.2292593461151,1.06298675072456e-43
9.8,5.40349674198025,5.37928034137005,1.20913800055041e-43
9.8,5.49042221172667,5.46659089501681,1.3035951285476903e-43
9.8,5.63980932084437,5.61661189027177,1.48426850570448e-43
9.8,5.78922921346004,5.76663288552673,1.6914525907176302e-43
9.8,5.87620403309681,5.85394343917349,1.8259729234816303e-43
9.8,6.02567083231589,6.00396443442844,2.0845702362091403e-43
9.8,6.17516450941158,6.15398542968339,2.3830972486350302e-43
9.8,6.22322906503954,6.20221411645971,2.4886877742978802e-43
9.8,6.23889261141838,6.21793060167689,2.52419036679677e-43
9.8,6.25455642339918,6.23364708689408,2.5602465599345602e-43
9.8,6.26367270954663,6.24279390679993,2.58148960695771e-43
9.8,6.27933693764932,6.25851039201712,2.61844177640796e-43
9.8,6.29500142625481,6.2742268772343,2.6559733715814503e-43
9.8,6.30411810386303,6.28337369714015,2.67808717888427e-43
9.8,6.3197830006268,6.29909018235734,2.71655666402535e-43
9.8,6.33544815292372,6.31480666757453,2.7556327551525202e-43
9.8,6.34456521452464,6.32395348748038,2.7786581697077905e-43
9.8,6.3602307672178,6.33966997269756,2.8187162664987903e-43
9.8,6.37589657059986,6.35538645791475,2.8594095790370902e-43
9.8,6.38501400891389,6.36453327782059,2.88338959607026e-43
9.8,6.40068020512543,6.38024976303778,2.92511135227675e-43
9.8,6.41634664730309,6.39596624825497,2.9674984412126703e-43
9.8,6.42546445523321,6.40511306816082,2.99247832098652e-43
9.8,6.44113128286276,6.42082955337801,3.0359427395180205e-43
9.8,6.45679835185337,6.4365460385952,3.0801041960424703e-43
9.8,6.46591652247941,6.44569285850104,3.1061315856673603e-43
9.8,6.48158396972762,6.46140934371823,3.1514218364520303e-43
9.8,6.49725165384589,6.47712582893541,3.1974425031175806e-43
9.8,6.50637018041912,6.48627264884126,3.22456756318514e-43
9.8,6.52203823577837,6.50198913405845,3.27177120328306e-43
9.8,6.53770652362723,6.51770561927563,3.3197403967907404e-43
9.8,6.54682539956506,6.52685243918149,3.3480159325487803e-43
9.8,6.56249405181049,6.54256892439867,3.3972251333788902e-43
9.8,6.57816293227229,6.55828540961586,3.4472368751639004e-43
9.8,6.58728215115319,6.56743222952171,3.4767184715379904e-43
9.8,6.60295138933411,6.5831487147389,3.5280302534946104e-43
9.8,6.61862085156208,6.59886519995609,3.5801835058867203e-43
9.8,6.62774040712072,6.60801201986194,3.61092966621826e-43
9.8,6.64341022055229,6.62372850507913,3.66444613784534e-43
9.8,6.65908025396237,6.6394449902963,3.7188450452009305e-43
9.8,6.66820014008489,6.64859181020216,3.7509173320348204e-43
9.8,6.6838705183401,6.66430829541935,3.80674593309466e-43
9.8,6.69954111260309,6.68002478063654,3.86350006558376e-43
9.8,6.70866132332253,6.68917160054238,3.896963242785941e-43
9.8,6.72433225622451,6.70488808575956,3.9552169884642e-43
9.8,6.74000340125838,6.72060457097676,4.0144415859457506e-43
9.8,6.74912393075036,6.7297513908826,4.0493637602916e-43
9.8,6.76479540836492,6.74546787609979,4.110161483512291e-43
9.8,6.78046709432751,6.76118436131698,4.171977696102881e-43
9.8,6.78958793690596,6.77033118122283,4.208430456222e-43
9.8,6.80525994953439,6.78604766644001,4.27189704407682e-43
9.8,6.82093216681634,6.8017641516572,4.33643216499861e-43
9.8,6.83005331692944,6.81091097156305,4.3744907149147e-43
9.8,6.84572585510161,6.82662745678024,4.44075733409274e-43
9.8,6.86139859431951,6.84234394199743,4.50814501917514e-43
9.8,6.87052004654573,6.85149076190327,4.547888302893681e-43
9.8,6.88619310101341,6.86720724712046,4.61709260756581e-43
9.8,6.9018663530032,6.88292373233765,4.687473074214111e-43
9.8,6.91098810204755,6.89207055224349,4.7289838868947004e-43
9.8,6.92666166377792,6.90778703746068,4.801270200772011e-43
9.8,6.94233541958855,6.92350352267787,4.87479039734422e-43
9.8,6.95145746027889,6.93265034258372,4.91815547735815e-43
9.8,6.96713152044835,6.94836682780091,4.993674939436061e-43
9.8,6.98280577133561,6.96408331301809,5.0704886735597905e-43
9.8,6.9919280986191,6.97323013292394,5.115798768306301e-43
9.8,7.00760264860724,6.98894661814113,5.19470942914599e-43
9.8,7.02327738602785,7.00466310335831,5.27497744059517e-43
9.8,7.03239999496756,7.01380992326416,5.32232733707938e-43
9.8,7.04807502635135,7.02952640848135,5.404794189049501e-43
9.8,7.06375024195721,7.04524289369853,5.48868414911303e-43
9.8,7.07287312772881,7.05438971360439,5.53817265821796e-43
9.8,7.088548632277,7.07010619882158,5.624367579003521e-43
9.8,7.10422431790967,7.08582268403876,5.71205399396722e-43
9.8,7.11334747579822,7.09496950394461,5.76378387325418e-43
9.8,7.12902344546592,7.1106859891618,5.8538854567215805e-43
9.8,7.14469959315126,7.12640247437898,5.945549445771551e-43
9.8,7.15382301854817,7.13554929428483,5.99962724579086e-43
9.8,7.16949944547159,7.15126577950202,6.0938204872120305e-43
9.8,7.1851760474146,7.1669822647192,6.18964940281108e-43
9.8,7.19429973581463,7.17612908462505,6.2461852114610104e-43
9.8,7.20997661230606,7.19184556984224,6.34466100810925e-43
9.8,7.22565366088587,7.20756205505943,6.444847850211591e-43
9.8,7.23477760788426,7.21670887496528,6.50395491017465e-43
9.8,7.25045492642712,7.23242536018246,6.606909324561341e-43
9.8,7.26613241419218,7.24814184539965,6.71165189674427e-43
9.8,7.27525661548186,7.2572886653055,6.773446060597941e-43
9.8,7.29093436872603,7.27300515052269,6.881079284652471e-43
9.8,7.30661228838943,7.28872163573987,6.99057902192964e-43
9.8,7.31573673975833,7.29786845564573,7.05517800216771e-43
9.8,7.33141492051552,7.31358494086291,7.167692942736531e-43
9.8,7.34709326495047,7.32930142608009,7.282153325132241e-43
9.8,7.35621796227893,7.33844824598595,7.34967568542405e-43
9.8,7.3718965635183,7.35416473120313,7.46727607262406e-43
9.8,7.38757532575377,7.36988121642032,7.586900516840801e-43
9.8,7.396700265012,7.37902803632617,7.657464337434291e-43
9.8,7.41237927985585,7.39474452154336,7.78035223146203e-43
9.8,7.42805845307233,7.41046100676054,7.905341326042261e-43
9.8,7.437183630318,7.41960782666639,7.97906245936784e-43
9.8,7.45286305203765,7.43532431188358,8.10743500264273e-43
9.8,7.46854262956307,7.45104079710076,8.237982917483761e-43
9.8,7.47766804093895,7.46018761700662,8.314972728951921e-43
9.8,7.49334786295068,7.4759041022238,8.44901795018998e-43
9.8,7.50902783825646,7.49162058744099,8.58530781112337e-43
9.8,7.51815347998812,7.50076740734684,8.66567027360804e-43
9.8,7.53383369584937,7.51648389256403,8.80556169947683e-43
9.8,7.54951406254656,7.53220037778121,8.94775966133595e-43
9.8,7.55863993094018,7.54134719768706,9.03158763848977e-43
9.8,7.57432053434572,7.55706368290425,9.1774774118618e-43
9.8,7.59000128618133,7.57278016812144,9.325725100430761e-43
9.8,7.59912737762155,7.58192698802729,9.41309561226285e-43
9.8,7.61480836239988,7.59764347324447,9.56510573535418e-43
9.8,7.63048949325325,7.61335995846166,9.719510642453851e-43
9.8,7.63961580420112,7.62250677836751,9.81047885421228e-43
9.8,7.65529716431095,7.63822326358469,9.96869008003905e-43
9.8,7.67097866819028,7.65393974880188,1.01293133897795e-42
9.8,7.68010519518123,7.66308656870773,1.02239049993694e-42
9.8,7.69578692470806,7.67880305392492,1.03883427718708e-42
9.8,7.71146879574705,7.6945195391421,1.0555183968755e-42
9.8,7.72059553538897,7.70366635904796,1.0653385585787201e-42
9.8,7.73627762854177,7.71938284426514,1.0824002282912e-42
9.8,7.75195986099637,7.73509932948233,1.0996979719955e-42
9.8,7.76108680996769,7.74424614938818,1.10987267270409e-42
9.8,7.77676926107573,7.75996263460537,1.12753792653994e-42
9.8,7.79245184932093,7.77567911982255,1.14543056733533e-42
9.8,7.80157900436886,7.7848259397284,1.15594669328416e-42
9.8,7.81726180787857,7.80054242494559,1.17418885645711e-42
9.8,7.83294474640539,7.81625891016277,1.19264402256994e-42
9.8,7.84207210434409,7.82540573006863,1.20347988386566e-42
9.8,7.85775525481607,7.84112221528581,1.2222563682988402e-42
9.8,7.87343853822855,7.856838700503,1.24122416848397e-42
9.8,7.88256609593745,7.86598552040885,1.25234708158879e-42
9.8,7.89824958804356,7.88170200562603,1.27159493185101e-42
9.8,7.91393321105588,7.89741849084322,1.29100309265597e-42
9.8,7.92306096547802,7.90656531074908,1.30236634830655e-42
9.8,7.93874479399856,7.92228179596626,1.3219966580176801e-42
9.8,7.95442875143226,7.93799828118344,1.3417444329328002e-42
9.8,7.96355669957265,7.9471451010893,1.35328350042992e-42
9.8,7.97924085939359,7.96286158630648,1.3731744281915701e-42
9.8,7.99492514617486,7.97857807152366,1.3931249867982201e-42
9.8,8.00405328509897,7.98772489142952,1.40475277561055e-42
9.8,8.01973777120931,8.0034413766467,1.42474083480243e-42
9.8,8.03542238236636,8.01915786186389,1.4447117843917803e-42
9.8,8.04455070919854,8.02830468176974,1.45631275013948e-42
9.8,8.06023551668774,8.04402116698692,1.4761819899456402e-42
9.8,8.07592044734825,8.05973765220411,1.49593362494684e-42
9.8,8.08504895927032,8.06888447210996,1.5073564751334702e-42
9.8,8.10073408332578,8.08460095732715,1.52682511620277e-42
9.8,8.11641932871441,8.10031744254434,1.54604594239101e-42
9.8,8.12554802296421,8.10946426245019,1.55709467138485e-42
9.8,8.14123345886883,8.12518074766737,1.57579872491588e-42
9.8,8.15691901430487,8.14089723288456,1.5940877831591402e-42
9.8,8.17131775636366,8.15532426246334,1.61044563264437e-42
9.8,8.20511363447869,8.18918614424945,1.6468340891441e-42
9.8,8.23891005461453,8.22304802603557,1.67960951425582e-42
9.8,8.25857944279534,8.24275526528726,1.69656840607751e-42
9.8,8.29237670687783,8.27661714707338,1.72115409824872e-42
9.8,8.32617449604886,8.31047902885951,1.7386206432154802e-42
9.8,8.34584467330715,8.3301862681112,1.74479062539294e-42
9.8,8.37964328019646,8.36404814989732,1.74709973391382e-42
9.8,8.41344239593938,8.39791003168344,1.73685737233618e-42
9.8,8.43311333787744,8.41761727093514,1.72405565329005e-42
9.8,8.46691324618499,8.45147915272126,1.68826704914443e-42
9.8,8.50071364777308,8.48534103450737,1.63222636702817e-42
9.8,8.52038533098785,8.50504827375907,1.58891875763233e-42
9.8,8.55418650100719,8.53891015554519,1.49372314342866e-42
9.8,8.58798814936248,8.5727720373313,1.3693359723275301e-42
9.8,8.60766055139544,8.592479276583,1.28233335755702e-42
9.8,8.6414629450177,8.62634115836912,1.1064230667323501e-42
9.8,8.67526580262847,8.66020304015524,8.971830454238111e-43
9.8,8.69493890191847,8.67991027940694,7.613531827396442e-43
9.8,8.72874248255292,8.71377216119306,5.1076946841208505e-43
9.8,8.76254651339604,8.74763404297918,2.62749047071126e-43
9.8,8.78222028923498,8.76734128223087,1.4776746260391802e-43
9.8,8.81602502173421,8.801203164017,3.3748657284915496e-44
9.8,8.84983019120213,8.83506504580311,9.043454108617031e-46
9.8,8.86850643744882,8.85377243786683,0.0
10.0,0.51099907,0.0,0.0
10.0,0.5129454639188981,0.0446430220091401,2.2858234231746e-48
10.0,0.54803939412886,0.19805839536930303,3.17546099325365e-47
10.0,0.6202046917314931,0.351473768729462,9.73769833649435e-47
10.0,0.674825356721498,0.440759812747751,1.53611713491252e-46
10.0,0.783686290123309,0.5941751861079111,2.84134804749096e-46
10.0,0.9055449708030221,0.747590559468069,4.616082424931e-46
10.0,0.9805521398700471,0.836876603486358,5.88560197000298e-46
10.0,1.11436001765473,0.990291976846518,8.51221563478218e-46
10.0,1.25267176565038,1.14370735020668,1.17554104163143e-45
10.0,1.33468826313236,1.23299339422497,1.3953615359645499e-45
10.0,1.4775822550294,1.38640876758512,1.83153257298538e-45
10.0,1.62239897515338,1.53982414094528,2.34869486907413e-45
10.0,1.70737226295056,1.62911018496357,2.69051528309044e-45
10.0,1.85432397806268,1.78252555832373,3.35475768314328e-45
10.0,2.00224557447631,1.93594093168389,4.12565683551503e-45
10.0,2.08869920109447,2.02522697570218,4.62815532027074e-45
10.0,2.23776731021541,2.17864234906233,5.59311753688599e-45
10.0,2.3873862842555,2.3320577224225,6.69912013681249e-45
10.0,2.47467688493316,2.42134376644078,7.414122878810409e-45
10.0,2.62497708133411,2.57475913980094,8.7774313198196e-45
10.0,2.77561816967008,2.7281745131611,1.03282886511124e-44
10.0,2.86342522877802,2.81746055717939,1.1325913214665898e-44
10.0,3.01450225480097,2.97087593053956,1.32200713725337e-44
10.0,3.16580419501336,3.12429130389971,1.53653611127525e-44
10.0,3.25395135498251,3.21357734791799,1.6741491428972798e-44
10.0,3.40554841907746,3.36699272127816,1.93483393993894e-44
10.0,3.5573013932384,3.52040809463832,2.22942855726862e-44
10.0,3.64568399949759,3.60969413865661,2.41816170655968e-44
10.0,3.79764575085301,3.76310951201677,2.77538127866018e-44
10.0,3.94971989226041,3.91652488537692,3.17884491180858e-44
10.0,4.03827206260338,4.00581092939521,3.43731066359738e-44
10.0,4.19049919306435,4.15922630275537,3.9266640154252196e-44
10.0,4.3428099516453,4.31264167611553,4.4798194881865596e-44
10.0,4.43148820407133,4.40192772013381,4.8345241776226e-44
10.0,4.58391434791098,4.55534309349398,5.506967749651379e-44
10.0,4.7364043692142,4.70875846685413,6.268639440022689e-44
10.0,4.8251788752184,4.79804451087243,6.757985969892519e-44
10.0,4.97775803296077,4.95145988423259,7.68777397414354e-44
10.0,5.13038706581905,5.10487525759274,8.744328670699559e-44
10.0,5.21923669483331,5.19416130161104,9.42504690504907e-44
10.0,5.37193599591775,5.34757667497119,1.07225841104226e-43
10.0,5.52467497372883,5.50099204833135,1.22035220393885e-43
10.0,5.6135843450816,5.59027809234964,1.3161255551355e-43
10.0,5.76637968552005,5.7436934657098,1.49944199005347e-43
10.0,5.9192071014096,5.89710883906995,1.70984846043996e-43
10.0,6.00816475687926,5.98639488308825,1.84656472803515e-43
10.0,6.16103806470386,6.1398102564484,2.10960075014901e-43
10.0,6.313937668145,6.29322562980857,2.41358911960659e-43
10.0,6.36309704267161,6.34254553983772,2.52119413691891e-43
10.0,6.37911735042367,6.35861762657069,2.5573835268165104e-43
10.0,6.39513791801555,6.37468971330365,2.59414205588249e-43
10.0,6.40446182933212,6.38404348934367,2.6158011616571302e-43
10.0,6.42048280401712,6.40011557607663,2.65348104866417e-43
10.0,6.43650403355199,6.4161876628096,2.6917569281739006e-43
10.0,6.44582832783456,6.42554143884962,2.7143116925553502e-43
10.0,6.46184995666948,6.44161352558258,2.75355252999122e-43
10.0,6.47787183549104,6.45768561231554,2.7934176452821306e-43
10.0,6.48719650543154,6.46703938835557,2.8169105761513506e-43
10.0,6.50321877595745,6.48311147508854,2.8577865779544903e-43
10.0,6.51924129172956,6.4991835618215,2.89931665576326e-43
10.0,6.52856633020438,6.50853733786151,2.9237925344520903e-43
10.0,6.54458923027626,6.52460942459448,2.9663818869186704e-43
10.0,6.56061237097282,6.54068151132745,3.0096567111212303e-43
10.0,6.56993777103709,6.55003528736746,3.03516271981897e-43
10.0,6.58596128881402,6.56610737410042,3.0795478036850203e-43
10.0,6.60198504270935,6.5821794608334,3.12465144138826e-43
10.0,6.61131079759133,6.59153323687341,3.1512372965622003e-43
10.0,6.62733492152707,6.60760532360638,3.19750491939744e-43
10.0,6.64335927718655,6.62367741033935,3.2445259572774304e-43
10.0,6.65268538028231,6.63303118637936,3.2722440490189803e-43
10.0,6.66871009911617,6.64910327311233,3.3204856877114402e-43
10.0,6.68473504538734,6.66517535984529,3.3695174783088903e-43
10.0,6.69406149025558,6.67452913588531,3.3984230154600103e-43
10.0,6.71008679300365,6.69060122261827,3.448735068378e-43
10.0,6.72611231900756,6.70667330935125,3.49987598591047e-43
10.0,6.73543909936463,6.71602708539125,3.5300271462309905e-43
10.0,6.7514649753114,6.73209917212423,3.58251119435672e-43
10.0,6.76749107043424,6.7481712588572,3.635864898682831e-43
10.0,6.7768181801494,6.75752503489721,3.66732298446358e-43
10.0,6.79284461883955,6.77359712163017,3.7220860602524305e-43
10.0,6.80887127272469,6.78966920836315,3.77776176907285e-43
10.0,6.81819870581543,6.79902298440315,3.81059136614975e-43
10.0,6.83422569704606,6.81509507113612,3.8677462291736e-43
10.0,6.85025289958628,6.8311671578691,3.9258589950871205e-43
10.0,6.85958065021394,6.8405209339091,3.960128135093361e-43
10.0,6.87560818402696,6.85659302064208,4.0197935516422904e-43
10.0,6.891635925357,6.87266510737504,4.080464542937151e-43
10.0,6.90096398782245,6.88201888341506,4.11624486695463e-43
10.0,6.91699205449728,6.89809097014802,4.1785458913769e-43
10.0,6.93302032498671,6.914163056881,4.2419026730267305e-43
10.0,6.94234869372616,6.923516832921,4.279269594731841e-43
10.0,6.95837728377278,6.93958891965397,4.344337848655221e-43
10.0,6.97440607401897,6.95566100638694,4.41051465951366e-43
10.0,6.98373474360008,6.96501478242696,4.44954752526495e-43
10.0,6.99976384775215,6.98108686915992,4.517521469958721e-43
10.0,7.01579314857365,6.99715895589289,4.58665949090963e-43
10.0,7.0251221136916,7.0065127319329,4.6274417334663706e-43
10.0,7.04115172289997,7.02258481866587,4.698466929209111e-43
10.0,7.05718152533004,7.03865690539884,4.77071453548019e-43
10.0,7.06651078080385,7.04801068143885,4.81333381709977e-43
10.0,7.08254088623023,7.06408276817182,4.88756316166152e-43
10.0,7.09857118151059,7.08015485490478,4.96307615066353e-43
10.0,7.10790072227952,7.0895086309448,5.0076244901504305e-43
10.0,7.12393131529039,7.10558071767777,5.085218426355351e-43
10.0,7.13996209486522,7.12165280441073,5.1641602100182e-43
10.0,7.1492919159853,7.13100658045075,5.21073408683631e-43
10.0,7.165322988146,7.14707866718372,5.29186076647674e-43
10.0,7.18135424365614,7.16315075391669,5.37440251413147e-43
10.0,7.19068434029684,7.1725045299567,5.42310294084784e-43
10.0,7.2067158833659,7.18857661668967,5.507938328828011e-43
10.0,7.22274760664322,7.20464870342264,5.59425904302917e-43
10.0,7.23207797408422,7.21400247946265,5.64519159508496e-43
10.0,7.24810998000787,7.23007456619562,5.73391949350966e-43
10.0,7.26414216306984,7.24614665292858,5.8242059965514605e-43
10.0,7.2734727966979,7.2555004289686,5.877480785693091e-43
10.0,7.28950525760475,7.27157251570157,5.970292752316191e-43
10.0,7.30553789264925,7.28764460243453,6.064739555800461e-43
10.0,7.31486878795519,7.29699837847455,6.12047112858202e-43
10.0,7.33090169615112,7.31307046520752,6.217566257559131e-43
10.0,7.34693477555134,7.32914255194049,6.31637527837564e-43
10.0,7.35626592812713,7.3384963279805,6.374682420641621e-43
10.0,7.37229927609032,7.35456841471347,6.4762669446079405e-43
10.0,7.38833279238986,7.37064050144643,6.57964702692329e-43
10.0,7.39766419792583,7.37999427748645,6.640652443065081e-43
10.0,7.41369797830197,7.39606636421942,6.746939107510351e-43
10.0,7.42973192421016,7.41213845095238,6.855105290658061e-43
10.0,7.43906357849222,7.4214922269924,6.9189351259086405e-43
10.0,7.45509778408989,7.43756431372537,7.0301422700594806e-43
10.0,7.47113215247718,7.45363640045833,7.143314736414511e-43
10.0,7.48046405138422,7.46299017649834,7.210097897726691e-43
10.0,7.4964986751704,7.47906226323131,7.32644816375683e-43
10.0,7.51253345906395,7.49513434996428,7.44485077805213e-43
10.0,7.52186559856531,7.50448812600429,7.514717999439541e-43
10.0,7.53790063366105,7.52056021273727,7.63643656922261e-43
10.0,7.55393582624044,7.53663229947023,7.76029490016362e-43
10.0,7.56326820239342,7.54598607551025,7.83337748420201e-43
10.0,7.57930364206964,7.56205816224322,7.960689718116151e-43
10.0,7.59533923666275,7.57813024897618,8.090228404905092e-43
10.0,7.60467184561022,7.58748402501619,8.16665655494387e-43
10.0,7.62070768328368,7.60355611174916,8.299784873441461e-43
10.0,7.63674367336268,7.61962819848213,8.43522416455895e-43
10.0,7.6460765113308,7.62898197452214,8.515124798247482e-43
10.0,7.66211274056015,7.64505406125511,8.654284610572192e-43
10.0,7.67814911973762,7.66112614798808,8.795835857036131e-43
10.0,7.68748218303359,7.67047992402809,8.87932976962284e-43
10.0,7.70351879751557,7.68655201076106,9.0247241956868e-43
10.0,7.71955555954075,7.70262409749402,9.17258402739508e-43
10.0,7.72888884455065,7.71197787353404,9.259782228912572e-43
10.0,7.74492583811645,7.72804996026701,9.411595302731931e-43
10.0,7.76096297687162,7.74412204699998,9.565938141385651e-43
10.0,7.77029648005831,7.75347582303999,9.656937156856961e-43
10.0,7.78633384666996,7.76954790977296,9.815325114100682e-43
10.0,7.80237135616691,7.78561999650593,9.9762935913172e-43
10.0,7.81170507406801,7.79497377254594,1.00711694517964e-42
10.0,7.82774280781497,7.8110458592789,1.0236249602777301e-42
10.0,7.8437806821916,7.82711794601188,1.0403942336796e-42
10.0,7.85311461141755,7.83647172205189,1.05027429209526e-42
10.0,7.86915270651334,7.85254380878485,1.06745794787358e-42
10.0,7.88519094003035,7.86861589551783,1.0849035522198301e-42
10.0,7.89452507726247,7.87796967155784,1.0951770817111901e-42
10.0,7.91056352804147,7.89404175829081,1.11303568922451e-42
10.0,7.92660211507918,7.91011384502378,1.13115359844376e-42
10.0,7.93593645706785,7.91946762106379,1.14181657295916e-42
10.0,7.95197525798213,7.93553970779676,1.1603400490032301e-42
10.0,7.96801419303738,7.95161179452973,1.1791158026392501e-42
10.0,7.97734873660025,7.96096557056974,1.19015760551158e-42
10.0,7.99338788221654,7.9770376573027,1.2093235802349601e-42
10.0,8.0094271598997,7.99310974403568,1.2287291151106e-42
10.0,8.01876190191996,8.00246352007569,1.2401305581423101e-42
10.0,8.03480138691674,8.01853560680866,1.2599007172018399e-42
10.0,8.05084100194875,8.03460769354163,1.27989036286149e-42
10.0,8.06017593937346,8.04396146958164,1.2916211835812701e-42
10.0,8.07621575853805,8.06003355631461,1.31193664879895e-42
10.0,8.09225570574767,8.07610564304757,1.33244207343484e-42
10.0,8.10159083558612,8.08545941908758,1.3444577780265099e-42
10.0,8.11763098381196,8.10153150582055,1.3652332835603e-42
10.0,8.13367125813299,8.11760359255352,1.38615712659492e-42
10.0,8.14300657745514,8.12695736859354,1.39839501482587e-42
10.0,8.15904704973907,8.1430294553265,1.4195115795764802e-42
10.0,8.17508764620772,8.15910154205947,1.4407194476511902e-42
10.0,8.18442315214265,8.16845531809948,1.45309362032223e-42
10.0,8.20046394358236,8.18452740483245,1.4743893526955102e-42
10.0,8.21650485733465,8.20059949156542,1.49569978851518e-42
10.0,8.2258405470691,8.20995326760544,1.5080948973617403e-42
10.0,8.24188165286053,8.2260253543384,1.5293534986814603e-42
10.0,8.25792287912984,8.24209744107137,1.5505254616246002e-42
10.0,8.26725874990675,8.25145121711138,1.56278892088488e-42
10.0,8.28330016534173,8.26752330384435,1.58372538422059e-42
10.0,8.29934169945633,8.28359539057732,1.60444271470992e-42
10.0,8.30867774857347,8.29294916661733,1.61637505721286e-42
10.0,8.32471946903725,8.3090212533503,1.63661800266055e-42
10.0,8.340761306418,8.32509334008327,1.6564702993276802e-42
10.0,8.35548709705752,8.3398467959282,1.67428251862746e-42
10.0,8.39005058690619,8.37447483734377,1.7141438634922e-42
10.0,8.42461460691821,8.40910287875935,1.7504433903442502e-42
10.0,8.44473072430344,8.4292560144092,1.76945657689201e-42
10.0,8.47929556979739,8.46388405582477,1.79753138854366e-42
10.0,8.51386092889011,8.49851209724036,1.8183589325330802e-42
10.0,8.53397781808654,8.5186652328902,1.826381797103e-42
10.0,8.56854397700247,8.55329327430578,1.8316007696981e-42
10.0,8.60311063363491,8.58792131572135,1.8237690041735e-42
10.0,8.62322827077484,8.6080744513712,1.81205546838183e-42
10.0,8.65779570262336,8.64270249278677,1.7774185566451e-42
10.0,8.69236361695375,8.67733053420235,1.7213550958764203e-42
10.0,8.71248197914271,8.6974836698522,1.67735346986982e-42
10.0,8.74705064508036,8.73211171126778,1.57952491862931e-42
10.0,8.78161977888017,8.76673975268335,1.45031740700331e-42
10.0,8.80173884414786,8.78689288833319,1.35933401799221e-42
10.0,8.83630870689433,8.82152092974878,1.17431083423581e-42
10.0,8.87087902346753,8.85614897116435,9.528971558750981e-43
10.0,8.89099877072171,8.87630210681419,8.08601697195647e-43
10.0,8.92556979448209,8.91093014822977,5.41643226958223e-43
10.0,8.96014125858917,8.94555818964535,2.7761563375303903e-43
10.0,8.98026166757224,8.96571132529519,1.5651167753768801e-43
10.0,9.01483381796384,9.00033936671077,3.6061304548165896e-44
10.0,9.04940639575029,9.03496740812635,9.897371236315079e-46
10.0,9.06850660161911,9.05409807402529,0.0
10.5,0.51099907,0.0,0.0
10.5,0.5141169129928661,0.0565345087928538,2.9885901635930795e-48
10.5,0.569234707562967,0.250814877456326,4.47599009878777e-47
10.5,0.677664981874754,0.445095246119801,1.3986896603957399e-46
10.5,0.756747907046175,0.558164263705499,2.2245049106170497e-46
10.5,0.909556471210966,0.7524446323689741,4.16554675896261e-46
10.5,1.075829111486,0.946725001032449,6.84367360236946e-46
10.5,1.17655574089784,1.05979401861815,8.78077732433445e-46
10.5,1.35418706919563,1.25407438728163,1.28348125176767e-45
10.5,1.53585531499867,1.4483547559451,1.7913085095170598e-45
10.5,1.64291334223325,1.5614237735308,2.13946621455273e-45
10.5,1.82855601075247,1.75570414219427,2.83863625619455e-45
10.5,2.0158272847955,1.94998451085775,3.6804832651404597e-45
10.5,2.12539641261667,2.06305352844344,4.24382637676731e-45
10.5,2.31444947505207,2.25733389710692,5.3528970009555e-45
10.5,2.50430280870141,2.45161426577039,6.661842439188671e-45
10.5,2.61509471978876,2.56468328335609,7.52670384855036e-45
10.5,2.80588675514641,2.75896365201957,9.211440442026501e-45
10.5,2.99712700685857,2.95324402068304,1.1178467186926899e-44
10.5,3.10860027957886,3.06631303826875,1.24692917336029e-44
10.5,3.30039231226694,3.26059340693222,1.49697615230757e-44
10.5,3.49245942780152,3.4548737755957,1.7873162587859499e-44
10.5,3.60434957030474,3.5679427931814,1.9772201317506598e-44
10.5,3.7967674631274,3.76222316184487,2.34418813079202e-44
10.5,3.98936589403202,3.95650353050835,2.76943165949032e-44
10.5,4.10152907751993,4.06957254809404,3.0473382339364697e-44
10.5,4.29436395119027,4.26385291675752,3.5842730847338197e-44
10.5,4.48732352746261,4.458133285421,4.2068533255143397e-44
10.5,4.59967504771311,4.5712023030067,4.614162239833331e-44
10.5,4.79280138786592,4.76548267167017,5.40244069421115e-44
10.5,4.98601739525651,4.95976304033365,6.319046013823549e-44
10.5,5.09850420588187,5.07283205791935,6.920372257630839e-44
10.5,5.29184215220031,5.26711242658282,8.088074043928669e-44
10.5,5.48524669577486,5.4613927952463,9.452571638974501e-44
10.5,5.5978339161021,5.57446181283199,1.0351677331071402e-43
10.5,5.79133027948726,5.76874218149547,1.21064970823034e-43
10.5,5.9848774409544,5.96302255015894,1.4171608715854402e-43
10.5,6.09754120848383,6.07609156774464,1.55407070788172e-43
10.5,6.29115921515545,6.27037193640812,1.8231231405452e-43
10.5,6.48481684205563,6.4646523050716,2.1427307607625504e-43
10.5,6.59754028771945,6.57772132265729,2.3563094864957602e-43
10.5,6.79125371023585,6.77200169132077,2.7797313965580903e-43
10.5,6.98499862482443,6.96628205998424,3.2886653196036202e-43
10.5,7.09776948970813,7.07935107756995,3.632098159774221e-43
10.5,7.2915591244381,7.27363144623342,4.32016186642944e-43
10.5,7.4853742007075,7.46791181489689,5.15847468455328e-43
10.5,7.59818336393702,7.58098083248259,5.73022290365934e-43
10.5,7.79203483023454,7.77526120114606,6.88771343263445e-43
10.5,7.98590714211374,7.96954156980954,8.31356679269875e-43
10.5,8.04501328947693,8.02876819806871,8.810954630048001e-43
10.5,8.05424607582947,8.03801964419555,8.891538902440021e-43
10.5,8.06347890495655,8.04727109032238,8.97292366829945e-43
10.5,8.06885232863512,8.05265532925504,9.020659949690421e-43
10.5,8.07808522513157,8.06190677538187,9.10332521097968e-43
10.5,8.08731816402498,8.0711582215087,9.18680876170081e-43
10.5,8.0926916514132,8.07654246044135,9.23577466285608e-43
10.5,8.10192465708217,8.08579390656818,9.32056663205397e-43
10.5,8.11115770477495,8.09504535269502,9.406194367280811e-43
10.5,8.11653125531209,8.10042959162767,9.4564161433516e-43
10.5,8.12576436919357,8.1096810377545,9.54337961430215e-43
10.5,8.13499752473007,8.11893248388133,9.6311958771786e-43
10.5,8.14037113786195,8.12431672281399,9.68269910616559e-43
10.5,8.14960435900714,8.13356816894082,9.771877593082581e-43
10.5,8.15883762144286,8.14281961506765,9.86192529590798e-43
10.5,8.16421129662175,8.1482038540003,9.91473464952243e-43
10.5,8.1734446240929,8.15745530012713,1.00061699782241e-42
10.5,8.18267799249432,8.16670674625396,1.00984901693181e-42
10.5,8.18805172917888,8.17209098518662,1.01526291498677e-42
10.5,8.19728516204913,8.18134243131346,1.0246360984259899e-42
10.5,8.20651863549356,8.19059387744028,1.0340992348019001e-42
10.5,8.2118924331487,8.19597811637293,1.0396482984471401e-42
10.5,8.22112597050191,8.20522956249977,1.0492548281167e-42
10.5,8.23035954807735,8.2144810086266,1.05895265617967e-42
10.5,8.23573340617417,8.21986524755925,1.0646389059604e-42
10.5,8.24496704710479,8.22911669368609,1.07448214396298e-42
10.5,8.25420072790972,8.23836813981291,1.0844178777712e-42
10.5,8.25957464592542,8.24375237874557,1.09024311157835e-42
10.5,8.26880838953832,8.2530038248724,1.10032601417557e-42
10.5,8.27804217268162,8.26225527099923,1.11050243112897e-42
10.5,8.2834161500994,8.26763950993188,1.1164681778658101e-42
10.5,8.29264999550972,8.27689095605871,1.12679321239464e-42
10.5,8.30188388011048,8.28614240218555,1.1372125655704699e-42
10.5,8.30725791641946,8.2915266411182,1.14332003192875e-42
10.5,8.31649186275248,8.30077808724504,1.1538890814193401e-42
10.5,8.32572584793984,8.31002953337187,1.16455299892874e-42
10.5,8.33109994263498,8.31541377230452,1.17080300829568e-42
10.5,8.34033398902595,8.32466521843135,1.1816172618679902e-42
10.5,8.349568073939,8.33391666455818,1.19252663142007e-42
10.5,8.35494222652101,8.33930090349083,1.19891955380395e-42
10.5,8.36417637211504,8.34855234961767,1.2099793812606202e-42
10.5,8.37341055590266,8.3578037957445,1.22113421763311e-42
10.5,8.37878476587792,8.36318803467715,1.2276698893262901e-42
10.5,8.3880190098298,8.37243948080398,1.23897469713117e-42
10.5,8.3972532916505,8.38169092693081,1.25037399065613e-42
10.5,8.402627558531,8.38707516586347,1.2570516221928001e-42
10.5,8.4118619000051,8.3963266119903,1.2685996885466e-42
10.5,8.42109627902692,8.40557805811713,1.28024123119735e-42
10.5,8.42647060233013,8.41096229704979,1.2870593019356101e-42
10.5,8.43570504050024,8.42021374317661,1.29884758806469e-42
10.5,8.4449395159006,8.42946518930345,1.31072777453179e-42
10.5,8.45031389514944,8.4348494282361,1.3176839119852299e-42
10.5,8.45954842919867,8.44410087436293,1.32970784597316e-42
10.5,8.46878300016422,8.45335232048976,1.34182144598808e-42
10.5,8.47415743488698,8.45873655942242,1.34891228775149e-42
10.5,8.48339206400758,8.46798800554925,1.36116551731635e-42
10.5,8.49262672973411,8.47723945167608,1.37350541521085e-42
10.5,8.49800121946434,8.48262369060873,1.3807264510420102e-42
10.5,8.50723594285762,8.49187513673557,1.3932005608015601e-42
10.5,8.51647070254989,8.5011265828624,1.4057574577336001e-42
10.5,8.52184524682637,8.50651082179505,1.4131028490182701e-42
10.5,8.53108006370254,8.51576226792188,1.4257870373453102e-42
10.5,8.54031491657419,8.52501371404872,1.43854911099697e-42
10.5,8.54568951494083,8.53039795298137,1.44601148446738e-42
10.5,8.55492442451889,8.5396493991082,1.45889219417023e-42
10.5,8.56415936979229,8.54890084523503,1.47184471008973e-42
10.5,8.56953402179807,8.55428508416768,1.47941492225047e-42
10.5,8.57876902330571,8.56353653029452,1.4924754191779902e-42
10.5,8.58800406021185,8.57278797642134,1.50560028694746e-42
10.5,8.59337876541074,8.578172215354,1.5132671552209502e-42
10.5,8.60261385808417,8.58742366148084,1.52648704716797e-42
10.5,8.61184898586257,8.59667510760767,1.53976231449579e-42
10.5,8.61722374381346,8.60205934654032,1.5475123106169e-42
10.5,8.62645892689733,8.61131079266715,1.56086699888153e-42
10.5,8.63569414479586,8.62056223879398,1.57426627462788e-42
10.5,8.64106895506253,8.62594647772664,1.58208317529851e-42
10.5,8.6503042278098,8.63519792385347,1.59554323011841e-42
10.5,8.65953953508462,8.64444936998029,1.60903502757867e-42
10.5,8.66491439723561,8.64983360891295,1.61689951684601e-42
10.5,8.67414975890745,8.65908505503978,1.6304299666152e-42
10.5,8.68338515482288,8.66833650116662,1.64397695653838e-42
10.5,8.68876006843146,8.67372074009927,1.65186617380761e-42
10.5,8.69799551829713,8.6829721862261,1.66542569759493e-42
10.5,8.70723100212551,8.69222363235293,1.6789838602123598e-42
10.5,8.71260596676963,8.69760787128558,1.68687088725394e-42
10.5,8.72184150410636,8.70685931741242,1.70041089865516e-42
10.5,8.73107707512799,8.71611076353924,1.71392856222506e-42
10.5,8.73645209039019,8.7214950024719,1.7217818420654003e-42
10.5,8.74568771448308,8.73074644859873,1.73524545237425e-42
10.5,8.75492337198608,8.73999789472556,1.7486622058534302e-42
10.5,8.76029843745344,8.74538213365821,1.7564448858981602e-42
10.5,8.76953414759535,8.75463357978505,1.76976573285482e-42
10.5,8.77876989087556,8.76388502591188,1.78301119913371e-42
10.5,8.78414500613963,8.76926926484453,1.79068039097584e-42
10.5,8.79338080163108,8.77852071097137,1.80378132016285e-42
10.5,8.80261662999197,8.7877721570982,1.81677377681729e-42
10.5,8.80799179464872,8.79315639603085,1.82427972466489e-42
10.5,8.81722767479778,8.80240784215768,1.83707130999799e-42
10.5,8.82646358755032,8.81165928828452,1.84971614420083e-42
10.5,8.83183880120007,8.81704352721717,1.85700129483751e-42
10.5,8.84107476532228,8.826294973344,1.86938018644815e-42
10.5,8.85031076178485,8.83554641947083,1.88156817288627e-42
10.5,8.85568602403222,8.84093065840349,1.8885661406830702e-42
10.5,8.86492207145046,8.85018210453032,1.90041322958557e-42
10.5,8.87415815094876,8.85943355065714,1.91201862239991e-42
10.5,8.87953346140261,8.8648177895898,1.91865304518706e-42
10.5,8.88876959144702,8.87406923571663,1.9298314390009802e-42
10.5,8.89800575331398,8.88332068184346,1.94070987384406e-42
10.5,8.90338111158735,8.88870492077612,1.94689315802559e-42
10.5,8.91261732359522,8.89795636690295,1.9572459673074e-42
10.5,8.92185356717087,8.90720781302978,1.96723217623145e-42
10.5,8.92722897288094,8.91259205196244,1.97286413480956e-42
10.5,8.93646526619662,8.92184349808927,1.9822120795055202e-42
10.5,8.94570159082803,8.93109494421609,1.99111743270617e-42
10.5,8.95107704359603,8.93647918314875,1.99608382650102e-42
10.5,8.96031341757085,8.94573062927558,2.00422268474212e-42
10.5,8.96954982261203,8.95498207540242,2.01183258852111e-42
10.5,8.97492532206321,8.96036631433507,2.0160035913556e-42
10.5,8.98416177605537,8.9696177604619,2.02270153299135e-42
10.5,8.99339826086715,8.97886920658873,2.02877273523908e-42
10.5,8.99877380663075,8.98425344552138,2.03200135762202e-42
10.5,9.00801034000524,8.99350489164822,2.0369962312823402e-42
10.5,9.0172469039552,9.00275633777505,2.0412541167018403e-42
10.5,9.02262249566436,9.0081405767077,2.04337464256884e-42
10.5,9.03185910779285,9.01739202283453,2.04637132238252e-42
10.5,9.04109575025526,9.02664346896136,2.0485073210016e-42
10.5,9.04647138754698,9.03202770789402,2.04933383840411e-42
10.5,9.05570807780776,9.04127915402084,2.0500017865905702e-42
10.5,9.06494479816344,9.05053060014768,2.0496710756554803e-42
10.5,9.07032048067852,9.05591483908033,2.04899621825063e-42
10.5,9.07955724845642,9.06516628520716,2.0469674870205903e-42
10.5,9.08879404609268,9.074417731334,2.0437872410033104e-42
10.5,9.0941697734757,9.07980197026665,2.04138130444744e-42
10.5,9.10340661816196,9.08905341639349,2.0362492888095202e-42
10.5,9.11264349247251,9.09830486252031,2.02979783092407e-42
10.5,9.11801926437175,9.10368910145296,2.02540849062089e-42
10.5,9.12725618536397,9.1129405475798,2.0167278608811202e-42
10.5,9.13649313574887,9.12219199370663,2.00654519807788e-42
10.5,9.14186895181628,9.12757623263929,1.9998981360242e-42
10.5,9.15110594851833,9.13682767876612,1.98718652870322e-42
10.5,9.16034297438384,9.14607912489294,1.97277692007404e-42
10.5,9.16571883427498,9.1514633638256,1.96357777408395e-42
10.5,9.17495590609692,9.16071480995244,1.9463200186110403e-42
10.5,9.18419300685549,9.16996625607927,1.92715744546748e-42
10.5,9.19212246775029,9.17790800850492,1.90912579721075e-42
10.5,9.21013494521685,9.19594832845225,1.8624471787649202e-42
10.5,9.22814753145923,9.21398864839957,1.8073275145240002e-42
10.5,9.2386307064924,9.22448791431825,1.77112146625752e-42
10.5,9.25664346352051,9.24252823426556,1.70142039902169e-42
10.5,9.27465632769309,9.26056855421289,1.62178051408849e-42
10.5,9.28513966373257,9.27106782013156,1.57066155589587e-42
10.5,9.3031526961359,9.28910814007888,1.47436023604175e-42
10.5,9.32116583408476,9.30714846002621,1.367125769871e-42
10.5,9.33164932872783,9.31764772594487,1.2996406144997701e-42
10.5,9.34966263240313,9.3356880458922,1.1750558930948001e-42
10.5,9.36767604005667,9.35372836583953,1.03997709918682e-42
10.5,9.37815969094815,9.3642276317582,9.568902743788012e-43
10.5,9.39617326187323,9.38226795170552,8.07528131673411e-43
10.5,9.41418693524012,9.40030827165284,6.521403856509271e-43
10.5,9.42467074007117,9.41080753757151,5.60625720537381e-43
10.5,9.44268457430293,9.42884785751884,4.06666099413582e-43
10.5,9.46069850947015,9.44688817746616,2.69057293016175e-43
10.5,9.4711824659772,9.45738744338483,2.0287611287028303e-43
10.5,9.48919655964965,9.47542776333216,1.13867240247684e-43
10.5,9.5072107527806,9.49346808327948,5.35543700813682e-44
10.5,9.51769485874418,9.50396734919815,3.02378428284055e-44
10.5,9.5357092080666,9.52200766914548,7.26997765953086e-45
10.5,9.5537236553992,9.54004798909279,3.4296775473921e-46
10.5,9.56850698173488,9.55485247452666,0.0
11.0,0.51099907,0.0,0.0
11.0,0.514451101889981,0.059496946938063504,2.92574785490542e-48
11.0,0.575146696076084,0.26395770961722403,4.44537387426911e-47
11.0,0.693206978275136,0.468418472296386,1.39339666069806e-46
11.0,0.778571343855687,0.587412366172509,2.21850456650684e-46
11.0,0.9424346670927379,0.791873128851671,4.1599124622043304e-46
11.0,1.11973267923815,0.996333891530836,6.84107822925977e-46
11.0,1.22681543780703,1.11532778540696,8.78154275688034e-46
11.0,1.41526035103091,1.31978854808612,1.28448667242124e-45
11.0,1.60762433762036,1.52424931076528,1.79381020031333e-45
11.0,1.72086265551351,1.6432432046414,2.14316840146519e-45
11.0,1.91706285770525,1.84770396732056,2.8451122297767496e-45
11.0,2.114828628659,2.05216472999972,3.69085529498239e-45
11.0,2.23048197024126,2.17115862387585,4.25710478012105e-45
11.0,2.42995627930152,2.37561938655501,5.3725219740803094e-45
11.0,2.6301964995059,2.58008014923417,6.689914743461111e-45
11.0,2.74702033842719,2.6990740431103,7.56087238754599e-45
11.0,2.94815780072433,2.90353480578946,9.25855390957614e-45
11.0,3.14972324231216,3.10799556846862,1.1242326134503e-44
11.0,3.26719773500547,3.22698946234474,1.25450155623063e-44
11.0,3.46928965299202,3.43145022502391,1.50702832222321e-44
11.0,3.67164387707206,3.63591098770307,1.8005240890301798e-44
11.0,3.78951589510429,3.75490488157919,1.9926403213371698e-44
11.0,3.99220444798037,3.95936564425836,2.36419063013371e-44
11.0,4.19506500505666,4.16382640693751,2.79521235692474e-44
11.0,4.31319716435526,4.28282030081363,3.07714693420547e-44
11.0,4.51628291765717,4.4872810634928,3.6223868388446997e-44
11.0,4.71948740998345,4.69174182617196,4.2553960218552393e-44
11.0,4.83779890215451,4.81073572004808,4.66995910498189e-44
11.0,5.04116214874116,5.01519648272724,5.473175963026901e-44
11.0,5.24461073951771,5.21965724540641,6.4085340089561e-44
11.0,5.36305100073676,5.33865113928253,7.02291291888674e-44
11.0,5.56661563314823,5.5431119019617,8.21753734674718e-44
11.0,5.77024363305984,5.74757266464085,9.61593996148923e-44
11.0,5.8887794350825,5.86656655851698,1.05387254833776e-43
11.0,6.09249479148328,6.07102732119614,1.2342608702045501e-43
11.0,6.29625847153703,6.27548808387531,1.44699382388272e-43
11.0,6.41486709241343,6.39448197775143,1.58827717982809e-43
11.0,6.61869816059189,6.59894274043059,1.86646264504752e-43
11.0,6.82256691250932,6.80340350310976,2.1977838164584303e-43
11.0,6.94123229486938,6.92239739698587,2.4196798206611903e-43
11.0,7.14515411153076,7.12685815966503,2.86067778270977e-43
11.0,7.34910587695285,7.3313189223442,3.3925335882817705e-43
11.0,7.46781635480397,7.45031281622032,3.75248114449797e-43
11.0,7.67181064637015,7.65477357889948,4.4760400569948005e-43
11.0,7.87582913002752,7.85923434157865,5.36174541355185e-43
11.0,7.99457602544053,7.97822823545476,5.9683368204706505e-43
11.0,8.19862911038931,8.18268899813394,7.20247911957111e-43
11.0,8.40270201541433,8.3871497608131,8.733952037212132e-43
11.0,8.46491763441259,8.44947989570059,9.2711308516727e-43
11.0,8.47463612532228,8.45921612249484,9.358307941785301e-43
11.0,8.48435465690054,8.46895234928908,9.446392682639521e-43
11.0,8.4900107530466,8.47461872518794,9.498078373748281e-43
11.0,8.49972934867726,8.48435495198219,9.587617116285152e-43
11.0,8.50944798461736,8.49409117877643,9.678086399201e-43
11.0,8.51510414133618,8.49975755467529,9.731170399785291e-43
11.0,8.52482284076389,8.50949378146955,9.823129860970941e-43
11.0,8.53454158014612,8.51923000826378,9.916042682595481e-43
11.0,8.54019779690437,8.52489638416265,9.97055927839584e-43
11.0,8.54991659921603,8.5346326109569,1.0064998252482301e-42
11.0,8.55963544113145,8.54436883775114,1.01604132156544e-42
11.0,8.56529171740204,8.55003521365001,1.0216396404169501e-42
11.0,8.57501062169522,8.55977144044425,1.0313373082343e-42
11.0,8.5847295652455,8.56950766723849,1.0411348044907601e-42
11.0,8.59038590050747,8.57517404313736,1.0468831321175301e-42
11.0,8.60010490589028,8.58491026993161,1.0568402906130801e-42
11.0,8.60982395018753,8.59464649672585,1.0668994569755901e-42
11.0,8.615480343926,8.60031287262472,1.0728010673973801e-42
11.0,8.62519944951687,8.61004909941896,1.0830232926599e-42
11.0,8.63491859368352,8.61978532621321,1.09334963563829e-42
11.0,8.64057504538956,8.62545170211207,1.09940769829237e-42
11.0,8.65029425031716,8.63518792890631,1.10990036943095e-42
11.0,8.66001349348579,8.64492415570056,1.1204991759058601e-42
11.0,8.66567000265637,8.65059053159942,1.12671672138684e-42
11.0,8.67538930605943,8.66032675839367,1.1374849592007802e-42
11.0,8.68510864737261,8.67006298518792,1.1483612313160801e-42
11.0,8.69076521351049,8.67572936108678,1.1547411117414902e-42
11.0,8.70048461453765,8.68546558788103,1.16578970729638e-42
11.0,8.71020405314784,8.69520181467528,1.17694808685723e-42
11.0,8.7158606757615,8.70086819057414,1.1834929298216901e-42
11.0,8.72558017357117,8.71060441736837,1.19482626167059e-42
11.0,8.73529970864054,8.72034064416263,1.20627094247324e-42
11.0,8.74095638724409,8.72600702006149,1.2129830976784e-42
11.0,8.75067598100435,8.73574324685574,1.2246050359262799e-42
11.0,8.76039561170464,8.74547947364998,1.2363396622243901e-42
11.0,8.76605234581774,8.75114584954884,1.2432211396831401e-42
11.0,8.77577203470615,8.76088207634309,1.2551349349491801e-42
11.0,8.78549176021857,8.77061830313733,1.2671624839744001e-42
11.0,8.79114854936636,8.77628467903619,1.27421488253885e-42
11.0,8.80086833256983,8.78602090583044,1.28642303755731e-42
11.0,8.81058815208491,8.79575713262469,1.29874568375474e-42
11.0,8.81624499579792,8.80142350852355,1.30597010851198e-42
11.0,8.82596487251261,8.8111597353178,1.3184742297803501e-42
11.0,8.83568478523003,8.82089596211205,1.3310931878216302e-42
11.0,8.84134168304412,8.82656233801091,1.33849015470269e-42
11.0,8.85106165247528,8.83629856480515,1.3512907812297501e-42
11.0,8.86078165760379,8.84603479159939,1.36420612513696e-42
11.0,8.86643860906006,8.85170116749826,1.3717754508261899e-42
11.0,8.87615867042193,8.8614373942925,1.38487185632941e-42
11.0,8.88587876717921,8.87117362108675,1.39808231048314e-42
11.0,8.89153577182392,8.87683999698561,1.40582298543186e-42
11.0,8.90125592433958,8.88657622377987,1.41921295063471e-42
11.0,8.91097611195209,8.89631245057411,1.43271564888994e-42
11.0,8.91663316933661,8.90197882647296,1.44062569092524e-42
11.0,8.92635341223785,8.91171505326721,1.45430524065895e-42
11.0,8.93607368994074,8.92145128006146,1.46809544888223e-42
11.0,8.94173079962148,8.92711765596032,1.4761717345168e-42
11.0,8.9514511321487,8.93685388275457,1.4901348350500802e-42
11.0,8.96117149918567,8.94659010954882,1.50420563130973e-42
11.0,8.96682866072397,8.95225648544768,1.51244370145019e-42
11.0,8.97654908212606,8.96199271224192,1.52668191188433e-42
11.0,8.98626953774924,8.97172893903617,1.54102381832168e-42
11.0,8.99192675071135,8.97739531493504,1.54941765459259e-42
11.0,9.00164726024554,8.98713154172927,1.5639197255961703e-42
11.0,9.01136780371539,8.99686776852352,1.57852028474472e-42
11.0,9.01702506767236,9.00253414442238,1.58706205214678e-42
11.0,9.02674566460416,9.01227037121663,1.6018134643024902e-42
11.0,9.03646629518933,9.02200659801088,1.61665675175037e-42
11.0,9.04212360971698,9.02767297390974,1.62533650253999e-42
11.0,9.05184429332001,9.03740920070399,1.6403189355219103e-42
11.0,9.06156501029723,9.04714542749823,1.65538499972344e-42
11.0,9.06722237497607,9.0528118033971,1.6641903333978403e-42
11.0,9.07694314453197,9.06254803019135,1.6793810559909298e-42
11.0,9.08666394718598,9.07228425698559,1.6946452745227102e-42
11.0,9.09232136160112,9.07795063288445,1.70356094696517e-42
11.0,9.10204221639944,9.08768685967869,1.71893211668226e-42
11.0,9.11176310402283,9.09742308647294,1.7343644577237203e-42
11.0,9.11742056776397,9.10308946237181,1.74337193285121e-42
11.0,9.12714150710208,9.11282568916605,1.75888979234212e-42
11.0,9.13686247899519,9.1225619159603,1.77445396734492e-42
11.0,9.14251999165651,9.12822829185916,1.78353090308896e-42
11.0,9.15224101483945,9.13796451865341,1.79915485947032e-42
11.0,9.16196207031029,9.14770074544765,1.81480735282038e-42
11.0,9.1676196314904,9.15336712134651,1.8239270125916002e-42
11.0,9.17734073783083,9.16310334814076,1.8396085834396203e-42
11.0,9.18706187619495,9.172839574935,1.85529754256331e-42
11.0,9.19271948549686,9.17850595083387,1.8644281224682e-42
11.0,9.20244067431489,9.18824217762811,1.88010973188536e-42
11.0,9.2121618948953,9.19797840442236,1.89577369996541e-42
11.0,9.21781955192631,9.20364478032122,1.9048775609116e-42
11.0,9.22754082254947,9.21338100711547,1.92049116630624e-42
11.0,9.23726212467651,9.22311723390971,1.93605763844415e-42
11.0,9.2429198290482,9.22878360980858,1.9450904322617e-42
11.0,9.25264118081128,9.23851983660282,1.96055596237036e-42
11.0,9.26236256382256,9.24825606339707,1.97593974479721e-42
11.0,9.26802031515068,9.25392243929594,1.98484942175305e-42
11.0,9.27774174739567,9.26365866609017,2.0000730049509402e-42
11.0,9.28746321063593,9.27339489288443,2.0151743568075098e-42
11.0,9.2931210085404,9.27906126878329,2.0239000429433e-42
11.0,9.30284252061639,9.28879749557753,2.0387720055359e-42
11.0,9.31256406343742,9.29853372237178,2.0534745422932603e-42
11.0,9.31822190754225,9.30420009827064,2.06194527471317e-42
11.0,9.3279434988053,9.31393632506489,2.07633788922074e-42
11.0,9.33766512056586,9.32367255185913,2.09050622984276e-42
11.0,9.34332301049908,9.329338927758,2.0986395396620103e-42
11.0,9.35304468031218,9.33907515455225,2.11240450679739e-42
11.0,9.36276638037789,9.34881138134649,2.12588164892433e-42
11.0,9.36842431577151,9.35447775724535,2.13358198411027e-42
11.0,9.37814606350443,9.3642139840396,2.1465476371666902e-42
11.0,9.3878678412477,9.37395021083385,2.1591520529125398e-42
11.0,9.39352582173766,9.37961658673271,2.16630903813659e-42
11.0,9.40324764676691,9.38935281352696,2.17827726764454e-42
11.0,9.41296950156681,9.3990890403212,2.18979972206205e-42
11.0,9.41862752679293,9.40475541622006,2.1962862593525402e-42
11.0,9.42834942850163,9.4144916430143,2.2070291702108802e-42
11.0,9.43807135974385,9.42422786980855,2.21722928242354e-42
11.0,9.44372942934976,9.42989424570742,2.22289950796372e-42
11.0,9.4534514071276,9.43963047250166,2.2321558423055602e-42
11.0,9.46317341420431,9.4493666992959,2.2407584329151702e-42
11.0,9.46883152783742,9.45503307519477,2.24544556115e-42
11.0,9.47855358108053,9.46476930198902,2.2529169516203803e-42
11.0,9.48827566339035,9.47450552878327,2.25960825628438e-42
11.0,9.49393382070178,9.48017190468212,2.2631223655760603e-42
11.0,9.50365594881266,9.48990813147637,2.2684695271335602e-42
11.0,9.51337810576052,9.49964435827062,2.27289340637226e-42
11.0,9.5190363064051,9.50531073416948,2.2750192528547403e-42
11.0,9.52875850879252,9.51504696096372,2.27785828322294e-42
11.0,9.53848073978963,9.52478318775797,2.27961262756596e-42
11.0,9.54413898342578,9.53044956365684,2.2801076183712403e-42
11.0,9.55386125950474,9.54018579045108,2.2800066611826e-42
11.0,9.56358356396847,9.54992201724532,2.27864028651784e-42
11.0,9.56924185025819,9.55558839314419,2.2772328042717902e-42
11.0,9.57896419944981,9.56532461993843,2.2737094436770603e-42
11.0,9.58868657680362,9.57506084673267,2.2687198990377402e-42
11.0,9.59434490541246,9.58072722263154,2.2651082508532002e-42
11.0,9.60406732714389,9.59046344942578,2.25762815841129e-42
11.0,9.61378977681727,9.60019967622004,2.24846103964392e-42
11.0,9.61944814741424,9.6058660521189,2.2423134124541304e-42
11.0,9.62917064111861,9.61560227891315,2.23029097101155e-42
11.0,9.63889316254694,9.62533850570739,2.21634155944917e-42
11.0,9.64455157480452,9.63100488160625,2.2072975058335502e-42
11.0,9.65427413992083,9.6407411084005,2.1900994019790502e-42
11.0,9.66399673254541,9.65047733519475,2.1707177454019e-42
11.0,9.67234295484604,9.65883523964556,2.1522599202463104e-42
11.0,9.69130213498533,9.67782088189435,2.10372046378959e-42
11.0,9.71026141853069,9.69680652414313,2.0453636274039903e-42
11.0,9.721295558424,9.70785595714591,2.0065707653560102e-42
11.0,9.74025500432385,9.72684159939468,1.93109553149269e-42
11.0,9.7592145520785,9.74582724164347,1.84384619721143e-42
11.0,9.77024884502933,9.75687667464625,1.7873841642170802e-42
11.0,9.7892085527089,9.77586231689503,1.6802191744961603e-42
11.0,9.80816836072284,9.79484795914381,1.55987116237231e-42
11.0,9.81920280444641,9.80589739214659,1.48367430688968e-42
11.0,9.8381627700039,9.82488303439537,1.3422258900935001e-42
11.0,9.85712283440542,9.84386867664415,1.18790851222378e-42
11.0,9.86815742666218,9.85491810964693,1.09258425964916e-42
11.0,9.88711764627291,9.87390375189572,9.20627849592167e-43
11.0,9.90607796326667,9.8928893941445,7.41236181092266e-43
11.0,9.91711270186117,9.90393882714727,6.355864416362621e-43
11.0,9.93607317177565,9.92292446939605,4.58812866061487e-43
11.0,9.95503373764081,9.94191011164484,3.0417177252663902e-43
11.0,9.96606862042064,9.95295954464762,2.30233658382231e-43
11.0,9.98502933696277,9.9719451868964,1.3023121433812702e-43
11.0,10.0039901480511,9.99093082914513,6.18725126656577e-44
11.0,10.0150251729059,10.001980262148,3.5206136418170796e-44
11.0,10.0339861324711,10.0209659043967,8.63692813013874e-45
11.0,10.0529471852055,10.0399515466455,4.27787163535811e-46
11.0,10.068507323760901,10.055531794941801,0.0
11.5,0.51099907,0.0,0.0
11.5,0.514802075295665,0.0624590040575311,2.87012707270144e-48
11.5,0.581294953501416,0.27709885136057205,4.418826152295649e-47
11.5,0.709173460659839,0.49173869866361697,1.38897863664068e-46
11.5,0.80086549654482,0.616656706778671,2.21364779952683e-46
11.5,0.975794040957927,0.8312965540817161,4.1557783246800305e-46
11.5,1.16408891639882,1.04593640138477,6.84010545328167e-46
11.5,1.27750541986562,1.17085440949982,8.78384832789719e-46
11.5,1.47672420755352,1.38549425680286,1.28559682290023e-45
11.5,1.67974676682638,1.60013410410591,1.79631028323279e-45
11.5,1.79914558594319,1.72505211222096,2.1467741895433598e-45
11.5,2.00587261494416,1.939691959524,2.85125916290225e-45
11.5,2.21410604611603,2.15433180682705,3.70055801007779e-45
11.5,2.33582956751011,2.2792498149421,4.26945605839109e-45
11.5,2.54570337961713,2.49388966224515,5.3906536317047405e-45
11.5,2.75631133104267,2.70852950954819,6.71574140050049e-45
11.5,2.87915697468771,2.83344751766325,7.59225560706391e-45
11.5,3.09062398780699,3.04808736496629,9.30174712545655e-45
11.5,3.30250040291045,3.26272721226933,1.13008185046226e-44
11.5,3.42596850375687,3.38764522038439,1.2614361582989898e-44
11.5,3.63834821841241,3.60228506768744,1.5162345134166798e-44
11.5,3.85097855826489,3.81692491499048,1.8126262182183498e-44
11.5,3.97482649683958,3.94184292310553,2.0067756678043798e-44
11.5,4.18777614853567,4.15648277040858,2.38254371139285e-44
11.5,4.40089002232628,4.37112261771163,2.81889432343771e-44
11.5,4.52498633794897,4.49604062582668,3.10454948194379e-44
11.5,4.73831516147528,4.71068047312972,3.6574732824908296e-44
11.5,4.95175729498214,4.92532032043277,4.30015185842045e-44
11.5,5.076024746263,5.05023832854782,4.721452223988549e-44
11.5,5.28961834692179,5.26487817585087,5.53856821447864e-44
11.5,5.50329336085306,5.47951802315391,6.49141498996662e-44
11.5,5.6276836512127,5.60443603126897,7.117989521161019e-44
11.5,5.84146934684412,5.81907587857201,8.337818842284699e-44
11.5,6.05531547569677,6.03371572587505,9.768044054860921e-44
11.5,6.17979688331112,6.15863373399011,1.07131002474448e-43
11.5,6.39372631503336,6.37327358129315,1.25632269409957e-43
11.5,6.60770182379767,6.5879134285962,1.4749360469854002e-43
11.5,6.73225266513667,6.71283143671126,1.62036209213002e-43
11.5,6.94629242404778,6.9274712840143,1.90721900565467e-43
11.5,7.16036810936616,7.14211113131734,2.24969564336935e-43
11.5,7.28497306535175,7.2670291394324,2.4795321997885303e-43
11.5,7.49909933769515,7.48166898673544,2.9373551527774205e-43
11.5,7.71325415881259,7.69630883403849,3.4912307806241105e-43
11.5,7.83790210234626,7.82122684215354,3.8670893888984605e-43
11.5,8.05209745968458,8.03586668945659,4.62495766570512e-43
11.5,8.26631587605109,8.25050653675963,5.556674717750581e-43
11.5,8.39099853154737,8.37542454487468,6.197221641645221e-43
11.5,8.60524992730023,8.59006439217773,7.506392953422381e-43
11.5,8.81952021338302,8.80470423948078,9.14190048620854e-43
11.5,8.88484434281484,8.87013748182676,9.718450616653501e-43
11.5,8.89504838887353,8.88035842693642,9.812159918303391e-43
11.5,8.90525247369171,8.89057937204609,9.906885606861791e-43
11.5,8.91119115555633,8.89652784862299,9.962487118616101e-43
11.5,8.92139530142002,8.90674879373267,1.0058843008296901e-42
11.5,8.9315994857008,8.91696973884233,1.01562435220709e-42
11.5,8.93753822529456,8.92291821541924,1.0213414788729e-42
11.5,8.94774247008239,8.93313916052892,1.0312490358212002e-42
11.5,8.95794675294895,8.94336010563858,1.04126389982071e-42
11.5,8.96388554976338,8.94930858221549,1.0471422760767e-42
11.5,8.97408989260483,8.95952952732515,1.05732915594306e-42
11.5,8.98429427319062,8.96975047243483,1.06762619752354e-42
11.5,8.9902331267232,8.97569894901173,1.07367011243057e-42
11.5,9.00043756675795,8.98591989412141,1.0841436861454501e-42
11.5,9.01064204420651,8.99614083923108,1.09473027323913e-42
11.5,9.0165809539606,9.00208931580798,1.10094401123439e-42
11.5,9.02678549033832,9.01231026091765,1.1117116302256e-42
11.5,9.03699006380319,9.02253120602732,1.1225950957832301e-42
11.5,9.04292902928792,9.02847968260423,1.12898291343754e-42
11.5,9.05313366116818,9.03870062771389,1.14005186749395e-42
11.5,9.06333832981272,9.04892157282356,1.15123946450694e-42
11.5,9.06927735054291,9.05487004940047,1.1578055628505299e-42
11.5,9.07948207709502,9.06509099451014,1.1691830302982401e-42
11.5,9.08968684009228,9.07531193961981,1.18068187872052e-42
11.5,9.09562591558834,9.08126041619672,1.1874303709218701e-42
11.5,9.10583073599121,9.09148136130638,1.19912335991355e-42
11.5,9.11603559252377,9.10170230641606,1.21094038398671e-42
11.5,9.12197472231168,9.10765078299297,1.2178752570000999e-42
11.5,9.13217963575367,9.11787172810263,1.22989053651611e-42
11.5,9.14238458501352,9.12809267321229,1.2420323915790702e-42
11.5,9.14832376862469,9.13404114978921,1.2491574613204799e-42
11.5,9.1585287743035,9.14426209489887,1.26150148018502e-42
11.5,9.16873381549191,9.15448304000854,1.2739744665014402e-42
11.5,9.17467305246312,9.16043151658545,1.28129332531769e-42
11.5,9.18487814958563,9.17065246169512,1.29397211760097e-42
11.5,9.19508328191301,9.18087340680478,1.3067820797998e-42
11.5,9.20102257178634,9.1868218833817,1.3142980350734099e-42
11.5,9.2112277595685,9.19704282849137,1.32731710938282e-42
11.5,9.22143298225427,9.20726377360104,1.3404693189921e-42
11.5,9.22737232457701,9.21321225017794,1.3481853214761702e-42
11.5,9.23757760224369,9.22343319528761,1.36154953189093e-42
11.5,9.24778291451614,9.23365414039728,1.37504855035622e-42
11.5,9.25372230884076,9.23960261697419,1.38296711063989e-42
11.5,9.26392767562563,9.24982356208385,1.39668050629013e-42
11.5,9.27413307672182,9.26004450719352,1.4105300254217502e-42
11.5,9.28007252260583,9.26599298377043,1.4186531166545001e-42
11.5,9.29027797775126,9.2762139288801,1.43271876662062e-42
11.5,9.30048346691688,9.28643487398977,1.44692142295339e-42
11.5,9.3064229639228,9.29238335056668,1.45525036768191e-42
11.5,9.3166285066797,9.30260429567634,1.46967015733232e-42
11.5,9.32683408316895,9.31282524078602,1.48422731610299e-42
11.5,9.33277363086424,9.31877371736292,1.49276265471351e-42
11.5,9.34297926049196,9.32899466247259,1.5075370490518702e-42
11.5,9.35318492356742,9.33921560758226,1.5224485535611002e-42
11.5,9.3591245215244,9.34516408415917,1.53118989146276e-42
11.5,9.36933023729062,9.35538502926884,1.5463176600406402e-42
11.5,9.37953598622315,9.3656059743785,1.56158154024144e-42
11.5,9.38547563401893,9.37155445095541,1.57052737045701e-42
11.5,9.39568143519952,9.38177539606508,1.58600526851757e-42
11.5,9.40588726926815,9.39199634117475,1.60161740301378e-42
11.5,9.41182696648457,9.39794481775166,1.61076490022739e-42
11.5,9.42203285236349,9.40816576286132,1.62658729829947e-42
11.5,9.43223877085528,9.41838670797099,1.64254102223153e-42
11.5,9.43817851707883,9.4243351845479,1.6518858041354902e-42
11.5,9.44838448694802,9.43455612965757,1.66804425875215e-42
11.5,9.45859048915797,9.44477707476724,1.68432990919257e-42
11.5,9.46453028397976,9.45072555134415,1.6938657596182402e-42
11.5,9.47473633713902,9.46094649645381,1.71034851571131e-42
11.5,9.48494242236994,9.47116744156348,1.72695290485662e-42
11.5,9.4908822653856,9.47711591814039,1.73667145309744e-42
11.5,9.50108840114249,9.48733686325006,1.75346286754275e-42
11.5,9.51129456870492,9.49755780835973,1.77036867258696e-42
11.5,9.51723445951454,9.50350628493664,1.78025902202068e-42
11.5,9.52744067718426,9.5137272300463,1.79733889620752e-42
11.5,9.53764692639635,9.52394817515598,1.8145239529136802e-42
11.5,9.54358686460444,9.52989665173288,1.82457225119924e-42
11.5,9.55379316350975,9.54011759684255,1.84191505878888e-42
11.5,9.56399949369712,9.55033854195221,1.8593515446668603e-42
11.5,9.56993947891256,9.55628701852913,1.8695404866577302e-42
11.5,9.58014585838365,9.5665079636388,1.8871144804538302e-42
11.5,9.59035226887935,9.57672890874846,1.904767970227e-42
11.5,9.59629230071527,9.58267738532537,1.91507622355567e-42
11.5,9.60649876008966,9.59289833043504,1.93284240420044e-42
11.5,9.61670525023405,9.60311927554471,1.95067077925533e-42
11.5,9.62264532830783,9.60906775212162,1.9610723212074703e-42
11.5,9.63285186693029,9.61928869723128,1.97898324646171e-42
11.5,9.6430584360709,9.62950964234095,1.99693543691927e-42
11.5,9.64899856000409,9.63545811891786,2.0073987898497002e-42
11.5,9.65920517722653,9.64567906402753,2.02539720272592e-42
11.5,9.66941182471801,9.65590000913719,2.04341173835665e-42
11.5,9.67535199413628,9.66184848571411,2.0538990894465502e-42
11.5,9.68555868931765,9.67206943082378,2.0719163394470203e-42
11.5,9.69576541452165,9.68229037593344,2.08991968380096e-42
11.5,9.70170562905471,9.68823885251035,2.10038587355005e-42
11.5,9.71191240156091,9.69845979762002,2.11834010358774e-42
11.5,9.722119203846,9.70868074272969,2.1362447423820798e-42
11.5,9.72805946312759,9.71462921930659,2.14663610497441e-42
11.5,9.73826631233136,9.72485016441626,2.164430174919e-42
11.5,9.74847319107291,9.73507110952593,2.18213242886587e-42
11.5,9.75441349474073,9.74101958610284,2.19238546652773e-42
11.5,9.76462042002158,9.7512405312125,2.20990458130025e-42
11.5,9.7748273746017,9.76146147632217,2.2272821118966e-42
11.5,9.78076772229731,9.76740995289908,2.23732198496547e-42
11.5,9.79097472304144,9.77763089800876,2.25443099706439e-42
11.5,9.80118175284886,9.78785184311842,2.27133997417574e-42
11.5,9.8071221442177,9.79380031969533,2.28107878897517e-42
11.5,9.81732921981785,9.80402126480499,2.29761914403601e-42
11.5,9.82753632424788,9.81424220991466,2.3138910464928603e-42
11.5,9.83347675893916,9.82019068649157,2.32322592499512e-42
11.5,9.84368390879461,9.83041163160125,2.33901222562486e-42
11.5,9.85389108724898,9.84063257671091,2.3544502512440002e-42
11.5,9.85983156491568,9.84658105328782,2.3632611702057804e-42
11.5,9.87003878843207,9.85680199839749,2.3780773392600598e-42
11.5,9.88024604031891,9.86702294350716,2.3924524113328198e-42
11.5,9.88618656061768,9.87297142008407,2.40059980596714e-42
11.5,9.89639385720701,9.88319236519374,2.41419484584981e-42
11.5,9.90660118194072,9.8934133103034,2.4272412191123e-42
11.5,9.91254174453187,9.89936178688031,2.43456335700526e-42
11.5,9.92274911361235,9.90958273198997,2.44664672329729e-42
11.5,9.93295651061357,9.91980367709965,2.4580572201074002e-42
11.5,9.938897115161,9.92575215367656,2.4643673692311298e-42
11.5,9.94910455615702,9.93597309878622,2.47460401118851e-42
11.5,9.95931202485247,9.94619404389589,2.48402495729054e-42
11.5,9.96525267102363,9.9521425204728,2.48910839791975e-42
11.5,9.97546018336563,9.96236346558246,2.4971135691799604e-42
11.5,9.9856677231881,9.97258441069213,2.5041395576657802e-42
11.5,9.99160841065395,9.97853288726904,2.50775052581086e-42
11.5,10.0018159937784,9.98875383237872,2.51308454120848e-42
11.5,10.0120236041666,9.99897477748836,2.51725323683634e-42
11.5,10.0179643326016,10.0049232540653,2.51911194117468e-42
11.5,10.0281719859508,10.015144199174898,2.5212751590032602e-42
11.5,10.0383796663494,10.0253651442846,2.5220624716177902e-42
11.5,10.044320435431299,10.0313136208615,2.5218524011390203e-42
11.5,10.0545281584536,10.0415345659713,2.52028085328734e-42
11.5,10.064735908313,10.0517555110809,2.51709697249001e-42
11.5,10.070676717723,10.0577039876578,2.51446281617159e-42
11.5,10.0808845098722,10.0679249327674,2.50852510496119e-42
11.5,10.0910923286487,10.0781458778771,2.5007121076405898e-42
11.5,10.0970331780713,10.084094354454,2.4952587481817102e-42
11.5,10.1072410388071,10.0943152995637,2.48425509435998e-42
11.5,10.1174489259624,10.104536244673298,2.47108713632903e-42
11.5,10.123389815085499,10.110484721250298,2.46238037006843e-42
11.5,10.1335977438731,10.1207056663599,2.4455450529706903e-42
11.5,10.1438056988748,10.1309266114697,2.42623255331355e-42
11.5,10.1525685715301,10.1397006144205,2.4075818720108602e-42
11.5,10.1724742024453,10.1596314573844,2.35765190092277e-42
11.5,10.1923799319007,10.179562300348199,2.29642380417293e-42
11.5,10.2039648905771,10.191161829673302,2.2551973832391398e-42
11.5,10.2238707747469,10.2110926726371,2.17408697457802e-42
11.5,10.2437767559782,10.231023515600901,2.07918042196478e-42
11.5,10.2553618605093,10.2426230449259,2.0172474114312202e-42
11.5,10.275267994139199,10.2625538878897,1.89880260548391e-42
11.5,10.295174223381501,10.2824847308536,1.76464755028575e-42
11.5,10.3067594715894,10.2940842601786,1.67919604874576e-42
11.5,10.3266658509604,10.3140151031425,1.51969792699054e-42
11.5,10.3465723245231,10.3339459461063,1.3446333381004501e-42
11.5,10.358157714273199,10.3455454754313,1.23605400580402e-42
11.5,10.378064335739602,10.3654763183951,1.03956513003553e-42
11.5,10.3979710500052,10.385407161358899,8.34148918520449e-43
11.5,10.4095565792049,10.397006690684002,7.133080918515521e-43
11.5,10.4294634391929,10.4169375336478,5.12813214662228e-43
11.5,10.449370390614801,10.4368683766117,3.4129102735679e-43
11.5,10.4609560572124,10.4484679059366,2.59272826521529e-43
11.5,10.480863152218001,10.4683987489004,1.47732777065851e-43
11.5,10.500770337319,10.4883295918644,7.08532368208162e-44
11.5,10.5123561393029,10.4999291211893,4.0608186070186095e-44
11.5,10.5322634658906,10.5198599641532,1.0150408192429098e-44
11.5,10.5521708812608,10.539790807117,5.2594469452671105e-46
11.5,10.5685076331522,10.556146718498,0.0
12.0,0.51099907,0.0,0.0
12.0,0.5151697989052411,0.0654207319066481,2.8209362149451095e-48
12.0,0.587672064311216,0.290238532298765,4.39623779617114e-47
12.0,0.7255364052794651,0.515056332690885,1.38545142014022e-46
12.0,0.823592140000021,0.6458977965041761,2.2099880987105804e-46
12.0,1.0095868958239,0.8707155968962961,4.1533185727423e-46
12.0,1.2088479946276,1.09553339728842,6.84114043180126e-46
12.0,1.32857643720002,1.22637486110171,8.78825134548048e-46
12.0,1.53853182947718,1.45119266149383,1.28690682563083e-45
12.0,1.75217896286082,1.67601046188595,1.7989574731418102e-45
12.0,1.87772040808633,1.80685192569923,2.15047093441507e-45
12.0,2.09494675957576,2.03166972609135,2.85734540776752e-45
12.0,2.31362399856078,2.25648752648347,3.70996188381104e-45
12.0,2.44140528332603,2.38732899029677,4.28132126761911e-45
12.0,2.66165942705807,2.61214679068888,5.4078763877030293e-45
12.0,2.88261827868143,2.83696459108101,6.74008252649537e-45
12.0,3.01147685181343,2.9678060548943,7.62173316267038e-45
12.0,3.23325952111561,3.19262385528641,9.34213974309498e-45
12.0,3.45543449069834,3.41744165567853,1.13553550444745e-44
12.0,3.58488955835623,3.54828311949183,1.26789373854155e-44
12.0,3.80754653302753,3.77310091988395,1.5247948029233599e-44
12.0,4.03044341772399,3.99791872027606,1.82387013268514e-44
12.0,4.16026209598175,4.12876018408936,2.0199055677236202e-44
12.0,4.38346453350574,4.35357798448148,2.3995901817228696e-44
12.0,4.60682407006054,4.57839578487359,2.84089628449542e-44
12.0,4.73688035672856,4.70923724868689,3.1300153926463e-44
12.0,4.96044547161673,4.93405504907901,3.69010219066843e-44
12.0,5.18411893445272,5.15887284947113,4.3418096198442e-44
12.0,5.31433886440326,5.28971431328442,4.76940946546378e-44
12.0,5.53815713774092,5.51453211367654,5.59954038845986e-44
12.0,5.76205323523314,5.73934991406865,6.56879453702954e-44
12.0,5.89239058977767,5.87019137788195,7.20682834331412e-44
12.0,6.11639247700685,6.09500917827407,8.45038031011062e-44
12.0,6.34045212030008,6.31982697866618,9.91062161260252e-44
12.0,6.47087655610439,6.45066844247947,1.0876721024954902e-43
12.0,6.69501580493346,6.6754862428716,1.27706246531143e-43
12.0,6.91919908219314,6.90030404326371,1.5012560853301202e-43
12.0,7.0496898648969,7.03114550707701,1.6506210754733301e-43
12.0,7.27393453152275,7.25596330746912,1.94574032142555e-43
12.0,7.49821352278492,7.48078110786125,2.29887512692726e-43
12.0,7.62875600757857,7.61162257167453,2.53631506701782e-43
12.0,7.85308332787174,7.83644037206666,3.0102875477715003e-43
12.0,8.07743792130737,8.06125817245878,3.5853662804549702e-43
12.0,8.20802147293425,8.19209963627206,3.976586133493321e-43
12.0,8.43241478967694,8.41691743666418,4.7676759598433904e-43
12.0,8.65683013330639,8.64173523705631,5.744123906715531e-43
12.0,8.78744684320656,8.77257670086959,6.4177936475366e-43
12.0,9.01189368894659,8.99739450126171,7.80044648327398e-43
12.0,9.23635857826645,9.22221230165384,9.53842278639584e-43
12.0,9.30479038691522,9.29074830650842,1.01539100934791e-42
12.0,9.31547985892082,9.3014539160509,1.02540875558362e-42
12.0,9.3261693679474,9.31215952559338,1.0355391367946401e-42
12.0,9.33239056051397,9.31839007148925,1.04148727345264e-42
12.0,9.34308012784787,9.32909568103173,1.0517985057732001e-42
12.0,9.35376973187563,9.33980129057422,1.06222575363693e-42
12.0,9.35999097958183,9.34603183647008,1.06834822798408e-42
12.0,9.37068064140245,9.35673744601257,1.07896171722557e-42
12.0,9.38137033959364,9.36744305555504,1.08969465400768e-42
12.0,9.38759164195369,9.37367360145092,1.0959966228296e-42
12.0,9.39828139742932,9.3843792109934,1.1069212655343901e-42
12.0,9.40897118895603,9.39508482053589,1.1179688298419299e-42
12.0,9.4151925454898,9.40131536643175,1.1244555130365802e-42
12.0,9.42588239379847,9.41202097597424,1.1357003057198601e-42
12.0,9.43657227784244,9.42272658551672,1.14707152469048e-42
12.0,9.44279368807543,9.42895713141259,1.1537481880568802e-42
12.0,9.45348362840473,9.43966274095507,1.16532219579768e-42
12.0,9.46417360415724,9.45036835049755,1.1770261512431499e-42
12.0,9.47039506762047,9.45659889639342,1.18389808559132e-42
12.0,9.48108509916746,9.46730450593591,1.1958104039932201e-42
12.0,9.49177516582918,9.47801011547839,1.20785619150821e-42
12.0,9.4979966820591,9.48424066137426,1.21492868747825e-42
12.0,9.50868680403012,9.49494627091674,1.22718839690131e-42
12.0,9.51937696081098,9.50565188045923,1.23958507676689e-42
12.0,9.52559852934941,9.51188242635509,1.24686339464353e-42
12.0,9.53628874096,9.52258803589757,1.2594795054595201e-42
12.0,9.54697898707904,9.53329364544006,1.2722360439876901e-42
12.0,9.55320060747309,9.53952419133593,1.2797253776865e-42
12.0,9.56389090794782,9.55022980087841,1.29270676486403e-42
12.0,9.57458124263307,9.56093541042089,1.30583196459713e-42
12.0,9.58080291443506,9.56716595631676,1.31353739889412e-42
12.0,9.59149330300741,9.57787156585925,1.32689272468982e-42
12.0,9.60218372549577,9.58857717540173,1.34039514163402e-42
12.0,9.60840544826315,9.5948077212976,1.3483216012808801e-42
12.0,9.61909592417538,9.60551333084008,1.36205922334667e-42
12.0,9.62978643371249,9.61621894038256,1.37594706910225e-42
12.0,9.63600820700776,9.62244948627843,1.38409925914272e-42
12.0,9.64669876951081,9.63315509582092,1.39822712222032e-42
12.0,9.65738936535092,9.6438607053634,1.41250814843393e-42
12.0,9.66361118874158,9.65009125125926,1.42089048337555e-42
12.0,9.6743018370949,9.66079686080175,1.43541599163511e-42
12.0,9.68499251850075,9.67150247034423,1.4500973541465e-42
12.0,9.69121439155922,9.6777330162401,1.45871387485023e-42
12.0,9.70190512503069,9.68843862578258,1.47364374174604e-42
12.0,9.71259589127337,9.69914423532507,1.48873184069542e-42
12.0,9.71881781357693,9.70537478122094,1.49758611668139e-42
12.0,9.72950863144272,9.71608039076342,1.51292618861996e-42
12.0,9.74019948180158,9.7267860003059,1.5284264808748002e-42
12.0,9.74642145293227,9.73301654620177,1.53752149569109e-42
12.0,9.75711235447672,9.74372215574425,1.55327654521189e-42
12.0,9.76780328823926,9.75442776528674,1.5691933244355e-42
12.0,9.77402530778384,9.76065831118261,1.57853134131187e-42
12.0,9.78471629229938,9.77136392072509,1.59470482480646e-42
12.0,9.79540730876109,9.78206953026758,1.61104096387124e-42
12.0,9.80162937631097,9.78830007616344,1.62062336841301e-42
12.0,9.81232044309795,9.79900568570593,1.6372171423167602e-42
12.0,9.82301154156224,9.8097112952484,1.65397379186803e-42
12.0,9.82923365671341,9.81594184114427,1.66380090801375e-42
12.0,9.83992480508004,9.82664745068676,1.68081489729159e-42
12.0,9.85061598485813,9.83735306022924,1.69799113326458e-42
12.0,9.8568381472111,9.84358360612511,1.70806200812205e-42
12.0,9.8675293764733,9.8542892156676,1.72549381809834e-42
12.0,9.87822063688408,9.86499482521008,1.7430862297877503e-42
12.0,9.88444284604381,9.87122537110595,1.75339838224961e-42
12.0,9.89513415552513,9.88193098064843,1.7712428458726e-42
12.0,9.90582549589507,9.89263659019091,1.78924505482655e-42
12.0,9.91204775147092,9.89886713608678,1.7997941819013603e-42
12.0,9.92273914050244,9.90957274562926,1.81804283056042e-42
12.0,9.9334305601655,9.92027835517174,1.8364449289513502e-42
12.0,9.93965286177115,9.92650890106761,1.84722456323938e-42
12.0,9.95034432969135,9.9372145106101,1.86586500949878e-42
12.0,9.96103582798884,9.94792012015258,1.8846529048561302e-42
12.0,9.96725817524226,9.95415066604845,1.89565401472857e-42
12.0,9.97794972139692,9.96485627559093,1.91466923230223e-42
12.0,9.98864129767745,9.97556188513342,1.93382388337829e-42
12.0,9.9948636902008,9.98179243102928,1.94503440694268e-42
12.0,10.0055553139429,9.99249804057174,1.96440189138381e-42
12.0,10.0162469675622,10.003203650114202,1.98389841758685e-42
12.0,10.0224694049819,10.0094341960102,1.99530271960921e-42
12.0,10.0331611056716,10.0201398055526,2.0149935103130303e-42
12.0,10.0438528359925,10.0308454150951,2.03480015446893e-42
12.0,10.0500753179388,10.0370759609909,2.0463783940541803e-42
12.0,10.060767094943198,10.0477815705334,2.0663559360978998e-42
12.0,10.0714589013356,10.058487180075899,2.0864328573062202e-42
12.0,10.0776814274431,10.0647177259718,2.09816025193982e-42
12.0,10.0883732801362,10.0754233355143,2.1183790718203e-42
12.0,10.0990651619768,10.0861289450568,2.13867694192446e-42
12.0,10.105287731883902,10.0923594909527,2.15052291255717e-42
12.0,10.115979659646598,10.103065100495101,2.1709270797024602e-42
12.0,10.126671616318701,10.113770710037599,2.19138545314626e-42
12.0,10.1328942296678,10.1200012559334,2.2033126312297504e-42
12.0,10.1435862318877,10.1307068654759,2.22383397270005e-42
12.0,10.1542782627817,10.141412475018502,2.2443793962753503e-42
12.0,10.1605009192191,10.147643020914302,2.25634247288971e-42
12.0,10.171192995290399,10.1583486304568,2.27689850512792e-42
12.0,10.181885099802901,10.1690542399993,2.29744232956788e-42
12.0,10.1881077989787,10.175284785895201,2.3093867242704e-42
12.0,10.198799948302199,10.1859903954377,2.32987826196807e-42
12.0,10.2094921258365,10.1966960049801,2.35031411415093e-42
12.0,10.2157148674046,10.202926550875999,2.3621744383099903e-42
12.0,10.2264070893875,10.2136321604185,2.38248283717398e-42
12.0,10.2370993393534,10.2243377699609,2.4026837091298598e-42
12.0,10.2433221229713,10.2305683158568,2.41438199796715e-42
12.0,10.2540144170273,10.241273925399298,2.4343659854320898e-42
12.0,10.2647067388409,10.2519795349418,2.45418089286117e-42
12.0,10.270929564169899,10.2582100808376,2.4656245789319205e-42
12.0,10.2816219297189,10.2689156903802,2.4851166267446798e-42
12.0,10.292314322802401,10.279621299922601,2.5043667917170002e-42
12.0,10.298537189507499,10.2858518458185,2.5154463931892803e-42
12.0,10.309229625975501,10.296557455361,2.53424858621518e-42
12.0,10.319922089757402,10.3072630649034,2.5527231003785098e-42
12.0,10.326144997507,10.3134936107993,2.56330960025534e-42
12.0,10.336837504326299,10.3241992203418,2.58118896386997e-42
12.0,10.347530038241299,10.3349048298843,2.5986398976174398e-42
12.0,10.3537529867074,10.3411353757801,2.6085817957803e-42
12.0,10.3644455633163,10.3518409853227,2.62526505478123e-42
12.0,10.3751381668049,10.362546594865101,2.64140199378957e-42
12.0,10.381361155663,10.368777140761,2.6505220251327002e-42
12.0,10.3920538015056,10.3794827503034,2.6656897907867898e-42
12.0,10.4027464740144,10.3901883598459,2.6801738073869304e-42
12.0,10.4089695029434,10.3964189057418,2.68826533691422e-42
12.0,10.41966221747,10.4071245152843,2.7015457542058e-42
12.0,10.4303549584513,10.4178301248268,2.71398286556045e-42
12.0,10.436578027133601,10.4240606707227,2.7208060005502502e-42
12.0,10.4472708098,10.4347662802651,2.73176794393545e-42
12.0,10.4579636187119,10.4454718898076,2.74170217339461e-42
12.0,10.4641867268331,10.4517024357034,2.74697967568429e-42
12.0,10.474879577101,10.4624080452459,2.7551256656656402e-42
12.0,10.4855724534074,10.4731136547884,2.7620319222586e-42
12.0,10.4917956006566,10.479344200684299,2.76544506759655e-42
12.0,10.5024885179932,10.4900498102267,2.7702042033888003e-42
12.0,10.513181461163601,10.5007554197692,2.77348133532185e-42
12.0,10.5194046472329,10.506985965665102,2.77466595832648e-42
12.0,10.5300976311112,10.5176915752076,2.7753873367091402e-42
12.0,10.540790640620601,10.5283971847501,2.77435191493721e-42
12.0,10.5470138652055,10.534627730646001,2.7728950075938e-42
12.0,10.5577069151038,10.545333340188401,2.76884234549608e-42
12.0,10.568399990432699,10.556038949730999,2.76272401394901e-42
12.0,10.574623253231701,10.562269495626799,2.7581614253455903e-42
12.0,10.585316368633999,10.5729751051693,2.74850994289845e-42
12.0,10.5960095092682,10.5836807147117,2.73644955612526e-42
12.0,10.6022328099833,10.5899112606077,2.72826558763682e-42
12.0,10.6129259903785,10.600616870150098,2.7121026761741602e-42
12.0,10.6236191958094,10.6113224796926,2.6931549708639602e-42
12.0,10.6327986228121,10.620512534888999,2.67455174175868e-42
12.0,10.653650486730498,10.6413884734969,2.62371909358752e-42
12.0,10.6745024447594,10.662264412104701,2.56000421970567e-42
12.0,10.6866380959313,10.6744139766017,2.51650798928564e-42
12.0,10.7074902017197,10.6952899152095,2.42991724280976e-42
12.0,10.728342400206198,10.716165853817401,2.32731626599199e-42
12.0,10.740478190675699,10.7283154183143,2.25978679960553e-42
12.0,10.761330534709499,10.7491913569222,2.12964145056405e-42
12.0,10.7821829700569,10.77006729553,1.98096741162261e-42
12.0,10.7943188977438,10.782216860026901,1.88570018096487e-42
12.0,10.8151714764702,10.8030927986347,1.70692190888119e-42
12.0,10.8360241451533,10.8239687372426,1.50954280645931e-42
12.0,10.8481602080185,10.8361183017396,1.38665377001381e-42
12.0,10.869013017955101,10.8569942403474,1.16364285655841e-42
12.0,10.8898659165182,10.8778701789553,9.30202710012005e-43
12.0,10.9020021125626,10.8900197434522,7.932277875088161e-43
12.0,10.9228551502955,10.91089568206,5.687781066680241e-43
12.0,10.943708275350701,10.931771620667801,3.80379864914506e-43
12.0,10.955844602614599,10.9439211851648,2.8996625720284504e-43
12.0,10.976697864796702,10.9647971237726,1.6636444622028e-43
12.0,10.9975512130225,10.985673062380501,8.04991789720874e-44
12.0,11.0096876695844,10.9978226268775,4.64488398843587e-44
12.0,11.0305411529339,11.018698565485302,1.1814595959248698e-44
12.0,11.0513947210731,11.0395745040931,6.38389178553713e-46
12.0,11.0685079143692,11.0567059923339,0.0
12.5,0.51099907,0.0,0.0
12.5,0.515554236877041,0.0683821732690859,2.77750340397952e-48
12.5,0.594270661083381,0.303376942241189,4.3774844895719896e-47
12.5,0.742269593190773,0.5383717112132941,1.38281888824843e-46
12.5,0.8467164495963501,0.6751360577514611,2.20755674698123e-46
12.5,1.04377112974703,0.9101308267235692,4.152658039748611e-46
12.5,1.25396677765331,1.14512559569567,6.84447682589869e-46
12.5,1.37998618599649,1.28188994223384,8.79518523597945e-46
12.5,1.60064339458582,1.51688471120595,1.28849234421727e-45
12.5,1.82488404086665,1.75187948017805,1.80187183940242e-45
12.5,1.95655195528617,1.88864382671622,2.1544109053980998e-45
12.5,2.18425294657875,2.12363859568833,2.86359101024958e-45
12.5,2.4133527297994,2.35863336466042,3.71937268527308e-45
12.5,2.54718075263536,2.49539771119859,4.29306548996898e-45
12.5,2.77779825496985,2.73039248017069,5.4246757846660594e-45
12.5,3.00909315025633,2.9653872491428,6.76357112940719e-45
12.5,3.14395683369331,3.10215159568097,7.650038245363039e-45
12.5,3.37604293643581,3.33714636465308,9.38066575740396e-45
12.5,3.6085055532835,3.57214113362518,1.14071128605625e-44
12.5,3.7439417610757,3.70890548016335,1.27400843132512e-44
12.5,3.97686675973329,3.94390024913545,1.53287612175157e-44
12.5,4.21002180777072,4.17889501810756,1.83446234018438e-44
12.5,4.34580669165061,4.31565936464573,2.0322632076830297e-44
12.5,4.57925464386443,4.55065413361783,2.41561637493369e-44
12.5,4.81285315259059,4.78564890258994,2.8615684705848e-44
12.5,4.94886575335528,4.9224132491281,3.15393781424389e-44
12.5,5.18266123865965,5.15740801810021,3.7207518241471497e-44
12.5,5.41656052006863,5.39240278707232,4.38094923431873e-44
12.5,5.55272989086802,5.52916713361048,4.81447866607218e-44
12.5,5.78676787928507,5.76416190258259,5.65687419467971e-44
12.5,6.02088040234981,5.99915667155469,6.641613082777439e-44
12.5,6.15716223513841,6.13592101809286,7.29047524242939e-44
12.5,6.39137606587302,6.37091578706497,8.55647433582958e-44
12.5,6.62564520057503,6.60591055603708,1.0045168874675402e-43
12.5,6.76201041786826,6.74267490257524,1.1031245243047302e-43
12.5,6.99635577245558,6.97766967154735,1.29667742350368e-43
12.5,7.23074327998682,7.21266444051945,1.5261881577683002e-43
12.5,7.36717201818799,7.34942878705762,1.6793127410998102e-43
12.5,7.60161829657339,7.58442355602972,1.98233270815684e-43
12.5,7.83609743373034,7.81941832500183,2.34568384749244e-43
12.5,7.97257566614793,7.95618267153999,2.5904263594813303e-43
12.5,8.20710106624106,8.1911774405121,3.0799430195336005e-43
12.5,8.44165257241879,8.4261722094842,3.6754884482158205e-43
12.5,8.57817011442447,8.56293655602237,4.081571175331361e-43
12.5,8.81275868550024,8.79793132499448,4.9048903106436904e-43
12.5,9.04736833939037,9.03292609396658,5.924889753903991e-43
12.5,9.1839176185452,9.16969044050474,6.6309082608707e-43
12.5,9.41855742345363,9.40468520947685,8.08558473598753e-43
12.5,9.65321449758838,9.63967997844895,9.924513610695442e-43
12.5,9.7247532618061,9.71131844568324,1.0578503555580001e-42
12.5,9.73592804727765,9.72250867277714,1.06850841335428e-42
12.5,9.74710286818047,9.73369889987106,1.0792901970632501e-42
12.5,9.75360650614121,9.74021148780145,1.08562263518789e-42
12.5,9.76478138284749,9.75140171489535,1.0966032656716201e-42
12.5,9.77595629467187,9.76259194198926,1.10771157883895e-42
12.5,9.78245998540436,9.76910452991965,1.1142358882133801e-42
12.5,9.79363495253973,9.78029475701356,1.12554937546798e-42
12.5,9.80480995448372,9.79148498410748,1.13699458634827e-42
12.5,9.81131369752291,9.79799757203786,1.1437168389644301e-42
12.5,9.82248875429117,9.80918779913177,1.1553736790416401e-42
12.5,9.8336638455622,9.82037802622568,1.16716636045617e-42
12.5,9.84016764044849,9.82689061415607,1.1740927435339402e-42
12.5,9.85134278606276,9.83808084124998,1.18610362343049e-42
12.5,9.86251796587752,9.84927106834389,1.19825452960426e-42
12.5,9.86902181215667,9.85578365627428,1.2053913312175799e-42
12.5,9.88019704583926,9.86697388336819,1.2177671024956101e-42
12.5,9.89137231342357,9.8781641104621,1.23028714021115e-42
12.5,9.89787621064662,9.88467669839249,1.2376407313101302e-42
12.5,9.90905153162887,9.8958669254864,1.2503923770119801e-42
12.5,9.92022688621755,9.90705715258031,1.26329256977853e-42
12.5,9.92673083394076,9.9135697405107,1.2708693819642001e-42
12.5,9.93790624146293,9.92475996760461,1.2840079759630402e-42
12.5,9.94908168229964,9.93595019469851,1.29729942002894e-42
12.5,9.95558568008441,9.9424627826289,1.3051059183445e-42
12.5,9.96676117339554,9.95365300972281,1.31864257566975e-42
12.5,9.97793669973271,9.96484323681672,1.33233638645804e-42
12.5,9.98444074714548,9.97135582474711,1.3403790363236901e-42
12.5,9.99561632550328,9.98254605184102,1.3543248529232602e-42
12.5,10.0067919366019,9.99373627893492,1.36843210022514e-42
12.5,10.0132960332141,10.0002488668653,1.3767173275046801e-42
12.5,10.0244716958848,10.0114390939592,1.39108330764816e-42
12.5,10.0356473910144,10.0226293210531,1.40561493763458e-42
12.5,10.0421515364025,10.0291419089836,1.41414908064627e-42
12.5,10.0533272826607,10.0403321360774,1.42894604960968e-42
12.5,10.064503061099199,10.051522363171399,1.4439127913758302e-42
12.5,10.0710072548442,10.0580349511017,1.4527020435007202e-42
12.5,10.0821830839729,10.0692251781956,1.4679405435764402e-42
12.5,10.0933589450064,10.0804154052896,1.4833527975797002e-42
12.5,10.0998631866944,10.0869279932199,1.49240313857641e-42
12.5,10.1110390979847,10.0981182203138,1.50809330474453e-42
12.5,10.122215040907301,10.1093084474077,1.52396101000933e-42
12.5,10.1287193301291,10.1158210353382,1.53327812480924e-42
12.5,10.1398953228802,10.127011262432099,1.54942953719419e-42
12.5,10.1510713469942,10.1382014895259,1.56576201354347e-42
12.5,10.157575683345,10.1447140774563,1.57535119538518e-42
12.5,10.168751756863902,10.155904304550202,1.59197270424525e-42
12.5,10.179927861479701,10.167094531644201,1.60877846556818e-42
12.5,10.1864322445594,10.1736071195746,1.61864450155075e-42
12.5,10.1976083981611,10.1847973466685,1.63574402013469e-42
12.5,10.2087845825964,10.1959875737624,1.6530305532794002e-42
12.5,10.215289012009501,10.2025001616928,1.66317758899064e-42
12.5,10.226465245016701,10.2136903887867,1.6807618487365902e-42
12.5,10.2376415085972,10.2248806158806,1.69853535246367e-42
12.5,10.2441459839525,10.231393203810999,1.7089667321481702e-42
12.5,10.2553222956955,10.242583430904899,1.72704099375326e-42
12.5,10.2664986377543,10.2537736579988,1.7453060707433e-42
12.5,10.2730031586652,10.2602862459292,1.75602414884592e-42
12.5,10.2841795484816,10.2714764730231,1.77459186162114e-42
12.5,10.295355968359502,10.282666700117,1.79335115549133e-42
12.5,10.3018605344435,10.2891792880474,1.8043570743959602e-42
12.5,10.3130370016787,10.300369515141302,1.82341947501138e-42
12.5,10.3242134987236,10.311559742235199,1.84267324287921e-42
12.5,10.3307181096026,10.3180723301657,1.8539666717475502e-42
12.5,10.3418946536089,10.3292625572595,1.8735223119622402e-42
12.5,10.353071227176201,10.340452784353399,1.8932679215e-42
12.5,10.3595758824761,10.346965372283801,1.90484674829027e-42
12.5,10.370752502613401,10.3581555993778,1.92489093944627e-42
12.5,10.3819291520654,10.369345826471601,1.9451222774551002e-42
12.5,10.3884338514166,10.375858414402,1.95698224763014e-42
12.5,10.3996105470514,10.3870486414959,1.97750640765742e-42
12.5,10.4107872717578,10.3982388685899,1.9982131848701403e-42
12.5,10.4172920147945,10.4047514565203,2.01034747621475e-42
12.5,10.4284687853007,10.4159416836141,2.03133836243252e-42
12.5,10.4396455846378,10.4271319107081,2.0525052971689202e-42
12.5,10.4461503709984,10.433644498638499,2.06490402074323e-42
12.5,10.457327215756699,10.444834725732399,2.0863428289917502e-42
12.5,10.4685040891078,10.456024952826299,2.10794868851392e-42
12.5,10.4750089184345,10.4625375407566,2.12059830281946e-42
12.5,10.4861858368324,10.4737277678505,2.14245961021813e-42
12.5,10.4973627835877,10.4849179949445,2.1644760861268703e-42
12.5,10.5038676555268,10.491430582874798,2.1773587098697102e-42
12.5,10.5150446469585,10.5026208099688,2.19960923483595e-42
12.5,10.5262216665146,10.513811037062698,2.2219996241938503e-42
12.5,10.5327265807163,10.520323624993,2.2350922306635498e-42
12.5,10.5439036445825,10.5315138520869,2.2576893797192202e-42
12.5,10.555080736343001,10.5427040791809,2.28040704026454e-42
12.5,10.5615856924611,10.5492166671113,2.2936805136964902e-42
12.5,10.5727628281692,10.560406894205101,2.3165706795398104e-42
12.5,10.5839399915438,10.5715971212991,2.33955722104465e-42
12.5,10.5904449892361,10.5781097092295,2.3529752524488e-42
12.5,10.601622196200001,10.5892999363234,2.37609182379736e-42
12.5,10.6127994306049,10.6004901634173,2.39927499374802e-42
12.5,10.6193044695328,10.6070027513477,2.4127927905509598e-42
12.5,10.6304817471725,10.6181929784416,2.4360538266691698e-42
12.5,10.641659052030402,10.6293832055355,2.4593450419446402e-42
12.5,10.648164131858898,10.635895793465899,2.47290782221715e-42
12.5,10.659341479600899,10.647086020559799,2.49621334168189e-42
12.5,10.6705188543407,10.6582762476537,2.5195048124092703e-42
12.5,10.6770239747385,10.664788835584101,2.5330460518935798e-42
12.5,10.688201392015399,10.675979062678,2.55627487741677e-42
12.5,10.699378836072,10.687169289771902,2.57943626352637e-42
12.5,10.7058839967113,10.6936818777023,2.5928756589387702e-42
12.5,10.7170614829619,10.704872104796198,2.6158817562145404e-42
12.5,10.7282389957763,10.7160623318901,2.6387562925353198e-42
12.5,10.734744196332999,10.7225749198205,2.6519974043159502e-42
12.5,10.745921751001898,10.7337651469144,2.67460564813219e-42
12.5,10.7570993320212,10.7449553740083,2.6970056705815503e-42
12.5,10.7636045721745,10.751467961938701,2.70993320456022e-42
12.5,10.774782194712401,10.7626581890326,2.7319345050395e-42
12.5,10.785959843389602,10.7738484161265,2.75363631098416e-42
12.5,10.792465122822199,10.780361004057,2.7661130010551902e-42
12.5,10.803642812685702,10.7915512311509,2.7872587242155002e-42
12.5,10.814820528479501,10.8027414582448,2.8079967045719003e-42
12.5,10.8213258468773,10.8092540461751,2.81985976177481e-42
12.5,10.8325036035287,10.8204442732691,2.83985539053093e-42
12.5,10.8436813859037,10.831634500363002,2.8593153850857502e-42
12.5,10.8501867429562,10.8381470882934,2.87037248846863e-42
12.5,10.8613645658635,10.849337315387299,2.8888704883003304e-42
12.5,10.872542414289901,10.8605275424812,2.90668234178498e-42
12.5,10.8790478096898,10.8670401304116,2.91670716434381e-42
12.5,10.8902256983267,10.878230357505501,2.9332990563904e-42
12.5,10.901403612280301,10.889420584599401,2.94902839645293e-42
12.5,10.9079090457235,10.8959331725298,2.9577556896371705e-42
12.5,10.919086999569101,10.9071233996237,2.9719633925588805e-42
12.5,10.930264978531302,10.9183136267176,2.98510272419181e-42
12.5,10.9367704497169,10.924826214648,2.99222303237703e-42
12.5,10.947948468256099,10.9360164417419,3.00348962942828e-42
12.5,10.959126511713599,10.9472066688358,3.01344894959029e-42
12.5,10.9656320203439,10.953719256766199,3.01860309909425e-42
12.5,10.9768101030667,10.964909483860199,3.02628332877893e-42
12.5,10.987988210511801,10.976099710954,3.03238063254071e-42
12.5,10.9944937562922,10.9826122988844,3.0351542486658997e-42
12.5,11.005671902694,10.9938025259783,3.03850522778687e-42
12.5,11.0168500736242,11.0049927530722,3.03995751874021e-42
12.5,11.0233556562632,11.0115053410026,3.03987598177828e-42
12.5,11.0345338658448,11.022695568096502,3.0380489717572304e-42
12.5,11.0457120997628,11.033885795190399,3.03396473747696e-42
12.5,11.052217718971999,11.0403983831209,3.0304892136972803e-42
12.5,11.0633959912393,11.0515886102148,3.02252367096949e-42
12.5,11.074574287653,11.0627788373086,3.01189827176859e-42
12.5,11.0810799431468,11.069291425239001,3.00442376945758e-42
12.5,11.0922582776109,11.080481652332901,2.98924551735141e-42
12.5,11.103436636033399,11.091671879426801,2.97096161614937e-42
12.5,11.1130325338202,11.101277946624199,2.95264954312687e-42
12.5,11.1348304411961,11.1230988894573,2.90141216447332e-42
12.5,11.1566284386333,11.144919832290402,2.83560314501371e-42
12.5,11.1693146723827,11.1576193787547,2.79000571476556e-42
12.5,11.1911128112214,11.1794403215878,2.69809518845774e-42
12.5,11.2129110387694,11.2012612644209,2.5877624885537e-42
12.5,11.225597405822501,11.2139608108852,2.5145070869331903e-42
12.5,11.2473957726547,11.2357817537183,2.3722245413015203e-42
12.5,11.269194226871,11.257602696551402,2.20828961966664e-42
12.5,11.281880725236599,11.2703022430157,2.1026208546111902e-42
12.5,11.303679316661698,11.2921231858488,1.903277120838e-42
12.5,11.3254779941721,11.3139441286819,1.68195003239461e-42
12.5,11.338164621898501,11.3266436751462,1.5436583530063702e-42
12.5,11.3599634345833,11.3484646179793,1.2920943319052701e-42
12.5,11.381762332080301,11.370285560812501,1.0287041561231301e-42
12.5,11.394449087254,11.3829851072767,8.748518272362811e-43
12.5,11.416248117931001,11.4048060501099,6.269418868872231e-43
12.5,11.4380472321718,11.4266269929429,4.21332377681528e-43
12.5,11.4507341129173,11.4393265394073,3.2224326029055203e-43
12.5,11.4725333583827,11.4611474822403,1.86100868007318e-43
12.5,11.4943326861882,11.482968425073402,9.080940723006521e-44
12.5,11.507019690666201,11.4956679715377,5.27326635772662e-44
12.5,11.528819147779,11.5174889143708,1.36333095185529e-44
12.5,11.550618686031699,11.5393098572039,7.660442598290121e-46
12.5,11.5685081710941,11.5572168472833,0.0
13.0,0.51099907,0.0,0.0
13.0,0.515955351849507,0.0713433638209169,2.739254717624e-48
13.0,0.601083449551407,0.316514239464442,4.36243397957947e-47
13.0,0.759348548477389,0.561685115107969,1.38107625014942e-46
13.0,0.8702067239452991,0.704371842749797,2.2063681794423904e-46
13.0,1.07830952123898,0.949542718393319,4.1538821383764695e-46
13.0,1.29940779638931,1.19471359403685,6.8503330462922504e-46
13.0,1.43169817697974,1.33740032167868,8.80498037469506e-46
13.0,1.66302484772017,1.5825711973222,1.29041265198981e-45
13.0,1.89783063913247,1.82774207296574,1.80514917953354e-45
13.0,2.03561040177255,1.97042880060756,2.15871661045975e-45
13.0,2.27376383447024,2.21559967625109,2.87017510287042e-45
13.0,2.51326714827784,2.46077055189462,3.72904165390842e-45
13.0,2.6531320841436,2.60345727953644,4.30499004431002e-45
13.0,2.89409785875062,2.84862815517997,5.4414550888431695e-45
13.0,3.13571562688093,3.0937990308235,6.786735433244061e-45
13.0,3.27657750011956,3.23648575846533,7.67778396175443e-45
13.0,3.51895623265977,3.48165663410885,9.418108253950838e-45
13.0,3.76169686936468,3.72682750975239,1.14570804792594e-44
13.0,3.90310907904678,3.86951423739422,1.27989294820069e-44
13.0,4.14629396316702,4.11468511303774,1.5406188224194398e-44
13.0,4.38969979515465,4.35985598868127,1.8445765199694498e-44
13.0,4.53144689496137,4.5025427163231,2.0440447339420398e-44
13.0,4.77513396679983,4.74771359196662,2.43086323621117e-44
13.0,5.01896556637357,4.99288446761015,2.88120581240805e-44
13.0,5.16093126780842,5.13557119525197,3.17664803533584e-44
13.0,5.40495192236209,5.3807420708955,3.7498258322907197e-44
13.0,5.64907218325066,5.62591294653903,4.41806124255201e-44
13.0,5.79118832801182,5.76859967418086,4.8572086738386e-44
13.0,6.03544168023153,6.01377054982439,5.711234012139519e-44
13.0,6.27976654159844,6.25894142546792,6.710672886831759e-44
13.0,6.4219905839411,6.40162815310974,7.369824536946079e-44
13.0,6.66641263185653,6.64679902875327,8.65717671230688e-44
13.0,6.9108877297097,6.8919699043968,1.0172976904129801e-43
13.0,7.05319175836201,7.03465663203862,1.11781070712292e-43
13.0,7.29773996461552,7.27982750768215,1.31533908443327e-43
13.0,7.54232860054473,7.52499838332568,1.54993696757011e-43
13.0,7.68469355345375,7.66768511096751,1.7066637866266701e-43
13.0,7.92933855465807,7.91285598661103,2.01726591521971e-43
13.0,8.17401506817842,8.15802686225456,2.39044217233153e-43
13.0,8.31642748727069,8.30071358989639,2.64221983325022e-43
13.0,8.56114836618881,8.54588446553992,3.1467402134804103e-43
13.0,8.80589427947502,8.79105534118345,3.7620911561326e-43
13.0,8.94834439445864,8.93374206882527,4.1825871573356106e-43
13.0,9.19312584987706,9.1789129444688,5.037235502268391e-43
13.0,9.43792752133877,9.42408382011232,6.099707786642e-43
13.0,9.58040806870549,9.56677054775416,6.8373614770734306e-43
13.0,9.82523865082819,9.81194142339768,8.362702746838871e-43
13.0,10.0700857913459,10.0571122990412,1.03011401881546e-42
13.0,10.144730877267401,10.1318529659012,1.09932086353819e-42
13.0,10.156390877680199,10.1435277695033,1.11061281863501e-42
13.0,10.168050912065,10.1552025731053,1.12203966339646e-42
13.0,10.174836938215499,10.1619971791835,1.12875274831713e-42
13.0,10.1864970261056,10.1736719827856,1.1403965636210501e-42
13.0,10.198157147667398,10.185346786387699,1.1521798183009e-42
13.0,10.204943224416102,10.192141392465802,1.1591024428321902e-42
13.0,10.2166033990108,10.203816196067901,1.17110996083836e-42
13.0,10.228263606980398,10.215490999670001,1.18326158713708e-42
13.0,10.2350497338815,10.222285605748201,1.1904007670086402e-42
13.0,10.2467099944172,10.2339604093503,1.20278413401341e-42
13.0,10.258370288034499,10.2456352129523,1.21531639211534e-42
13.0,10.2651564646472,10.2524298190306,1.2226793139946199e-42
13.0,10.2768168103693,10.2641046226326,1.2354509648808301e-42
13.0,10.2884771888831,10.2757794262346,1.24837639602815e-42
13.0,10.2952634147716,10.282574032312798,1.25597040642537e-42
13.0,10.3069238449344,10.294248835915,1.2691430435249e-42
13.0,10.3185843076023,10.305923639517001,1.28247444689844e-42
13.0,10.325370582336099,10.3127182455951,1.29030703760596e-42
13.0,10.3370310962023,10.3243930491972,1.3038936039218502e-42
13.0,10.3486916422905,10.336067852799399,1.3176440067928e-42
13.0,10.3554779654441,10.3428624588775,1.3257227960872201e-42
13.0,10.367138562285101,10.3545372624796,1.3397364405071599e-42
13.0,10.3787991910682,10.3662120660817,1.35391906038265e-42
13.0,10.385585562221,10.3730066721598,1.3622517695374401e-42
13.0,10.3972462413167,10.384681475761901,1.3767058034238899e-42
13.0,10.408906952077698,10.396356279364001,1.39133400073251e-42
13.0,10.415693370813901,10.4031508854421,1.39992842451659e-42
13.0,10.4273541314524,10.4148256890443,1.41483626775056e-42
13.0,10.439014923482699,10.4265004926463,1.42992348732502e-42
13.0,10.4458013893913,10.4332950987245,1.43878745774932e-42
13.0,10.457462230868899,10.4449699023266,1.45416257237084e-42
13.0,10.4691231034679,10.4566447059286,1.46972227170204e-42
13.0,10.475909616142701,10.463439312006798,1.47886361364178e-42
13.0,10.4875705377637,10.4751141156089,1.49471942283727e-42
13.0,10.499231490239001,10.486788919210902,1.51076498469691e-42
13.0,10.5060180492783,10.4935835252892,1.52019146194743e-42
13.0,10.517679050355099,10.5052583288912,1.53654125177984e-42
13.0,10.529340082022001,10.5169331324932,1.55308587840749e-42
13.0,10.5361266870288,10.5237277385715,1.56280512844691e-42
13.0,10.5477877668816,10.5354025421735,1.5796619289715602e-42
13.0,10.5594488770633,10.5470773457756,1.5967185144894402e-42
13.0,10.566235527645,10.5538719518538,1.60673796997125e-42
13.0,10.5778966856018,10.565546755455898,1.62411441268088e-42
13.0,10.5895578736292,10.577221559058001,1.64169538985598e-42
13.0,10.5963445693977,10.5840161651361,1.65202218414064e-42
13.0,10.608005804793901,10.5956909687382,1.66993033060106e-42
13.0,10.6196670700054,10.6073657723403,1.68804748734289e-42
13.0,10.626453810577098,10.6141603784184,1.69868834200603e-42
13.0,10.6381151227558,10.6258351820205,1.71713947921854e-42
13.0,10.6497764644973,10.6375099856226,1.73580373928048e-42
13.0,10.656563249492901,10.644304591700799,1.74676482926462e-42
13.0,10.6682246378045,10.655979395302799,1.76576922548134e-42
13.0,10.6798860554294,10.667654198905002,1.78499038728514e-42
13.0,10.686672884473701,10.6744488049831,1.79627718054043e-42
13.0,10.698334348276,10.6861236085852,1.81584379452031e-42
13.0,10.7099958411447,10.6977984121872,1.83563022011363e-42
13.0,10.716782713867,10.7045930182655,1.84724728680177e-42
13.0,10.7284442525249,10.7162678218675,1.8673834221366503e-42
13.0,10.740105820005098,10.7279426254696,1.88774166771546e-42
13.0,10.7468927360386,10.7347372315478,1.89969245357832e-42
13.0,10.7585543489241,10.746412035149799,1.9204033482465702e-42
13.0,10.7702159903907,10.758086838751899,1.94133772565489e-42
13.0,10.7770029493727,10.764881444830099,1.95362428311553e-42
13.0,10.788664635865,10.7765562484322,1.9749126226401502e-42
13.0,10.800326350699601,10.7882310520342,1.99642467919067e-42
13.0,10.8071133522716,10.7950256581125,2.00904734860298e-42
13.0,10.8187751117565,10.8067004617145,2.0309126891504802e-42
13.0,10.830436899347799,10.8183752653166,2.05300059185788e-42
13.0,10.8372239431551,10.825169871394799,2.0659576239656e-42
13.0,10.848885775025401,10.8368446749969,2.08839570889202e-42
13.0,10.8605476347687,10.848519478598899,2.11105351495044e-42
13.0,10.8673347204606,10.855314084677,2.1243406240004702e-42
13.0,10.8789966241158,10.866988888279101,2.1473425756678602e-42
13.0,10.8906585554132,10.8786636918812,2.17055936959492e-42
13.0,10.897445682643001,10.885458297959401,2.1841692047045603e-42
13.0,10.909107657489102,10.8971331015615,2.2077205678533497e-42
13.0,10.920769659749201,10.9088079051635,2.23147944112183e-42
13.0,10.927556828173799,10.9156025112417,2.24540096129244e-42
13.0,10.9392188736235,10.9272773148438,2.26948057285676e-42
13.0,10.9508809462615,10.938952118445899,2.29375741803568e-42
13.0,10.957668155541601,10.9457467245241,2.3079751536777402e-42
13.0,10.969330271014,10.9574215281262,2.3325538072595502e-42
13.0,10.9809924134513,10.9690963317283,2.3573158938270404e-42
13.0,10.9877796632514,10.975890937806401,2.37180907472247e-42
13.0,10.9994418481718,10.9875657414084,2.39684794399671e-42
13.0,11.0111040598364,10.9992405450106,2.42205223714175e-42
13.0,11.0178913498247,11.0060351510887,2.43679376341503e-42
13.0,11.0295536036248,11.0177099546908,2.46224254212279e-42
13.0,11.0412158839506,11.0293847582928,2.4878337205559098e-42
13.0,11.0480032137989,11.0361793643711,2.5027889494113298e-42
13.0,11.0596655359166,11.0478541679731,2.52858365899293e-42
13.0,11.071327884344,11.059528971575201,2.55449177870362e-42
13.0,11.0781152537274,11.066323577653401,2.56961709544151e-42
13.0,11.0897776436067,11.077998381255401,2.5956775038342e-42
13.0,11.1014400595819,11.0896731848576,2.6218152498006704e-42
13.0,11.108227468179399,11.0964677909357,2.6370563870046403e-42
13.0,11.1198899252702,11.1081425945378,2.6632829739120403e-42
13.0,11.1315524082454,11.1198173981398,2.6895424301953602e-42
13.0,11.1383398557393,11.1266120042181,2.70483249378137e-42
13.0,11.150002379497499,11.1382868078201,2.73110288923582e-42
13.0,11.161664928931001,11.1499616114221,2.75735175224927e-42
13.0,11.1684524150069,11.156756217500302,2.7726089089445098e-42
13.0,11.1801150048944,11.168431021102501,2.7987737233760804e-42
13.0,11.1917776202502,11.180105824704501,2.8248508725331402e-42
13.0,11.198565144597199,11.1869004307827,2.83997564691127e-42
13.0,11.2102278000813,11.1985752343847,2.86585360338088e-42
13.0,11.221890480829199,11.2102500379869,2.8915639376978305e-42
13.0,11.228678043139698,11.217044644065,2.90643606566207e-42
13.0,11.240340763693899,11.2287194476671,2.93180833896601e-42
13.0,11.252003509309201,11.2403942512692,2.95691678315082e-42
13.0,11.258791109279,11.247188857347401,2.9713915641502905e-42
13.0,11.2704538943819,11.258863660949402,2.99599523077349e-42
13.0,11.2821167043457,11.2705384645515,3.02021981524333e-42
13.0,11.2889043416737,11.2773330706297,3.0341239097047604e-42
13.0,11.3005671908098,11.2890078742317,3.05764441635607e-42
13.0,11.312230064608599,11.3006826778338,3.08064834478097e-42
13.0,11.3190177389969,11.307477283912,3.09377496873073e-42
13.0,11.3306806516562,11.3191520875141,3.1158375461180697e-42
13.0,11.342343588781901,11.3308268911162,3.13722018689694e-42
13.0,11.3491312999359,11.337621497194398,3.14932367337767e-42
13.0,11.3607942756135,11.3492963007964,3.16948365461981e-42
13.0,11.372457275563498,11.3609711043984,3.18877043662438e-42
13.0,11.3792450231915,11.3677657104766,3.19956016344701e-42
13.0,11.390908061388101,11.3794405140787,3.21729222956319e-42
13.0,11.402571123665199,11.3911153176808,3.23392349837882e-42
13.0,11.4093589074787,11.397909923758899,3.2430572332827e-42
13.0,11.421022007700198,11.4095847273611,3.25774371080663e-42
13.0,11.4326851318121,11.4212595309632,3.27106272450913e-42
13.0,11.4394729515257,11.428054137041299,3.27813952105517e-42
13.0,11.451136113283,11.439728940643402,3.2890580172600304e-42
13.0,11.462799298742901,11.4514037442455,3.29829845154456e-42
13.0,11.469587154073999,11.4581983503236,3.30285135482199e-42
13.0,11.481250376883501,11.4698731539258,3.30916226398999e-42
13.0,11.4929136232094,11.4815479575278,3.31343588445795e-42
13.0,11.4997015138786,11.488342563606,3.31492489527313e-42
13.0,11.511364797261301,11.500017367207999,3.31565967269065e-42
13.0,11.5230281039765,11.5116921708101,3.31394525424323e-42
13.0,11.529816029707101,11.518486776888299,3.31175127488578e-42
13.0,11.5414793731894,11.530161580490299,3.30580290712724e-42
13.0,11.553142739822,11.541836384092502,3.29693809061402e-42
13.0,11.5599307003403,11.5486309901706,3.29035897161479e-42
13.0,11.5715941034533,11.5603057937727,3.2764768251874e-42
13.0,11.583257529536299,11.5719805973748,3.2591554633145e-42
13.0,11.5932698249264,11.582002641340098,3.2413783515355e-42
13.0,11.6160136097656,11.604768508364101,3.19023315269093e-42
13.0,11.638757480950199,11.6275343753882,3.12272504143204e-42
13.0,11.651994201017,11.6407838572406,3.07519438163556e-42
13.0,11.6747382077687,11.663549724264598,2.97812028336658e-42
13.0,11.6974822995694,11.6863155912887,2.86000762751002e-42
13.0,11.710719147439498,11.699565073141201,2.78088616870907e-42
13.0,11.7334633727768,11.7223309401652,2.62600196388467e-42
13.0,11.756207681892501,11.745096807189299,2.44602211521289e-42
13.0,11.7694446556565,11.758346289041699,2.32933431252825e-42
13.0,11.792189096318799,11.781112156065701,2.1080740550067998e-42
13.0,11.814933619514001,11.8038780230898,1.86109223189989e-42
13.0,11.828170717300399,11.8171275049422,1.70626647836069e-42
13.0,11.8509153700915,11.839893371966198,1.42409293300647e-42
13.0,11.8736601041946,11.8626592389903,1.12897671413486e-42
13.0,11.8868973241688,11.875908720842801,9.57833624590116e-43
13.0,11.9096421859554,11.8986745878668,6.87448616107508e-43
13.0,11.932387127857101,11.921440454890899,4.6421627717219904e-43
13.0,11.945624468220299,11.934689936743299,3.5615117610868405e-43
13.0,11.9683695359306,11.9574558037674,2.0696092088196603e-43
13.0,11.9911146825823,11.9802216707914,1.01788014111593e-43
13.0,12.004352141571,11.9934711526438,5.94613516853132e-44
13.0,12.0270974121929,12.0162370196679,1.56100353758975e-44
13.0,12.0498427606055,12.0390028866919,9.09807176936432e-46
13.0,12.0685084063945,12.057685312931099,0.0
13.5,0.51099907,0.0,0.0
13.5,0.516373104958927,0.07430433354830751,2.70569856998594e-48
13.5,0.608103230769701,0.329650557001931,4.35095352175015e-47
13.5,0.7767504635880331,0.58499678045555,1.38021322453523e-46
13.5,0.894034116921209,0.733605447552171,2.20642519516481e-46
13.5,1.11316910535911,0.9889516710057861,4.15704671135279e-46
13.5,1.34513839425428,1.24429789445941,6.85886834429122e-46
13.5,1.4836808075751,1.39290656155603,8.81788458476006e-46
13.5,1.72564692009488,1.64825278500965,1.29271357956989e-45
13.5,1.97099194178039,1.90359900846328,1.8088650639597e-45
13.5,2.11487030173668,2.05220767555989,2.1634855910431997e-45
13.5,2.36345616553245,2.30755389901352,2.87724223804296e-45
13.5,2.6133459562949,2.56290012246713,3.73917379530333e-45
13.5,2.7592390192628,2.71150878956375,4.31734218427164e-45
13.5,3.01053960575296,2.96685501301737,5.45854798319458e-45
13.5,3.26246852212494,3.222201236471,6.81001550989761e-45
13.5,3.40932243349472,3.37080990356761,7.70548279416258e-45
13.5,3.66198420355338,3.62615612702123,9.455124829934579e-45
13.5,3.91499432263735,3.88150235047485,1.1506090840201699e-44
13.5,4.06237798136656,4.03011101757147,1.28564240122e-44
13.5,4.3158155445055,4.2854572410251,1.5481415585238e-44
13.5,4.56946563096417,4.54080346447872,1.8543596672200898e-44
13.5,4.71717141826612,4.68941213157534,2.0554162314658902e-44
13.5,4.97109195641858,4.94475835502895,2.44553490405688e-44
13.5,5.22515145012049,5.20010457848257,2.9000583336549e-44
13.5,5.37306741377541,5.34871324557919,3.19842702279342e-44
13.5,5.62730864463619,5.60405946903281,3.77766690391663e-44
13.5,5.88164561314972,5.85940569248644,4.45356273403831e-44
13.5,6.0297061781232,6.00801435958306,4.898066689249909e-44
13.5,6.28417105453682,6.26336058303668,5.763186770024289e-44
13.5,6.53870464836299,6.5187068064903,6.77666062246165e-44
13.5,6.68686889910909,6.66731547358692,7.445643252530289e-44
13.5,6.94149587777829,6.92266169704053,8.753413706038071e-44
13.5,7.1961738275432,7.17800792049416,1.0295162127426601e-43
13.5,7.34441493048297,7.32661658759078,1.13185500036238e-43
13.5,7.59916311955475,7.58196281104439,1.3331968769105201e-43
13.5,7.85395014955946,7.83730903449801,1.57268175199175e-43
13.5,8.0022497827913,7.98591770159463,1.7328733012660402e-43
13.5,8.25709096061335,8.24126392504826,2.05077808622862e-43
13.5,8.51196240975993,8.49661014850188,2.4334344689398e-43
13.5,8.66030763998134,8.6452188155985,2.6920105204851003e-43
13.5,8.91522170582077,8.90056503905212,3.2110541605557604e-43
13.5,9.17015981847756,9.15591126250574,3.8456197113721804e-43
13.5,9.3185412576169,9.30451992960236,4.2801254143175605e-43
13.5,9.57351350935936,9.55986615305598,5.16529102560935e-43
13.5,9.82850517858785,9.8152123765096,6.269256228940591e-43
13.5,9.97691584802393,9.96382104360622,7.037892479047681e-43
13.5,10.231935285256998,10.2191672670598,8.632644538212241e-43
13.5,10.486970626090699,10.4745134905135,1.06692351319588e-42
13.5,10.5647214753765,10.552356125659399,1.13989765879531e-42
13.5,10.5768666039457,10.5645154696333,1.15181733331988e-42
13.5,10.5890117651429,10.576674813607202,1.1638831172426102e-42
13.5,10.5960801290952,10.5837514168023,1.1709733140285701e-42
13.5,10.608225341680699,10.595910760776299,1.18327429217492e-42
13.5,10.6203705866056,10.6080701047503,1.19572653718742e-42
13.5,10.6274389991543,10.6151467079454,1.2030440483562701e-42
13.5,10.6395842950137,10.627306051919302,1.21573977058626e-42
13.5,10.651729622927599,10.6394653958934,1.22859207330667e-42
13.5,10.6587980836441,10.646541999088498,1.2361448834379501e-42
13.5,10.6709434620441,10.6587013430624,1.2492491912608199e-42
13.5,10.6830888722167,10.6708606870364,1.2625155462578702e-42
13.5,10.6901573806776,10.677937290231402,1.27031186984618e-42
13.5,10.7023028408932,10.6900966342054,1.28383899648327e-42
13.5,10.714448332602998,10.702255978179501,1.29753378507576e-42
13.5,10.7215168883899,10.7093325813745,1.30558205911735e-42
13.5,10.733662429704701,10.7214919253485,1.3195466149623302e-42
13.5,10.745808002238299,10.7336512693225,1.3336845886378601e-42
13.5,10.7528766049377,10.7407278725176,1.3419934619063401e-42
13.5,10.765022226643499,10.752887216491601,1.35641041443414e-42
13.5,10.7771678792961,10.765046560465501,1.3710066718350701e-42
13.5,10.7842365284991,10.7721231636606,1.3795849901951102e-42
13.5,10.796382229896,10.7842825076346,1.39446963600159e-42
13.5,10.8085279619709,10.7964418516086,1.40953959216479e-42
13.5,10.815596657273401,10.8035184548036,1.41839637913108e-42
13.5,10.8277424376696,10.815677798777601,1.43376430809678e-42
13.5,10.839888248478001,10.8278371427516,1.4493236544825e-42
13.5,10.8469569894807,10.834913745946599,1.45846808611407e-42
13.5,10.8591028481925,10.8470730899207,1.47433513460433e-42
13.5,10.8712487370536,10.859232433894599,1.49039978809339e-42
13.5,10.8783175233617,10.866309037089701,1.49984116111621e-42
13.5,10.890463459713,10.8784683810637,1.51622335341084e-42
13.5,10.902609425954,10.8906277250377,1.53280939218966e-42
13.5,10.9096782571772,10.8977043282328,1.5425570840722002e-42
13.5,10.9218242704997,10.9098636722067,1.55947055890934e-42
13.5,10.9339703134553,10.922023016180699,1.5765941427346398e-42
13.5,10.9410391892078,10.9290996193758,1.58665756217291e-42
13.5,10.9531852788412,10.9412589633498,1.60411848204439e-42
13.5,10.9653313978537,10.9534183073238,1.6217957539422e-42
13.5,10.9724003177541,10.9604949105188,1.6321842799595402e-42
13.5,10.9845464830452,10.972654254492799,1.6502087197485102e-42
13.5,10.996692677464498,10.9848135984668,1.6684556856975303e-42
13.5,11.003761641135801,10.9918902016619,1.67917859321292e-42
13.5,11.015907881439,11.004049545635901,1.6977824043178e-42
13.5,11.028054150622399,11.0162088896099,1.71661478651947e-42
13.5,11.0351231576917,11.023285492804899,1.72768115583922e-42
13.5,11.0472694723688,11.0354448367789,1.74687980119481e-42
13.5,11.0594158156808,11.047604180752899,1.7663128607271602e-42
13.5,11.0664848657796,11.054680783947902,1.77773146797826e-42
13.5,11.0786312541994,11.0668401279219,1.79753982254391e-42
13.5,11.0907776710117,11.078999471896001,1.8175881444024102e-42
13.5,11.097846763775701,11.086076075091,1.82936732931491e-42
13.5,11.109993225314302,11.098235419064999,1.84979943955104e-42
13.5,11.122139715005599,11.110394763039,1.87047667467115e-42
13.5,11.129208850074399,11.117471366234,1.88262418150812e-42
13.5,11.141355384114899,11.129630710208001,1.90369297622317e-42
13.5,11.153501946071,11.141790054182,1.92501153080406e-42
13.5,11.1605711230884,11.148866657377098,1.93753431740428e-42
13.5,11.1727177290208,11.1610260013511,1.95925126085493e-42
13.5,11.184864362634299,11.173185345325,1.98122192451567e-42
13.5,11.1919335812481,11.1802619485202,1.99412593351177e-42
13.5,11.2040802584691,11.1924212924941,2.0165006099936604e-42
13.5,11.2162269631395,11.2045806364681,2.0391321104094804e-42
13.5,11.2232962230012,11.2116572396632,2.0524219955388003e-42
13.5,11.2354429709144,11.2238165836372,2.07546161265798e-42
13.5,11.2475897460477,11.235975927611099,2.09876008342414e-42
13.5,11.254659046813,11.243052530806299,2.11243888259762e-42
13.5,11.2668058648285,11.2552118747802,2.13614767801858e-42
13.5,11.2789527098375,11.267371218754201,2.16011602333872e-42
13.5,11.2860220511656,11.2744478219492,2.17418476819649e-42
13.5,11.298168938700199,11.286607165923199,2.19856330181279e-42
13.5,11.3103158530041,11.2987665098972,2.22320043874308e-42
13.5,11.3173852345583,11.3058431130923,2.2376576896860798e-42
13.5,11.329532191035002,11.3180024570662,2.26270199980449e-42
13.5,11.3416791740594,11.3301618010403,2.2880019551772104e-42
13.5,11.3487485955064,11.337238404235299,2.3028432464480703e-42
13.5,11.360895620354901,11.3493977482093,2.32854384453901e-42
13.5,11.3730426715317,11.3615570921833,2.35449467939379e-42
13.5,11.3801121325422,11.368633695378401,2.36971185930663e-42
13.5,11.3922592251981,11.3807930393523,2.39605253324076e-42
13.5,11.4044063439656,11.3929523833264,2.4226350626329302e-42
13.5,11.411475844213602,11.4000289865215,2.43821550749316e-42
13.5,11.423623004119,11.4121883304954,2.4651718975820202e-42
13.5,11.4357701899214,11.424347674469399,2.4923581677116704e-42
13.5,11.4428397290846,11.4314242776644,2.50828384758933e-42
13.5,11.4549869556876,11.4435836216385,2.53582175334719e-42
13.5,11.4671342079754,11.455742965612401,2.5635732312041002e-42
13.5,11.4742037857351,11.4628195688075,2.5798195991213403e-42
13.5,11.486351078489701,11.474978912781499,2.6078929671387e-42
13.5,11.4984983967193,11.4871382567555,2.63615838954337e-42
13.5,11.505568012760099,11.4942148599505,2.65269306232435e-42
13.5,11.5177153711264,11.5063742039246,2.68124159705146e-42
13.5,11.529862754760101,11.5185335478985,2.7099544180480702e-42
13.5,11.5369324087702,11.525610151093598,2.7267356108814502e-42
13.5,11.549079832214,11.5377694950675,2.7556819402794202e-42
13.5,11.561227280719999,11.549928839041499,2.78475730338008e-42
13.5,11.568296972390899,11.5570054422367,2.80173197420539e-42
13.5,11.580444460383902,11.5691647862106,2.8309782913668703e-42
13.5,11.592591973235999,11.5813241301845,2.86030944493058e-42
13.5,11.5996617022625,11.5884007333797,2.87741109798449e-42
13.5,11.6118092542821,11.6005600773536,2.90683518782165e-42
13.5,11.623956830960001,11.6127194213277,2.9362892461383504e-42
13.5,11.6310265970401,11.6197960245227,2.9534353365068306e-42
13.5,11.643174212569301,11.6319553684966,2.9828858841825203e-42
13.5,11.655321852558,11.6441147124706,3.0122988275183706e-42
13.5,11.6623916553932,11.6511913156657,3.0293877021710304e-42
13.5,11.674539333920599,11.6633506596397,3.0586787674697e-42
13.5,11.686687036710799,11.6755100036137,3.08784955975547e-42
13.5,11.693756876005601,11.682586606808801,3.1047568619440606e-42
13.5,11.705904617025201,11.694745950782801,3.13366139285982e-42
13.5,11.718052382113001,11.7069052947567,3.16234508734067e-42
13.5,11.7251222575751,11.7139818979518,3.17891954848701e-42
13.5,11.7372700605862,11.7261412419258,3.2071617996617804e-42
13.5,11.7494178874732,11.7383005858997,3.23506149660437e-42
13.5,11.756487798813499,11.745377189094901,3.2511200356734404e-42
13.5,11.7686356633209,11.7575365330688,3.2783667565201804e-42
13.5,11.7807835515139,11.769695877042901,3.3051242803310703e-42
13.5,11.7878534984462,11.7767724802379,3.32044633562762e-42
13.5,11.8000014239599,11.788931824211799,3.34629660392195e-42
13.5,11.812149372970799,11.801091168185799,3.37148178437559e-42
13.5,11.8192193552121,11.8081677713809,3.38580281647674e-42
13.5,11.8313673412474,11.8203271153549,3.4097764235679206e-42
13.5,11.843515350593501,11.832486459329,3.4328749065477705e-42
13.5,11.8505853678636,11.839563062523998,3.44587903952578e-42
13.5,11.8627334139408,11.851722406498,3.46740339422243e-42
13.5,11.8748814831443,11.863881750472,3.48780298436595e-42
13.5,11.8819515351662,11.8709583536671,3.49911480599527e-42
13.5,11.8940996408106,11.883117697641099,3.51751043307212e-42
13.5,11.9062477693988,11.895277041615,3.53448610334083e-42
13.5,11.913317855898299,11.9023536448101,3.5436617357460704e-42
13.5,11.9254660206402,11.914512988784,3.55812662330834e-42
13.5,11.937614208145499,11.926672332758098,3.5708245412755004e-42
13.5,11.944684328851201,11.9337489359531,3.5773422352965e-42
13.5,11.956832552226,11.9459082799271,3.58693556888438e-42
13.5,11.9689807981855,11.958067623901101,3.59435682427841e-42
13.5,11.976050952828901,11.9651442270962,3.59760755446391e-42
13.5,11.9881992343767,11.977303571070099,3.6012338090479e-42
13.5,12.000347538332301,11.9894629150441,3.6022190339944706e-42
13.5,12.0074177266478,11.9965395182392,3.60149790256192e-42
13.5,12.019566065913601,12.008698862213201,3.59789290706115e-42
13.5,12.031714427412199,12.0208582061872,3.59110972816028e-42
13.5,12.0387846491367,12.027934809382199,3.58560947542578e-42
13.5,12.0509330456701,12.0400941533562,3.5733310065527204e-42
13.5,12.0630814642631,12.0522534973302,3.55726735045331e-42
13.5,12.0735100928073,12.062691487043,3.54026609364805e-42
13.5,12.0971996089205,12.0864022077923,3.48970420810412e-42
13.5,12.120889207957,12.1101129285415,3.42088331231237e-42
13.5,12.1346763295664,12.1239123047718,3.37158140574063e-42
13.5,12.158366058797201,12.1476230255211,3.26948562163251e-42
13.5,12.182055869706101,12.1713337462704,3.1435228854945e-42
13.5,12.195843114053499,12.1851331225008,3.0583777981492805e-42
13.5,12.219533053206499,12.208843843250099,2.89038735737531e-42
13.5,12.2432230728171,12.232554563999301,2.6935237028182202e-42
13.5,12.257010438068502,12.2463539402297,2.5651604436550703e-42
13.5,12.280700584011699,12.270064660978901,2.32055594485954e-42
13.5,12.304390809216398,12.2937753817283,2.0461336172653502e-42
13.5,12.3181782935742,12.3075747579587,1.87360604423674e-42
13.5,12.3418686432377,12.331285478707901,1.55876912762292e-42
13.5,12.365559070989999,12.3549961994572,1.2304261353184e-42
13.5,12.379346672692,12.3687955756876,1.0421152968143e-42
13.5,12.403037223066299,12.3925062964369,7.502098355556771e-43
13.5,12.426727850379699,12.4162170171861,5.0893036532937e-43
13.5,12.4405155676983,12.430016393416501,3.9162245554261e-43
13.5,12.4642063158329,12.453727114165801,2.2891991371969803e-43
13.5,12.4878971397794,12.477437834915099,1.1343314538512702e-43
13.5,12.5016849710207,12.4912372111454,6.66385134202359e-44
13.5,12.5253759140226,12.5149479318947,1.77479543608132e-44
13.5,12.549066931731002,12.538658652644,1.07054800540812e-45
13.5,12.5685086228458,12.5581164572164,0.0
14.0,0.51099907,0.0,0.0
14.0,0.516807455857796,0.0772651078388095,2.6764134967168798e-48
14.0,0.615322920480405,0.342786007485239,4.3429158285446695e-47
14.0,0.794454116236403,0.608306907131671,1.38021668870986e-46
14.0,0.9181723833119859,0.7628371228092851,2.20772342528026e-46
14.0,1.14832063113483,1.02835802245572,4.162186863922481e-46
14.0,1.39113001355053,1.29387892210215,6.87019771956827e-46
14.0,1.53590659870475,1.44840913777977,8.83408236863116e-46
14.0,1.78848433673114,1.7139300374262,1.2954303096694698e-45
14.0,2.04434489796085,1.97945093707262,1.81307865955287e-45
14.0,2.19430982539707,2.13398115275024,2.1687949189759398e-45
14.0,2.45331003931356,2.39950205239667,2.88490819041928e-45
14.0,2.71357096543603,2.66502295204311,3.7499352303002095e-45
14.0,2.8654842723604,2.81955316772072,4.3303234969837296e-45
14.0,3.12710761738098,3.08507406736715,5.4762291211023105e-45
14.0,3.38933720401462,3.35059496701359,6.83377658839958e-45
14.0,3.54217766294646,3.50512518269119,7.73356187546867e-45
14.0,3.80511391784648,3.77064608233763,9.49226703595995e-45
14.0,4.06838591532308,4.03616698198406,1.15548461303144e-44
14.0,4.22173697096708,4.19069719766168,1.2913371671370498e-44
14.0,4.48542080303701,4.45621809730811,1.55554493543741e-44
14.0,4.74930933977795,4.72173899695453,1.86393671582856e-44
14.0,4.90297067945598,4.87626921263215,2.06651900491836e-44
14.0,5.16711966266185,5.14179011227859,2.4598052885417797e-44
14.0,5.43140243668488,5.40731101192502,2.91833923868241e-44
14.0,5.58526614322014,5.56184122760263,3.21951448461374e-44
14.0,5.84972387481987,5.82736212724906,3.80456766480378e-44
14.0,6.11427376136954,6.09288302689549,4.48781026710293e-44
14.0,6.26827665894053,6.2474132425731,4.93745244204551e-44
14.0,6.53294965466824,6.51293414221954,5.813218409623231e-44
14.0,6.79768878400145,6.77845504186597,6.84016627324859e-44
14.0,6.95179146917236,6.93298525754359,7.518591503663749e-44
14.0,7.21662046560878,7.19850615719002,8.845985114222269e-44
14.0,7.48149850997295,7.46402705683645,1.04126922463555e-43
14.0,7.63567514789084,7.61855727251406,1.14536545303216e-43
14.0,7.90062077777933,7.8840781721605,1.3503812317892003e-43
14.0,8.1656037793134,8.14959907180693,1.59457972284571e-43
14.0,8.31983673354227,8.30412928748454,1.7581164242737302e-43
14.0,8.58487183243494,8.56965018713098,2.08307981428636e-43
14.0,8.84993605525872,8.8351710867774,2.47491357162917e-43
14.0,9.00421287825329,8.98970130245502,2.74007943092005e-43
14.0,9.26931810112332,9.25522220210145,3.2732213393978604e-43
14.0,9.53444645792407,9.52074310174789,3.92647615303777e-43
14.0,9.68875811528117,9.6752733174255,4.37463129825173e-43
14.0,9.95391931430588,9.94079421707193,5.28958614809881e-43
14.0,10.2190991927515,10.2063151167183,6.43416020367302e-43
14.0,10.3734389693762,10.360845332396,7.2331869097001e-43
14.0,10.638645559799,10.626366232042399,8.896203706336561e-43
14.0,10.9038674487078,10.8918871316888,1.1029692296180401e-42
14.0,10.984723567007899,10.9728315303771,1.1796726135927501e-42
14.0,10.9973537468954,10.985475382741201,1.19221417788143e-42
14.0,11.009983958168801,10.9981192351053,1.20491311471608e-42
14.0,11.0173346153102,11.005477816804301,1.21237707772894e-42
14.0,11.0299648760157,11.0181216691684,1.2253295111406901e-42
14.0,11.0425951678295,11.0307655215325,1.2384450953375901e-42
14.0,11.049945871717199,11.0381241032315,1.24615423238361e-42
14.0,11.0625762125266,11.0507679555956,1.25953260833815e-42
14.0,11.075206584170001,11.0634118079597,1.2730801081415899e-42
14.0,11.0825573343919,11.0707703896587,1.28104339485173e-42
14.0,11.0951877545994,11.0834142420227,1.2948632896474099e-42
14.0,11.107818205369998,11.096058094386901,1.3088584756336502e-42
14.0,11.115169001518602,11.1034166760858,1.3170851795016801e-42
14.0,11.127799500427,11.1160605284499,1.33136266964268e-42
14.0,11.1404300296304,11.128704380814101,1.3458218103733902e-42
14.0,11.1477808713032,11.1360629625129,1.35432148739705e-42
14.0,11.160411448223,11.148706814877102,1.3690731423113901e-42
14.0,11.173042055173099,11.161350667241202,1.38401299500137e-42
14.0,11.1803929419722,11.1687092489401,1.3927954832488401e-42
14.0,11.1930235962222,11.181353101304198,1.4080383524277901e-42
14.0,11.2056542802407,11.1939969536683,1.42347614755246e-42
14.0,11.2130052117728,11.201355535367302,1.43255155697985e-42
14.0,11.225635942679599,11.213999387731398,1.44830315006677e-42
14.0,11.2382667030963,11.2266432400955,1.46425656861249e-42
14.0,11.2456176789726,11.234001821794399,1.4736352663471002e-42
14.0,11.258248485870702,11.2466456741585,1.48991352547925e-42
14.0,11.2708793220229,11.2592895265226,1.50640066733035e-42
14.0,11.2782303418592,11.266648108221599,1.5160932574911402e-42
14.0,11.290861224090701,11.2792919605857,1.53291651895199e-42
14.0,11.3034921353235,11.2919358129498,1.5499558605607102e-42
14.0,11.310843198739999,11.2992943946488,1.55997315747881e-42
14.0,11.3234741556544,11.3119382470129,1.57736010219435e-42
14.0,11.3361051413204,11.324582099377,1.5949704414134702e-42
14.0,11.3434562479416,11.331940681076,1.60532343495189e-42
14.0,11.3560872788962,11.3445845334401,1.62329302386242e-42
14.0,11.368718338355299,11.357228385804099,1.6414934093276502e-42
14.0,11.376069487810001,11.3645869675031,1.6521932206979998e-42
14.0,11.3887005921693,11.377230819867199,1.6707646134255502e-42
14.0,11.4013317247889,11.389874672231299,1.68957425545795e-42
14.0,11.4086829167102,11.397233253930299,1.70063208167096e-42
14.0,11.421314093845801,11.4098771062943,1.71982453422571e-42
14.0,11.433945299000401,11.422520958658499,1.7392626935891e-42
14.0,11.4412965330255,11.4298795403574,1.75068973829074e-42
14.0,11.4539277823165,11.4425233927216,1.77052247619752e-42
14.0,11.466559059387599,11.455167245085601,1.7906083263822902e-42
14.0,11.473910335158,11.4625258267846,1.80241571442216e-42
14.0,11.486541655990099,11.4751696791488,1.82290777633245e-42
14.0,11.499173004366401,11.487813531512801,1.84366023419161e-42
14.0,11.506524321527401,11.4951721132117,1.85585890673634e-42
14.0,11.5191557132936,11.507815965575901,1.87702895250862e-42
14.0,11.5317871323707,11.52045981794,1.8984664710711402e-42
14.0,11.539138490571801,11.527818399639001,1.91106705748333e-42
14.0,11.5517699526717,11.5404622520031,1.93293313463197e-42
14.0,11.5644014418519,11.5531061043671,1.9550734507719402e-42
14.0,11.5717528407464,11.560464686066101,1.96808611274556e-42
14.0,11.5843843725865,11.5731085384302,1.9906653717660302e-42
14.0,11.5970159312789,11.5857523907943,2.0135251999120302e-42
14.0,11.6043673705241,11.5931109724933,2.02695944245365e-42
14.0,11.6169989715176,11.6057548248574,2.05026779287644e-42
14.0,11.6296305991378,11.6183986772215,2.07386245433141e-42
14.0,11.6369820783948,11.6257572589204,2.0877268971849098e-42
14.0,11.6496137479614,11.6384011112846,2.11177859104049e-42
14.0,11.6622454439316,11.6510449636486,2.13612156636983e-42
14.0,11.6695969628653,11.6584035453476,2.1504236681627902e-42
14.0,11.682228700431,11.6710473977117,2.1752307982621502e-42
14.0,11.6948604641799,11.6836912500758,2.2003331878271203e-42
14.0,11.7022120224589,11.6910498317748,2.21507891378487e-42
14.0,11.7148438274564,11.703693684138901,2.24065080924326e-42
14.0,11.727475658419,11.716337536503001,2.26652068401258e-42
14.0,11.734827255715501,11.7236961182019,2.2817141062455103e-42
14.0,11.7474591275836,11.736339970566101,2.3080566058590304e-42
14.0,11.7600910252011,11.7489838229302,2.33469822716195e-42
14.0,11.767442661191101,11.756342404629102,2.3503410444238002e-42
14.0,11.7800745993748,11.768986256993198,2.3774556235922402e-42
14.0,11.792706563094699,11.7816301093574,2.4048685063001898e-42
14.0,11.8000582374577,11.7889886910563,2.4209594675302403e-42
14.0,11.812690241408198,11.8016325434204,2.44884219122418e-42
14.0,11.8253222706838,11.8142763957844,2.4770199799205803e-42
14.0,11.8326739831029,11.821634977483399,2.49355419287467e-42
14.0,11.8453060522773,11.8342788298475,2.5221944591609602e-42
14.0,11.8579381465684,11.8469226822117,2.5511235808993702e-42
14.0,11.865289896730001,11.8542812639106,2.56809168351288e-42
14.0,11.877922030591598,11.8669251162747,2.5974707190277202e-42
14.0,11.8905541893634,11.8795689686388,2.6271287693615002e-42
14.0,11.8979059769574,11.8869275503377,2.644515937233e-42
14.0,11.910538174975201,11.8995714027019,2.6746049944434704e-42
14.0,11.923170397699101,11.912215255066002,2.70495880506979e-42
14.0,11.930522222418901,11.9195738367649,2.72274356339073e-42
14.0,11.9431544840676,11.932217689129,2.7535017638238004e-42
14.0,11.9557867702206,11.944861541493099,2.7845050905993598e-42
14.0,11.963138631762899,11.9522201231921,2.80265789293838e-42
14.0,11.9757709565231,11.964863975556199,2.83402964731064e-42
14.0,11.988403305588001,11.977507827920299,2.8656204057252903e-42
14.0,11.9957552036527,11.984866409619299,2.88410193521937e-42
14.0,12.008387591010601,11.9975102619834,2.91601386066662e-42
14.0,12.0210200024756,12.0101541143475,2.94811082406677e-42
14.0,12.0283719367659,12.0175126960464,2.96686996468345e-42
14.0,12.041004386213201,12.030156548410499,2.9992272044767904e-42
14.0,12.0536368595723,12.0428004007747,3.03172606319534e-42
14.0,12.060988829794601,12.0501589824736,3.05069747987169e-42
14.0,12.073621340828499,12.0628028348377,3.08337931548522e-42
14.0,12.0862538755809,12.0754466872018,3.11614798212362e-42
14.0,12.0936058814448,12.0828052689007,3.13524923880287e-42
14.0,12.106238453567999,12.0954491212649,3.16810386694835e-42
14.0,12.1188710492184,12.108092973629,3.2009768914680405e-42
14.0,12.1262230904366,12.115451555327901,3.22010502548424e-42
14.0,12.138855723157,12.128095407692,3.2529433547437997e-42
14.0,12.1514883792155,12.1407392600561,3.2857152988702104e-42
14.0,12.158840455503801,12.148097841755101,3.30474276037727e-42
14.0,12.171473148334599,12.1607416941192,3.33733106440073e-42
14.0,12.184105864316399,12.1733855464833,3.36974866464681e-42
14.0,12.1914579753936,12.1807441281823,3.3885185188790204e-42
14.0,12.2040907278532,12.1933879805463,3.42056976806128e-42
14.0,12.2167235032788,12.2060318329105,3.45232270537048e-42
14.0,12.224075648866599,12.2133904146094,3.47064299124404e-42
14.0,12.2367084604787,12.2260342669735,3.5018066756698e-42
14.0,12.249341294873599,12.2386781193377,3.53251676397779e-42
14.0,12.2566934746968,12.2460367010366,3.55015389857585e-42
14.0,12.269326344989999,12.258680553400701,3.58000415757851e-42
14.0,12.281959237884601,12.271324405764801,3.6092127717796e-42
14.0,12.289311451670999,12.2786829874637,3.6258839018785e-42
14.0,12.3019443801788,12.2913268398278,3.6539057986453203e-42
14.0,12.3145773311088,12.3039706921919,3.68105939796917e-42
14.0,12.3219295785889,12.311329273890902,3.69642362461429e-42
14.0,12.3345625648499,12.323973126254998,3.7219974611341104e-42
14.0,12.3471955733557,12.3366169786191,3.74643113849163e-42
14.0,12.354547854262801,12.343975560317999,3.76007959324482e-42
14.0,12.3671808978205,12.3566194126822,3.78246327157946e-42
14.0,12.3798139634473,12.3692632650463,3.80338239750729e-42
14.0,12.3871662775177,12.376621846745198,3.81482724650721e-42
14.0,12.3997993779201,12.3892656991093,3.8331368767685604e-42
14.0,12.4124325002181,12.4019095514735,3.8495971454073205e-42
14.0,12.4197848471907,12.4092681331724,3.8582597562368004e-42
14.0,12.4324180039909,12.4219119855365,3.87144903092468e-42
14.0,12.4450511825147,12.4345558379007,3.88233559635611e-42
14.0,12.4524035621313,12.4419144195996,3.88753435958959e-42
14.0,12.4650367748868,12.4545582719637,3.8943737197382e-42
14.0,12.477670009195801,12.467202124327802,3.89838071128962e-42
14.0,12.4850224212008,12.4745607060267,3.89931940517821e-42
14.0,12.497655689473799,12.4872045583908,3.89837679672719e-42
14.0,12.5102889791321,12.499848410755,3.89398940554475e-42
14.0,12.5176414232725,12.5072069924539,3.88974758673326e-42
14.0,12.5302747466299,12.519850844817999,3.8793737606385704e-42
14.0,12.5429080912059,12.532494697182099,3.86485643258116e-42
14.0,12.553752995850001,12.543348605188001,3.84886625687485e-42
14.0,12.5783881138229,12.568004117297999,3.7993652383878705e-42
14.0,12.603023311557699,12.5926596294082,3.72960189282468e-42
14.0,12.6173607596629,12.607008863721001,3.6786795313650104e-42
14.0,12.6419960826279,12.631664375831,3.57167975604247e-42
14.0,12.6666314841569,12.656319887941102,3.43776386904782e-42
14.0,12.6809690503203,12.670669122253999,3.3464131795731704e-42
14.0,12.7056045752035,12.6953246343641,3.1647591366815705e-42
14.0,12.7302401774764,12.719980146473999,2.95010486327963e-42
14.0,12.744577859933802,12.734329380786999,2.8093634388948503e-42
14.0,12.769213583722202,12.758984892897,2.53989965788787e-42
14.0,12.7938493837496,12.7836404050071,2.2361682409672898e-42
14.0,12.8081871807716,12.79798963932,2.04474007704237e-42
14.0,12.8328231005119,12.82264515143,1.6952321989597402e-42
14.0,12.8574590953631,12.84730066354,1.33263230518225e-42
14.0,12.8717970052546,12.8616498978529,1.12806245294354e-42
14.0,12.8964331180517,12.8863054099629,8.15142459100475e-43
14.0,12.9210693048538,12.910960922072901,5.55426476158788e-43
14.0,12.935407325952799,12.925310156385901,4.28624680179677e-43
14.0,12.9600436289684,12.9499656684959,2.5196528535172102e-43
14.0,12.9846800049046,12.9746211806059,1.2574352492213801e-43
14.0,12.999018135581599,12.9889704149189,7.42661001324422e-44
14.0,13.023654626032599,13.013625927028901,2.00499651844753e-44
14.0,13.0482911883409,13.038281439138899,1.2491092665140899e-45
14.0,13.068508822626498,13.0585145708662,0.0
14.5,0.51099907,0.0,0.0
14.5,0.517258362733761,0.0802257083305983,2.65103773581112e-48
14.5,0.6227355658004531,0.35592068691205003,4.33820265699926e-47
14.5,0.812439781422391,0.631615665493501,1.3810725527463802e-46
14.5,0.942597640657946,0.7920670821547011,2.2102546582068497e-46
14.5,1.18373809091723,1.06776206073615,4.16932402145975e-46
14.5,1.43735759852337,1.3434570393176,6.88440449102008e-46
14.5,1.58835156483236,1.5039084559788,8.85371152867294e-46
14.5,1.85151517245728,1.77960343456025,1.29858987248769e-45
14.5,2.11786959386164,2.0552984131417,1.81783621763635e-45
14.5,2.2739101472601,2.2157498298029,2.1747053293649002e-45
14.5,2.54330833419116,2.49144480838435,2.89326530976998e-45
14.5,2.81392655379454,2.7671397869658,3.7614599217936304e-45
14.5,2.97185300866228,2.927591203627,4.34409751588405e-45
14.5,3.24378828141858,3.20328618220846,5.49472346069473e-45
14.5,3.5163091398044,3.47898116078991,6.85832046169384e-45
14.5,3.67513122695684,3.63943257745111,7.76237582433992e-45
14.5,3.94833431076274,3.91512755603255,9.52999618061713e-45
14.5,4.22186138642299,4.19082253461401,1.1603937408047e-44
14.5,4.38117621747711,4.35127395127521,1.29704512139416e-44
14.5,4.65510059261878,4.62696892985666,1.56291431388814e-44
14.5,4.92922239796933,4.90266390843811,1.8734140646521598e-44
14.5,5.08883649224421,5.06311532509931,2.07747360561406e-44
14.5,5.36320944101838,5.33881030368076,2.4738231100939495e-44
14.5,5.63771138087886,5.6145052822622,2.93623116806739e-44
14.5,5.79752058417917,5.77495669892341,3.24011593057237e-44
14.5,6.07219118375181,6.05065167750486,3.8307792887416e-44
14.5,6.34695061131842,6.32634665608631,4.521110235085799e-44
14.5,6.50689398147393,6.48679807274751,4.97570966741898e-44
14.5,6.78177206331894,6.76249305132895,5.86174740720412e-44
14.5,7.05671388068944,7.03818802991041,6.90169886148723e-44
14.5,7.21675342042928,7.19863944657161,7.58923957171973e-44
14.5,7.49178184069511,7.47433442515306,8.935583768426329e-44
14.5,7.76685752465502,7.75002940373451,1.0526408303446002e-43
14.5,7.92696832713423,7.91048082039571,1.15843617625029e-43
14.5,8.20210913492988,8.18617579897716,1.3670062264634201e-43
14.5,8.47728595162634,8.46187077755862,1.6157690139336203e-43
14.5,8.63745101696539,8.62232219421981,1.7825474802773201e-43
14.5,8.91267802947055,8.89801717280126,2.11435761984828e-43
14.5,9.18793310195322,9.17371215138271,2.5151046232921004e-43
14.5,9.34814043350543,9.33416356804391,2.7866776093429403e-43
14.5,9.62343500709021,9.60985854662536,3.3335440886321405e-43
14.5,9.89875186825439,9.88555352520682,4.0050239470979905e-43
14.5,10.0589927597935,10.046004941868,4.46650896807829e-43
14.5,10.334341260929401,10.3216999204495,5.41060464668922e-43
14.5,10.6097077573111,10.5973948990309,6.59499594547082e-43
14.5,10.7699757382081,10.757846315692099,7.42388045010786e-43
14.5,11.045367967704001,11.0335412942736,9.15412503508585e-43
14.5,11.320774934817901,11.309236272855001,1.13833647553963e-42
14.5,11.4047358823567,11.393282253010899,1.21873398722201e-42
14.5,11.417851045207199,11.4064105853243,1.2318920445765101e-42
14.5,11.430966238292498,11.419538917637698,1.24521877202075e-42
14.5,11.4385991489355,11.4271794612882,1.25305339798712e-42
14.5,11.4517143896398,11.440307793601601,1.2666519876287e-42
14.5,11.4648296603114,11.453436125915,1.28042565790673e-42
14.5,11.4724626159862,11.4610766695656,1.2885233866519601e-42
14.5,11.485577933856199,11.4742050018789,1.3025792459663601e-42
14.5,11.4986932814293,11.4873333341923,1.3168168315467701e-42
14.5,11.5063262817387,11.4949738778429,1.3251876494906601e-42
14.5,11.5194416760946,11.508102210156299,1.3397181248414002e-42
14.5,11.5325570998924,11.5212305424697,1.35443720938437e-42
14.5,11.540190144443901,11.528871086120201,1.36309145945775e-42
14.5,11.5533056146136,11.5419994184336,1.37811451077385e-42
14.5,11.5664211139672,11.5551277507471,1.3933332922164302e-42
14.5,11.574054202372901,11.5627682943975,1.40228167491582e-42
14.5,11.587169747692501,11.575896626711,1.41781587612661e-42
14.5,11.6002853219406,11.589024959024401,1.43355316525257e-42
14.5,11.607918453817302,11.596665502675002,1.44280673688418e-42
14.5,11.6210340736302,11.6097938349883,1.45887127120501e-42
14.5,11.6341497221196,11.622922167301798,1.47514648462498e-42
14.5,11.641782897088099,11.6305627109522,1.48471665208389e-42
14.5,11.654898590745699,11.6436910432657,1.50133130095119e-42
14.5,11.6680143128304,11.656819375579,1.5181644472090802e-42
14.5,11.6756475305164,11.6644599192296,1.52806295849943e-42
14.5,11.6887632973773,11.6775882515429,1.54524808277773e-42
14.5,11.701879092419102,11.6907165838564,1.56265974005082e-42
14.5,11.7095123524523,11.698357127506899,1.5728986696071203e-42
14.5,11.7226281918827,11.7114854598203,1.59067518104136e-42
14.5,11.7357440592505,11.7246137921337,1.60868646457885e-42
14.5,11.7433773612649,11.7322543357842,1.61927819225041e-42
14.5,11.7564932726383,11.7453826680977,1.63766751394162e-42
14.5,11.7696092117083,11.7585110004111,1.65630003107749e-42
14.5,11.7772425553422,11.7661515440616,1.66725721343827e-42
14.5,11.7903585380392,11.779279876375,1.6862812254907e-42
14.5,11.8034745481948,11.7924082086884,1.70555701555027e-42
14.5,11.8111079330906,11.8000487523389,1.71689254789386e-42
14.5,11.8242239864989,11.813177084652299,1.7365735170369802e-42
14.5,11.8373400671305,11.826305416965699,1.75651497304059e-42
14.5,11.8449734929348,11.833945960616301,1.76824194015147e-42
14.5,11.858089616449,11.847074292929701,1.7886024280783803e-42
14.5,11.8712057669541,11.8602026252431,1.8092321964254802e-42
14.5,11.8788392333172,11.8678431688936,1.8213638097840802e-42
14.5,11.891955426339,11.880971501207,1.8424265574213802e-42
14.5,11.905071646121701,11.8940998335204,1.86376741107863e-42
14.5,11.9127051526982,11.901740377170999,1.8763169297379203e-42
14.5,11.925821414636,11.9148687094844,1.8981047114643802e-42
14.5,11.9389377031073,11.9279970417978,1.92017939122336e-42
14.5,11.9465712495555,11.9356375854483,1.93316002302854e-42
14.5,11.959687579824301,11.9487659177617,1.95569546528226e-42
14.5,11.972803936401899,11.961894250075101,1.97852648267339e-42
14.5,11.9804375223841,11.9695347937256,1.9919512618378e-42
14.5,11.9935539204056,11.982663126039,2.0152566187040502e-42
14.5,12.0066703445136,11.9957914583524,2.03886601247937e-42
14.5,12.0143039696959,12.003432002003,2.0527476487235302e-42
14.5,12.0274204348982,12.016560334316399,2.0768445258284902e-42
14.5,12.0405369259673,12.0296886666298,2.10125356345419e-42
14.5,12.0481705900194,12.037329210280301,2.1156042570630002e-42
14.5,12.0612871218371,12.0504575425937,2.14051327337382e-42
14.5,12.0744036793044,12.0635858749071,2.1657420853292302e-42
14.5,12.082037381899799,12.071226418557599,2.1805733008044303e-42
14.5,12.095153979773901,12.084354750871,2.20631367576306e-42
14.5,12.1082706030826,12.0974830831844,2.23238080993157e-42
14.5,12.1159043438985,12.1051236268349,2.2477030010090503e-42
14.5,12.1290210072761,12.1182519591484,2.27429205200538e-42
14.5,12.142137695875801,12.131380291461799,2.30121393173119e-42
14.5,12.149771474592901,12.1390208351123,2.3170362063025303e-42
14.5,12.1628882029272,12.152149167425701,2.3444887383399503e-42
14.5,12.176004956273601,12.1652774997391,2.37227900473577e-42
14.5,12.183638772576199,12.1729180433896,2.38860871914359e-42
14.5,12.196755565326601,12.186046375702999,2.4169362849853504e-42
14.5,12.2098723828814,12.1991747080165,2.44560500014456e-42
14.5,12.2175062364572,12.206815251667,2.462447267484e-42
14.5,12.230623093089099,12.219943583980399,2.49165727214859e-42
14.5,12.243739974319801,12.2330719162938,2.5212099551536e-42
14.5,12.2513738648601,12.240712459944302,2.53856705077325e-42
14.5,12.2644907848447,12.2538407922577,2.5686616685615098e-42
14.5,12.2776077292249,12.266969124571201,2.5990981304724402e-42
14.5,12.285241656424299,12.2746096682217,2.6169687736914e-42
14.5,12.2983586392386,12.2877380005351,2.64794364087116e-42
14.5,12.311475646247501,12.3008663328485,2.6792565780878103e-42
14.5,12.319109609804,12.308506876499099,2.6976350651411098e-42
14.5,12.3322266549308,12.3216352088124,2.7294777011712902e-42
14.5,12.3453437240535,12.334763541125799,2.76165099829954e-42
14.5,12.3529777236683,12.3424040847764,2.7805261564582302e-42
14.5,12.366094830596099,12.355532417089702,2.8132140611409603e-42
14.5,12.3792119613232,12.3686607494032,2.84622074485333e-42
14.5,12.3868459967008,12.3763012930537,2.86557467167377e-42
14.5,12.3999631649237,12.3894296253671,2.8990730309408204e-42
14.5,12.413080356751301,12.4025579576805,2.9328728043630904e-42
14.5,12.420714427599599,12.4101985013311,2.9526793489046804e-42
14.5,12.433831656617,12.423326833644499,2.9869382720433204e-42
14.5,12.4469489090467,12.4364551659578,3.02147454636886e-42
14.5,12.454583015076599,12.444095709608401,3.04169748084207e-42
14.5,12.467700304393501,12.4572240419217,3.07664867528534e-42
14.5,12.4808176169325,12.470352374235102,3.11184499763024e-42
14.5,12.488451757857998,12.4779929178857,3.13243581816556e-42
14.5,12.5015691069848,12.4911212501991,3.16798859093252e-42
14.5,12.5146864791454,12.5042495825125,3.20374435137938e-42
14.5,12.5223206546837,12.5118901261631,3.22463963535002e-42
14.5,12.5354380631359,12.5250184584764,3.2606760899579403e-42
14.5,12.5485554944358,12.538146790789899,3.29686136639044e-42
14.5,12.556189704306998,12.5457873344404,3.31797960100955e-42
14.5,12.5693071716055,12.5589156667537,3.3543488762073304e-42
14.5,12.582424661567499,12.5720439990672,3.39079825596649e-42
14.5,12.590058905494901,12.5796845427177,3.41203603889955e-42
14.5,12.6031764311657,12.5928128750311,3.44854741086247e-42
14.5,12.616293979317701,12.6059412073445,3.48505259893905e-42
14.5,12.623928257027499,12.613581750995099,3.5062800966733e-42
14.5,12.6370458406015,12.6267100833084,3.5426947409290603e-42
14.5,12.6501634464765,12.6398384156218,3.57899574314435e-42
14.5,12.6577977576978,12.6474789592724,3.60005127898913e-42
14.5,12.6709153987112,12.6606072915858,3.6360724638722404e-42
14.5,12.684033061847199,12.673735623899201,3.67184710660881e-42
14.5,12.6916674063119,12.6813761675498,3.6925307364578e-42
14.5,12.7047851043056,12.6945044998631,3.72779220017186e-42
14.5,12.717902824245499,12.7076328321765,3.7626437357267605e-42
14.5,12.7255372016885,12.7152733758271,3.78270966348952e-42
14.5,12.7386549562084,12.7284017081404,3.8167619190926303e-42
14.5,12.7517727325,12.741530040453899,3.85020446024242e-42
14.5,12.759407142658901,12.749170584104398,3.86935214646118e-42
14.5,12.772524953255699,12.7622989164178,3.90164646978893e-42
14.5,12.785642785451401,12.7754272487312,3.93308802367696e-42
14.5,12.7932772280666,12.783067792381699,3.95095186235239e-42
14.5,12.8063950942958,12.7961961246951,3.98082176808456e-42
14.5,12.8195129819529,12.8093244570086,4.0095447079935903e-42
14.5,12.8271474567676,12.816965000659,4.02568219632228e-42
14.5,12.840265378189299,12.8300933329725,4.0523223159926697e-42
14.5,12.8533833208696,12.843221665285899,4.0774612689508095e-42
14.5,12.8610178276298,12.8508622089364,4.09133969516072e-42
14.5,12.8741358038086,12.8639905412499,4.11378217546165e-42
14.5,12.8872538010788,12.877118873563301,4.1342995624334506e-42
14.5,12.8948883395328,12.8847594172137,4.1452814122752407e-42
14.5,12.908006370038102,12.8978877495272,4.16237030909028e-42
14.5,12.921124421469198,12.9110160818406,4.17703020404997e-42
14.5,12.928758991368301,12.918656625491101,4.1843577782622606e-42
14.5,12.9418770757738,12.9317849578045,4.19472250036735e-42
14.5,12.9549951809413,12.944913290117901,4.2020641718505304e-42
14.5,12.9626297820392,12.952553833768402,4.20484437253982e-42
14.5,12.9757479199233,12.9656821660819,4.2068741477559804e-42
14.5,12.9888660784071,12.978810498395198,4.20518772993836e-42
14.5,12.9965007104602,12.986451042045799,4.20237869070516e-42
14.5,13.0096189014054,12.9995793743591,4.19420142686805e-42
14.5,13.022737112789999,13.0127077066726,4.1815098080652603e-42
14.5,13.0339982427858,13.0239775085571,4.16676096016937e-42
14.5,13.0595788475074,13.0495777565683,4.11877503653147e-42
14.5,13.085159529061098,13.0751780045794,4.0484158912875596e-42
14.5,13.1000472369099,13.090077064697901,3.9960076023674e-42
14.5,13.125628039094,13.115677312709,3.8841875596042203e-42
14.5,13.1512089169562,13.1412775607202,3.7421713628797706e-42
14.5,13.1660967385267,13.1561766208387,3.64440161547043e-42
14.5,13.1916777352119,13.181776868849798,3.44846083536048e-42
14.5,13.2172588064441,13.207377116861,3.21502782983329e-42
14.5,13.232146740036601,13.222276176979499,3.0611518618653e-42
14.5,13.2577279283203,13.2478764249907,2.76521650878556e-42
14.5,13.2833091900424,13.2734766730018,2.4302240416128602e-42
14.5,13.298197233990901,13.2883757331204,2.21867563226873e-42
14.5,13.323778611028,13.3139759811315,1.83260458907374e-42
14.5,13.3493600604167,13.3395762291427,1.43549930618643e-42
14.5,13.3642482130881,13.3544752892612,1.21620813082193e-42
14.5,13.389829776089499,13.380075537272301,8.822194913822861e-43
14.5,13.4154114103771,13.4056757852835,6.036559236577581e-43
14.5,13.4302996701703,13.420574845402001,4.67124636577369e-43
14.5,13.4558814164017,13.4461750934131,2.7608356605524803e-43
14.5,13.4814632328745,13.471775341424198,1.3871714062616202e-43
14.5,13.4963515982198,13.4866744015428,8.234521345285789e-44
14.5,13.521933525000001,13.512274649553898,2.25187058531412e-44
14.5,13.5475155209973,13.537874897565,1.4463058249325898e-45
14.5,13.5685090075918,13.558883310935299,0.0
15.0,0.51099907,0.0,0.0
15.0,0.517725782329164,0.0831861535802686,2.6292599120354398e-48
15.0,0.630334359372518,0.369054677608478,4.3367060499285396e-47
15.0,0.830689141365716,0.654923201636685,1.3827668381592e-46
15.0,0.967288148542801,0.821295508797226,2.21400893981857e-46
15.0,1.21939831274409,1.10716403282543,4.17847090582828e-46
15.0,1.48379909488955,1.39303255685364,6.9015498613282e-46
15.0,1.64099469208525,1.55940486401419,8.87687625633382e-46
15.0,1.91472032583307,1.84527338804239,1.30221320721491e-45
15.0,2.19154874436431,2.1311419120706,1.82317406403846e-45
15.0,2.35365495285739,2.29751421923114,2.181264825092e-45
15.0,2.63343624333513,2.58338274325934,2.90238729572969e-45
15.0,2.91439923215267,2.86925126728755,3.77385575409679e-45
15.0,3.07833242767669,3.03562357444809,4.3587966215489e-45
15.0,3.36056986384473,3.3214920984763,5.5142147000804494e-45
15.0,3.64337353428618,3.60736062250451,6.88389565888377e-45
15.0,3.80817282616995,3.77373292966505,7.792218056574229e-45
15.0,4.09163586018713,4.05960145369326,9.56869690778792e-45
15.0,4.37541190938858,4.34546997772146,1.16538609859855e-44
15.0,4.54068726661396,4.51184228488201,1.30282347276919e-44
15.0,4.82484704995658,4.79771080891021,1.57032205554494e-44
15.0,5.10919747943055,5.08357933293842,1.8828823498836898e-44
15.0,5.27476182143977,5.24995164009896,2.0883829746596597e-44
15.0,5.5593547232658,5.53582016412716,2.48771580800981e-44
15.0,5.84407214460406,5.82168868815537,2.9538910542813996e-44
15.0,6.0098248338171,5.98806099531592,3.26040817079936e-44
15.0,6.29470504974129,6.27392951934413,3.8565182658810296e-44
15.0,6.57967099628639,6.55979804337233,4.55372711583411e-44
15.0,6.74555317479066,6.72617035053287,5.01313531357037e-44
15.0,7.03063362918995,7.01203887456108,5.90913578365335e-44
15.0,7.3157755875864,7.29790739858929,6.9616994401704495e-44
15.0,7.48175056889827,7.46427970574983,7.65808212440644e-44
15.0,7.76697609324713,7.75014822977803,9.022811973922859e-44
15.0,8.05224722155222,8.03601675380624,1.0637043466128e-43
15.0,8.21829096327262,8.20238906096678,1.1711493635542001e-43
15.0,8.50362492580463,8.48825758499499,1.3831718588077202e-43
15.0,8.78899362990914,8.7741261090232,1.6363712229955102e-43
15.0,8.95508972480593,8.94049841618374,1.80630268533446e-43
15.0,9.24050685649747,9.22636694021194,2.1447769543588102e-43
15.0,9.52595105890687,9.51223546424015,2.5542083983943805e-43
15.0,9.69208792996425,9.67860777140069,2.8320296514651903e-43
15.0,9.97757023987831,9.9644762954289,3.39229445411749e-43
15.0,10.2630740505617,10.2503448194572,4.08159213019085e-43
15.0,10.4292432968797,10.4167171266176,4.55612566292828e-43
15.0,10.7147776299348,10.7025856506458,5.5287891513853405e-43
15.0,11.0003293222727,10.9884541746741,6.7522948722394305e-43
15.0,11.166524700612099,11.1548264818346,7.61056247396978e-43
15.0,11.4521012162273,11.4406950058628,9.40710673482117e-43
15.0,11.737691948169001,11.726563529891001,1.1731064261948401e-42
15.0,11.8247573319995,11.8137109288798,1.2571662478667101e-42
15.0,11.8383574167368,11.8273237157383,1.27093589793826e-42
15.0,11.851957530638998,11.840936502596799,1.2848855439955401e-42
15.0,11.8598726593227,11.8488589934141,1.29308801202527e-42
15.0,11.873472819158799,11.8624717802725,1.30732793864481e-42
15.0,11.887073007901801,11.876084567131,1.3217549143978e-42
15.0,11.8949881800237,11.8840070579482,1.3302384720948e-42
15.0,11.9085884142949,11.8976198448067,1.34496710431082e-42
15.0,11.922188677218,11.9112326316651,1.35989011560296e-42
15.0,11.9301038923949,11.919155122482298,1.36866577783413e-42
15.0,11.9437042004453,11.9327679093408,1.3839022636654602e-42
15.0,11.9573045368956,11.946380696199299,1.3993407404703999e-42
15.0,11.965219794749,11.9543031870165,1.4084199457317099e-42
15.0,11.9788201759302,11.967915973875002,1.42418416452442e-42
15.0,11.9924205852623,11.9815287607334,1.44015827200524e-42
15.0,12.0003358854179,11.9894512515506,1.44955288821086e-42
15.0,12.0139363390893,12.0030640384091,1.46586545937456e-42
15.0,12.0275368206654,12.016676825267501,1.48239610496736e-42
15.0,12.0354521627534,12.0245993160847,1.49211843274611e-42
15.0,12.049052688281702,12.0382121029432,1.50900071989185e-42
15.0,12.0626532414716,12.0518248898017,1.5261095553537902e-42
15.0,12.070568625126299,12.059747380618798,1.53617232820714e-42
15.0,12.084169221885702,12.0733601674774,1.55364643750121e-42
15.0,12.0977698460661,12.086972954335799,1.57135585466025e-42
15.0,12.1056852709264,12.094895445153,1.58177223519777e-42
15.0,12.119285938298102,12.108508232011499,1.59986100651204e-42
15.0,12.1328866328533,12.12212101887,1.61819412518041e-42
15.0,12.1408020985619,12.130043509687201,1.6289776964901e-42
15.0,12.1544028359345,12.1436562965456,1.64770468562797e-42
15.0,12.168003600255599,12.1572690834041,1.66668533189699e-42
15.0,12.175919106459501,12.1651915742213,1.67785008291378e-42
15.0,12.1895199132286,12.1788043610798,1.69723953285594e-42
15.0,12.2031207467139,12.1924171479382,1.71689220522442e-42
15.0,12.2110362930641,12.2003396387555,1.72845250872747e-42
15.0,12.2246371686321,12.2139524256139,1.74852930739116e-42
15.0,12.2382380706867,12.227565212472399,1.76887912886176e-42
15.0,12.2461536568382,12.2354877032896,1.78084971053742e-42
15.0,12.2597546006144,12.249100490147999,1.80163933209506e-42
15.0,12.273355570650299,12.262713277006501,1.8227119839679002e-42
15.0,12.281271196262,12.270635767823702,1.83510788012821e-42
15.0,12.2948722076625,12.2842485546822,1.85663630623254e-42
15.0,12.308473245098298,12.2978613415406,1.8784579404967402e-42
15.0,12.316388909833101,12.3057838323578,1.89129444314521e-42
15.0,12.329989988280602,12.3193966192163,1.91358805978444e-42
15.0,12.3435910925415,12.3330094060748,1.93618518517271e-42
15.0,12.3515067960661,12.340931896892,1.94947776998484e-42
15.0,12.365107940989798,12.354544683750499,1.97256323469613e-42
15.0,12.3787091115076,12.368157470609,1.99596257080142e-42
15.0,12.3866248534923,12.3760799614261,2.00972680605202e-42
15.0,12.4002260643279,12.389692748284599,2.03363087923556e-42
15.0,12.4138273005408,12.403305535143101,2.0578591719594698e-42
15.0,12.4217430806599,12.411228025960298,2.07211060320884e-42
15.0,12.4353443568494,12.424840812818701,2.0968599359424804e-42
15.0,12.4489456582019,12.4384535996772,2.1219437261080302e-42
15.0,12.4568614761332,12.4463760904944,2.13669773214439e-42
15.0,12.470462817125101,12.4599888773529,2.1623186014224e-42
15.0,12.4840641830679,12.473601664211401,2.1882839367159e-42
15.0,12.4919800384928,12.4815241550286,2.2035555505169004e-42
15.0,12.5055814437415,12.4951369418871,2.2300735305201102e-42
15.0,12.5191828737315,12.508749728745501,2.25694560888269e-42
15.0,12.5270987663351,12.516672219562698,2.27274929629428e-42
15.0,12.540700235301202,12.5302850064212,2.30018885330146e-42
15.0,12.5543017288015,12.5438977932797,2.3279915834616e-42
15.0,12.5622176582722,12.551820284096799,2.3443409707684804e-42
15.0,12.5758191904225,12.5654330709553,2.37272496403499e-42
15.0,12.5894207469019,12.5790458578138,2.4014804257969e-42
15.0,12.5973367129318,12.586968348631,2.4183879654702302e-42
15.0,12.610938307738799,12.600581135489499,2.44773703651908e-42
15.0,12.6245399266722,12.614193922347901,2.47746481994264e-42
15.0,12.6324559289567,12.6221164131651,2.4949413816737903e-42
15.0,12.6460575858988,12.6357292000235,2.52527320669758e-42
15.0,12.659659266767001,12.649341986882101,2.55598960456597e-42
15.0,12.6675753050048,12.657264477699199,2.5740439759029798e-42
15.0,12.681177023566299,12.670877264557701,2.60537235388699e-42
15.0,12.6947787658556,12.6844900514162,2.6370893773035e-42
15.0,12.7026948397489,12.6924125422334,2.65572765499671e-42
15.0,12.716296619419701,12.706025329091899,2.68806139671849e-42
15.0,12.729898422622199,12.7196381159504,2.72078557602021e-42
15.0,12.7378145318764,12.7275606067675,2.7400104251383102e-42
15.0,12.751416372151901,12.741173393626,2.77335200097655e-42
15.0,12.7650182357652,12.754786180484501,2.80708292749984e-42
15.0,12.772934380089001,12.762708671301699,2.82689268058616e-42
15.0,12.7865362804704,12.7763214581602,2.86123657756453e-42
15.0,12.8001382039977,12.7899342450186,2.89596513176781e-42
15.0,12.8080543831028,12.7978567358358,2.91635269449633e-42
15.0,12.8216563430965,12.811469522694301,2.95168342017593e-42
15.0,12.8352583260464,12.8250823095527,2.98738961985335e-42
15.0,12.8431745396479,12.83300480037,3.00834114260231e-42
15.0,12.856776558765699,12.8466175872284,3.0446308029172504e-42
15.0,12.870378600652298,12.8602303740869,3.0812811933677e-42
15.0,12.8782948484681,12.8681528649041,3.10277445977693e-42
15.0,12.8918969262274,12.8817656517626,3.13997982134498e-42
15.0,12.9054990265698,12.8953784386211,3.1775243098512e-42
15.0,12.913415308321099,12.903300929438199,3.19952678335554e-42
15.0,12.9270174442443,12.9169137162968,3.23758571305946e-42
15.0,12.940619602567,12.9305265031553,3.2759537343807004e-42
15.0,12.948535917977999,12.9384489939724,3.2984201918959404e-42
15.0,12.962138111592601,12.952061780830899,3.33724734509069e-42
15.0,12.9757403274251,12.9656745676893,3.37634321847968e-42
15.0,12.983656676223001,12.9735970585065,3.3992128865038097e-42
15.0,12.9972589270618,12.987209845365,3.43869449019124e-42
15.0,13.0108611999389,13.000822632223501,3.4783918052406606e-42
15.0,13.0187775818536,13.0087451230406,3.50158489759693e-42
15.0,13.0323798894543,13.0223579098991,3.54157244620902e-42
15.0,13.0459822189157,13.0359706967576,3.58170728117996e-42
15.0,13.053898633680301,13.043893187574799,3.60512081951867e-42
15.0,13.067500997585599,13.057505974433198,3.64542346893206e-42
15.0,13.081103383175801,13.0711187612917,3.68578621605966e-42
15.0,13.089019830526201,13.079041252108901,3.70928899441643e-42
15.0,13.1026222502838,13.092654038967499,3.74966440462731e-42
15.0,13.1162246915523,13.106266825825902,3.78998993740452e-42
15.0,13.124141171226999,13.114189316643099,3.81341647120078e-42
15.0,13.1377436463892,13.1278021035015,3.85355981384628e-42
15.0,13.1513461428904,13.1414148903601,3.89351569975912e-42
15.0,13.159262654631,13.1493373811772,3.91665898067647e-42
15.0,13.1728651847551,13.162950168035701,3.95618979319332e-42
15.0,13.186467736047799,13.1765629548941,3.99536222348672e-42
15.0,13.194384279598498,13.1844854457114,4.01796508448792e-42
15.0,13.207986864246399,13.1980982325699,4.0564116318728404e-42
15.0,13.2215894698945,13.2117110194283,4.0942887253702306e-42
15.0,13.2295060450021,13.219633510245501,4.11603361644772e-42
15.0,13.2431086837403,13.233246297104,4.1528144177928106e-42
15.0,13.2567113433121,13.246859083962498,4.18876656283814e-42
15.0,13.2646279497262,13.2547815747796,4.2092635481184405e-42
15.0,13.278230642125902,13.268394361638101,4.2436657611847306e-42
15.0,13.2918333551943,13.2820071484966,4.27692272035928e-42
15.0,13.2997499926672,13.289929639313801,4.2956955546881403e-42
15.0,13.313352738304001,13.3035424261723,4.3268500152487005e-42
15.0,13.326955504446401,13.3171552130308,4.35647465409653e-42
15.0,13.334872172732899,13.325077703847901,4.37294489634661e-42
15.0,13.348474971186901,13.3386904907064,4.39979781867982e-42
15.0,13.362077789985001,13.3523032775649,4.4246565907374e-42
15.0,13.3699944888426,13.360225768382099,4.4381259003542007e-42
15.0,13.383597339698301,13.3738385552405,4.4594076356971004e-42
15.0,13.3972002107384,13.387451342098998,4.478138437094351e-42
15.0,13.405116939927,13.3953738329162,4.48776952929378e-42
15.0,13.4187198427733,13.408986619774701,4.501961437042861e-42
15.0,13.432322765645901,13.4225994066331,4.51294024213889e-42
15.0,13.4402395249279,13.430521897450301,4.51773751504977e-42
15.0,13.453842479358,13.4441346843089,4.52303907540321e-42
15.0,13.4674454536579,13.4577474711673,4.52434804920769e-42
15.0,13.475362242798198,13.465669961984501,4.52313975403553e-42
15.0,13.4889652484094,13.479282748843,4.51743973424811e-42
15.0,13.502568273735701,13.4928955357015,4.5068450099130403e-42
15.0,13.5142455837444,13.5045812096567,4.49354828144459e-42
15.0,13.5407715723741,13.5311261440308,4.4475108422150404e-42
15.0,13.5672976351135,13.557671078404901,4.3768714312760196e-42
15.0,13.5827355430695,13.5731199354983,4.32309050770306e-42
15.0,13.6092617221649,13.5996648698724,4.2064902288723105e-42
15.0,13.635787974256699,13.6262098042465,4.05617123262387e-42
15.0,13.651225991904601,13.6416586613399,3.95173028772632e-42
15.0,13.6777523586088,13.668203595714,3.7408006308244e-42
15.0,13.7042787972184,13.694748530088098,3.48750598396347e-42
15.0,13.719716922918598,13.7101973871815,3.3196781983273706e-42
15.0,13.7462434744317,13.7367423215555,2.9955531191530604e-42
15.0,13.7727700967806,13.7632872559296,2.6272685013180504e-42
15.0,13.7882083289261,13.7787361130231,2.3943766160428898e-42
15.0,13.8147350625035,13.8052810473971,1.97007486538638e-42
15.0,13.841261865868299,13.8318259817711,1.53945077001608e-42
15.0,13.856700202883601,13.8472748388646,1.3065511305118501e-42
15.0,13.8832271158348,13.8738197732387,9.512547354593222e-43
15.0,13.9097540975456,13.9003647076127,6.535696697151521e-43
15.0,13.9251925378862,13.915813564706202,5.070884650248131e-43
15.0,13.9517196275734,13.942358499080301,3.0126048870724203e-43
15.0,13.9782467850125,13.968903433454301,1.5235131757042e-43
15.0,13.9936853271642,13.984352290547799,9.087664970912718e-44
15.0,14.020212591001,14.010897224921798,2.5156573138233397e-44
15.0,14.0467399216017,14.037442159295901,1.66292501327364e-45
15.0,14.068509179330999,14.0592258136563,0.0
15.5,0.51099907,0.0,0.0
15.5,0.518209669961125,0.08614645959268019,2.6108107039713098e-48
15.5,0.6381126511415971,0.38218805057993704,4.33832784097539e-47
15.5,0.8491851954910872,0.678229641567199,1.3852861160694e-46
15.5,0.992224105678724,0.8505225607525522,2.21897563695499e-46
15.5,1.255280607512,1.14656415173981,4.18963458951738e-46
15.5,1.53043502916328,1.44260574272708,6.92167946034486e-46
15.5,1.69381750427471,1.61489866191243,8.90365650286231e-46
15.5,1.97808308715615,1.91094025289969,1.30631673116816e-45
15.5,2.26536727900522,2.20698184388695,1.8291209866890297e-45
15.5,2.43353003838737,2.3792747630723,2.18851162353209e-45
15.5,2.72368089978239,2.67531635405956,2.91233323689214e-45
15.5,3.01497729462989,2.97135794504683,3.78720981476425e-45
15.5,3.18491142823919,3.14365086423218,4.37452810949161e-45
15.5,3.47744219736783,3.43969245521944,5.5348527988809897e-45
15.5,3.77052104005915,3.7357340462067,6.91070656097569e-45
15.5,3.94129354549649,3.90802696539205,7.82333090703864e-45
15.5,4.23501032776522,4.20406855637931,9.60868922836125e-45
15.5,4.52902985063827,4.50011014736658,1.17050326934807e-44
15.5,4.70026280816985,4.67240306655193,1.30872034001945e-44
15.5,4.99465337782018,4.96844465753918,1.5778294062041899e-44
15.5,5.28922825282337,5.26448624852645,1.8924187153092399e-44
15.5,5.46074058786955,5.4367791677118,2.0993349857147398e-44
15.5,5.75554983480395,5.73282075869906,2.50159265139495e-44
15.5,6.05047942571547,6.02886234968633,2.9714539511868996e-44
15.5,6.22217379363481,6.20115526887168,3.2805436428154697e-44
15.5,6.51726070410734,6.49719685985894,3.88197173648697e-44
15.5,6.81243045466125,6.7932384508462,4.58589001796504e-44
15.5,6.98424994658944,6.96553137003156,5.04998689104107e-44
15.5,7.27953033634316,7.26157296101881,5.955698001457941e-44
15.5,7.5748701484735,7.55761455200608,7.020551739129899e-44
15.5,7.74677930256968,7.72990747119143,7.72554996495267e-44
15.5,8.04219984819004,8.02594906217869,9.108195282423648e-44
15.5,8.33766445000771,8.32199065316595,1.07452389605136e-43
15.5,8.5096400309918,8.49428357235131,1.1835770153662301e-43
15.5,8.80516533216521,8.79032516333857,1.39896600493165e-43
15.5,9.10072419336277,9.08636675432582,1.65649361295602e-43
15.5,9.27275034708921,9.25865967351118,1.8295024950617403e-43
15.5,9.56835598749069,9.55470126449844,2.1744848129678806e-43
15.5,9.86398777647476,9.8507428554857,2.59240419523915e-43
15.5,10.036053317409,10.023035774671001,2.8763367669056404e-43
15.5,10.331721914956,10.3190773656583,3.44971755255704e-43
15.5,10.6274112799532,10.6151189566455,4.1564789621557e-43
15.5,10.7995080919623,10.787411875830898,4.64381549856404e-43
15.5,11.0952269377722,11.0834534668182,5.64454508933954e-43
15.5,11.3909625502044,11.3794950578054,6.906547427613371e-43
15.5,11.5630846020813,11.551787976990799,7.793779632969531e-43
15.5,11.858844189945199,11.847829567978101,9.65580302884178e-43
15.5,12.154617508383001,12.1438711589653,1.2073561715497102e-42
15.5,12.2447869759682,12.234119830919601,1.29505002257245e-42
15.5,12.258871927797198,12.248217049537999,1.3094269079003501e-42
15.5,12.2729569077942,12.2623142681564,1.32399513989323e-42
15.5,12.2811542227043,12.2705186928796,1.3325629411822e-42
15.5,12.2952392470651,12.284615911498001,1.34743991841434e-42
15.5,12.3093242993448,12.2987131301165,1.3625159473299501e-42
15.5,12.3175216562082,12.306917554839501,1.37138287640703e-42
15.5,12.3316067524598,12.321014773458,1.38678009120318e-42
15.5,12.3456918763838,12.3351119920764,1.4023843825311101e-42
15.5,12.3538892748306,12.343316416799599,1.4115624986359301e-42
15.5,12.3679744423392,12.357413635418,1.42750092917374e-42
15.5,12.382059637276901,12.371510854036401,1.44365478920509e-42
15.5,12.3902570769413,12.3797152787596,1.45315664458202e-42
15.5,12.4043423150808,12.393812497378,1.46965812215779e-42
15.5,12.4184275804088,12.4079097159964,1.48638371751961e-42
15.5,12.4266250609293,12.4161141407195,1.4962223682420198e-42
15.5,12.4407103690808,12.4302113593379,1.51330959485225e-42
15.5,12.4547957041832,12.4443085779564,1.53062996866918e-42
15.5,12.462993225202501,12.452513002679499,1.54081898333608e-42
15.5,12.4770786027544,12.466610221298,1.55851554528218e-42
15.5,12.4911640070221,12.4807074399164,1.57645462894768e-42
15.5,12.499361568187199,12.488911864639501,1.58700809461293e-42
15.5,12.5134470145349,12.503009083258,1.6053384709770998e-42
15.5,12.5275324873662,12.5171063018764,1.62392109027929e-42
15.5,12.5357300883279,12.5253107265995,1.6348536148489302e-42
15.5,12.549815602873899,12.539407945217999,1.65384317944136e-42
15.5,12.5639011436738,12.5535051638364,1.6730950535418302e-42
15.5,12.5720987840873,12.5617095885595,1.68442176370358e-42
15.5,12.5861843662408,12.575806807178001,1.70409677877189e-42
15.5,12.600269974421401,12.589904025796399,1.72404451019666e-42
15.5,12.6084676539456,12.5981084505195,1.73578104375336e-42
15.5,12.622553303122801,12.612205669138,1.7561686434022802e-42
15.5,12.636638978102802,12.626302887756399,1.77683969682692e-42
15.5,12.644836696400601,12.6345073124795,1.78900218805822e-42
15.5,12.6589224120243,12.6486045310979,1.81013034893319e-42
15.5,12.6730081532291,12.662701749716401,1.83155301607843e-42
15.5,12.6812059099673,12.6709061744395,1.8441580724782103e-42
15.5,12.695291691467002,12.685003393057901,1.86605556833923e-42
15.5,12.7093774983285,12.6991006116763,1.88825891569756e-42
15.5,12.7175752931777,12.7073050363995,1.9013235840680302e-42
15.5,12.7316611399894,12.7214022550179,1.92401992146789e-42
15.5,12.7457470119461,12.7354994736364,1.9470337170366103e-42
15.5,12.7539448445806,12.743703898359499,1.96057543652172e-42
15.5,12.7680307561465,12.7578011169779,1.9841007660016303e-42
15.5,12.7821166926433,12.7718983355964,2.0079553797467e-42
15.5,12.7903145627411,12.780102760319501,2.02199191883423e-42
15.5,12.804400538509999,12.794199978937899,2.0463769171096102e-42
15.5,12.818486538997899,12.8082971975563,2.07110319057526e-42
15.5,12.8266844462407,12.8165016222795,2.0856525645324e-42
15.5,12.840770485667601,12.830598840897899,2.11092828086192e-42
15.5,12.854856549604,12.844696059516401,2.13655735720637e-42
15.5,12.863054493677,12.8529004842395,2.1516377215918698e-42
15.5,12.877140596222901,12.866997702857901,2.17783538046176e-42
15.5,12.8912267230712,12.8810949214764,2.2043984880405998e-42
15.5,12.8994247036633,12.8892993461995,2.2200280030739798e-42
15.5,12.9135108687953,12.9033965648179,2.2471787536695203e-42
15.5,12.927597058025,12.9174937834363,2.27470693177384e-42
15.5,12.9357950748285,12.925698208159499,2.29090359118913e-42
15.5,12.949881302019799,12.9397954267779,2.31903819210424e-42
15.5,12.963967553106299,12.953892645396301,2.34756194690726e-42
15.5,12.972165605816901,12.9620970701194,2.36434336358021e-42
15.5,12.986251894546601,12.976194288737899,2.39349178831827e-42
15.5,13.0003382069712,12.9902915073563,2.42304066364383e-42
15.5,13.008536295288,12.998495932079399,2.4404238026034002e-42
15.5,13.0226226450408,13.0125931506979,2.4706147496802304e-42
15.5,13.0367090182906,13.0266903693163,2.50121679429465e-42
15.5,13.0449071419162,13.034894794039399,2.5192176417421603e-42
15.5,13.0589935521827,13.048992012657902,2.5504779273931502e-42
15.5,13.0730799857504,13.0630892312763,2.5821590358668203e-42
15.5,13.0812781443906,13.071293655999401,2.60079219031462e-42
15.5,13.095364614667,13.085390874617799,2.63314599937961e-42
15.5,13.109451108051001,13.0994880932363,2.6659291004278003e-42
15.5,13.1176493014149,13.1076925179594,2.68520726915125e-42
15.5,13.131735831202999,13.1217897365779,2.7186752330430204e-42
15.5,13.1458223839073,13.135886955196302,2.75257929055664e-42
15.5,13.154020611707,13.1440913799194,2.7725126705871102e-42
15.5,13.1681072005141,13.158188598537802,2.8071107348517802e-42
15.5,13.182193812048,13.1722858171563,2.8421495222904902e-42
15.5,13.1903920739991,13.180490241879399,2.86274504147243e-42
15.5,13.204478721337999,13.1945874604979,2.89848307738785e-42
15.5,13.218565391216298,13.2086846791163,2.9346636758092604e-42
15.5,13.2267636870373,13.2168891038394,2.9559240627496405e-42
15.5,13.240850392426001,13.2309863224579,2.99280416688186e-42
15.5,13.254937120168899,13.2450835410763,3.03012512660025e-42
15.5,13.2631354495814,13.253287965799402,3.05204777290263e-42
15.5,13.277222212543201,13.2673851844178,3.0900621879256804e-42
15.5,13.291308997676,13.2814824030363,3.1285112808081504e-42
15.5,13.299507360404801,13.2896868277594,3.1510868502188e-42
15.5,13.3135941804683,13.3037840463779,3.19021542314307e-42
15.5,13.3276810225215,13.3178812649963,3.22976689600468e-42
15.5,13.3358794182943,13.3260856897194,3.25297762550789e-42
15.5,13.349966294993001,13.340182908337802,3.2931847040607e-42
15.5,13.3640531935023,13.3542801269562,3.3337959264012096e-42
15.5,13.3722516220497,13.362484551679401,3.35761355258414e-42
15.5,13.3863385549225,13.3765817702978,3.3988441976619e-42
15.5,13.4004255094286,13.3906789889163,3.4404515708596103e-42
15.5,13.408623970484099,13.3988834136394,3.4648348003851206e-42
15.5,13.4227109590747,13.412980632257801,3.50701016732819e-42
15.5,13.4367979691232,13.427077850876298,3.54952413810218e-42
15.5,13.4449964624233,13.4352822755994,3.57441556522486e-42
15.5,13.459083506280301,13.4493794942178,3.61742727584925e-42
15.5,13.4731705714217,13.4634767128362,3.66072626265675e-42
15.5,13.4813690967058,13.471681137559399,3.6860486155657205e-42
15.5,13.495456195382701,13.4857783561778,3.72975190875465e-42
15.5,13.5095433151725,13.4998755747963,3.7736749129183704e-42
15.5,13.517741872182501,13.5080799995194,3.79932648930921e-42
15.5,13.5318290252377,13.5221772181378,3.8435318948874605e-42
15.5,13.545916199235899,13.5362744367563,3.88786952500934e-42
15.5,13.5541147877167,13.544478861479302,3.9137186508327204e-42
15.5,13.5682019947133,13.558576080097799,3.95818188847783e-42
15.5,13.5822892224847,13.5726732987162,4.00266548126621e-42
15.5,13.590487842184,13.5808777234393,4.02854379907356e-42
15.5,13.6045751026895,13.5949749420578,4.0729535541372995e-42
15.5,13.618662383803798,13.6090721606762,4.11724202419369e-42
15.5,13.6268610344718,13.617276585399301,4.14293638892108e-42
15.5,13.640948348058599,13.631373804017798,4.18689956972504e-42
15.5,13.6550356820898,13.6454710226362,4.2305635756811806e-42
15.5,13.6632343634794,13.6536754473593,4.2558063110070905e-42
15.5,13.677321729724401,13.6677726659778,4.29883035068763e-42
15.5,13.691409116251002,13.6818698845962,4.341333330486371e-42
15.5,13.699607828117799,13.6900743093194,4.3657905806662706e-42
15.5,13.7136952466022,13.704171527937701,4.40726232789773e-42
15.5,13.7277826852075,13.718268746556198,4.4479379461087406e-42
15.5,13.7359814273095,13.7264731712793,4.471195861137941e-42
15.5,13.750068897619201,13.7405703898977,4.51035661714399e-42
15.5,13.7641563878905,13.7546676085162,4.5483822076956005e-42
15.5,13.7723551599885,13.762872033239299,4.569930735293141e-42
15.5,13.7864426817136,13.7769692518577,4.60584708888433e-42
15.5,13.8005302232426,13.791066470476201,4.6402128086711003e-42
15.5,13.8087290250999,13.7992708951993,4.6594269652801995e-42
15.5,13.8228165978348,13.813368113817699,4.6909572875093803e-42
15.5,13.8369041902177,13.8274653324361,4.7204309725345696e-42
15.5,13.8451030215999,13.835669757159298,4.73654966358829e-42
15.5,13.8591906449433,13.8497669757777,4.76230654054935e-42
15.5,13.873278287780499,13.8638641943962,4.78539478546396e-42
15.5,13.881477148455602,13.8720686191193,4.7974976104876605e-42
15.5,13.895564822010499,13.8861658377377,4.81580723530037e-42
15.5,13.909652514906401,13.900263056356199,4.83071412474372e-42
15.5,13.9178514046451,13.9084674810793,4.8376972215066805e-42
15.5,13.9319391280184,13.922564699697698,4.84655800675497e-42
15.5,13.946026870581601,13.9366619183161,4.8511444308709506e-42
15.5,13.9542257891569,13.9448663430393,4.8516974248169406e-42
15.5,13.9683135619598,13.9589635616578,4.8487421047093507e-42
15.5,13.982401353803,13.9730607802761,4.8404954642678e-42
15.5,13.9944948031531,13.9851623067428,4.82885739660844e-42
15.5,14.021966083436702,14.012651883048699,4.785167303991e-42
15.5,14.049437435293699,14.0401414593547,4.71452482921376e-42
15.5,14.0654254898594,14.056140087564799,4.65945842963924e-42
15.5,14.09289695409,14.0836296638707,4.53806454402327e-42
15.5,14.1203684888187,14.111119240176599,4.37917355978398e-42
15.5,14.1363566493221,14.1271178683868,4.267763271994531e-42
15.5,14.1638282947405,14.154607444692699,4.0410501518830304e-42
15.5,14.1913000096031,14.1820970209987,3.76670269901335e-42
15.5,14.2072882744604,14.1980956492087,3.584038055171e-42
15.5,14.2347600983621,14.2255852255147,3.22989268234683e-42
15.5,14.262231990675101,14.2530748018207,2.82621694719669e-42
15.5,14.278220358334199,14.269073430030701,2.5707828305734002e-42
15.5,14.3056923580683,14.2965630063366,2.1069824991543602e-42
15.5,14.3331644252011,14.324052582642599,1.6452900433731e-42
15.5,14.3491528941404,14.3400512108527,1.3990108835011e-42
15.5,14.3766250671084,14.367540787158699,1.0222179441129501e-42
15.5,14.4040973064822,14.3950303634646,7.0511847271402305e-43
15.5,14.4200858752099,14.411028991674598,5.48481791342968e-43
15.5,14.4475582188639,14.438518567980601,3.27481087202794e-43
15.5,14.4750306279506,14.466008144286599,1.6664278267952102e-43
15.5,14.491019295004099,14.4820067724967,9.98607320897722e-44
15.5,14.5184918068461,14.5094963488026,2.79657402738885e-44
15.5,14.545964383166401,14.5369859251086,1.8997269316389398e-45
15.5,14.5685093392143,14.5595447839977,0.0
16.0,0.51099907,0.0,0.0
16.0,0.518709979542167,0.08910664024510441,2.5954556084382697e-48
16.0,0.646063957930745,0.39532086739290007,4.3429782499776603e-47
16.0,0.8679121720618321,0.7015350945406951,1.38861754125198e-46
16.0,1.01738746449442,0.8797483750309061,2.2251437977567903e-46
16.0,1.29136646359867,1.1859626021787,4.20281809601236e-46
16.0,1.5772481540708,1.4921768293265,6.94482737898434e-46
16.0,1.74680370062418,1.67039010981671,8.934114105748259e-46
16.0,2.04158878191661,1.9766043369645,1.31091344464819e-45
16.0,2.33931200274709,2.2828185641123,1.83570001359202e-45
16.0,2.51352298371996,2.46103184460251,2.1964764121743498e-45
16.0,2.81403107146285,2.7672460717503,2.92315083255272e-45
16.0,3.11565053535271,3.07346029889809,3.80159275636658e-45
16.0,3.29158033722904,3.25167357938831,4.3913792890962095e-45
16.0,3.59439642964422,3.5578878065361,5.556760458992079e-45
16.0,3.89774352366352,3.8641020336839,6.93892139986858e-45
16.0,4.07448562995961,4.0423153141741,7.85591457533651e-45
16.0,4.3784505502849,4.3485295413219,9.65023921542412e-45
16.0,4.68270857513558,4.65474376846969,1.17578005198799e-44
16.0,4.85989648929194,4.83295704895991,1.31477614195301e-44
16.0,5.16451367068685,5.13917127610771,1.58548813154329e-44
16.0,5.46930921859479,5.44538550325549,1.90208874555998e-44
16.0,5.64676751160228,5.6235987837457,2.1104045834016397e-44
16.0,5.95178984791152,5.92981301089349,2.51554730181316e-44
16.0,6.25692862058804,6.23602723804129,2.9890361352458997e-44
16.0,6.43456303715428,6.4142405185315,3.30065389024947e-44
16.0,6.73985400719217,6.7204547456793,3.90730174748189e-44
16.0,7.04522511373709,7.02666897282709,4.61779790023259e-44
16.0,7.22298057132286,7.2048822533173,5.08648834614156e-44
16.0,7.52845869938835,7.5110964804651,6.00170812907554e-44
16.0,7.83399430360401,7.81731070761289,7.07859083479585e-44
16.0,8.01183648696558,7.9955239881031,7.79201967291538e-44
16.0,8.31745017683292,8.30173821525089,9.192193950687248e-44
16.0,8.62310647621485,8.60795244239869,1.08515575111046e-43
16.0,8.80101290531998,8.78616572288891,1.19578240443543e-43
16.0,9.10672790882489,9.0923799500367,1.4144661017229802e-43
16.0,9.4124753681987,9.3985941771845,1.6762310201792e-43
16.0,9.59043070622559,9.5768074576747,1.85225364791371e-43
16.0,9.89622340452218,9.8830216848225,2.2036120162235304e-43
16.0,10.202041389806599,10.1892359119703,2.62985236785494e-43
16.0,10.380034817272602,10.367449192460501,2.91977946287239e-43
16.0,10.6858883975374,10.6736634196083,3.5060345245733004e-43
16.0,10.9917620601646,10.979877646756,4.229955149138681e-43
16.0,11.169785727140699,11.1580909272463,4.7298828359796904e-43
16.0,11.4756878975776,11.4643051543941,5.7582442411465e-43
16.0,11.7816062810125,11.770519381541899,7.058206649840351e-43
16.0,11.959654354464199,11.9487326620321,7.97403928396938e-43
16.0,12.2655959213632,12.254946889179902,9.900826897368991e-43
16.0,12.5715507651158,12.5611611163277,1.24115883097656e-42
16.0,12.664823998972501,12.6545109299178,1.3324621361886201e-42
16.0,12.6793937685468,12.669092559782001,1.3474424754813299e-42
16.0,12.693963565358,12.6836741896461,1.36262553540211e-42
16.0,12.702443037844,12.6921605363362,1.37155649478466e-42
16.0,12.7170128775525,12.7067421662004,1.3870668079157401e-42
16.0,12.7315827442568,12.721323796064501,1.40278820700443e-42
16.0,12.7400622573093,12.7298101427545,1.4120363800037701e-42
16.0,12.754632166532001,12.7443917726187,1.4280985519327301e-42
16.0,12.7692021025124,12.758973402482901,1.4443805391976203e-42
16.0,12.7776816557735,12.7674597491729,1.45395904391882e-42
16.0,12.792251633897699,12.7820413790371,1.47059590892365e-42
16.0,12.806821638544099,12.7966230089012,1.48746169430854e-42
16.0,12.8153012316602,12.8051093555913,1.49738421330503e-42
16.0,12.8298712780803,12.819690985455502,1.51461958427801e-42
16.0,12.84444135079,12.8342726153196,1.53209336707986e-42
16.0,12.8529209834115,12.842758962009599,1.54237416350105e-42
16.0,12.867491097529001,12.8573405918739,1.56023285887304e-42
16.0,12.8820612377063,12.8719222217381,1.57833985353416e-42
16.0,12.8905409094877,12.880408568428098,1.58899378553675e-42
16.0,12.905111090711,12.8949901982922,1.60750165292554e-42
16.0,12.919681297767001,12.909571828156402,1.62626811112314e-42
16.0,12.9281610083668,12.9180581748464,1.6373106439421198e-42
16.0,12.9427312561115,12.9326398047106,1.65649457940902e-42
16.0,12.9573015294641,12.9472214345748,1.67594780725599e-42
16.0,12.965781278544899,12.9557077812648,1.68739502218254e-42
16.0,12.980351592233,12.970289411128999,1.70728298372305e-42
16.0,12.994921931307,12.9848710409932,1.72745135259622e-42
16.0,13.003401718535098,12.9933573876832,1.73931995194622e-42
16.0,13.017972097595301,13.0079390175473,1.75994096554321e-42
16.0,13.0325425018221,13.0225206474115,1.7808539147318902e-42
16.0,13.0410223268678,13.031006994101599,1.79316122168993e-42
16.0,13.0555927707356,13.0455886239657,1.81454537788829e-42
16.0,13.070163239553,13.0601702538298,1.83623340685493e-42
16.0,13.0786431020903,13.0686566005199,1.84899735882703e-42
16.0,13.093213610207599,13.0832382303841,1.87117579733879e-42
16.0,13.10778414306,13.0978198602483,1.8936704449045502e-42
16.0,13.116264042766499,13.106306206938301,1.9069095787164502e-42
16.0,13.130834614581499,13.120887836802499,1.9299144580173e-42
16.0,13.1454052109196,13.135469466666601,1.9532482652597002e-42
16.0,13.1538851474769,13.143955813356701,1.96698169218038e-42
16.0,13.168455782444099,13.1585374432208,1.99084614040618e-42
16.0,13.1830264417248,13.1731190730849,2.0150525928911904e-42
16.0,13.1915064148179,13.181605419775,2.0292999609997302e-42
16.0,13.2060771123981,13.196187049639201,2.05405800362034e-42
16.0,13.2206478340847,13.2107686795034,2.07917144906572e-42
16.0,13.2291278434022,13.2192550261934,2.09395289006283e-42
16.0,13.243698603062299,13.233836656057601,2.1196393488881002e-42
16.0,13.2582693866238,13.2484182859217,2.14569488307296e-42
16.0,13.266749431858,13.2569046326118,2.1610309393679602e-42
16.0,13.2813202530708,13.2714862624759,2.1876812961480102e-42
16.0,13.2958910979825,13.286067892340101,2.21471461077966e-42
16.0,13.304371178829,13.294554239030202,2.2306261396116802e-42
16.0,13.3189420610734,13.3091358688943,2.2582763561844498e-42
16.0,13.333512966816501,13.323717498758501,2.28632353960163e-42
16.0,13.341993082974199,13.3322038454485,2.30283158716263e-42
16.0,13.356564025735,13.3467854753127,2.33151787195664e-42
16.0,13.371134991796401,13.3613671051768,2.36061515195612e-42
16.0,13.3796151429679,13.369853451866799,2.37774079206375e-42
16.0,13.3941861457355,13.384435081731,2.4074993014188604e-42
16.0,13.408757171607999,13.3990167115952,2.43768271717017e-42
16.0,13.4172373574991,13.4075030582853,2.45544684595027e-42
16.0,13.4318084197697,13.4220846881494,2.48631330474668e-42
16.0,13.4463795049516,13.4366663180136,2.51761829187249e-42
16.0,13.4548597252713,13.445152664703599,2.53604136863405e-42
16.0,13.4694308465467,13.4597342945677,2.56805059271939e-42
16.0,13.484001990542001,13.4743159244319,2.60051146162838e-42
16.0,13.4924822450027,13.482802271122,2.61961318385419e-42
16.0,13.507053424790401,13.4973839009862,2.6527984819788402e-42
16.0,13.521624627108599,13.5119655308504,2.68644776670423e-42
16.0,13.5301049154256,13.5204518775403,2.70624666442131e-42
16.0,13.544676153238399,13.535033507404599,2.7406390927633802e-42
16.0,13.559247413394399,13.5496151372687,2.77550673927853e-42
16.0,13.567727735286601,13.5581014839587,2.7960196707010703e-42
16.0,13.582299030642599,13.572683113822901,2.8316471068948e-42
16.0,13.596870348156699,13.5872647436871,2.8677594674026803e-42
16.0,13.6053507033457,13.595751090377,2.88900099377042e-42
16.0,13.619922055768601,13.610332720241301,2.9258869900762397e-42
16.0,13.6344934301664,13.624914350105499,2.96326557749598e-42
16.0,13.6429738183771,13.633400696795398,2.98524718996732e-42
16.0,13.6575452273955,13.6479823266596,3.0234095557333104e-42
16.0,13.6721166582079,13.6625639565239,3.06206950599067e-42
16.0,13.6805970791681,13.6710503032138,3.08479867137657e-42
16.0,13.6951685443161,13.685631933078,3.12424772469095e-42
16.0,13.709740031078901,13.700213562942201,3.1641959006094e-42
16.0,13.7182204845195,13.7086999096322,3.1876748852399403e-42
16.0,13.732792005336101,13.7232815394964,3.22841129806151e-42
16.0,13.7473635475903,13.737863169360601,3.2696439542962e-42
16.0,13.755844033245099,13.7463495160506,3.29386837607181e-42
16.0,13.7704156092744,13.760931145914801,3.33588052324168e-42
16.0,13.784987206565999,13.7755127757789,3.37838043361773e-42
16.0,13.7934677241717,13.783999122469,3.40333748112454e-42
16.0,13.8080393549627,13.7985807523331,3.44659817971387e-42
16.0,13.8226110068428,13.8131623821973,3.4903311054510605e-42
16.0,13.8310915561388,13.821648728887299,3.51599734926337e-42
16.0,13.8456632412455,13.8362303587515,3.56045985262339e-42
16.0,13.8602349472699,13.850811988615702,3.6053702050940605e-42
16.0,13.8687155279985,13.859298335305601,3.6317089099218597e-42
16.0,13.8832872669798,13.8738799651699,3.67730198905293e-42
16.0,13.897859026709,13.888461595034101,3.72330750491106e-42
16.0,13.9063396386155,13.896947941724001,3.75026533097941e-42
16.0,13.9209114310348,13.9115295715883,3.79688724002101e-42
16.0,13.935483244034298,13.9261112014525,3.8438724510490204e-42
16.0,13.943963886866499,13.9345975481424,3.87137540974278e-42
16.0,13.958535732292102,13.949179178006702,3.9188864893563e-42
16.0,13.9731075981318,13.9637608078708,3.96669472163859e-42
16.0,13.9815882716404,13.9722471545608,3.9946432224729097e-42
16.0,13.9961601696451,13.986828784425,4.0428568445898296e-42
16.0,14.0107320878998,14.001410414289099,4.0912804289787896e-42
16.0,14.0192127918381,14.0098967609792,4.11954322168663e-42
16.0,14.0337847419993,14.0244783908433,4.1682147210408804e-42
16.0,14.0483567122482,14.039060020707499,4.21698303689745e-42
16.0,14.056837446371999,14.0475463673976,4.2453898180848804e-42
16.0,14.071409448271801,14.0621279972617,4.2942029940361e-42
16.0,14.0859814700986,14.0767096271259,4.34296790320026e-42
16.0,14.0944622341663,14.0851959738159,4.37130031747739e-42
16.0,14.1090342873912,14.0997776036801,4.4198510215684896e-42
16.0,14.1236063603839,14.1143592335442,4.4681691836732095e-42
16.0,14.1320871541568,14.1228455802343,4.49614991221534e-42
16.0,14.1466592582975,14.137427210098501,4.5439261759191697e-42
16.0,14.161231382048701,14.1520088399626,4.59123767911293e-42
16.0,14.169712205290299,14.1604951866526,4.618517277803331e-42
16.0,14.184284359942001,14.175076816516901,4.66487539006959e-42
16.0,14.1988565340485,14.189658446381,4.7104780980007304e-42
16.0,14.207337386525001,14.198144793070998,4.73661923587943e-42
16.0,14.221909591287002,14.2127264229352,4.7807551729634004e-42
16.0,14.23648181535,14.2273080527994,4.82377420485712e-42
16.0,14.2449626968299,14.2357943994894,4.84823297549761e-42
16.0,14.259534951306001,14.2503760293536,4.88914865475577e-42
16.0,14.2741072249306,14.2649576592177,4.9285005317456196e-42
16.0,14.282588135184898,14.2734440059077,4.9506046031439005e-42
16.0,14.297160438982901,14.288025635772,4.98706864232887e-42
16.0,14.3117327617787,14.302607265636201,5.0214199142963894e-42
16.0,14.3202137005808,14.3110936123261,5.0403434879118205e-42
16.0,14.3347860533126,14.3256752421903,5.07084658537236e-42
16.0,14.349358424893,14.3402568720545,5.0985673199128696e-42
16.0,14.3578393920188,14.348743218744499,5.1133032679165905e-42
16.0,14.3724117933004,14.3633248486087,5.13600914744217e-42
16.0,14.386984213283,14.3779064784729,5.1551226882317907e-42
16.0,14.3954652085106,14.386392825162899,5.164452945100561e-42
16.0,14.410037657962,14.4009744550271,5.17714723429355e-42
16.0,14.4246101259683,14.4155560848913,5.18527938197299e-42
16.0,14.433091149078102,14.424042431581201,5.1877458483255305e-42
16.0,14.447663646323301,14.438624061445399,5.18779190256319e-42
16.0,14.462236161978701,14.4532056913096,5.1821268921648005e-42
16.0,14.4747457140463,14.4657230526773,5.17233657336953e-42
16.0,14.5031622029113,14.494157230912501,5.13135495880138e-42
16.0,14.531578760980901,14.5225914091477,5.06094121811088e-42
16.0,14.5481169139834,14.5391397851932,5.00464550001253e-42
16.0,14.5765335807076,14.5675739634283,4.8783814822503704e-42
16.0,14.604950315596701,14.5960081416635,4.710571096767661e-42
16.0,14.621488571030701,14.612556517709,4.5918398712403905e-42
16.0,14.649905412946001,14.6409906959442,4.34844266261255e-42
16.0,14.6783223220071,14.669424874179299,4.05172976610292e-42
16.0,14.6948606783413,14.6859732502249,3.85326920034884e-42
16.0,14.7232776928325,14.71440742846,3.4671570800072606e-42
16.0,14.7516947734707,14.742841606695201,3.0259449605551504e-42
16.0,14.7682332292041,14.7593899827407,2.7468388269710802e-42
16.0,14.7966504137079,14.7878241609759,2.24295750444238e-42
16.0,14.825067663379501,14.816258339211,1.75307677568295e-42
16.0,14.8416062170406,14.832806715256499,1.49347284190897e-42
16.0,14.8700235690442,14.8612408934917,1.09502969147961e-42
16.0,14.8984409852556,14.8896750717268,7.582530195950831e-43
16.0,14.9149796354021,14.9062234477724,5.912698443335701e-43
16.0,14.9433971524418,14.9346576260075,3.5472978392504603e-43
16.0,14.9718147327481,14.963091804242602,1.81587722219045e-43
16.0,14.9883534779656,14.9796401802881,1.0929735185943403e-43
16.0,15.0167711576259,15.0080743585233,3.09481730820455e-44
16.0,15.04518889963,15.036508536758399,2.1574448814121298e-45
16.0,15.0685094884287,15.0598425673486,0.0
16.5,0.51099907,0.0,0.0
16.5,0.519226663601365,0.0920667076295239,2.58298891205298e-48
16.5,0.654181970996015,0.40845318169328304,4.35057429436383e-47
16.5,0.886855442616694,0.724839655757042,1.39274871068084e-46
16.5,1.04276176251974,0.9089730710160829,2.23250215563362e-46
16.5,1.32763928243298,1.22535954507985,4.21802111653002e-46
16.5,1.62422314879638,1.54174601914361,6.97101846876102e-46
16.5,1.79993885219329,1.72587943440266,8.96829653271594e-46
16.5,2.10522447506792,2.04226590846641,1.3160136628996899e-45
16.5,2.41337131646917,2.35865238253017,1.8429296616187e-45
16.5,2.59362288372451,2.54278579778922,2.20518397899833e-45
16.5,2.90447691154084,2.85917227185298,2.93487882495515e-45
16.5,3.21641001713232,3.17555874591674,3.81706221722832e-45
16.5,3.39833068835375,3.35969216117578,4.40942156345801e-45
16.5,3.71142481831513,3.67607863523954,5.5800384729513e-45
16.5,4.02503387545311,3.9924651093033,6.96867903484301e-45
16.5,4.20774230257953,4.17659852456235,7.89013480193063e-45
16.5,4.52195027033913,4.49298499862611,9.69356834072917e-45
16.5,4.83644228869362,4.80937147268987,1.18124557656628e-44
16.5,5.01958276309003,4.99350488794891,1.32102482650576e-44
16.5,5.33442277345147,5.30989136201267,1.5933419605991701e-44
16.5,5.64943557696393,5.62627783607643,1.91194815615874e-44
16.5,5.83283798499382,5.81041125133548,2.1216556371884798e-44
16.5,6.14807046295813,6.12679772539924,2.52965999633281e-44
16.5,6.46341571289906,6.443184199463,3.0067376979999994e-44
16.5,6.64698870285981,6.62731761472204,3.32085244116398e-44
16.5,6.96248134806561,6.9437040887858,3.9326487237641895e-44
16.5,7.27805159574444,7.26009056284957,4.64962379043954e-44
16.5,7.46174179972666,7.44422397810861,5.122834797163649e-44
16.5,7.77741567873982,7.76061045217237,6.047405625030649e-44
16.5,8.09314521035974,8.07699692623613,7.13611019385544e-44
16.5,8.27691938880119,8.26113034149517,7.85782148113283e-44
16.5,8.59272452547719,8.57751681555894,9.27521241551007e-44
16.5,8.90857091652204,8.8939032896227,1.0956494605311301e-43
16.5,9.09240729755993,9.07803670488174,1.20782131396346e-43
16.5,9.40831052392773,9.3944231789455,1.4297405870702501e-43
16.5,9.72424517206959,9.71080965300926,1.69566750628836e-43
16.5,9.90812890377451,9.89494306826831,1.8746509432785302e-43
16.5,10.224107348401802,10.211329542331999,2.2322752097084905e-43
16.5,10.5401102732096,10.5277160163958,2.66669655386163e-43
16.5,10.7240308791044,10.711849431654802,2.9625199074132e-43
16.5,11.0400682625481,11.0282359057186,3.5614451399831606e-43
16.5,11.3561250869036,11.3446223797824,4.30226669581225e-43
16.5,11.540074966448099,11.528755795041402,4.81460527308764e-43
16.5,11.856159387629901,11.8451422691052,5.8702279358999804e-43
16.5,12.1722595034967,12.161528743168999,7.20769145169103e-43
16.5,12.356233009278398,12.345662158427999,8.151812708568251e-43
16.5,12.6723555671835,12.6620486324917,1.01427528492957e-42
16.5,12.9884909771926,12.9784351065555,1.27458371143615e-42
16.5,13.0848676903946,13.074885943119801,1.36947571077779e-42
16.5,13.0999222331174,13.0899519656942,1.3850563218149e-42
16.5,13.1149768022055,13.105017988268798,1.40085105095018e-42
16.5,13.123738406374299,13.113786246138199,1.4101433420433801e-42
16.5,13.138793016986801,13.1288522687126,1.4262838755119801e-42
16.5,13.153847653731301,13.1439182912871,1.44264756040481e-42
16.5,13.1626092971685,13.1526865491566,1.45227519795588e-42
16.5,13.1776639750705,13.1677525717311,1.46899929890064e-42
16.5,13.1927186788739,13.182818594305502,1.48595599409538e-42
16.5,13.2014803612329,13.191586852175,1.49593316839266e-42
16.5,13.2165351058312,13.2066528747494,1.51326555107337e-42
16.5,13.2315898761031,13.2217188973239,1.5308403952710098e-42
16.5,13.2403515970415,13.2304871551934,1.54118193440596e-42
16.5,13.255406407749899,13.2455531777679,1.55914842056635e-42
16.5,13.270461243906698,13.2606192003424,1.57736767440523e-42
16.5,13.2792230030861,13.2693874582119,1.5880890659951e-42
16.5,13.2942778793252,13.2844534807863,1.6067166216302202e-42
16.5,13.3093327807901,13.299519503360798,1.6256077036544202e-42
16.5,13.318094577876,13.3082877612302,1.63672511527702e-42
16.5,13.333149519073299,13.323353783804698,1.65604188486707e-42
16.5,13.3482044852762,13.3384198063791,1.67563340445113e-42
16.5,13.356966319938198,13.347188064248702,1.68716370219604e-42
16.5,13.372021325527498,13.3622540868231,1.7071990393506702e-42
16.5,13.387076355905101,13.3773201093976,1.72752082563322e-42
16.5,13.3958382278162,13.386088367267,1.73948159005146e-42
16.5,13.4108932972382,13.401154389841501,1.76026608325045e-42
16.5,13.4259483912336,13.416220412416,1.78134920855219e-42
16.5,13.434710300071,13.4249886702855,1.79375874711524e-42
16.5,13.4497654327727,13.4400546928599,1.8153242389092502e-42
16.5,13.4648205898353,13.4551207154344,1.83720103488629e-42
16.5,13.4735825352797,13.463888973303899,1.85007838985556e-42
16.5,13.4886377307145,13.4789549958784,1.8724579875193e-42
16.5,13.503692950300199,13.4940210184528,1.8951620518728103e-42
16.5,13.512454932036,13.5027892763223,1.90852700223028e-42
16.5,13.527510189663602,13.5178552988968,1.93175507740291e-42
16.5,13.5425654712344,13.5329213214712,1.9553212684750003e-42
16.5,13.5513274889497,13.541689579340598,1.96919432426458e-42
16.5,13.5663828082359,13.5567556019151,1.99330649855192e-42
16.5,13.581438151260098,13.5718216244896,2.0177709145314104e-42
16.5,13.5902002046465,13.580589882359,2.03217330157993e-42
16.5,13.6052555850633,13.595655904933599,2.05720641439939e-42
16.5,13.6203109890152,13.610721927508001,2.08260635312773e-42
16.5,13.6290730777678,13.6194901853775,2.0975599857242103e-42
16.5,13.6441285187931,13.634556207952,2.12355203986035e-42
16.5,13.6591839831529,13.649622230526399,2.1499259343121003e-42
16.5,13.667946106970298,13.658390488395899,2.16545337239717e-42
16.5,13.683001608087999,13.6734565109704,2.1924434516680804e-42
16.5,13.698057132342,13.6885225335448,2.2198307750691503e-42
16.5,13.7068192909261,13.6972907914143,2.2359551632155102e-42
16.5,13.721874851626,13.7123568139888,2.2639833155555602e-42
16.5,13.7369304352661,13.727422836563301,2.2924244487966703e-42
16.5,13.745692628322299,13.7361910944327,2.30916943105964e-42
16.5,13.760748248099798,13.751257117007201,2.3382765080984502e-42
16.5,13.775803890623699,13.7663231395817,2.36781256032807e-42
16.5,13.784566117860699,13.7750913974511,2.38520216636193e-42
16.5,13.799621796217,13.790157420025599,2.4154296105527402e-42
16.5,13.814677497128,13.805223442600001,2.44610218197177e-42
16.5,13.8234397582578,13.813991700469598,2.4641606771630902e-42
16.5,13.8384954946997,13.829057723044,2.49555024219362e-42
16.5,13.8535512535067,13.8441237456184,2.5274011151565602e-42
16.5,13.862313548244401,13.8528920034879,2.54615280638498e-42
16.5,13.8773693422842,13.8679580260624,2.5787461966915603e-42
16.5,13.8924251585017,13.883024048636901,2.61181693902035e-42
16.5,13.9011874865657,13.891792306506401,2.63128592571608e-42
16.5,13.916243337721,13.9068583290808,2.6651243356966e-42
16.5,13.931299210868799,13.9219243516553,2.69945579500033e-42
16.5,13.9400615719805,13.9306926095247,2.71966565278549e-42
16.5,13.9551174797746,13.945758632099201,2.75478918248929e-42
16.5,13.9701734093778,13.9608246546737,2.7904208464084102e-42
16.5,13.978935803261901,13.9695929125432,2.8113942276760203e-42
16.5,13.993991767223,13.9846589351176,2.8478411463579302e-42
16.5,14.009047752812,13.999724957692099,2.88481033858842e-42
16.5,14.0178101791962,14.0084932155616,2.90656847091469e-42
16.5,14.032866198858,14.023559238136,2.94437429326399e-42
16.5,14.0479222399684,14.0386252607105,2.98271516578404e-42
16.5,14.056684698583199,14.04739351858,3.00527722391211e-42
16.5,14.0717407734845,14.0624595411544,3.04447355551752e-42
16.5,14.086796869657102,14.077525563728901,3.0842158310301404e-42
16.5,14.095559360236201,14.0862938215984,3.10759815462642e-42
16.5,14.1106154899208,14.101359844172901,3.14821125332861e-42
16.5,14.1256716407013,14.1164258667473,3.1893786595676204e-42
16.5,14.1344341629812,14.125194124616801,3.2135937789778003e-42
16.5,14.149490346997899,14.140260147191299,3.25564276587963e-42
16.5,14.1645465519372,14.1553261697658,3.29825109028367e-42
16.5,14.1733091056573,14.1640944276352,3.32330651732293e-42
16.5,14.188365343559902,14.1791604502097,3.36680115677124e-42
16.5,14.203421602213599,14.1942264727842,3.4108558333777504e-42
16.5,14.212184187116199,14.2029947306536,3.43675256142825e-42
16.5,14.227240478463301,14.218060753228098,3.4816905088504705e-42
16.5,14.242296790391899,14.2331267758025,3.52718362854254e-42
16.5,14.2510594062221,14.241895033672002,3.55391427572338e-42
16.5,14.266115750577299,14.2569610562465,3.6002776702247203e-42
16.5,14.281172115346099,14.2720270788209,3.6471842803748906e-42
16.5,14.2899347618518,14.2807953366904,3.67473079098234e-42
16.5,14.3049911587831,14.295861359264801,3.7224820400132004e-42
16.5,14.3200475759622,14.3109273818394,3.77075556761674e-42
16.5,14.3288102528939,14.3196956397088,3.79908637059058e-42
16.5,14.3438667019743,14.334761662283299,3.84816293919785e-42
16.5,14.3589231711383,14.3498276848578,3.8977295360057e-42
16.5,14.3676858782493,14.358595942727298,3.9267960341715805e-42
16.5,14.3827423790563,14.3736619653017,3.97710400866392e-42
16.5,14.3977988997844,14.3887279878762,4.0278555673175104e-42
16.5,14.406561636830698,14.3974962457457,4.05758780308443e-42
16.5,14.421618188946299,14.4125622683202,4.108993947524821e-42
16.5,14.4366747608223,14.427628290894601,4.1607794857941207e-42
16.5,14.4454375275624,14.436396548764101,4.1910807961895806e-42
16.5,14.4604941305731,14.4514625713385,4.24340275924547e-42
16.5,14.4755507531853,14.466528593912999,4.2960178040533805e-42
16.5,14.484313549380401,14.475296851782499,4.3267582368426e-42
16.5,14.4993702028772,14.490362874356999,4.3797524952477104e-42
16.5,14.5144268758182,14.5054288969314,4.43292602113492e-42
16.5,14.523189701231999,14.5141971548009,4.46393423941028e-42
16.5,14.5382464048102,14.5292631773754,4.51728128382021e-42
16.5,14.553303127677,14.5443291999498,4.57065967951723e-42
16.5,14.562065982075701,14.5530974578193,4.6017130329902e-42
16.5,14.5771227353349,14.5681634803937,4.65499921467442e-42
16.5,14.5921795077289,14.5832295029682,4.708126661435381e-42
16.5,14.6009423908812,14.5919977608376,4.73893904929587e-42
16.5,14.615999193425399,14.6070637834122,4.79163441881233e-42
16.5,14.631056014952,14.6221298059866,4.84392897988703e-42
16.5,14.6398189266291,14.6308980638561,4.8741360845172106e-42
16.5,14.654875778066302,14.6459640864306,4.92556747816451e-42
16.5,14.6699326483353,14.6610301090051,4.9762921363084404e-42
16.5,14.678695588310799,14.6697983668745,5.0054335770356e-42
16.5,14.6937524882532,14.684864389449,5.0547521729305903e-42
16.5,14.7088094068783,14.6999304120234,5.10298003823935e-42
16.5,14.717572374928201,14.708698669892899,5.13047800034158e-42
16.5,14.7326293229922,14.7237646924674,5.17662060250544e-42
16.5,14.7476862895914,14.7388307150419,5.22119360401936e-42
16.5,14.756449285494,14.7475989729113,5.24632757700366e-42
16.5,14.7715062812999,14.7626649954858,5.28797108344424e-42
16.5,14.786563295495,14.777731018060202,5.327451735785951e-42
16.5,14.795326319030998,14.786499275929701,5.34932920611977e-42
16.5,14.8103833622032,14.801565298504201,5.38483816968249e-42
16.5,14.8254404236201,14.8166313210786,5.4174546072371896e-42
16.5,14.834203474572401,14.8253995789481,5.4349779778381404e-42
16.5,14.8492605647391,14.8404656015226,5.4623460729045106e-42
16.5,14.864317673007701,14.8555316240971,5.48593169143692e-42
16.5,14.8730807511615,14.8642998819665,5.49776250078624e-42
16.5,14.8881378879549,14.879365904541,5.51455033966709e-42
16.5,14.903195042708699,14.894431927115498,5.526481398991861e-42
16.5,14.9119581478516,14.903200184985,5.5310042891523903e-42
16.5,14.9270153309076,14.918266207559402,5.53428396525161e-42
16.5,14.9420725317841,14.9333322301339,5.53142372290471e-42
16.5,14.954998153473401,14.9462654104914,5.5236535128797305e-42
16.5,14.984359775849502,14.9756441545115,5.4856983227725204e-42
16.5,15.013721465213198,15.005022898531799,5.41569270690873e-42
16.5,15.0308096731201,15.0221210013773,5.358187951273791e-42
16.5,15.0601714676574,15.0514997453975,5.22690426488277e-42
16.5,15.0895333281756,15.0808784894177,5.0497371193053904e-42
16.5,15.1066216352322,15.0979765922631,4.923272346822501e-42
16.5,15.1359835993477,15.127355336283399,4.6621707183701403e-42
16.5,15.165345628457501,15.156734080303501,4.34164555786268e-42
16.5,15.1824340331816,15.1738321831491,4.12635068084768e-42
16.5,15.2117961643436,15.203210927169199,3.7062104597523207e-42
16.5,15.2411583595332,15.232589671189501,3.2253071399622004e-42
16.5,15.258246860471601,15.2496877740349,2.92153860304119e-42
16.5,15.287609156198801,15.2790665180551,2.3781496262227302e-42
16.5,15.3169715150058,15.3084452620754,1.86276257565674e-42
16.5,15.3340601107342,15.325543364920799,1.58991777010581e-42
16.5,15.3634225685941,15.354922108941,1.1696116266696099e-42
16.5,15.3927850886045,15.3843008529612,8.129240435656651e-43
16.5,15.409873777726599,15.4013989558067,6.3541756068399905e-43
16.5,15.4392363953344,15.430777699827,3.8299046801167704e-43
16.5,15.4685990741815,15.460156443847099,1.97198487732607e-43
16.5,15.485687855328202,15.4772545466927,1.19186005245633e-43
16.5,15.515050630345499,15.506633290712799,3.4105644649312497e-44
16.5,15.5444134657089,15.5360120347331,2.43678590167788e-45
16.5,15.5685096280079,15.5601212073632,0.0
17.0,0.51099907,0.0,0.0
17.0,0.5197596733059731,0.0950266723308085,2.5732288621939498e-48
17.0,0.662460561742613,0.421585040440803,4.3610384780411297e-47
17.0,0.906001440009268,0.7481434085507951,1.39766750952309e-46
17.0,1.06833196960457,0.938196753212414,2.24103904264037e-46
17.0,1.36408414932955,1.26475512132241,4.23524034135998e-46
17.0,1.67134636481801,1.5913134894324,7.000269681174801e-46
17.0,1.85321014651631,1.78136683409402,9.00623918032694e-46
17.0,2.16897872456778,2.10792520220401,1.32162549312929e-45
17.0,2.48753498541622,2.434483570314,1.85082478806303e-45
17.0,2.67382012626329,2.62453691497563,2.2146543507178e-45
17.0,2.995009752804,2.95109528308562,2.9475487627165e-45
17.0,3.31724788141266,3.27765365119561,3.8336653907147997e-45
17.0,3.50515504060206,3.46770699585723,4.42871355429433e-45
17.0,3.82852056305594,3.79426536396722,5.60476995315201e-45
17.0,4.15238585398704,4.12082373207722,7.00009447040606e-45
17.0,4.34105761540817,4.31087707673884,7.926129217002171e-45
17.0,4.66550399792789,4.63743544484883,9.73886138330408e-45
17.0,4.99022590917829,4.96399381295882,1.1869242671491e-44
17.0,5.17931676502955,5.15404715762044,1.32749494123442e-44
17.0,5.50437616612526,5.48060552573043,1.6014278552149398e-44
17.0,5.82960312023595,5.80716389384042,1.92204428355998e-44
17.0,6.01894796914934,5.99721723850205,2.13314257274445e-44
17.0,6.34438791155792,6.32377560661203,2.5439994519169697e-44
17.0,6.66993718297879,6.65033397472203,3.02464477606022e-44
17.0,6.85944740695091,6.84038731938365,3.3412372601885597e-44
17.0,7.18513956280771,7.16694568749364,3.95813437604575e-44
17.0,7.51090694130136,7.49350405560363,4.68151826854847e-44
17.0,7.7005307851285,7.68355740026525,5.159196420059659e-44
17.0,8.02639861160126,8.01011576837525,6.09300005240126e-44
17.0,8.35232037864226,8.33667413648524,7.193367414546499e-44
17.0,8.54202561382755,8.52672748114686,7.923245712548739e-44
17.0,8.86802065729397,8.85328584925686,9.35760710028269e-44
17.0,9.19405568313921,9.17984421736685,1.1060487882772902e-43
17.0,9.38382120313723,9.36989756202847,1.2197430775677302e-43
17.0,9.70991131033946,9.69645593013846,1.44485012618663e-43
17.0,10.0360318688431,10.023014298248501,1.7148777829703502e-43
17.0,10.2258432771189,10.2130676429101,1.89677878550561e-43
17.0,10.5520062785099,10.5396260110201,2.2605786167388603e-43
17.0,10.8781930030125,10.866184379129999,2.7030656387686102e-43
17.0,11.0680401451447,11.0562377237917,3.00470401997419e-43
17.0,11.3942602620509,11.3827960919016,3.61613010696439e-43
17.0,11.7204992180255,11.709354460011701,4.37363743897945e-43
17.0,11.910374727583498,11.8994078046733,4.89823630824135e-43
17.0,12.236640425687998,12.2259661727833,5.9808099186860305e-43
17.0,12.562921332208902,12.5525245408933,7.35538961473608e-43
17.0,12.752819736002401,12.7425778855548,8.327538102754011e-43
17.0,13.079122388998401,13.0691362536649,1.03821196378337e-42
17.0,13.4054374956355,13.3956946217749,1.3076964917245e-42
17.0,13.5049174280148,13.4952463737405,1.40616030460583e-42
17.0,13.5204567034484,13.5107967722219,1.42233861905925e-42
17.0,13.5359960044296,13.5263471707033,1.43874247426237e-42
17.0,13.5450397168033,13.5353973299729,1.4483946296008302e-42
17.0,13.560579058021201,13.550947728454402,1.4651628854803402e-42
17.0,13.5761184245606,13.5664981269358,1.48216639068051e-42
17.0,13.5851621749847,13.5755482862054,1.49217207398377e-42
17.0,13.600701581405199,13.5910986846869,1.5095556959330002e-42
17.0,13.6162410129237,13.6066490831683,1.52718473163507e-42
17.0,13.6252848010625,13.6156992424379,1.5375592177568002e-42
17.0,13.640824272110601,13.6312496409192,1.5555848221506e-42
17.0,13.6563637680361,13.646800039400699,1.57386647912551e-42
17.0,13.665407593557699,13.6558501986703,1.58462575583358e-42
17.0,13.6809471286655,13.671400597151699,1.60332119849521e-42
17.0,13.696486688432401,13.6869509956332,1.62228382541508e-42
17.0,13.7055305510089,13.696001154902799,1.63344462093978e-42
17.0,13.7210701496149,13.7115515533842,1.6528390443578702e-42
17.0,13.736609772664199,13.727101951865599,1.67251229426919e-42
17.0,13.745653671971601,13.7361521111353,1.68409210403923e-42
17.0,13.7611933335208,13.7517025096166,1.70421598253408e-42
17.0,13.7767330193002,13.7672529080981,1.72463085718834e-42
17.0,13.785776955018001,13.7763030673677,1.73664796918084e-42
17.0,13.801316678962,13.7918534658491,1.7575331515488302e-42
17.0,13.8168564269254,13.807403864330501,1.77872204273889e-42
17.0,13.825900398737101,13.8164540236002,1.7911955607723502e-42
17.0,13.841440184533699,13.8320044220815,1.81287530893513e-42
17.0,13.8569799941415,13.847554820563,1.83487203514072e-42
17.0,13.866024001734,13.8566049798326,1.8478218992421003e-42
17.0,13.8815638488474,13.872155378314,1.87033092134851e-42
17.0,13.8971037195661,13.8877057767954,1.8931707582031103e-42
17.0,13.906147762629999,13.896755936064999,1.9066177609867302e-42
17.0,13.9216876705306,13.9123063345465,1.92999223701341e-42
17.0,13.9372276018329,13.927856733028,1.95371193937675e-42
17.0,13.9462716800624,13.9369068922975,1.96767773711308e-42
17.0,13.961811648226401,13.952457290778899,1.99195533453824e-42
17.0,13.977351639591,13.9680076892604,2.0165931475565403e-42
17.0,13.986395752683901,13.977057848529999,2.03110026429057e-42
17.0,14.001935780593799,13.9926082470114,2.0563201408436603e-42
17.0,14.0174758315053,14.0081586454928,2.0819157967403103e-42
17.0,14.0265199791627,14.0172088047624,2.09698761944639e-42
17.0,14.0420600663067,14.0327592032438,2.12319040922834e-42
17.0,14.0576001762558,14.0483096017253,2.1497851058138304e-42
17.0,14.0666443581822,14.0573597609949,2.1654458680965e-42
17.0,14.0821845040545,14.072910159476299,2.19267364651136e-42
17.0,14.097724672537499,14.0884605579578,2.22031000246185e-42
17.0,14.106768888440799,14.097510717227399,2.2365847537227302e-42
17.0,14.122309092541201,14.1130611157088,2.2648809756680998e-42
17.0,14.1378493190601,14.1286115141902,2.29360295647497e-42
17.0,14.146893568651599,14.1376616734598,2.3105175127752202e-42
17.0,14.162433830485599,14.1532120719412,2.33992691670433e-42
17.0,14.1779741145482,14.168762470422699,2.36977972375661e-42
17.0,14.1870183975422,14.177812629692198,2.38736059569037e-42
17.0,14.202558716621102,14.1933630281737,2.4179290661243902e-42
17.0,14.2180990577405,14.208913426655101,2.44895897980058e-42
17.0,14.2271433738549,14.2179635859248,2.46723327166916e-42
17.0,14.242683749695,14.233513984406102,2.49900764815709e-42
17.0,14.258224147389999,14.2490643828875,2.53126181289661e-42
17.0,14.2672684963456,14.258114542157202,2.5502570860490603e-42
17.0,14.2828089284691,14.2736649406386,2.58328490666405e-42
17.0,14.2983493822638,14.28921533912,2.61681104536189e-42
17.0,14.3073937637845,14.2982654983896,2.63655513701801e-42
17.0,14.322934251718799,14.3138158968711,2.67088430003904e-42
17.0,14.3384747611426,14.329366295352399,2.70573033854602e-42
17.0,14.3475191749556,14.3384164546221,2.72625112527976e-42
17.0,14.3630597182333,14.353966853103499,2.7619294490530202e-42
17.0,14.3786002828209,14.3695172515849,2.7981430306768702e-42
17.0,14.387644728656198,14.3785674108545,2.81946812326147e-42
17.0,14.4031853268152,14.394117809336,2.85654278049353e-42
17.0,14.418725946106502,14.4096682078174,2.89417064357847e-42
17.0,14.427770423697199,14.418718367087,2.91632699673874e-42
17.0,14.4433110762804,14.434268765568401,2.9548437921877006e-42
17.0,14.4588517498204,14.449819164049899,2.99393097757308e-42
17.0,14.4678962589027,14.458869323319501,3.01694439426855e-42
17.0,14.4834369654581,14.4744197218008,3.05694684909174e-42
17.0,14.4989776927967,14.4899701202824,3.0975356980715704e-42
17.0,14.5080222331095,14.499020279552,3.12143020323627e-42
17.0,14.5235629931903,14.514570678033401,3.16295839955157e-42
17.0,14.5391037738823,14.5301210765147,3.2050872905417504e-42
17.0,14.5481483451675,14.5391712357843,3.22988434244267e-42
17.0,14.5636891583316,14.5547216342658,3.27297347074452e-42
17.0,14.5792299919371,14.570272032747301,3.31667523347187e-42
17.0,14.588274593939301,14.5793221920168,3.34239273542098e-42
17.0,14.603815459749502,14.5948725904983,3.38707127385657e-42
17.0,14.619356345833,14.610422988979701,3.4323712034517204e-42
17.0,14.628400978299801,14.6194731482493,3.4590222659249e-42
17.0,14.6439418963237,14.635023546730801,3.50530970315239e-42
17.0,14.6594828344546,14.6505739452121,3.55222307806149e-42
17.0,14.668527497136301,14.6596241044818,3.57981447300415e-42
17.0,14.684068466946101,14.6751745029632,3.62771846516281e-42
17.0,14.699609456698699,14.6907249014446,3.67624745001677e-42
17.0,14.7086541493481,14.699775060714199,3.70477768276975e-42
17.0,14.7241951705209,14.7153254591956,3.75429050866624e-42
17.0,14.7397362114739,14.730875857677098,3.80442029471756e-42
17.0,14.748780933846799,14.7399260169467,3.83387720180746e-42
17.0,14.764322005964098,14.755476415428099,3.88497134780279e-42
17.0,14.779863097700702,14.7710268139095,3.93666534665528e-42
17.0,14.7889078495554,14.7800769731791,3.96702310553425e-42
17.0,14.8044489722033,14.795627371660501,4.0196457704481905e-42
17.0,14.819990114311402,14.8111777701419,4.07283963499689e-42
17.0,14.8290348954088,14.820227929411601,4.104055044753e-42
17.0,14.844576068177899,14.835778327893001,4.15812130786031e-42
17.0,14.860117260249801,14.8513287263744,4.21271549947019e-42
17.0,14.8691620703534,14.860378885644,4.24472335843866e-42
17.0,14.884703292838699,14.8759292841255,4.30010768950088e-42
17.0,14.900244534471101,14.891479682606901,4.35595824580357e-42
17.0,14.909289373346798,14.9005298418765,4.3886656115787703e-42
17.0,14.9248306451476,14.9160802403579,4.4451913322357797e-42
17.0,14.9403719359414,14.9316306388393,4.50209841202779e-42
17.0,14.949416803358,14.940680798109,4.53537748268358e-42
17.0,14.964958124077901,14.9562311965904,4.59280370171114e-42
17.0,14.980499463638399,14.9717815950718,4.6504973917494906e-42
17.0,14.9895443593668,14.980831754341398,4.6841766894335204e-42
17.0,15.0050857286136,14.9963821528228,4.74218213221212e-42
17.0,15.0206271165504,15.011932551304298,4.800304895047901e-42
17.0,15.029672040364,15.0209827105738,4.834158371781841e-42
17.0,15.0452134577498,15.036533109055298,4.89232141507139e-42
17.0,15.0607548936765,15.0520835075367,4.95040644459073e-42
17.0,15.069799845351199,15.061133666806299,4.98414006123633e-42
17.0,15.0853413104922,15.0766840652878,5.04191416699325e-42
17.0,15.1008827940264,15.0922344637692,5.09935879827129e-42
17.0,15.1099277733406,15.1012846230388,5.132594061804501e-42
17.0,15.125469285856902,15.1168350215202,5.189277692149641e-42
17.0,15.141010816620499,15.132385420001599,5.24531091551963e-42
17.0,15.1500558233546,15.141435579271201,5.27756480690238e-42
17.0,15.1655973828706,15.156985977752699,5.3322648307189407e-42
17.0,15.1811389604893,15.172536376234,5.3859079079406906e-42
17.0,15.1901839944264,15.1815865355037,5.41656861944814e-42
17.0,15.205725600570199,15.1971369339851,5.4681562229440796e-42
17.0,15.2212672246738,15.2126873324665,5.51817545754135e-42
17.0,15.230312285598998,15.2217374917362,5.54647341667735e-42
17.0,15.2458539380027,15.2372878902176,5.59353169929811e-42
17.0,15.261395608224799,15.252838288699,5.63838267826326e-42
17.0,15.270440695925501,15.261888447968598,5.6633565451137505e-42
17.0,15.285982394225199,15.2774388464501,5.704119448650531e-42
17.0,15.3015241102032,15.292989244931402,5.7418827051335e-42
17.0,15.3105692244692,15.3020394042011,5.762340488978971e-42
17.0,15.326110968304501,15.317589802682502,5.79462368589088e-42
17.0,15.3416527296797,15.3331402011639,5.82293299918231e-42
17.0,15.3506978703028,15.3421903604335,5.83740933378528e-42
17.0,15.3662396593174,15.357740758915,5.85853555273975e-42
17.0,15.3817814657348,15.3732911573964,5.87450241608211e-42
17.0,15.3908266325091,15.382341316666,5.88121875599282e-42
17.0,15.4063684663501,15.3978917151474,5.887945231877511e-42
17.0,15.4219103174583,15.413442113628799,5.888089437036261e-42
17.0,15.435251978762402,15.4267910985515,5.88249305049788e-42
17.0,15.465558666586201,15.4571143755902,5.84783366712729e-42
17.0,15.4958654193179,15.487437652629,5.77835614818685e-42
17.0,15.51350364266,15.5050854632048,5.71962183286962e-42
17.0,15.543810497300099,15.5354087402436,5.5830859056194296e-42
17.0,15.5741174158727,15.5657320172823,5.396022743674881e-42
17.0,15.591755735286398,15.5833798278581,5.26134312044968e-42
17.0,15.622062754239801,15.6137031048968,4.9813833952252104e-42
17.0,15.6523698361698,15.6440263819356,4.635453118183771e-42
17.0,15.6700082502186,15.661674192511398,4.4022023203345e-42
17.0,15.700315431032198,15.6919974695501,3.94586512521187e-42
17.0,15.730622673885499,15.7223207465889,3.4231658197777105e-42
17.0,15.7482611811613,15.739968557164602,3.0939968366371e-42
17.0,15.7785685214307,15.7702918342034,2.51352558257461e-42
17.0,15.8088759228212,15.8006151112422,1.97421915986868e-42
17.0,15.8265145219439,15.818262921817901,1.6880534877583102e-42
17.0,15.8568220193119,15.8485861988568,1.24588658350722e-42
17.0,15.8871295769005,15.8789094758956,8.690824289366571e-43
17.0,15.9047682665169,15.8965572864712,6.808896791271011e-43
17.0,15.9350759186724,15.92688056351,4.12246565586959e-43
17.0,15.9653836301658,15.9572038405488,2.13439448583448e-43
17.0,15.9830224089494,15.974851651124599,1.2952582655521203e-43
17.0,16.0133302136267,16.0051749281634,3.74397487338282e-44
17.0,16.0436380767761,16.0354982052021,2.73843137949169e-45
17.0,16.0685097588561,16.0603824929829,0.0
17.5,0.51099907,0.0,0.0
17.5,0.5203089584835351,0.0979865436545042,2.5660138894063e-48
17.5,0.670893785782487,0.434716484919416,4.37429791141586e-47
17.5,0.92533758056908,0.771446426184329,1.4033620258296001e-46
17.5,1.09408434986913,0.967419513493341,2.25074236221487e-46
17.5,1.40068763465917,1.30414945475825,4.25446973252711e-46
17.5,1.71860560974128,1.64087939602316,7.03259103618112e-46
17.5,1.90660617198844,1.83685248333217,9.04796699853023e-46
17.5,2.23284137503276,2.17358242459708,1.327755167004e-45
17.5,2.56179394638611,2.510312365862,1.85939718657742e-45
17.5,2.75410620775341,2.70628545317101,2.2249035951094e-45
17.5,3.08562193735961,3.04301539443592,2.96118626633538e-45
17.5,3.41815719119709,3.37974533570083,3.85144091126276e-45
17.5,3.61204682834994,3.57571842300984,4.44930342945137e-45
17.5,3.94567766710068,3.91244836427475,5.63102356591861e-45
17.5,4.27979395786874,4.24917830553966,7.033263191257921e-45
17.5,4.4744263269033,4.44515139284867,7.96401240663208e-45
17.5,4.80910689661654,4.78188133411358,9.78627290543503e-45
17.5,5.14405496062909,5.1186112753785,1.1928366491971999e-44
17.5,5.33909421134928,5.3145843626875,1.33421054204312e-44
17.5,5.67436986912186,5.65131430395242,1.60977710703766e-44
17.5,6.00980814437709,5.98804424521733,1.9324173889479397e-44
17.5,6.20509390892088,6.18401733252634,2.1449118056159402e-44
17.5,6.54073887708391,6.52074727379125,2.5586245423444497e-44
17.5,6.87648993342936,6.85747721505617,3.0428315049311695e-44
17.5,7.07193617176203,7.05345030236517,3.36189288458718e-44
17.5,7.40782586747834,7.39018024363008,3.9838641998642897e-44
17.5,7.74378854663367,7.72691018489499,4.71361241389636e-44
17.5,7.93934502301738,7.922883272204,5.19572170783863e-44
17.5,8.27540515537766,8.25961321346892,6.13867498596388e-44
17.5,8.61151761790452,8.59634315473382,7.25058895139665e-44
17.5,8.80715305587629,8.79231624204283,7.988548071654519e-44
17.5,9.14333660468139,9.12904618330775,9.439692849679539e-44
17.5,9.479558939638,9.46577612457266,1.11639249362779e-43
17.5,9.67525285885785,9.66174921188167,1.2315914488434303e-43
17.5,10.011528625811701,9.99847915314655,1.4598486502086402e-43
17.5,10.3478339315408,10.3352090944115,1.7339284351908201e-43
17.5,10.5435723639632,10.5311821817205,1.9187125196026002e-43
17.5,10.8799188398845,10.867912122985398,2.2886155722874303e-43
17.5,11.216288327138699,11.2046420642503,2.7390754909111203e-43
17.5,11.4120614212992,11.4006151515594,3.0464633230480705e-43
17.5,11.7484632985589,11.737345092824201,3.6702531264243806e-43
17.5,12.084883449101,12.0740750340891,4.4442713073553205e-43
17.5,12.2806840587553,12.270048121398101,4.981007719568721e-43
17.5,12.617130147968801,12.6067780626631,6.09027892581829e-43
17.5,12.953590988497702,12.943508003927999,7.50166051238575e-43
17.5,13.1494138042924,13.139481091237,8.50162332940988e-43
17.5,13.485895737475799,13.4762110325019,1.0619432866946502e-42
17.5,13.8223897497613,13.8129409737668,1.3405594203809602e-42
17.5,13.924972664682,13.9155935433096,1.44258207550935e-42
17.5,13.940996636046501,13.9316283024175,1.45935614751648e-42
17.5,13.957020632190101,13.9476630615254,1.476367210844e-42
17.5,13.9663464314142,13.956995113302,1.4863781281111602e-42
17.5,13.9823704665839,13.9730298724098,1.50377223800822e-42
17.5,13.998394526313401,13.9890646315177,1.52141372985485e-42
17.5,14.007720362443198,13.9983966832943,1.5317964088773903e-42
17.5,14.0237444608539,14.014431442402099,1.54983777913267e-42
17.5,14.0397685836076,14.030466201509999,1.56813742511558e-42
17.5,14.0490944563175,14.0397982532866,1.57890823694907e-42
17.5,14.065118617411601,14.055833012394402,1.59762540676039e-42
17.5,14.081142802634501,14.0718677715023,1.61661227163133e-42
17.5,14.0904687116026,14.0811998232789,1.62778837698542e-42
17.5,14.1064929348291,14.0972345823868,1.64721126017295e-42
17.5,14.1225171819727,14.1132693414947,1.6669158056302702e-42
17.5,14.131843126880801,14.1226013932713,1.67851518848475e-42
17.5,14.147867411695001,14.1386361523791,1.69867513103046e-42
17.5,14.163891720217201,14.154670911486999,1.71912927300945e-42
17.5,14.173217700751,14.1640029632636,1.73117077389414e-42
17.5,14.189242046614702,14.180037722371498,1.75210061081916e-42
17.5,14.205266415979501,14.1960724814793,1.77333777602268e-42
17.5,14.2145924318282,14.205404533255901,1.78584112448051e-42
17.5,14.2306168382094,14.2214392923638,1.8075752349871e-42
17.5,14.246641267887298,14.237474051471699,1.8296304148762902e-42
17.5,14.255967318743801,14.2468061032482,1.84261626043519e-42
17.5,14.271991785116601,14.2628408623561,1.8651906200051602e-42
17.5,14.288016274583999,14.2788756214639,1.8881004214687e-42
17.5,14.2973423601448,14.2882076732405,1.90159036231435e-42
17.5,14.3133668859894,14.3042424323484,1.9250425905220902e-42
17.5,14.329391434729,14.3202771914563,1.94884528138654e-42
17.5,14.3387175546939,14.329609243232898,1.96286188970742e-42
17.5,14.3547421394965,14.345644002340801,1.98723129151928e-42
17.5,14.370766746996699,14.3616787614487,2.01196683884534e-42
17.5,14.3800929010691,14.371010813225201,2.02653368155628e-42
17.5,14.3961175443218,14.387045572333099,2.05186127999258e-42
17.5,14.4121422100769,14.4030803314409,2.07757137858819e-42
17.5,14.421468397963599,14.4124123832175,2.09271303183703e-42
17.5,14.4374930991644,14.4284471423254,2.11904158895146e-42
17.5,14.4535178226746,14.4444819014332,2.1457696768901e-42
17.5,14.462844044085701,14.453813953209899,2.16151173234109e-42
17.5,14.4788688027381,14.4698487123177,2.1888857548618e-42
17.5,14.4948935835094,14.4858834714256,2.2166770120193098e-42
17.5,14.504219838158201,14.495215523202202,2.2330460724359804e-42
17.5,14.520244653771698,14.5112502823101,2.26151179752172e-42
17.5,14.536269491315299,14.5272850414179,2.29041312217175e-42
17.5,14.5455957789187,14.5366170931946,2.30743678322352e-42
17.5,14.5616206510079,14.5526518523023,2.3370421386663902e-42
17.5,14.5776455448411,14.5686866114103,2.36710209599574e-42
17.5,14.5869718651187,14.5780186631868,2.3848089104640204e-42
17.5,14.602996793204198,14.5940534222947,2.41560344242759e-42
17.5,14.6190217428493,14.6100881814026,2.44687217736421e-42
17.5,14.628348095524299,14.619420233179198,2.46529159702405e-42
17.5,14.6443730791318,14.635454992287,2.49732635614656e-42
17.5,14.660398084116599,14.6514897513949,2.52985546102701e-42
17.5,14.669724468915199,14.6608218031715,2.54901775032072e-42
17.5,14.6857495075758,14.6768565622793,2.5823451265984302e-42
17.5,14.701774567433601,14.6928913213872,2.61618745213642e-42
17.5,14.711100984085,14.7022233731639,2.6361235664085e-42
17.5,14.7271260773351,14.7182581322717,2.67079705797247e-42
17.5,14.7431511916041,14.7342928913795,2.70600645238321e-42
17.5,14.752477639840599,14.7436249431561,2.7267478716072202e-42
17.5,14.7685027872218,14.759659702264,2.7628217719569304e-42
17.5,14.7845279554457,14.775694461371799,2.7994527317312603e-42
17.5,14.793854435002501,14.7850265131484,2.8210312386013603e-42
17.5,14.8098796360614,14.8010612722563,2.85856022142685e-42
17.5,14.8259048577889,14.817096031364201,2.89666742950107e-42
17.5,14.835231368404301,14.826428083140799,2.91911481797037e-42
17.5,14.851256622692699,14.8424628422487,2.95815339380207e-42
17.5,14.867281897477401,14.8584976013565,2.9977911188078e-42
17.5,14.8766084388924,14.8678296531331,3.021138815832e-42
17.5,14.892633745967,14.883864412241,3.0617406296126e-42
17.5,14.9086590733675,14.8998991713489,3.1029619511960904e-42
17.5,14.9179856453262,14.909231223125401,3.12724053025133e-42
17.5,14.9340110047486,14.9252659822333,3.16945745905282e-42
17.5,14.9500363843284,14.941300741341198,3.21231327641362e-42
17.5,14.9593629865777,14.9506327931178,3.2375518360707896e-42
17.5,14.9753883979142,14.966667552225601,3.2814328397453404e-42
17.5,14.9914138292417,14.982702311333501,3.32597061003692e-42
17.5,15.000740461531098,14.9920343631101,3.35219598447347e-42
17.5,15.016765924353098,15.0080691222179,3.3977856462714606e-42
17.5,15.0327914070012,15.0241038813258,3.4440477862251504e-42
17.5,15.042118069083099,15.0334359331024,3.4712835455743e-42
17.5,15.0581435829666,15.049470692210301,3.51862022766194e-42
17.5,15.0741691165131,15.0655054513181,3.5666420953647705e-42
17.5,15.0834958081425,15.0748375030947,3.5949072857268404e-42
17.5,15.099521372668,15.090872262202598,3.6440208040631904e-42
17.5,15.115546956695301,15.106907021310501,3.69382815730093e-42
17.5,15.12487367763,15.116239073087101,3.72313571377853e-42
17.5,15.1408992923826,15.132273832194901,3.7740444135418904e-42
17.5,15.1569249264776,15.148308591302799,3.82565021494403e-42
17.5,15.1662516764781,15.1576406430794,3.8560049685609e-42
17.5,15.1822773410475,15.173675402187301,3.90871205172753e-42
17.5,15.1983030248016,15.1897101612951,3.96211245913427e-42
17.5,15.2076298036307,15.199042213071701,3.99350863627566e-42
17.5,15.223655517611101,15.215076972179599,4.04799755601715e-42
17.5,15.239681250620102,15.231111731287399,4.1031668965351597e-42
17.5,15.2490080580435,15.240443783063998,4.13558498522462e-42
17.5,15.2650338210334,15.256478542171902,4.1918136758930606e-42
17.5,15.2810596028976,15.2725133012798,4.2486981504752104e-42
17.5,15.2903864386834,15.2818453530564,4.2821009766056904e-42
17.5,15.306412250285499,15.297880112164199,4.33999463019351e-42
17.5,15.3224380806094,15.3139148712721,4.39850443595506e-42
17.5,15.3317649445282,15.3232469230487,4.4328322542151204e-42
17.5,15.347790804349799,15.3392816821566,4.4922742865099006e-42
17.5,15.3638166827422,15.355316441264499,4.55227376660761e-42
17.5,15.373143574566901,15.364648493040999,4.58743812390077e-42
17.5,15.389169482219401,15.380683252148799,4.6482588835870706e-42
17.5,15.4051954082932,15.3967180112567,4.70955422171429e-42
17.5,15.4145223277996,15.406050063033401,4.74543029394365e-42
17.5,15.4305482828984,15.4220848221412,4.8073929689116e-42
17.5,15.4465742562708,15.438119581249099,4.8697168380475e-42
17.5,15.4559012032365,15.447451633025599,4.9061338736462006e-42
17.5,15.4719272054014,15.4634863921335,4.9689169245241305e-42
17.5,15.4879532256935,15.4795211512414,5.031909365749981e-42
17.5,15.497280199898999,15.488853203018,5.06863879112263e-42
17.5,15.5133062487536,15.504887962125899,5.1318141027905896e-42
17.5,15.5293323155907,15.5209227212337,5.194998769443e-42
17.5,15.5386593168185,15.530254773010299,5.2317394249838296e-42
17.5,15.554685411990402,15.5462895321181,5.2947452176449996e-42
17.5,15.5707115250018,15.562324291226,5.3574999654250405e-42
17.5,15.5800385530369,15.5716563430027,5.3938598517018e-42
17.5,15.5960646941578,15.5876911021105,5.45596723852693e-42
17.5,15.6120908529766,15.6037258612184,5.5174878967592405e-42
17.5,15.621417907606101,15.613057912995,5.55296173159965e-42
17.5,15.6374440943116,15.6290926721029,5.61323369182138e-42
17.5,15.6534702985748,15.6451274312107,5.672489754549711e-42
17.5,15.6627973795881,15.6544594829873,5.7064315999727904e-42
17.5,15.678823611517501,15.6704942420952,5.76367309393683e-42
17.5,15.694849860866,15.6865290012031,5.819354081342621e-42
17.5,15.7041769680548,15.6958610529796,5.85094433484891e-42
17.5,15.720203244851302,15.7118958120875,5.903642416960001e-42
17.5,15.7362295389296,15.727930571195301,5.95409389098725e-42
17.5,15.745556672087899,15.737262622971999,5.98230013513698e-42
17.5,15.7615829933983,15.7532973820798,6.0285533878441e-42
17.5,15.7776093318549,15.7693321411877,6.071702266728941e-42
17.5,15.786936490778501,15.7786641929643,6.09523395776975e-42
17.5,15.8029628562536,15.7946989520722,6.13267162630565e-42
17.5,15.8189892387404,15.810733711180001,6.165941831057941e-42
17.5,15.8283164232275,15.8200657629566,6.18319980195598e-42
17.5,15.8443428325214,15.8361005220645,6.20889309161101e-42
17.5,15.8603692586941,15.852135281172298,6.2291184560226e-42
17.5,15.8696964685449,15.8614673329489,6.238143283085981e-42
17.5,15.8857229213155,15.877502092056801,6.248517609302131e-42
17.5,15.9017493908334,15.8935368511647,6.25184406686397e-42
17.5,15.9155070644615,15.9073016275352,6.24855467659857e-42
17.5,15.946758755830398,15.9385694077954,6.21740653730787e-42
17.5,15.9780105101527,15.9698371880558,6.14851057076575e-42
17.5,15.9961987130335,15.9880346890202,6.08848034896705e-42
17.5,16.0274505661954,16.0193024692805,5.94636631565281e-42
17.5,16.058702481364598,16.0505702495408,5.74875377037432e-42
17.5,16.0768907774239,16.0687677505052,5.6053015175300704e-42
17.5,16.108142789951103,16.1000355307655,5.30518320621012e-42
17.5,16.1393948635584,16.1313033110259,4.93209840952447e-42
17.5,16.1575832514029,16.1495008119903,4.6796849895565205e-42
17.5,16.188835420916,16.1807685922506,4.1848909703807104e-42
17.5,16.220087650600302,16.2120363725109,3.6184358073600705e-42
17.5,16.2382761288643,16.2302338734752,3.26356648419097e-42
17.5,16.269528453031,16.2615016537356,2.65020111318828e-42
17.5,16.3007808364781,16.2927694339959,2.0873224061509598e-42
17.5,16.318969403823,16.3109669349604,1.78776845984217e-42
17.5,16.350221880357,16.3422347152207,1.3237010284392501e-42
17.5,16.381474415298,16.373502495481,9.26679304970533e-43
17.5,16.3996630704112,16.3916999964454,7.27650825017289e-43
17.5,16.430915697071,16.4229677767057,4.42481103072714e-43
17.5,16.4621683812815,16.454235556965997,2.3031979208755902e-43
17.5,16.4803571228763,16.4724330579304,1.4031561801733502e-43
17.5,16.511609897464197,16.5037008381907,4.0951911998724e-44
17.5,16.5428627287632,16.5349686184511,3.06303771296967e-45
17.5,16.5685098817681,16.5606279969301,0.0
18.0,0.51099907,0.0,0.0
18.0,0.520874467644437,0.10094632981446501,2.5611996555748798e-48
18.0,0.679475885508799,0.447847551569841,4.3902838041491e-47
18.0,0.944852190685295,0.7947487733252161,1.4098205409637501e-46
18.0,1.12000633722393,0.996641432954149,2.26159965576927e-46
18.0,1.43743762110388,1.34354265470952,4.27570088271532e-46
18.0,1.76598996288726,1.6904438764649,7.06798654964914e-46
18.0,1.96011673514015,1.89233653609384,9.093495920230239e-46
18.0,2.29680338420998,2.23923775784921,1.3344073093415601e-45
18.0,2.6361401463828,2.58613897960459,1.86865604564497e-45
18.0,2.83447357915152,2.78803163923352,2.23594442756831e-45
18.0,3.17630667481099,3.13493286098889,2.97581197019952e-45
18.0,3.51913180050144,3.48183408274427,3.87042025539589e-45
18.0,3.71900023689383,3.6837267423732,4.4712306378595395e-45
18.0,4.06289082240172,4.03062796412858,5.65885597121425e-45
18.0,4.40725331956386,4.37752918588395,7.06826449020569e-45
18.0,4.60784380038012,4.57942184551289,8.003879848793829e-45
18.0,4.95275468932595,4.92632306726826,9.83593239783617e-45
18.0,5.2979254856868,5.27322428902364,1.1990000062102498e-44
18.0,5.49891131506624,5.47511694865257,1.3411919422831799e-44
18.0,5.84440036497339,5.82201817040794,1.6184162618474799e-44
18.0,6.19004737595356,6.16891939216332,1.9431017779016398e-44
18.0,6.39127266268638,6.37081205179225,2.15700298371508e-44
18.0,6.7371204290215,6.71771327354763,2.57358576811434e-44
18.0,7.08307122770809,7.064614495303,3.06136174008323e-44
18.0,7.28445236666545,7.26650715493194,3.3828923052075e-44
18.0,7.63053780278647,7.61340837668731,4.0099296631214593e-44
18.0,7.97669411176081,7.96030959844268,4.74602035574855e-44
18.0,8.17818230117245,8.16220225807162,5.23254026825178e-44
18.0,8.52443324098117,8.50910347982699,6.184591317585049e-44
18.0,8.8707349934484,8.85600470158237,7.307974064185389e-44
18.0,9.07229985482069,9.0578973612113,8.05395404526393e-44
18.0,9.41867062996222,9.40479858296668,9.52174826308437e-44
18.0,9.76507906424505,9.75169980472205,1.12671497951062e-43
18.0,9.96670070765274,9.95359246435099,1.24340532704552e-43
18.0,10.3131610201266,10.3004936861064,1.47478423201052e-43
18.0,10.659650011773401,10.6473949078617,1.7528789661395802e-43
18.0,10.861314873055099,10.849287567490599,1.9405195813791802e-43
18.0,11.207843836081,11.196188789246,2.3164698612409706e-43
18.0,11.554395140015801,11.5430900110014,2.7748304918691502e-43
18.0,11.756093653205898,11.7449826706303,3.0879165845798705e-43
18.0,12.1026764030308,12.091883892385699,3.7239627260431004e-43
18.0,12.4492768932705,12.4387851141411,4.514354344832891e-43
18.0,12.651002119588199,12.640677773770099,5.06313169824682e-43
18.0,12.9976277918147,12.9875789955254,6.19890100227724e-43
18.0,13.3442677848803,13.334480217280799,7.646837581980311e-43
18.0,13.5460145693218,13.536372876909699,8.67444844404834e-43
18.0,13.8926750393222,13.8832740986651,1.0855167457928102e-42
18.0,14.2393472357213,14.2301753204204,1.3732315186156301e-42
18.0,14.3450329173253,14.3359286183214,1.4788039576549098e-42
18.0,14.3615415510702,14.3524477241192,1.4961724676089502e-42
18.0,14.378050208870402,14.3689668299171,1.51378945125725e-42
18.0,14.387658075465598,14.378580766089899,1.52415839652582e-42
18.0,14.4041667711522,14.3950998718878,1.5421771278435298e-42
18.0,14.4206754906811,14.4116189776857,1.5604554119859002e-42
18.0,14.4302833931041,14.4212329138585,1.57121441031518e-42
18.0,14.4467921501845,14.4377520196564,1.58991240061678e-42
18.0,14.4633009308968,14.454271125454198,1.60888157428708e-42
18.0,14.4729088688314,14.463885061627,1.6200481039981e-42
18.0,14.489417686764302,14.4804041674249,1.6394558352499e-42
18.0,14.505926528121101,14.496923273222698,1.65914695801971e-42
18.0,14.515534501254802,14.5065372093955,1.67073936536148e-42
18.0,14.5320433795052,14.523056315193399,1.69088883175873e-42
18.0,14.5485522809741,14.5395754209914,1.71133450186963e-42
18.0,14.558160288998002,14.549189357164101,1.72337204089056e-42
18.0,14.5746692270372,14.5657084629621,1.74429681754508e-42
18.0,14.5911781880916,14.5822275687598,1.76553124094397e-42
18.0,14.6007862307006,14.5918415049327,1.77803411358422e-42
18.0,14.6172952280059,14.6083606107305,1.7997694254217003e-42
18.0,14.633804248125799,14.624879716528401,1.82182848432103e-42
18.0,14.643412325018199,14.634493652701298,1.83481788025402e-42
18.0,14.6599213810731,14.6510127584991,1.85740066996183e-42
18.0,14.6764304597442,14.667531864297,1.8803219904097702e-42
18.0,14.686038570621701,14.6771458004698,1.89382012601545e-42
18.0,14.702547684915801,14.693664906267701,1.9172891205592998e-42
18.0,14.719056821629898,14.710184012065499,1.9411121376593e-42
18.0,14.7286649661978,14.7197979482383,1.95514229338284e-42
18.0,14.7451741382264,14.7363170540363,1.9795380668396302e-42
18.0,14.761683332481098,14.7528361598341,2.00430408593345e-42
18.0,14.7712915104481,14.762450096006901,2.0188906410141702e-42
18.0,14.7878007397123,14.778969201804799,2.0442556725013003e-42
18.0,14.804309991011,14.7954883076027,2.0700079246048603e-42
18.0,14.8139182020891,14.8051022437755,2.0851763879573404e-42
18.0,14.8304274880959,14.8216213495734,2.1115551121416897e-42
18.0,14.8469367959477,14.8381404553712,2.13833880078156e-42
18.0,14.8565450398522,14.847754391544099,2.1541158364520002e-42
18.0,14.873054382113999,14.8642734973419,2.18155468377747e-42
18.0,14.889563746033701,14.8807926031398,2.2094170203385902e-42
18.0,14.8991720224831,14.8904065393126,2.22583046557468e-42
18.0,14.915681420518201,14.9069256451104,2.2543778886095698e-42
18.0,14.9321908400259,14.923444750908299,2.28336811213864e-42
18.0,14.941799148742101,14.9330586870811,2.30044698561911e-42
18.0,14.958308602074,14.949577792879001,2.33015346699219e-42
18.0,14.974818076695499,14.966096898676899,2.3603228435574e-42
18.0,14.9844264174033,14.9757108348496,2.3780973407080903e-42
18.0,15.000935925561102,14.9922299406475,2.4090153769821502e-42
18.0,15.0174454548275,15.0087490464455,2.4404171724271602e-42
18.0,15.027053827255,15.018362982618301,2.45891864399432e-42
18.0,15.0435633897729,15.034882088416099,2.49110269843924e-42
18.0,15.0600729732205,15.051401194214,2.5237921168527004e-42
18.0,15.0696813770989,15.0610151303868,2.5430530259459802e-42
18.0,15.086190993516599,15.0775342361847,2.57655944149928e-42
18.0,15.1027006306871,15.094053341982601,2.61059351983614e-42
18.0,15.1123090657504,15.103667278155399,2.6306473714949798e-42
18.0,15.128818735612699,15.1201863839532,2.6655342324522203e-42
18.0,15.1453284260528,15.136705489751101,2.70097167935021e-42
18.0,15.1549368920382,15.146319425923899,2.7218529151844103e-42
18.0,15.171446614894998,15.1628385317218,2.7581798452116002e-42
18.0,15.1879563581565,15.1793576375196,2.79508080917448e-42
18.0,15.197564854804199,15.1889715736925,2.8168246579616798e-42
18.0,15.214074630210298,15.205490679490302,2.8546525357622898e-42
18.0,15.2305844258502,15.2220097852882,2.89307828412705e-42
18.0,15.240192952903,15.231623721461,2.91572055614209e-42
18.0,15.2567027804184,15.2481428272589,2.9551111287224704e-42
18.0,15.2732126279985,15.2646619330568,2.99512361425396e-42
18.0,15.2828211852024,15.274275869229601,3.01870042652948e-42
18.0,15.299331064391898,15.290794975027499,3.05971579315108e-42
18.0,15.315840963478799,15.3073140808254,3.1013770794769904e-42
18.0,15.325449550582299,15.3169280169981,3.12592449188586e-42
18.0,15.341959481015499,15.333447122796,3.1686264255816904e-42
18.0,15.358469431180799,15.349966228593901,3.21199793501676e-42
18.0,15.3680780479354,15.3595801647667,3.23755147624105e-42
18.0,15.384588029186801,15.3760992705646,3.28200054161414e-42
18.0,15.4010980300066,15.392618376362499,3.32714208097274e-42
18.0,15.4107066761666,15.402232312535201,3.3537361356125305e-42
18.0,15.427216707815099,15.418751418333102,3.39999055059124e-42
18.0,15.4437267588704,15.435270524130999,3.4469590574521e-42
18.0,15.4533354341927,15.4448844603038,3.47462607909576e-42
18.0,15.4698455158222,15.4614035661017,3.5227402570186905e-42
18.0,15.4863556166983,15.477922671899499,3.57158819639249e-42
18.0,15.495964320942498,15.4875366080724,3.60035770262965e-42
18.0,15.5124744521412,15.5040557138702,3.65038039155893e-42
18.0,15.5289846024284,15.5205748196682,3.7011537137317605e-42
18.0,15.538593335356602,15.5301887558409,3.7310510069519105e-42
18.0,15.555103515717398,15.5467078616388,3.78302292532281e-42
18.0,15.571613715009999,15.5632269674366,3.83575847338175e-42
18.0,15.5812224763872,15.5728409036095,3.86680301946183e-42
18.0,15.597732705507198,15.5893600094073,3.92075385935231e-42
18.0,15.6142429534044,15.605879115205198,3.97547608634833e-42
18.0,15.6238517429978,15.615493051378,4.00767946154291e-42
18.0,15.6403620204788,15.6320121571759,4.0636240984661496e-42
18.0,15.6568723165838,15.6485312629738,4.1203409177385205e-42
18.0,15.6664811341634,15.6581451991466,4.15370421550427e-42
18.0,15.6829914596113,15.6746643049445,4.2116379215560196e-42
18.0,15.6995018035317,15.6911834107423,4.27033546962931e-42
18.0,15.709110648869899,15.7007973469151,4.304846028623e-42
18.0,15.7256210218949,15.717316452713,4.3647384359316005e-42
18.0,15.7421314132427,15.7338355585109,4.425374468989651e-42
18.0,15.7517402861143,15.743449494683698,4.46100174901485e-42
18.0,15.7682507063309,15.7599686004815,4.5227892419354705e-42
18.0,15.784761144722099,15.7764877062795,4.5852848177345105e-42
18.0,15.7943700449044,15.786101642452198,4.62197520536001e-42
18.0,15.8108805119312,15.8026207482501,4.68555134242535e-42
18.0,15.8273909969859,15.819139854048,4.7497803506689106e-42
18.0,15.836999924258699,15.8287537902208,4.7874506244120195e-42
18.0,15.853510437718402,15.8452728960187,4.85265408933121e-42
18.0,15.870020969060901,15.8617920018166,4.91843008595337e-42
18.0,15.879629923206199,15.871405937989401,4.9569591996711296e-42
18.0,15.8961404827254,15.8879250437872,5.02355865874083e-42
18.0,15.9126510599841,15.9044441495851,5.09061832798775e-42
18.0,15.9222600407862,15.914058085757901,5.12983709493248e-42
18.0,15.938770645995799,15.930577191555798,5.19751219411679e-42
18.0,15.955281268802901,15.9470962973537,5.26549460782515e-42
18.0,15.9648902760486,15.9567102335265,5.30517277027562e-42
18.0,15.9814009265832,15.9732293393244,5.3734903313201e-42
18.0,15.9979115945748,15.9897484451223,5.44191099345423e-42
18.0,16.0075206280529,15.999362381294999,5.4817410548407204e-42
18.0,16.0240313235511,16.0158814870929,5.5501253416615905e-42
18.0,16.0405420363673,16.032400592890802,5.6183438122295704e-42
18.0,16.0501510958691,16.0420145290636,5.657920895669491e-42
18.0,16.0666618359732,16.0585336348615,5.72561662340614e-42
18.0,16.0831725932578,16.0750527406593,5.79279631957452e-42
18.0,16.0927816785768,16.0846666768322,5.831593202788871e-42
18.0,16.1092924629329,16.10118578263,5.89761978222799e-42
18.0,16.1258032643336,16.117704888427898,5.962678398167081e-42
18.0,16.135412375265197,16.1273188246007,6.00001480145397e-42
18.0,16.1519232035234,16.1438379303986,6.06311021502706e-42
18.0,16.168434048691502,16.1603570361965,6.124659159768871e-42
18.0,16.1780431850334,16.1699709723693,6.15966436984151e-42
18.0,16.1945540568471,16.1864900781671,6.218217156253111e-42
18.0,16.211064945437602,16.203009183965,6.27448860152479e-42
18.0,16.2206741069898,16.2126231201379,6.30605669209709e-42
18.0,16.237185022016302,16.2291422259357,6.358024967921511e-42
18.0,16.2536959536877,16.2456613317336,6.40678577203674e-42
18.0,16.2633051402521,16.2552752679064,6.43352319675025e-42
18.0,16.2798160981522,16.2717943737043,6.47634077771859e-42
18.0,16.2963270725667,16.2883134795021,6.514794069655241e-42
18.0,16.3059362839473,16.2979274156749,6.53496050162374e-42
18.0,16.322447284385298,16.3144465214728,6.56543251610574e-42
18.0,16.3389583012087,16.3309656272707,6.59011381505832e-42
18.0,16.3485675372116,16.3405795634435,6.60156079097684e-42
18.0,16.3650785798553,16.357098669241402,6.61575884011327e-42
18.0,16.3815896387567,16.3736177750392,6.62242159048032e-42
18.0,16.3957632998161,16.3877983308941,6.62154991907028e-42
18.0,16.427959938266902,16.4200105872,6.59406905872804e-42
18.0,16.4601566378305,16.4522228435058,6.52573432166903e-42
18.0,16.478894787507702,16.470970019042802,6.46429086147058e-42
18.0,16.5110915830215,16.5031822753487,6.31616901156024e-42
18.0,16.5432884387298,16.5353945316545,6.10722711009742e-42
18.0,16.5620266788614,16.5541417071915,5.954360123152411e-42
18.0,16.594223629081498,16.5863539634974,5.63262283421859e-42
18.0,16.6264206385958,16.6185662198032,5.2304690143015906e-42
18.0,16.6451589678293,16.6373133953402,4.95760217820284e-42
18.0,16.677356070445498,16.669525651646,4.42203030104141e-42
18.0,16.709553231473897,16.701737907951898,3.81015590911197e-42
18.0,16.7282916484833,16.7204850834889,3.43004014005818e-42
18.0,16.7604889012316,16.7526973397948,2.7880793767722303e-42
18.0,16.792686211527,16.784909596100498,2.20195236102743e-42
18.0,16.811424715012798,16.803656771637602,1.88915024298596e-42
18.0,16.8436221156735,16.8358690279434,1.40313308578526e-42
18.0,16.8758195730335,16.8680812842492,9.85666129595564e-43
18.0,16.8945581617214,16.8868284597862,7.756655865971481e-43
18.0,16.9267557081185,16.9190407160921,4.736767644521511e-43
18.0,16.9589533103836,16.951252972397903,2.47833992090343e-43
18.0,16.9776919830244,16.9700001479349,1.5155387676808002e-43
18.0,17.0098896730243,17.0022124042407,4.4643405217985004e-44
18.0,17.042087418077102,17.0344246605467,3.41123701079093e-45
18.0,17.0685099974445,17.0608591074225,0.0
18.5,0.51099907,0.0,0.0
18.5,0.521456148004893,0.103906038088439,2.5586566840991498e-48
18.5,0.6882012913556901,0.46097827267971603,4.40893115857565e-47
18.5,0.9645344379477572,0.818050507270994,1.41703156386026e-46
18.5,1.14608642329416,1.02586258344787,2.27359823032997e-46
18.5,1.47432315334388,1.38293481803915,4.29892344980856e-46
18.5,1.81348961749013,1.74000705263043,7.106455214748631e-46
18.5,2.01373270522394,1.94781912880731,9.14283429318068e-46
18.5,2.36085667642283,2.30489136339858,1.3415851857013298e-45
18.5,2.71056640696442,2.66196359798986,1.8786083455664098e-45
18.5,2.91491551671399,2.86977567416673,2.24778672161153e-45
18.5,3.2670579235448,3.22684790875802,2.99144228285701e-45
18.5,3.62016624527737,3.58392014334929,3.89062884024854e-45
18.5,3.82601009854048,3.79173221952617,4.4945272548330296e-45
18.5,4.18015531386642,4.14880445411745,5.68831369535971e-45
18.5,4.53475961693556,4.50587668870872,7.10516402257133e-45
18.5,4.74130591944346,4.7136887648856,8.045810946333899e-45
18.5,5.09644357992479,5.07076099947688,9.887948292828881e-45
18.5,5.45183397274676,5.42783323406816,1.20542890083183e-44
18.5,5.65876471612204,5.63564531024504,1.34845631419844e-44
18.5,6.01446453325064,5.99271754483631,1.62736787776554e-44
18.5,6.37031791141258,6.34978977942759,1.95412673885001e-44
18.5,6.57748144400028,6.55760185560447,2.1694500411387596e-44
18.5,6.93352996843348,6.91467409019574,2.58892652570341e-44
18.5,7.28967863911671,7.27174632478702,3.0802905630143497e-44
18.5,7.49699365899228,7.4795584009639,3.4042986207202596e-44
18.5,7.85327318814664,7.83663063555518,4.03641013610809e-44
18.5,8.20962159747861,8.19370287014646,4.77884151500802e-44
18.5,8.41704065826198,8.40151494632333,5.269765270136529e-44
18.5,8.77348103407209,8.75858718091461,6.23089011118404e-44
18.5,9.12997079015273,9.11565941550589,7.36569818192979e-44
18.5,9.33746436168632,9.32347149168277,8.11966262393638e-44
18.5,9.69402119276849,9.68054372627404,9.60402016314757e-44
18.5,10.0506146193832,10.0376159608653,1.1370468339249202e-43
18.5,10.2581633693245,10.245428037042199,1.2552193637859801e-43
18.5,10.614807207836101,10.602500271633499,1.48969982318481e-43
18.5,10.9714789143824,10.9595725062247,1.77178268613122e-43
18.5,11.179069659895799,11.167384582401601,1.9622604832337004e-43
18.5,11.535780206656,11.524456816993,2.3442168811466505e-43
18.5,11.892512461762701,11.8815290515842,2.8104248833032205e-43
18.5,12.100135906381999,12.089341127761,3.12917127254146e-43
18.5,12.456898716618202,12.4464133623524,3.7773938972257305e-43
18.5,12.8136787645345,12.8034855969436,4.5840565265168804e-43
18.5,13.0213281652868,13.0112976731205,5.144802767651141e-43
18.5,13.378132681318199,13.368369907711799,6.306921592808641e-43
18.5,13.7349511120808,13.725442142303098,7.79123056946691e-43
18.5,13.9426214596226,13.9332542184799,8.84636800358124e-43
18.5,14.2994597864705,14.2903264530712,1.10897699610946e-42
18.5,14.656309506996601,14.6473986876625,1.4057687820080001e-42
18.5,14.7650977578405,14.7562526323266,1.51488584402126e-42
18.5,14.7820910232776,14.773256072069001,1.5328480987604502e-42
18.5,14.7990843120873,14.790259511811401,1.55107034593512e-42
18.5,14.8089742282362,14.8001553249627,1.5617969546177e-42
18.5,14.825967553857,14.817158764705201,1.58043971289564e-42
18.5,14.842960902643501,14.834162204447601,1.59935423749042e-42
18.5,14.852850853603199,14.844058017598801,1.61048925461928e-42
18.5,14.8698442388754,14.8610614573413,1.6298433860169703e-42
18.5,14.886837647108798,14.8780648970837,1.64948165809814e-42
18.5,14.8967276325723,14.887960710235,1.6610436799109002e-42
18.5,14.9137210769699,14.9049641499775,1.68114162812106e-42
18.5,14.9307145441266,14.92196758972,1.70153672197525e-42
18.5,14.940604563790101,14.9318634028712,1.7135452923327098e-42
18.5,14.957598066793201,14.9488668426137,1.7344211535166002e-42
18.5,14.974591592355699,14.9658702823561,1.75560782674308e-42
18.5,14.984481645919201,14.9757660955074,1.7680834834659302e-42
18.5,15.001475207014,14.9927695352498,1.7897730863862102e-42
18.5,15.0184687904709,15.009772974992199,1.81178786051824e-42
18.5,15.0283588776378,15.019668788143601,1.82475218251106e-42
18.5,15.0453524963165,15.036672227885902,1.8472931696230903e-42
18.5,15.062346137162299,15.053675667628399,1.8701744115996e-42
18.5,15.0722362576394,15.0635714807797,1.88365006632819e-42
18.5,15.0892299334003,15.080574920522201,1.90708197559321e-42
18.5,15.1062236311353,15.0975783602646,1.93086997928669e-42
18.5,15.116113784632901,15.1074741734159,1.94488077007532e-42
18.5,15.1331075169797,15.1244776131583,1.9692451157386903e-42
18.5,15.150101271110199,15.1414810529008,1.99398218208517e-42
18.5,15.1599914573418,15.151376866052,2.0085530944842e-42
18.5,15.1769852457843,15.1683803057945,2.0338934459910802e-42
18.5,15.193979055822,15.1853837455369,2.0596239609196602e-42
18.5,15.2038692745047,15.195279558688199,2.0747812072416402e-42
18.5,15.2208631185581,15.212282998430599,2.10114326441699e-42
18.5,15.2378569840205,15.229286438173,2.12791377181807e-42
18.5,15.2477472348744,15.2391822513243,2.1436848326311303e-42
18.5,15.264741134059602,15.256185691066799,2.1711164947944004e-42
18.5,15.2817350544698,15.2731891308093,2.19897576273377e-42
18.5,15.2916253372182,15.283084943960501,2.2153894238028002e-42
18.5,15.3086192910616,15.300088383703,2.24394085033089e-42
18.5,15.325613265947899,15.317091823445399,2.27293992721025e-42
18.5,15.3355035803174,15.326987636596701,2.29002630998184e-42
18.5,15.3524975883508,15.3439910763392,2.3197499683971802e-42
18.5,15.3694916172471,15.3609945160816,2.34994222521491e-42
18.5,15.379381962967301,15.3708903292328,2.3677328084068902e-42
18.5,15.3963760247277,15.3878937689753,2.39868350580845e-42
18.5,15.4133701071732,15.404897208717701,2.4301246596463104e-42
18.5,15.4232604839769,15.414793021869,2.44865228891093e-42
18.5,15.4402545990066,15.4317964616114,2.48088718101367e-42
18.5,15.4572487345457,15.448799901353901,2.5136352936124703e-42
18.5,15.4671391421685,15.4586957145052,2.5329341754337902e-42
18.5,15.4841333100152,15.4756991542476,2.56651274619226e-42
18.5,15.5011274981973,15.4927025939901,2.6006281899059702e-42
18.5,15.5110179363781,15.502598407141399,2.62073386492952e-42
18.5,15.5280121565943,15.519601846883798,2.6557178678758003e-42
18.5,15.545006396974,15.5366052866262,2.69126324934637e-42
18.5,15.554896865454399,15.546501099777501,2.71221253911668e-42
18.5,15.5718911375979,15.563504539519998,2.7486658894088e-42
18.5,15.5888854297349,15.5805079792624,2.7857059188390002e-42
18.5,15.598775928259501,15.590403792413701,2.8075368383791803e-42
18.5,15.6157702518928,15.6074072321561,2.8455254410975004e-42
18.5,15.6327645953516,15.624410671898602,2.88412673190361e-42
18.5,15.642655123667899,15.634306485049901,2.90687835865565e-42
18.5,15.6596494983586,15.6513099247923,2.9464698572318406e-42
18.5,15.676643892708599,15.6683133645347,2.98670063708183e-42
18.5,15.6865344505668,15.678209177686,3.01041292447045e-42
18.5,15.7035288758873,15.6952126174285,3.05167634560626e-42
18.5,15.7205233207028,15.7122160571709,3.0936060549036206e-42
18.5,15.730413907855901,15.7221118703222,3.1183195749022e-42
18.5,15.747408383383299,15.7391153100646,3.1613248437936105e-42
18.5,15.7644028782432,15.7561187498071,3.20502359159681e-42
18.5,15.7742934944471,15.7660145629584,3.23077918930731e-42
18.5,15.7912880197632,15.7830180027007,3.275596480237e-42
18.5,15.8082825642511,15.8000214424432,3.32113432009038e-42
18.5,15.818173209264298,15.809917255594499,3.3479726545675805e-42
18.5,15.8351677839556,15.826920695336899,3.3946715335755905e-42
18.5,15.8521623776598,15.8439241350794,3.4421175114951804e-42
18.5,15.862053051243299,15.853819948230601,3.47007845502897e-42
18.5,15.8790476749009,15.8708233879731,3.51872676015425e-42
18.5,15.8960423174141,15.887826827715601,3.56814767600387e-42
18.5,15.9059330193318,15.8977226408668,3.59726953344019e-42
18.5,15.9229276915511,15.914726080609201,3.6479319239052503e-42
18.5,15.939922382470598,15.9317295203517,3.69939073003764e-42
18.5,15.949813112489,15.941625333503,3.72970923272476e-42
18.5,15.96680783287,15.9586287732455,3.78244532057968e-42
18.5,15.983802571797401,15.9756322129879,3.83599906402724e-42
18.5,15.9936933296853,15.9855280261391,3.86754607742283e-42
18.5,16.0106880978324,16.0025314658816,3.92240803243106e-42
18.5,16.0276828843738,16.0195349056241,3.97810522006564e-42
18.5,16.0375736699028,16.0294307187753,4.0109070916660106e-42
18.5,16.0545684854245,16.046434158517698,4.0679365815402103e-42
18.5,16.0715633191902,16.0634375982602,4.12581381910762e-42
18.5,16.0814541321342,16.073333411411397,4.1598892718169e-42
18.5,16.0984489946436,16.0903368511539,4.21911356362737e-42
18.5,16.1154438752482,16.1073402908964,4.27919127562219e-42
18.5,16.125334715383698,16.117236104047702,4.314548727320101e-42
18.5,16.1423296244978,16.134239543790002,4.3759757296226594e-42
18.5,16.159324551559997,16.1512429835325,4.43825271946567e-42
18.5,16.1692154186658,16.1611387966838,4.4748868778494206e-42
18.5,16.186210374006002,16.1781422364262,4.538498844904561e-42
18.5,16.2032053471486,16.1951456761687,4.60294539196085e-42
18.5,16.213096241006,16.20504148932,4.6408329339870805e-42
18.5,16.2300912421976,16.2220449290624,4.7065784799783903e-42
18.5,16.247086261047702,16.2390483688049,4.7731275850577e-42
18.5,16.2569771814402,16.248944181956098,4.8122216800378104e-42
18.5,16.2739722281127,16.2659476216986,4.88000565867136e-42
18.5,16.2909672923011,16.282951061441,4.9485419533387196e-42
18.5,16.3008582390147,16.2928468745923,4.98876532611863e-42
18.5,16.317853330801398,16.3098503143348,5.0584360159669804e-42
18.5,16.3348484399631,16.3268537540772,5.12878172551561e-42
18.5,16.344739412786,16.336749567228498,5.1700178785161903e-42
18.5,16.3617345493242,16.353753006970898,5.2413507722376704e-42
18.5,16.378729703098102,16.3707564467134,5.31324796407704e-42
18.5,16.3886207018208,16.3806522598646,5.355330081848401e-42
18.5,16.4056158827518,16.3976556996071,5.4280074039438805e-42
18.5,16.4226110807804,16.4146591393495,5.5010955741211004e-42
18.5,16.432502105195603,16.4245549525007,5.54379252026046e-42
18.5,16.449497330164398,16.4415583922433,5.61737739370958e-42
18.5,16.4664925720943,16.4585618319857,5.6911652200761904e-42
18.5,16.476383621996998,16.468457645137,5.73416390403663e-42
18.5,16.4933788906523,16.4854610848794,5.808067847420511e-42
18.5,16.5103741761337,16.5024645246218,5.88189769681731e-42
18.5,16.520265251321,16.5123603377731,5.9247809423283e-42
18.5,16.5372605633153,16.5293637775155,5.99822312989162e-42
18.5,16.5542558920022,16.546367217258002,6.07122665176167e-42
18.5,16.5641469922733,16.556263030409198,6.11344555222609e-42
18.5,16.5811423472629,16.5732664701517,6.18540202042741e-42
18.5,16.5981377188129,16.5902699098941,6.25644493169676e-42
18.5,16.6080288439692,16.6001657230454,6.29728456031741e-42
18.5,16.6250242416139,16.6171691627879,6.36642537810881e-42
18.5,16.642019655688202,16.6341726025304,6.43403943417628e-42
18.5,16.651910805533102,16.644068415681602,6.472576743736979e-42
18.5,16.6689062454962,16.661071855423998,6.53718918443904e-42
18.5,16.6859017017596,16.6780752951665,6.5994894703815e-42
18.5,16.6957928760987,16.6879711083177,6.634542373461291e-42
18.5,16.7127883580473,16.7049745480602,6.69243854541014e-42
18.5,16.7297838561679,16.7219779878026,6.747024894564861e-42
18.5,16.7396750548088,16.7318738009539,6.777092045133841e-42
18.5,16.7566705784132,16.7488772406964,6.82550064570018e-42
18.5,16.7736661180629,16.7658806804388,6.86934364588872e-42
18.5,16.7835573408152,16.7757764935901,6.89253565506446e-42
18.5,16.8005529057492,16.7927799333326,6.92797990192306e-42
18.5,16.8175484866032,16.809783373075,6.9572980978911e-42
18.5,16.8274397332783,16.8196791862262,6.97126531780598e-42
18.5,16.8444353392192,16.8366826259687,6.98943985266653e-42
18.5,16.861430960956,16.8536860657111,6.99956724821311e-42
18.5,16.876020586678898,16.8682823901092,7.001199618005321e-42
18.5,16.9091621205683,16.9014390976071,6.97747706113065e-42
18.5,16.9423037138346,16.9345958051048,6.90960194980869e-42
18.5,16.961591780361,16.9538926407498,6.846571592551651e-42
18.5,16.994733466851997,16.987049348247602,6.69189746478805e-42
18.5,17.0278752118275,17.020206055745298,6.47070684697211e-42
18.5,17.047163366239,17.0395028913904,6.307690826638341e-42
18.5,17.080305203041497,17.0726595988881,5.96270183924049e-42
18.5,17.113447097454,17.105816306385798,5.5293936791860796e-42
18.5,17.1327353384361,17.1251131420308,5.2347035930336396e-42
18.5,17.1658773233058,17.1582698495286,4.65602091931067e-42
18.5,17.199019364928102,17.1914265570264,3.99760744246223e-42
18.5,17.2183076911927,17.2107233926713,3.59399567345419e-42
18.5,17.251449821929402,17.2438801001691,2.92715181037826e-42
18.5,17.2845920085785,17.2770368076668,2.31799323091356e-42
18.5,17.3038804188628,17.2963336433119,1.99200439711e-42
18.5,17.33702269331,17.3294903508097,1.48403506934877e-42
18.5,17.3701650228457,17.362647058307402,1.04599476409581e-42
18.5,17.389453515911597,17.3819438939524,8.24898583674297e-43
18.5,17.422595931954902,17.4151006014502,5.0581594326098105e-43
18.5,17.4557384022789,17.448257308947902,2.6597619147443504e-43
18.5,17.4750269769127,17.4675541445929,1.63238819313309e-43
18.5,17.508169532479002,17.500710852090698,4.85153535390192e-44
18.5,17.541312141534,17.5338675595884,3.78363781665563e-45
18.5,17.568510106506203,17.5610770544654,0.0
19.0,0.51099907,0.0,0.0
19.0,0.522053945510326,0.10686567494772901,2.55826837295561e-48
19.0,0.6970646219029051,0.4741086769589591,4.43017849369145e-47
19.0,0.9843742668552551,0.8413516789701889,1.4249838640584501e-46
19.0,1.17231405661673,1.05508302886565,2.2867252838375102e-46
19.0,1.51133430704489,1.42232603087688,4.32412558843498e-46
19.0,1.8610957452568,1.78956903288811,7.14799196522293e-46
19.0,2.06744588156538,2.00330038278357,9.19598427340554e-46
19.0,2.42499401828855,2.3705433847948,1.3492909403305e-45
19.0,2.7850663096812,2.73778638680603,1.8892592292432998e-45
19.0,2.99542601304128,2.95151773670149,2.26043797418053e-45
19.0,3.35787029087811,3.31876073871272,3.00809005623109e-45
19.0,3.7212556518159,3.68600374072394,3.9120869553688397e-45
19.0,3.93307180541485,3.89973509061941,4.5192191007374004e-45
19.0,4.29746693908524,4.26697809263064,5.71943464363238e-45
19.0,4.66230899915102,4.63422109464187,7.14401582751887e-45
19.0,4.87480901718584,4.84795244453733,8.08987140929013e-45
19.0,5.24017018762194,5.21519544654857,9.94241110138822e-45
19.0,5.60577729503229,5.58243844855979,1.21213558398815e-44
19.0,5.818651422973,5.79616979845526,1.3560181640661099e-44
19.0,6.18455959616325,6.16341280046648,1.63665113352941e-44
19.0,6.55061716634216,6.53065580247771,1.96551731071494e-44
19.0,6.7637177728404,6.74438715237317,2.18228207077606e-44
19.0,7.12996518240379,7.1116301543844,2.60468418080214e-44
19.0,7.4963100081971,7.47887315639563,3.09966557907007e-44
19.0,7.70955797304559,7.69260450629109,3.4261664763787995e-44
19.0,8.07603008331618,8.05984750830232,4.0633745896663595e-44
19.0,8.4425691894445,8.42709051031355,4.81216258626102e-44
19.0,8.65591834928026,8.64082186020901,5.30749560526437e-44
19.0,9.02254690270479,9.00806486222024,6.27769510972418e-44
19.0,9.38922348219816,9.37530786423147,7.42391582302701e-44
19.0,9.60264510953127,9.58903921412693,8.18584950733577e-44
19.0,9.96938692282178,9.95628221613816,9.68672739562295e-44
19.0,10.336164326253101,10.3235252181494,1.14741528642179e-43
19.0,10.549639616136,10.5372565680449,1.26706447333314e-43
19.0,10.9164660455156,10.904499570056101,1.5046338747953301e-43
19.0,11.2833195762814,11.2717425720673,1.79068746688751e-43
19.0,11.496835706472801,11.4854739219628,1.98398965600429e-43
19.0,11.863727008381499,11.852716923974,2.3719246481697002e-43
19.0,12.2306394208245,12.2199599259852,2.8459439481378902e-43
19.0,12.4441873496606,12.433691275880701,3.1703248400635905e-43
19.0,12.8111294754385,12.8009342778919,3.83066955757293e-43
19.0,13.1780883638143,13.1681772799031,4.653533393368571e-43
19.0,13.3916615334252,13.3819086297986,5.2261995143266105e-43
19.0,13.7586442153302,13.749151631809799,6.41456743438752e-43
19.0,14.125640428218201,14.116394633820999,7.935127570103381e-43
19.0,14.3392339669429,14.3301259837165,9.01771317661519e-43
19.0,14.706249527060699,14.697368985727799,1.1323660708130901e-42
19.0,15.073276166469899,15.064611987739001,1.43822437705994e-42
19.0,15.1851668054891,15.176566504350898,1.55088476884567e-42
19.0,15.202644674476,15.1940542663514,1.5694406991557e-42
19.0,15.2201225661904,15.2115420283519,1.58826818225409e-42
19.0,15.2302945155535,15.2217197116804,1.59935245834102e-42
19.0,15.247772443062999,15.2392074736809,1.6186192865021502e-42
19.0,15.2652503930988,15.256695235681399,1.63817014219224e-42
19.0,15.275422376312001,15.2668729190097,1.64968125385429e-42
19.0,15.2929003618265,15.2843606810103,1.6696916977805e-42
19.0,15.3103783696685,15.3018484430108,1.6899992943151003e-42
19.0,15.320550386433101,15.3120261263392,1.7019569660693702e-42
19.0,15.338028429441,15.3295138883397,1.7227454496591098e-42
19.0,15.35550649458,15.3470016503403,1.74384489544714e-42
19.0,15.3656785446006,15.3571793336686,1.7562698804700202e-42
19.0,15.3831566445965,15.374667095669201,1.77787262273209e-42
19.0,15.4006347665291,15.3921548576697,1.79980085656247e-42
19.0,15.410806849514,15.402332540998,1.81271498967718e-42
19.0,15.428285005998198,15.419820302998598,1.83517009655716e-42
19.0,15.4457631842272,15.437308064999101,1.8579659803395403e-42
19.0,15.4559352998879,15.447485748327502,1.87139223238302e-42
19.0,15.4734135123665,15.464973510327999,1.89473979081841e-42
19.0,15.4908917464003,15.4824612723285,1.91844420428254e-42
19.0,15.5010638944518,15.4926389556569,1.9324067374806e-42
19.0,15.5185421624369,15.5101267176574,1.9566889107669003e-42
19.0,15.5360204517896,15.527614479658,1.98134484730513e-42
19.0,15.546192631950099,15.5377921629863,1.99586907114814e-42
19.0,15.5636709549592,15.5552799249869,2.0211301952245102e-42
19.0,15.5811492991505,15.572767686987302,2.04678285787343e-42
19.0,15.591321511141501,15.582945370315699,2.0618954848528598e-42
19.0,15.6087998886978,15.6004331323163,2.0881821636001702e-42
19.0,15.626278287253099,15.6179208943168,2.1148790597514302e-42
19.0,15.6364505307993,15.6280985776451,2.1306081600616503e-42
19.0,15.6539289624314,15.6455863396457,2.1579693582138e-42
19.0,15.6714074148815,15.663074101646298,2.18576039125346e-42
19.0,15.681579689710802,15.6732517849746,2.2021354453336902e-42
19.0,15.6990581749527,15.6907395469751,2.23062257744986e-42
19.0,15.716536680833599,15.7082273089756,2.25956013307762e-42
19.0,15.726708986677,15.718404992304,2.2766120805617903e-42
19.0,15.7441875250682,15.7358927543045,2.3062790924146703e-42
19.0,15.761666083921499,15.7533805163051,2.33641811650788e-42
19.0,15.771838420513,15.763558199633401,2.35417939969468e-42
19.0,15.7893170115982,15.781045961634,2.38508283934793e-42
19.0,15.8067956229704,15.7985337236345,2.4164809039158702e-42
19.0,15.8169679900472,15.8087114069628,2.43498550340958e-42
19.0,15.8344466333762,15.826199168963399,2.46718457733299e-42
19.0,15.8519252968192,15.843686930963901,2.49990192935327e-42
19.0,15.8620976941213,15.853864614292199,2.5191853888575804e-42
19.0,15.879576389249099,15.8713523762928,2.55274199755906e-42
19.0,15.8970551043199,15.8888401382934,2.58684158489171e-42
19.0,15.9072275315903,15.8990178216217,2.60694102135436e-42
19.0,15.9247062780768,15.9165055836222,2.64191976749418e-42
19.0,15.9421850443373,15.933993345622799,2.67746723407768e-42
19.0,15.952357501322002,15.9441710289511,2.6984213283682503e-42
19.0,15.9698362987322,15.961658790951601,2.73488948847759e-42
19.0,15.9873151157493,15.9791465529522,2.7719531290797802e-42
19.0,15.9974876021971,15.9893242362806,2.7938020911311304e-42
19.0,16.0149664501009,16.0068119982811,2.83182953972055e-42
19.0,16.0324453174462,16.0242997602816,2.87048020199919e-42
19.0,16.0426178331087,16.03447744361,2.89326570274722e-42
19.0,16.0600967310808,16.0519652056105,2.93292477477463e-42
19.0,16.0775756483309,16.069452967611,2.9732356931770205e-42
19.0,16.0877481929626,16.0796306509394,2.9970007536453805e-42
19.0,16.1052271405824,16.09711841294,3.0383660269244303e-42
19.0,16.1227061073187,16.1146061749405,3.08041256890968e-42
19.0,16.132878680676498,16.1247838582688,3.10520139423558e-42
19.0,16.1503576775282,16.142271620269298,3.14834937077156e-42
19.0,16.1678366933366,16.1597593822699,3.19220867082313e-42
19.0,16.1780092951806,16.1699370655983,3.21806641404035e-42
19.0,16.1954883408529,16.1874248275988,3.26307507003804e-42
19.0,16.212967405323898,16.2049125895993,3.30882552040623e-42
19.0,16.2231400354165,16.2150902729276,3.33579795581567e-42
19.0,16.2406191295029,16.2325780349282,3.3827461259722605e-42
19.0,16.2580982422316,16.250065796928702,3.4304666849683704e-42
19.0,16.268270900338,16.2602434802571,3.45859976846787e-42
19.0,16.2857500424362,16.2777312422576,3.50756631887236e-42
19.0,16.3032292030222,16.2952190042581,3.5573355873766e-42
19.0,16.3134018889102,16.3053966875865,3.5866748704148e-42
19.0,16.3308810786225,16.322884449587,3.6377376029386997e-42
19.0,16.3483602866699,16.3403722115876,3.6896326062259e-42
19.0,16.358533000109702,16.350549894916,3.72022246600271e-42
19.0,16.3760122370428,16.3680376569164,3.77345668190715e-42
19.0,16.3934914921598,16.385525418917,3.8275512777885904e-42
19.0,16.4036642329243,16.3957031022454,3.85943391343831e-42
19.0,16.421143516689302,16.413190864245898,3.91491054454777e-42
19.0,16.4386228184886,16.4306786262465,3.9712733577864404e-42
19.0,16.448795586353,16.4408563095748,4.0044874897914507e-42
19.0,16.4662749165651,16.4583440715754,4.0622706810463804e-42
19.0,16.4837542646635,16.4758318335758,4.1209624355270704e-42
19.0,16.4939270594058,16.4860095169043,4.155541628533881e-42
19.0,16.5114064356843,16.5034972789047,4.2156856242722603e-42
19.0,16.528885829703,16.520985040905302,4.27675571132206e-42
19.0,16.5390586511032,16.5311627242336,4.31272621893325e-42
19.0,16.5565380730719,16.5486504862342,4.3752713652750703e-42
19.0,16.574017512635997,16.5661382482347,4.43875344364334e-42
19.0,16.5841903604768,16.576315931563,4.47613144625777e-42
19.0,16.6016698277633,16.5938036935636,4.54109907123066e-42
19.0,16.6191493125021,16.6112914555641,4.60700543432056e-42
19.0,16.6293221865684,16.6214691388925,4.6457935058896797e-42
19.0,16.646801698804403,16.638956900893,4.71317937259214e-42
19.0,16.6642812283511,16.6564446628935,4.78149375151268e-42
19.0,16.674454128430302,16.666622346222,4.82167634645418e-42
19.0,16.6919336852514,16.684110108222402,4.8914422955562605e-42
19.0,16.709413259243398,16.701597870223,4.96211067347083e-42
19.0,16.7195861851248,16.7117755535513,5.00364836835401e-42
19.0,16.7370657861708,16.729263315551798,5.0757116559379505e-42
19.0,16.7545454042491,16.7467510775524,5.14863055533913e-42
19.0,16.7647183557247,16.7569287608807,5.19145270834852e-42
19.0,16.7821980006391,16.7744165228813,5.26567241796486e-42
19.0,16.7996776624486,16.791904284881902,5.3406739786793805e-42
19.0,16.8098506393125,16.8020819682102,5.38466938046158e-42
19.0,16.8273303277425,16.8195697302107,5.46082912333954e-42
19.0,16.844810032932,16.8370574922112,5.53766211034062e-42
19.0,16.8549830349805,16.847235175539602,5.58266708828009e-42
19.0,16.8724627665772,16.8647229375402,5.66045299901573e-42
19.0,16.8899425147994,16.8822106995407,5.7387586602370204e-42
19.0,16.9001155418308,16.8923883828691,5.78454196508358e-42
19.0,16.917595316249,16.9098761448696,5.86351475996201e-42
19.0,16.93507510716,16.927363906870102,5.94279619294263e-42
19.0,16.9452481589749,16.9375415901984,5.98903983497296e-42
19.0,16.9627279758732,16.955029352199,6.06859941082609e-42
19.0,16.9802078091329,16.972517114199597,6.148182796443981e-42
19.0,16.9903808855341,16.9826947975279,6.19445781771489e-42
19.0,17.007860744574398,17.0001825595284,6.27379855238483e-42
19.0,17.0253406198463,17.017670321529,6.35278429062984e-42
19.0,17.035513720638498,17.0278480048573,6.39852027608842e-42
19.0,17.0529936214867,17.0453357668579,6.47657487177327e-42
19.0,17.0704735384378,17.0628235288584,6.55377634874732e-42
19.0,17.0806466634279,17.0730012121867,6.598223303713551e-42
19.0,17.098126605753,17.0904889741873,6.67359275926721e-42
19.0,17.1156065640539,17.1079767361878,6.7474602751279e-42
19.0,17.1257797130508,17.118154419516202,6.78964142416971e-42
19.0,17.143259696525497,17.1356421815167,6.86050866305973e-42
19.0,17.1607396958502,17.1531299435172,6.92903612438284e-42
19.0,17.1709128686648,17.1633076268456,6.96769030473236e-42
19.0,17.1883928929652,17.1807953888461,7.031715367590161e-42
19.0,17.2058729329911,17.1982831508466,7.09232800594947e-42
19.0,17.2160461294362,17.208460834175,7.12584086720739e-42
19.0,17.2335261942419,17.2259485961755,7.18003684419103e-42
19.0,17.2510062746499,17.2434363581761,7.22946000947545e-42
19.0,17.2611794945403,17.2536140415044,7.25578457103002e-42
19.0,17.2786595995342,17.271101803505,7.29637438309507e-42
19.0,17.2961397200082,17.2885895655055,7.33049070047635e-42
19.0,17.3063129631608,17.2987672488339,7.347063050418871e-42
19.0,17.3237931080289,17.3162550108344,7.36934208520446e-42
19.0,17.3412732682565,17.3337427728349,7.383034801254231e-42
19.0,17.356278837765,17.3487548557442,7.38723111324373e-42
19.0,17.390365219736502,17.3828559916453,7.367287043980151e-42
19.0,17.4244516594448,17.4169571275464,7.29968085560308e-42
19.0,17.4442896153592,17.436803610036698,7.23482805141988e-42
19.0,17.478376145717,17.470904745937702,7.072931125675461e-42
19.0,17.512462732943902,17.5050058818387,6.83841999551452e-42
19.0,17.532300774315598,17.524852364329,6.66442063940471e-42
19.0,17.566387450833002,17.5589535002301,6.29436353567341e-42
19.0,17.6004741833689,17.5930546361311,5.82764322190734e-42
19.0,17.6203123089199,17.6129011186214,5.50969181114887e-42
19.0,17.6543991294142,17.6470022545224,4.88563217875039e-42
19.0,17.6884860050934,17.6811033904235,4.18051911932493e-42
19.0,17.7083242135711,17.7009498729138,3.75723192516491e-42
19.0,17.742411175902898,17.7350510088148,3.0672834767655e-42
19.0,17.7764981926025,17.7691521447158,2.43533335935988e-42
19.0,17.796336482778802,17.7889986272062,2.0962338841996e-42
19.0,17.830423584851,17.8230997631071,1.5663353986129502e-42
19.0,17.86451074049,17.8572008990083,1.1076175399687301e-42
19.0,17.884349111161,17.8770473814986,8.75314529830308e-43
19.0,17.9184363509176,17.9111485173996,5.38880789835816e-43
19.0,17.9525236434554,17.9452496533006,2.84740233148399e-43
19.0,17.9723620934409,17.965096135790898,1.7536840376358002e-43
19.0,18.006449468866,17.999197271692,5.25687459014307e-44
19.0,18.0405368963021,18.033298407592998,4.1808258417893595e-45
19.0,18.0685102095049,18.0612829317699,0.0
19.5,0.51099907,0.0,0.0
19.5,0.522667804859141,0.10982524616593502,2.55992926442512e-48
19.5,0.7060606829749311,0.48723879002206005,4.453967497473899e-47
19.5,1.00436233901011,0.864652333878186,1.43366647115494e-46
19.5,1.19867955203548,1.08430282621006,2.3009679758917103e-46
19.5,1.54846207446625,1.46171637006618,4.35129428354588e-46
19.5,1.90880037977383,1.8391299139223,7.192588497290621e-46
19.5,2.12124887995656,2.05878040625417,9.2529430533423e-46
19.5,2.48920891290685,2.4361939501103,1.35752581198416e-45
19.5,2.85963409890931,2.81360749396642,1.9006123439753698e-45
19.5,3.0759996848152,3.03325798629829,2.27390373848778e-45
19.5,3.44873894868062,3.41067153015441,3.02576520092415e-45
19.5,3.8223956594631,3.78808507401055,3.93481060500162e-45
19.5,4.04018123594311,4.00773556634241,4.54532673711966e-45
19.5,4.4148219407147,4.38514911019854,5.75224940685366e-45
19.5,4.78989802431503,4.76256265405466,7.1848640204235e-45
19.5,5.00834981661302,4.98221314638653,8.1361152165214e-45
19.5,5.38393149179132,5.35962669024266,9.999395937317929e-45
19.5,5.75975265937775,5.73704023409878,1.21913031966417e-44
19.5,5.97856876349898,5.95669072643065,1.3638897082388298e-44
19.5,6.35468307285312,6.33410427028677,1.6462823113111398e-44
19.5,6.73094283285027,6.7115178141429,1.97729489930314e-44
19.5,6.94997943466175,6.93116830647477,2.19552403178352e-44
19.5,7.32642400578393,7.3085818503309,2.6208909557649497e-44
19.5,7.70296340696261,7.68599539418702,3.1195280134841897e-44
19.5,7.92214345569265,7.90564588651889,3.4485432935510995e-44
19.5,8.29880675619485,8.28305943037501,4.090883072496e-44
19.5,8.67553526803556,8.66047297423114,4.846059284167229e-44
19.5,8.89481381654185,8.880123466563,5.34581780151215e-44
19.5,9.27162939017846,9.25753701041914,6.32511495734158e-44
19.5,9.64849170766447,9.63495055427526,7.482763168691769e-44
19.5,9.86784078901414,9.85460104660713,8.252669911960019e-44
19.5,10.244766597097,10.2320145904633,9.770064115891538e-44
19.5,10.6217270435098,10.609428134319302,1.1578445980571703e-43
19.5,10.841128352332,10.8290786266513,1.27896826632274e-43
19.5,11.2181365126827,11.206492170507401,1.5196208627515401e-43
19.5,11.595171048708298,11.5839057143635,1.80963638164476e-43
19.5,11.8146121042613,11.8035562066954,2.0057561665383e-43
19.5,12.191683399489598,12.1809697505514,2.3996546641126e-43
19.5,12.5687752394097,12.558383294407701,2.8814650424284e-43
19.5,12.7882472412992,12.778033786739499,3.21146585707822e-43
19.5,13.1653679978045,13.1554473305956,3.8839018546210905e-43
19.5,13.5425050672617,13.5328608744518,4.72292752286302e-43
19.5,13.7620016328677,13.7525113667836,5.30748615198853e-43
19.5,14.1391618574036,14.1299249106397,6.52204827356864e-43
19.5,14.5163352497397,14.5073384544959,8.078796887416972e-43
19.5,14.7358516377414,14.7269889468277,9.18879367316122e-43
19.5,15.1130438578771,15.1044024906838,1.15572358079161e-42
19.5,15.490246859778601,15.48181603454,1.47064882999873e-42
19.5,15.6052397205242,15.5968710543328,1.58685508643222e-42
19.5,15.6232021671903,15.6148431278498,1.60600524258344e-42
19.5,15.6411646359734,15.632815201366801,1.62543855926606e-42
19.5,15.6516186035302,15.643274748620598,1.6368808732930402e-42
19.5,15.669581107147,15.6612468221377,1.6567724486094502e-42
19.5,15.6875436326849,15.6792188956546,1.67696036608672e-42
19.5,15.697997633182702,15.689678442908498,1.6888480231251e-42
19.5,15.7159601932463,15.707650516425499,1.70951559999316e-42
19.5,15.733922775037602,15.7256225899424,1.73049340158713e-42
19.5,15.7443768081855,15.736082137196298,1.74284726461687e-42
19.5,15.762339424198199,15.7540542107133,1.76432726527744e-42
19.5,15.780302061747399,15.7720262842302,1.78613211250225e-42
19.5,15.790756127258101,15.782485831484202,1.79897415546763e-42
19.5,15.8087187987279,15.8004579050011,1.8213049421836e-42
19.5,15.8266814915452,15.818429978518001,1.84397597638132e-42
19.5,15.8371355891346,15.828889525771901,1.8573293440048e-42
19.5,15.855098315575301,15.8468615992889,1.8805513229291e-42
19.5,15.873061063176701,15.8648336728059,1.90412977047166e-42
19.5,15.883515192564099,15.875293220059701,1.91801884006394e-42
19.5,15.9014779734951,15.8932652935767,1.9421745683938603e-42
19.5,15.919440775402201,15.911237367093701,1.9667038489634302e-42
19.5,15.929894936310301,15.9216969143475,1.98115429391802e-42
19.5,15.947857771256599,15.939668987864499,2.00628858974461e-42
19.5,15.965820626996601,15.9576410613815,2.0318144270535e-42
19.5,15.976274819151099,15.9681006086354,2.04685328159329e-42
19.5,15.9942377076433,15.986072682152399,2.07301333560532e-42
19.5,16.0122006167487,16.004044755669298,2.09958386936934e-42
19.5,16.0226548398786,16.0145043029232,2.11523959392683e-42
19.5,16.0406177814526,16.0324763764402,2.14247508183088e-42
19.5,16.058580743461498,16.0504484499571,2.1701409803425504e-42
19.5,16.0690349972989,16.060907997211,2.1864435268003e-42
19.5,16.0869979914959,16.078880070727898,2.21480672103829e-42
19.5,16.1049610059517,16.096852144245,2.24362129186798e-42
19.5,16.1154152902318,16.1073116914989,2.26060216757566e-42
19.5,16.1333783365984,16.1252837650158,2.29014804601974e-42
19.5,16.1513414030495,16.1432558385327,2.32016734321292e-42
19.5,16.1617957175105,16.1537153857866,2.3378596723952798e-42
19.5,16.1797588155985,16.1716874593036,2.36864602220721e-42
19.5,16.1977219335988,16.1896595328205,2.3999289469587502e-42
19.5,16.2081762779818,16.2001190800744,2.4183675277492803e-42
19.5,16.2261394273481,16.218091153591402,2.4504550401246502e-42
19.5,16.2441025964564,16.2360632271084,2.48306343123973e-42
19.5,16.2545569705056,16.2465227743623,2.50228478601015e-42
19.5,16.2725201707121,16.264494847879302,2.53573713810219e-42
19.5,16.290483390492202,16.2824669213962,2.5697358475606298e-42
19.5,16.3009377939547,16.2929264686501,2.58977826359204e-42
19.5,16.3189010445682,16.310898542167102,2.62466218221565e-42
19.5,16.3368643145889,16.328870615684,2.6601191298296798e-42
19.5,16.3473187472146,16.339330162937898,2.68102268657885e-42
19.5,16.3652820478069,16.3573022364548,2.71740798630153e-42
19.5,16.383245367642,16.3752743099718,2.75439418580109e-42
19.5,16.3936998291836,16.3857338572257,2.7762007639375803e-42
19.5,16.4116631793314,16.4037059307426,2.81416035101904e-42
19.5,16.4296265485593,16.421678004259597,2.8527498978229e-42
19.5,16.440081038772302,16.4321375515135,2.8755031639542204e-42
19.5,16.4580444380571,16.4501096250305,2.9151129947309904e-42
19.5,16.476007856261,16.4680816985474,2.95538300303615e-42
19.5,16.4864623749038,16.4785412458014,2.97912836237752e-42
19.5,16.5044258229115,16.4965133193183,3.02046734179909e-42
19.5,16.5223892896793,16.5144853928352,3.06249781531712e-42
19.5,16.5328438365128,16.5249449400892,3.08728232259224e-42
19.5,16.5508073328342,16.5429170136061,3.1304321247899803e-42
19.5,16.5687708477585,16.560889087123,3.1743057412334e-42
19.5,16.5792254225464,16.571348634377,3.20017795675959e-42
19.5,16.597188966776898,16.589320707894,3.24522274459944e-42
19.5,16.6151525294547,16.6072927814109,3.2910245286849505e-42
19.5,16.6256071319632,16.6177523286648,3.31803430536306e-42
19.5,16.643570723702503,16.6357244021818,3.3650603199033906e-42
19.5,16.6615343337353,16.653696475698702,3.41287717295091e-42
19.5,16.671988963733398,16.6641560229526,3.44107535230003e-42
19.5,16.6899526025858,16.6821280964696,3.4901703350775904e-42
19.5,16.7079162595796,16.7001001699865,3.54009038057952e-42
19.5,16.7183709168387,16.7105597172404,3.56952837309212e-42
19.5,16.7363346024128,16.728531790757298,3.62078077426412e-42
19.5,16.754298305978,16.746503864274402,3.6728924678598e-42
19.5,16.7647529902721,16.7569634115283,3.7036216867830103e-42
19.5,16.7827167221809,16.774935485045198,3.75711959950233e-42
19.5,16.800680471931898,16.7929075585621,3.81151053798832e-42
19.5,16.8111351830375,16.803367105816,3.84358164299784e-42
19.5,16.8290989608982,16.821339179333,3.89941138810265e-42
19.5,16.847062756454,16.8393112528499,3.9561667336670404e-42
19.5,16.857517494150002,16.8497708001039,3.9896286341034604e-42
19.5,16.875481317584,16.8677428736208,4.04787289780235e-42
19.5,16.8934451585677,16.8857149471378,4.10707331207606e-42
19.5,16.9038999226354,16.8961744943917,4.14197186238129e-42
19.5,16.9218637912683,16.914146567908702,4.2027072651746e-42
19.5,16.9398276773069,16.9321186414256,4.26442621651539e-42
19.5,16.9502824675301,16.9425781886795,4.30080251901138e-42
19.5,16.9682463809916,16.960550262196502,4.3640964564649905e-42
19.5,16.986210311716402,16.9785223357134,4.4283967280966805e-42
19.5,16.9966651278812,16.988981882967302,4.4662849344972806e-42
19.5,17.0146290858049,17.006953956484303,4.5321914893506197e-42
19.5,17.0325930608511,17.0249260300012,4.5991206666927804e-42
19.5,17.0430479027459,17.0353855772551,4.6385451394457706e-42
19.5,17.0610119047695,17.0533576507721,4.70709980906056e-42
19.5,17.0789759237765,17.0713297242891,4.7766844632865005e-42
19.5,17.089430791192,17.081789271543,4.8176561190973696e-42
19.5,17.1073948369571,17.0997613450599,4.888869026304581e-42
19.5,17.1253588995677,17.117733418576798,4.96110723081212e-42
19.5,17.135813792297,17.1281929658308,5.00361883874139e-42
19.5,17.1537778814491,17.1461650393478,5.07746600589271e-42
19.5,17.1717419873104,17.1641371128647,5.1523177234155606e-42
19.5,17.1821969051486,17.1745966601186,5.19633786644256e-42
19.5,17.2001610373369,17.1925687336355,5.27275001330714e-42
19.5,17.218125186099698,17.210540807152498,5.35012475812796e-42
19.5,17.2285801288442,17.2210003544064,5.39559008599615e-42
19.5,17.2465443037219,17.2389724279234,5.47443826095741e-42
19.5,17.2645084950407,17.256944501440298,5.5541792795301e-42
19.5,17.2749634624911,17.2674040486942,5.6009845781424e-42
19.5,17.2929276797149,17.2853761222112,5.68206174546846e-42
19.5,17.3108919132478,17.303348195728102,5.76392575343255e-42
19.5,17.3213469052059,17.3138077429821,5.811911227906761e-42
19.5,17.3393111644362,17.331779816499,5.89490869632689e-42
19.5,17.3572754398452,17.349751890016,5.97853995024199e-42
19.5,17.3677304561147,17.3602114372698,6.02747496050139e-42
19.5,17.3856947570157,17.3781835107868,6.11195225262282e-42
19.5,17.4036590739661,17.3961555843037,6.19684942938927e-42
19.5,17.4141141143531,17.4066151315576,6.246411727024171e-42
19.5,17.4320784565923,17.4245872050746,6.33175814196198e-42
19.5,17.4500428147533,17.442559278591602,6.41723213390576e-42
19.5,17.4604978790657,17.4530188258455,6.4669814291181e-42
19.5,17.478462262314302,17.4709908993624,6.55236716272919e-42
19.5,17.4964266613582,17.4889629728794,6.63748749267129e-42
19.5,17.5068817494061,17.4994225201333,6.68683194272132e-42
19.5,17.5248461733388,17.5173945936502,6.77114622432991e-42
19.5,17.5428106129417,17.5353666671672,6.85467338743896e-42
19.5,17.5532657245371,17.5458262144211,6.90282737463655e-42
19.5,17.571230188831898,17.5637982879381,6.9846007149974e-42
19.5,17.5891946686731,17.581770361455,7.0649014509588e-42
19.5,17.59964980363,17.5922299087089,7.11083287805475e-42
19.5,17.6176143079684,17.6102019822259,7.188140375314621e-42
19.5,17.6355788277308,17.6281740557429,7.26308286004811e-42
19.5,17.6460339858651,17.638633602996702,7.30544826819707e-42
19.5,17.6639985299319,17.6566056765137,7.37579123757188e-42
19.5,17.6819630893015,17.6745777500307,7.44261781532337e-42
19.5,17.6924182704312,17.6850372972846,7.479684175887811e-42
19.5,17.7103828539144,17.7030093708015,7.53984868917883e-42
19.5,17.7283474525806,17.7209814443185,7.59502568952572e-42
19.5,17.7388026565254,17.7314409915723,7.62457160137963e-42
19.5,17.756767279116502,17.7494130650893,7.67046872734702e-42
19.5,17.7747319167719,17.7673851386063,7.7095214029119e-42
19.5,17.7851871433535,17.7778446858601,7.72876971180306e-42
19.5,17.8031518047471,17.7958167593772,7.755254794914321e-42
19.5,17.8211164810873,17.813788832893998,7.77258374393629e-42
19.5,17.8365379751899,17.8292166650936,7.77937535711438e-42
19.5,17.871569161712,17.8642622084517,7.76315299675341e-42
19.5,17.9066004044189,17.8993077518097,7.69552772203307e-42
19.5,17.9269882244781,17.919703868954898,7.62854920440687e-42
19.5,17.9620195553978,17.9547494123129,7.45862115175842e-42
19.5,17.9970509416578,17.989794955670998,7.209552012669551e-42
19.5,18.017438844877102,18.0101910728161,7.02362738789683e-42
19.5,18.0524703180272,18.0452366161741,6.62649229171274e-42
19.5,18.08750184569,18.0802821595322,6.12393351770971e-42
19.5,18.107889830825602,18.1006782766773,5.78123349071619e-42
19.5,18.1429214440822,18.135723820035302,5.10972214290781e-42
19.5,18.1779531110403,18.1707693633935,4.3594312166200205e-42
19.5,18.1983411768732,18.1911654805386,3.9207773157149e-42
19.5,18.233372928154303,18.2262110238966,3.2083456967256e-42
19.5,18.2684047323417,18.2612565672547,2.55386519214309e-42
19.5,18.2887928776768,18.281652684399802,2.20174469238103e-42
19.5,18.3238247649416,18.3166982277578,1.64996403114055e-42
19.5,18.358856704333,18.3517437711159,1.17048731815e-42
19.5,18.379244927998897,18.372139888261,9.26878288340598e-43
19.5,18.4142769492465,18.407185431619098,5.728532544931351e-43
19.5,18.4493090218563,18.4422309749772,3.0411968831434505e-43
19.5,18.4696973227042,18.462627092122197,1.8794035016556404e-43
19.5,18.5047294759729,18.4976726354804,5.680444369659729e-44
19.5,18.539761679854102,18.5327181788384,4.6033647029527296e-45
19.5,18.5685103069326,18.5614777151261,0.0
20.0,0.51099907,0.0,0.0
20.0,0.523297669526844,0.11278475691050201,2.5635435189435898e-48
20.0,0.71518446587356,0.500368634794373,4.48024259544633e-47
20.0,1.0244899776535,0.887952512678242,1.44306863140238e-46
20.0,1.22517400929005,1.11352202649925,2.3163134227399497e-46
20.0,1.58569826439797,1.50110590438312,4.38041552982422e-46
20.0,1.95659631584561,1.888689782267,7.24023384111078e-46
20.0,2.17513503503469,2.11425929608799,9.31370378250956e-46
20.0,2.55349550943222,2.50184317397187,1.36629031076847e-45
20.0,2.93426459910087,2.88942705185574,1.912670137872e-45
20.0,3.1566316943411,3.11499656567674,2.28818800624747e-45
20.0,3.53965956175931,3.50258044356061,3.0444752483158296e-45
20.0,3.92358235511637,3.89016432144449,3.95881228256094e-45
20.0,4.14733469258149,4.11573383526548,4.57286638219126e-45
20.0,4.53221694925405,4.50331771314936,5.78678245065447e-45
20.0,4.91752360672649,4.89090159103324,7.22774429784108e-45
20.0,5.14192538027821,5.11647110485424,8.18458633075242e-45
20.0,5.5277247853475,5.50405498273811,1.0058964655563001e-44
20.0,5.91375756296552,5.89163886062198,1.2264216521587501e-44
20.0,6.13851434354406,6.11720837444298,1.3720811784539499e-44
20.0,6.52483274080434,6.50479225232685,1.65627518306235e-44
20.0,6.91129284358863,6.89237613021072,1.98947776923875e-44
20.0,7.13626444583797,7.11794564403173,2.2091973162405999e-44
20.0,7.52290458891295,7.5055295219156,2.6375746498141696e-44
20.0,7.90963710871964,7.89311339979947,3.139913617926e-44
20.0,8.13474844733713,8.11868291362047,3.47147029932046e-44
20.0,8.52160165566254,8.50626679150435,4.1189879747862397e-44
20.0,8.90851838292531,8.89385066938822,4.88059786532593e-44
20.0,9.13372566521814,9.11942018320922,5.38480770441846e-44
20.0,9.52072719214144,9.50700406109309,6.3732451710871e-44
20.0,9.90777424710966,9.89458793897697,7.5423603507066e-44
20.0,10.133050227792399,10.120157452798,8.320261060928731e-44
20.0,10.5201591205675,10.5077413306818,9.854202676312539e-44
20.0,10.907301749284699,10.895325208565701,1.16835639967255e-43
20.0,11.1326285968746,11.120894722386701,1.29095542328539e-43
20.0,11.5198176957115,11.5084786002706,1.5346917362530503e-43
20.0,11.9070324822642,11.896062478154402,1.8286682501533603e-43
20.0,12.132398039894,12.121631991975498,2.0276043297457902e-43
20.0,12.5196486263905,12.5092158698593,2.42746266184879e-43
20.0,12.9069192212135,12.896799747743199,2.91705849338395e-43
20.0,13.1323149172713,13.122369261564199,3.25267500309222e-43
20.0,13.5196136734606,13.509953139448001,3.9371933251950604e-43
20.0,13.9069283164059,13.8975370173319,4.79236985165628e-43
20.0,14.1323479344317,14.1231065311529,5.38881393564377e-43
20.0,14.5196851273178,14.5106904090368,6.6295584283765806e-43
20.0,14.907035143779,14.898274286920701,8.22248873044479e-43
20.0,15.132474066020201,15.123843800741701,9.35989951161435e-43
20.0,15.5198424179749,15.5114276786256,1.1790868994495102e-42
20.0,15.9072212697115,15.8990115565095,1.50309020639059e-42
20.0,16.0253161988194,16.01716701613,1.6228486438416502e-42
20.0,16.0437631993276,16.0356233912673,1.64259418972621e-42
20.0,16.0622102213744,16.0540797664047,1.66263455748659e-42
20.0,16.0729461932854,16.0648211718247,1.6744356435835902e-42
20.0,16.0913932492545,16.083277546962,1.69495327297726e-42
20.0,16.1098403265714,16.1017339220994,1.71577961877265e-42
20.0,16.1205763305616,16.112475327519398,1.7280446449257902e-42
20.0,16.1390234415009,16.1309317026567,1.7493708207444702e-42
20.0,16.1574705735996,16.149388077794,1.77102035973454e-42
20.0,16.1682066093858,16.1601294832141,1.78377133748419e-42
20.0,16.1866537748106,16.1785858583514,1.80594449827222e-42
20.0,16.2051009612084,16.197042233488702,1.82845646383631e-42
20.0,16.2158370285107,16.2077836389087,1.84171659920114e-42
20.0,16.2342842479418,16.226240014046102,1.86477727059146e-42
20.0,16.2527314881619,16.2446963891834,1.88819302765557e-42
20.0,16.2634675867038,16.255437794603502,1.90198678793273e-42
20.0,16.2819148596676,16.2738941697408,1.92597769885034e-42
20.0,16.3003621532385,16.2923505448781,1.9503408618499102e-42
20.0,16.3110982827466,16.3030919502982,1.96469404505779e-42
20.0,16.3295456087751,16.3215483254355,1.9896602483525902e-42
20.0,16.347992955231,16.340004700572802,2.0150168034586e-42
20.0,16.358729115435,16.350746105992798,2.0299566101713502e-42
20.0,16.3771764940658,16.369202481130202,2.0559456071844e-42
20.0,16.3956238929461,16.3876588562676,2.08234403821757e-42
20.0,16.4063600835791,16.3984002616876,2.09789914541854e-42
20.0,16.4248075143547,16.4168566368249,2.12496101376962e-42
20.0,16.4432549652043,16.4353130119622,2.15245243102543e-42
20.0,16.4539911860023,16.4460544173823,2.16865306744789e-42
20.0,16.4724386684709,16.4645107925196,2.19684059103724e-42
20.0,16.4908861708399,16.482967167657,2.2254788616209197e-42
20.0,16.5016224215419,16.493708573077,2.2423568838393e-42
20.0,16.5200699552568,16.512164948214302,2.2717256836655602e-42
20.0,16.5385175087004,16.5306213233517,2.3015675624309e-42
20.0,16.5492537890486,16.541362728771702,2.31915653074228e-42
20.0,16.5677013735681,16.559819103909,2.3497651947371e-42
20.0,16.5861489776467,16.5782754790464,2.3808704529948402e-42
20.0,16.5968852873861,16.5890168844664,2.39920570576379e-42
20.0,16.6153329222737,16.6074732596037,2.4311159151653498e-42
20.0,16.6337805765527,16.625929634741098,2.4635474647223e-42
20.0,16.6445169154312,16.6366710401611,2.4826661894701802e-42
20.0,16.6629646002554,16.655127415298402,2.51594283853251e-42
20.0,16.681412304305102,16.6735837904357,2.54976684811668e-42
20.0,16.6921486720736,16.6843251958558,2.5697081471651702e-42
20.0,16.710596406407802,16.7027815709932,2.60441945213003e-42
20.0,16.7290441598035,16.7212379461305,2.6397054505727804e-42
20.0,16.7397805562156,16.7319793515505,2.66051039831152e-42
20.0,16.7582283396378,16.7504357266878,2.6967279900945603e-42
20.0,16.7766761419596,16.768892101825198,2.7335489511405902e-42
20.0,16.7874125667718,16.7796335072452,2.75526063922856e-42
20.0,16.8058603988651,16.798089882382502,2.79305963328749e-42
20.0,16.8243082496977,16.8165462575199,2.83149203416328e-42
20.0,16.8350447026692,16.827287662939902,2.85415559989625e-42
20.0,16.8534925830213,16.8457440380772,2.89361463399562e-42
20.0,16.8719404819543,16.8642004132146,2.93373847803314e-42
20.0,16.882676962847,16.8749418186346,2.95740110977425e-42
20.0,16.901124891050202,16.8933981937719,2.99860233868746e-42
20.0,16.9195728376776,16.9118545689093,3.04050112959869e-42
20.0,16.930309346256102,16.9225959743293,3.06521204148419e-42
20.0,16.9487573219074,16.941052349466602,3.10824107405267e-42
20.0,16.9672053158279,16.959508724604,3.15200172598838e-42
20.0,16.977941851859498,16.9702501300241,3.1778120919667e-42
20.0,16.9963898745602,16.9887065051614,3.22275785216288e-42
20.0,17.014837915377,17.0071628802987,3.26847051534162e-42
20.0,17.0255744786314,17.0179042857187,3.29543334998671e-42
20.0,17.0440225479874,17.036360660856,3.34238783848583e-42
20.0,17.0624706353081,17.0548170359934,3.39014561461688e-42
20.0,17.073207225557802,17.0655584414135,3.41831558388139e-42
20.0,17.0916553411794,17.084014816550702,3.46737351021348e-42
20.0,17.1101034746158,17.102471191688,3.5172720247964403e-42
20.0,17.1208400916357,17.113212597108102,3.54670516776171e-42
20.0,17.1392882531375,17.1316689722454,3.5979634149435905e-42
20.0,17.157736432306002,17.1501253473827,3.65010020472902e-42
20.0,17.1684730758735,17.1608667528028,3.6808535378642004e-42
20.0,17.186921282874398,17.1793231279402,3.7344104107604704e-42
20.0,17.2053695073954,17.1977795030774,3.78888407194928e-42
20.0,17.2161061772904,17.2085209084975,3.82101504392116e-42
20.0,17.2345544294134,17.226977283634902,3.87696923910913e-42
20.0,17.2530026989117,17.2454336587722,3.933878269936e-42
20.0,17.2637393949165,17.256175064192302,3.96744402346206e-42
20.0,17.2821876917887,17.2746314393295,4.0258932411958196e-42
20.0,17.3006360058931,17.2930878144669,4.0853344888266304e-42
20.0,17.3113727277924,17.303829219887,4.12039087483326e-42
20.0,17.3298210690453,17.3222855950243,4.18142997120187e-42
20.0,17.3482694273886,17.3407419701616,4.2434965724880904e-42
20.0,17.3590061749694,17.3514833755816,4.280096845591071e-42
20.0,17.3774545602383,17.3699397507189,4.34381539440529e-42
20.0,17.3959029624574,17.3883961258563,4.4085940669169405e-42
20.0,17.406639735509298,17.399137531276402,4.44678717363633e-42
20.0,17.4250881644335,17.4175939064137,4.5132662707328905e-42
20.0,17.4435366101693,17.436050281551,4.58083376861634e-42
20.0,17.4542734084837,17.446791686971,4.62066211037627e-42
20.0,17.4727218807065,17.4652480621083,4.6899702050888705e-42
20.0,17.4911703696038,17.4837044372457,4.7603887034054804e-42
20.0,17.501907192974897,17.4944458426658,4.80188522605675e-42
20.0,17.5203557081434,17.5129022178031,4.87407270313648e-42
20.0,17.538804239850702,17.5313585929404,4.947383805215e-42
20.0,17.5495410880746,17.542099998360502,4.9905682247239505e-42
20.0,17.567989645839802,17.5605563734978,5.0656603807074404e-42
20.0,17.586438220009597,17.579012748634998,5.141877355740651e-42
20.0,17.5971750928847,17.5897541540552,5.1867512703913796e-42
20.0,17.615623692901302,17.6082105291925,5.26473922476883e-42
20.0,17.6340723091898,17.6266669043298,5.3438369695273606e-42
20.0,17.6448092065166,17.6374083097498,5.390377542197071e-42
20.0,17.6632578484431,17.6558646848872,5.47120649449934e-42
20.0,17.6817065065102,17.6743210600245,5.55310856785737e-42
20.0,17.6924434280915,17.685062465444602,5.60126036912103e-42
20.0,17.7108921115899,17.7035188405818,5.68481443977684e-42
20.0,17.7293408110992,17.721975215719198,5.76937633273199e-42
20.0,17.7400777567397,17.7327166211393,5.81904081776505e-42
20.0,17.7585264814759,17.7511729962766,5.90512349826179e-42
20.0,17.7769752220944,17.769629371414,5.99211106628822e-42
20.0,17.787712191601,17.7803707768339,6.043133013308851e-42
20.0,17.8061609572443,17.7988271519713,6.13144198062275e-42
20.0,17.8246097386427,17.8172835271086,6.2205036688716e-42
20.0,17.8353467318245,17.8280249325286,6.272653721772291e-42
20.0,17.853795538047702,17.846481307666,6.36274843086882e-42
20.0,17.8722443599003,17.8649376828034,6.45337956131818e-42
20.0,17.8829813765682,17.8756790882233,6.506331795220361e-42
20.0,17.9014302230476,17.894135463360602,6.59759186096157e-42
20.0,17.919879085032,17.912591838498,6.689088812776231e-42
20.0,17.930616124999098,17.923333243918,6.7423919768108e-42
20.0,17.9490650114145,17.9417896190554,6.83396388230427e-42
20.0,17.9675139132117,17.9602459941927,6.92536550675643e-42
20.0,17.978250976293,17.9709873996127,6.97840630513977e-42
20.0,17.9966999023275,17.9894437747501,7.06913546208682e-42
20.0,18.015148843622,18.007900149887398,7.15914856770225e-42
20.0,18.025885929634498,18.0186415553075,7.21110505043621e-42
20.0,18.0443348949746,18.0370979304448,7.29944976507063e-42
20.0,18.0627838754541,18.0555543055821,7.38635507698622e-42
20.0,18.0735209842166,18.0662957110022,7.43613800083142e-42
20.0,18.091969988552,18.0847520861395,7.52006162252048e-42
20.0,18.1104190079077,18.1032084612768,7.60159650561131e-42
20.0,18.1211561392409,18.1139498666969,7.64777654598048e-42
20.0,18.1396051822648,18.1324062418342,7.72461432053425e-42
20.0,18.1580542401909,18.150862616971498,7.79782913795056e-42
20.0,18.168791393917502,18.1616040223916,7.838548377533e-42
20.0,18.1872404753261,18.1800603975289,7.904846898578901e-42
20.0,18.2056895715201,18.1985167726663,7.96592052658221e-42
20.0,18.2164267474646,18.2092581780863,7.99878971970533e-42
20.0,18.2348758669573,18.2277145532236,8.05012396757964e-42
20.0,18.2533250011198,18.246170928361,8.09422782691146e-42
20.0,18.2640621991085,18.256912333781,8.116207965256421e-42
20.0,18.2825113563879,18.2753687089183,8.146972355842561e-42
20.0,18.3009605282227,18.293825084055698,8.167976475211301e-42
20.0,18.3167979292372,18.3096686570502,8.177363958297001e-42
20.0,18.3527738802024,18.345658588568,8.16472308116547e-42
20.0,18.388749885881698,18.3816485200858,8.09668473737053e-42
20.0,18.4096875468278,18.4025942606548,8.02720340145671e-42
20.0,18.4456636384105,18.4385841921726,7.8482858699056e-42
20.0,18.481639783884802,18.4745741236904,7.58324213792121e-42
20.0,18.5025775258141,18.4955198642596,7.38433540628093e-42
20.0,18.5385537559037,18.5315097957773,6.95791157928763e-42
20.0,18.5745300390789,18.5674997272951,6.416931575944371e-42
20.0,18.595467860779998,18.5884454678642,6.04797742050773e-42
20.0,18.6314442273081,18.624435399382,5.3273307804485204e-42
20.0,18.667420646131802,18.6604253308998,4.5362608962443e-42
20.0,18.6883585464175,18.6813710714689,4.08462079303124e-42
20.0,18.7243350473566,18.7173610029867,3.3502158882680604e-42
20.0,18.7603115998168,18.7533509345045,2.6734852307429404e-42
20.0,18.7812495775233,18.7742966750736,2.3084458337229502e-42
20.0,18.8172262108859,18.8102866065914,1.7348525032462103e-42
20.0,18.8532028950103,18.846276538109198,1.2345575417982201e-42
20.0,18.8741409489967,18.867222278678298,9.79554922954368e-43
20.0,18.9101177128342,18.903212210196003,6.07715126905301e-43
20.0,18.946094526689098,18.9392021417138,3.2410788226888204e-43
20.0,18.9670326558367,18.9601478822829,2.00952159012801e-43
20.0,19.0030095482386,18.9961378138006,6.12231887382765e-44
20.0,19.038986489928,19.032127745318398,5.05179665562918e-45
20.0,19.0685103992296,19.0616622778809,0.0
