0,0,0,0,0,0,0,0,0,0,0,0,0,0,0,0,0,0,0,0,0.0,1.1978486637998156e-05,5.986446684705825e-05,2.3888298317069383e-05,1.1941296585983306e-05,1.1938017811522576e-05,0.0,0.0,3.5956133517109125e-05,1.194372118577264e-05,3.592384145611304e-05,1.1937590278026478e-05,0.0,1.198063928691235e-05,0.0,1.1915542633811544e-05,1.1984228754958477e-05,0.0,0.0,1.1895415506863654e-05,0.0,3.581448098847968e-05,0.0,1.194614677035922e-05,0.0,0.0,1.2008405884118884e-05,2.391800906492544e-05,3.592384145611304e-05,1.1913271384322135e-05,4.769228934911948e-05,2.384131222582491e-05,1.1980208695235473e-05,1.1952715059225703e-05,1.1923072337279873e-05,3.5743646566822746e-05,0.0,0.0,0.0,0.0,0.0,2.3820299659369715e-05,1.1889475436343748e-05,0.0,3.589074856137916e-05,1.19115685153421e-05,0.0,2.3692752387044804e-05,0.0,0.0,0.0,2.372282254142598e-05,0.0,2.3779799060697937e-05,2.3872615722504715e-05,2.3738872403560832e-05,2.3809807259610234e-05,2.370595137909372e-05,1.1877330926194266e-05,1.1874087179548072e-05,4.749240121580547e-05,2.3797341836916815e-05,0.0,1.193659281894576e-05,2.3855246365056835e-05,2.3799890520503604e-05,0.0,1.1928192282459593e-05,0.0,1.1927907725705834e-05,2.3792529145848203e-05,1.1783976149232274e-05,2.3878316101148543e-05,3.571471088941535e-05,2.376595289588136e-05,2.3798757704847807e-05,1.1811953697141509e-05,1.1804981702278362e-05,3.576154203769266e-05,1.1932462263588092e-05,1.1788838327871172e-05,4.7416961046966496e-05,0.0,2.3719446388121302e-05,1.1910575399897569e-05,2.373690019820312e-05,2.370286093531489e-05,1.18338993881874e-05,1.186845009910156e-05,3.540616775442282e-05,1.1847358631393132e-05,1.1858598076535391e-05,0.0,1.1864225799945424e-05,1.1823405613752984e-05,3.560196997567199e-05,0.0,0.0,1.1817816540216027e-05,0.0,1.1840064409950392e-05,4.7246140580891296e-05,2.372085300187395e-05,1.1886790210039584e-05,1.1920087731845708e-05,4.734792438536476e-05,1.1848341232227488e-05,0.0,1.182228737616154e-05,1.1771353234767868e-05,1.1789811245121964e-05,1.1908589665725888e-05,2.3543815039789048e-05,0.0,2.3632002457728252e-05,0.0,1.182284646851576e-05,2.3731548720869524e-05,4.735521144101908e-05,1.180595728604654e-05,2.369331374686064e-05,0.0,2.367059993135526e-05,0.0,1.175488709430946e-05,0.0,2.35626767200754e-05,2.3571563266075805e-05,1.1810837624604337e-05,1.1886083773118431e-05,1.1745774457638865e-05,2.3577676655742344e-05,3.54421407052986e-05,0.0,1.181879424661096e-05,0.0,1.1803866946811776e-05,1.1788282447247436e-05,0.0,1.1747292249136574e-05,0.0,1.1821169350072108e-05,0.0,3.5408257205580345e-05,1.1747568253371553e-05,1.180052394326308e-05,0.0,2.357906650475708e-05,2.365296371635366e-05,1.1797043660858588e-05,0.0,0.0,2.366527830367285e-05,1.1682925404521292e-05,1.1857894986482e-05,1.183193913650508e-05,1.1690027237763463e-05,5.8606341206118495e-05,1.1810279667422523e-05,0.0,1.1742740050963492e-05,1.1772739045466318e-05,2.3468944718900717e-05,2.3643177170148124e-05,1.1780228065215345e-05,2.3494860499265785e-05,2.3470597209345992e-05,1.1715363527730266e-05,2.348658328929599e-05,2.3424140919631773e-05,1.1834599635494332e-05,1.1679377722754932e-05,0.0,2.343814088666487e-05,1.174715425188248e-05,1.1766782373360003e-05,4.699855479444007e-05,2.347776069118528e-05,1.1714265632687487e-05,1.18058179070646e-05,3.498011963200914e-05,0.0,1.1717285339332584e-05,4.688397388562655e-05,4.6780890006432365e-05,3.520754849839806e-05,2.3356300362022656e-05,0.0,1.1674060238150827e-05,2.341481689613187e-05,1.1683744406407364e-05,0.0,1.1724841421519772e-05,2.3490997075370863e-05,1.1731856683638752e-05,0.0,0.0,4.70566091007482e-05,0.0,0.0,0.0,0.0,0.0,0.0,0.0,0.0,0.0,0.0,0.0,0.0,0.0,0.0,0.0,0.0,0.0,0.0,0.0,0.0,0.0,0.0
0,0,0,0,0,0,0,0,0,0,0,0,0,0,0,0,0,0,0,0,0.0,0.0,1.1972893369411652e-05,2.3888298317069383e-05,0.0,1.1938017811522576e-05,0.0,0.0,0.0,1.194372118577264e-05,1.1974613818704346e-05,0.0,0.0,0.0,0.0,0.0,1.1984228754958477e-05,0.0,0.0,1.1895415506863654e-05,0.0,1.1938160329493224e-05,1.1868027533823878e-05,0.0,1.1949001660911231e-05,1.1970027052261138e-05,1.2008405884118884e-05,0.0,1.1974613818704346e-05,0.0,0.0,0.0,0.0,1.1952715059225703e-05,1.1923072337279873e-05,0.0,0.0,0.0,0.0,0.0,0.0,0.0,1.1889475436343748e-05,0.0,0.0,0.0,1.1931750387781888e-05,1.1846376193522402e-05,0.0,0.0,1.189032365460988e-05,0.0,0.0,1.1889899530348968e-05,1.1936307861252356e-05,1.1869436201780416e-05,1.1904903629805115e-05,1.185297568954686e-05,0.0,0.0,1.1873100303951368e-05,0.0,0.0,0.0,0.0,1.1899945260251802e-05,1.19192352618656e-05,0.0,0.0,1.1927907725705834e-05,0.0,1.1783976149232274e-05,0.0,0.0,1.188297644794068e-05,2.3798757704847807e-05,1.1811953697141509e-05,0.0,0.0,1.1932462263588092e-05,0.0,0.0,1.183207913294524e-05,0.0,1.1910575399897569e-05,2.373690019820312e-05,0.0,1.18338993881874e-05,0.0,0.0,0.0,0.0,1.1835440041660748e-05,0.0,1.1823405613752984e-05,1.1867323325223996e-05,0.0,0.0,0.0,0.0,1.1840064409950392e-05,1.1811535145222824e-05,0.0,0.0,1.1920087731845708e-05,0.0,1.1848341232227488e-05,1.187860070083744e-05,0.0,1.1771353234767868e-05,0.0,1.1908589665725888e-05,0.0,0.0,0.0,0.0,0.0,2.3731548720869524e-05,1.183880286025477e-05,0.0,0.0,0.0,0.0,1.183431952662722e-05,0.0,1.1782171218512148e-05,0.0,0.0,0.0,0.0,1.1745774457638865e-05,0.0,1.18140469017662e-05,0.0,1.181879424661096e-05,0.0,1.1803866946811776e-05,0.0,0.0,1.1747292249136574e-05,1.176401388153638e-05,0.0,0.0,0.0,0.0,1.180052394326308e-05,0.0,0.0,0.0,0.0,2.3718883789328876e-05,0.0,2.366527830367285e-05,1.1682925404521292e-05,0.0,0.0,1.1690027237763463e-05,2.34425364824474e-05,1.1810279667422523e-05,0.0,2.3485480101926984e-05,1.1772739045466318e-05,0.0,0.0,1.1780228065215345e-05,0.0,1.1735298604672996e-05,0.0,0.0,0.0,0.0,1.1679377722754932e-05,0.0,0.0,1.174715425188248e-05,0.0,0.0,0.0,0.0,3.5417453721193805e-05,0.0,2.3524430120680328e-05,1.1717285339332584e-05,0.0,1.1695222501608091e-05,0.0,1.1678150181011328e-05,0.0,0.0,1.1707408448065936e-05,0.0,1.1711384637005631e-05,0.0,1.1745498537685431e-05,0.0,1.1719894520949311e-05,0.0,0.0,0.0,0.0,0.0,0.0,0.0,0.0,0.0,0.0,0.0,0.0,0.0,0.0,0.0,0.0,0.0,0.0,0.0,0.0,0.0,0.0,0.0,0.0
0,0,0,0,0,0,0,0,0,0,0,0,0,0,0,0,0,0,0,0,2.1420615200068542e-05,0.0,3.591868010823496e-05,1.1944149158534692e-05,0.0,0.0,1.199774442404828e-05,0.0,0.0,1.194372118577264e-05,2.3949227637408693e-05,1.1937590278026478e-05,1.1965873329264935e-05,0.0,0.0,0.0,0.0,0.0,3.597424244241123e-05,0.0,1.1993859144118212e-05,2.3876320658986448e-05,1.1868027533823878e-05,1.194614677035922e-05,0.0,0.0,0.0,1.1959004532462718e-05,1.1974613818704346e-05,0.0,1.1923072337279873e-05,2.384131222582491e-05,1.1980208695235473e-05,1.1952715059225703e-05,0.0,0.0,0.0,1.1968880909634949e-05,1.194500519607726e-05,2.394378000454932e-05,0.0,0.0,0.0,0.0,1.1963582853793054e-05,0.0,0.0,0.0,1.1858738704551385e-05,0.0,1.189032365460988e-05,0.0,2.368068958168062e-05,1.1889899530348968e-05,1.1936307861252356e-05,1.1869436201780416e-05,0.0,0.0,0.0,0.0,0.0,0.0,0.0,0.0,0.0,1.1899945260251802e-05,0.0,0.0,1.1936735302894658e-05,0.0,0.0,0.0,1.1939158050574271e-05,0.0,0.0,0.0,1.1811953697141509e-05,0.0,1.192051401256422e-05,1.1932462263588092e-05,0.0,0.0,0.0,0.0,2.3821150799795138e-05,1.186845009910156e-05,0.0,1.18338993881874e-05,0.0,0.0,0.0,0.0,0.0,1.1864225799945424e-05,3.547021684125896e-05,1.1867323325223996e-05,0.0,0.0,0.0,0.0,1.1840064409950392e-05,1.1811535145222824e-05,0.0,0.0,0.0,0.0,0.0,0.0,1.182228737616154e-05,0.0,0.0,1.1908589665725888e-05,0.0,1.1837401453632898e-05,1.1816001228864128e-05,1.1865351985666654e-05,1.182284646851576e-05,0.0,0.0,0.0,1.1846656873430318e-05,0.0,0.0,0.0,0.0,1.1782171218512148e-05,0.0,0.0,0.0,1.1886083773118431e-05,1.1745774457638865e-05,0.0,0.0,1.1794956476610602e-05,0.0,0.0,0.0,1.1788282447247436e-05,1.1750881316098707e-05,0.0,1.176401388153638e-05,0.0,2.347555607723458e-05,1.1802752401860111e-05,1.1747568253371553e-05,0.0,1.17678901349777e-05,0.0,0.0,1.1797043660858588e-05,0.0,0.0,0.0,0.0,0.0,0.0,0.0,0.0,0.0,0.0,1.1742740050963492e-05,0.0,0.0,0.0,0.0,0.0,1.1735298604672996e-05,0.0,0.0,0.0,0.0,0.0,0.0,0.0,0.0,1.1766782373360003e-05,1.1749638698610018e-05,1.1738880345592638e-05,0.0,0.0,0.0,0.0,0.0,0.0,0.0,0.0,1.1678150181011328e-05,0.0,0.0,0.0,1.1683744406407364e-05,0.0,1.1724841421519772e-05,0.0,0.0,1.1719894520949311e-05,0.0,0.0,0.0,0.0,0.0,0.0,0.0,0.0,0.0,0.0,0.0,0.0,0.0,0.0,0.0,0.0,0.0,0.0,0.0,0.0,0.0,0.0,0.0,0.0
0,0,0,0,0,0,0,0,0,0,0,0,0,0,0,0,0,0,0,0,4.2841230400137085e-05,3.593545991399447e-05,1.1972893369411652e-05,7.166489495120815e-05,1.1941296585983306e-05,4.77520712460903e-05,0.0,0.0,2.3970755678072752e-05,0.0,2.3949227637408693e-05,1.1937590278026478e-05,0.0,1.198063928691235e-05,1.1932462263588092e-05,3.574662790143463e-05,0.0,0.0,2.3982828294940823e-05,2.3790831013727308e-05,2.398771828823642e-05,1.1938160329493224e-05,1.1868027533823878e-05,1.194614677035922e-05,0.0,1.1970027052261138e-05,1.2008405884118884e-05,1.1959004532462718e-05,0.0,0.0,0.0,0.0,1.1980208695235473e-05,0.0,0.0,0.0,1.1954001004136084e-05,0.0,0.0,1.197189000227466e-05,0.0,3.573044948905457e-05,2.3778950872687495e-05,0.0,0.0,2.38231370306842e-05,3.579525116334566e-05,0.0,1.1858738704551385e-05,0.0,0.0,0.0,0.0,0.0,2.3872615722504715e-05,1.1869436201780416e-05,1.1904903629805115e-05,1.185297568954686e-05,1.1877330926194266e-05,0.0,0.0,1.1898670918458407e-05,0.0,1.193659281894576e-05,2.3855246365056835e-05,0.0,1.19192352618656e-05,2.3856384564919185e-05,2.387347060578932e-05,1.1927907725705834e-05,0.0,1.1783976149232274e-05,0.0,0.0,1.188297644794068e-05,0.0,0.0,3.541494510683508e-05,0.0,0.0,1.1788838327871172e-05,0.0,0.0,0.0,1.1910575399897569e-05,0.0,0.0,2.36677987763748e-05,1.186845009910156e-05,1.180205591814094e-05,0.0,1.1858598076535391e-05,0.0,1.1864225799945424e-05,1.1823405613752984e-05,1.1867323325223996e-05,2.3709604760888634e-05,1.1728279226871834e-05,0.0,2.357378595002357e-05,2.3680128819900785e-05,2.3623070290445648e-05,0.0,1.1886790210039584e-05,0.0,1.1836981096341189e-05,0.0,1.187860070083744e-05,1.182228737616154e-05,3.531405970430361e-05,1.1789811245121964e-05,1.1908589665725888e-05,1.1771907519894524e-05,1.1837401453632898e-05,1.1816001228864128e-05,2.373070397133331e-05,0.0,0.0,0.0,1.180595728604654e-05,1.1846656873430318e-05,0.0,0.0,0.0,0.0,0.0,0.0,0.0,1.1810837624604337e-05,1.1886083773118431e-05,1.1745774457638865e-05,0.0,1.18140469017662e-05,0.0,1.181879424661096e-05,2.3575175340366592e-05,2.3607733893623552e-05,0.0,0.0,1.1747292249136574e-05,0.0,0.0,1.173777803861729e-05,0.0,1.1747568253371553e-05,1.180052394326308e-05,0.0,1.1789533252378538e-05,0.0,1.1797043660858588e-05,2.3718883789328876e-05,1.1796626164916831e-05,0.0,0.0,0.0,1.183193913650508e-05,0.0,0.0,0.0,0.0,0.0,0.0,1.1734472359450357e-05,0.0,0.0,2.3494860499265785e-05,1.1735298604672996e-05,0.0,0.0,0.0,1.1834599635494332e-05,0.0,0.0,1.1719070443332436e-05,1.174715425188248e-05,0.0,0.0,1.1738880345592638e-05,0.0,1.18058179070646e-05,0.0,0.0,0.0,0.0,0.0,0.0,1.1678150181011328e-05,0.0,0.0,0.0,1.1683744406407364e-05,0.0,0.0,0.0,1.1731856683638752e-05,0.0,0.0,0.0,3.5546708374804495e-05,3.5543339178238e-05,3.5539970620290955e-05,3.5536602700781806e-05,3.5533235419529066e-05,3.552986877635132e-05,3.5526502771067216e-05,3.5523137403495474e-05,3.5519772673454885e-05,3.551640858076431e-05,3.551304512524267e-05,3.5509682306708964e-05,3.550632012498225e-05,3.5502958579881656e-05,3.5499597671226394e-05,3.5496237398835724e-05,3.549287776252899e-05,3.548951876212559e-05,3.5486160397445e-05,3.548280266830676e-05,3.547944557453049e-05,3.547608911593586e-05
0,0,0,0,0,0,0,0,0,0,0,0,0,0,0,0,0,0,0,0,0.0,0.0,1.1972893369411652e-05,1.1944149158534692e-05,3.582388975794992e-05,4.77520712460903e-05,2.399548884809656e-05,1.1983797905232126e-05,2.3970755678072752e-05,0.0,1.1974613818704346e-05,1.1937590278026478e-05,1.1965873329264935e-05,2.39612785738247e-05,2.3864924527176184e-05,0.0,1.1984228754958477e-05,2.3684054710166385e-05,1.1991414147470411e-05,0.0,1.1993859144118212e-05,3.581448098847968e-05,2.373605506764776e-05,0.0,1.1949001660911231e-05,1.1970027052261138e-05,1.2008405884118884e-05,1.1959004532462718e-05,2.3949227637408693e-05,3.57398141529664e-05,0.0,0.0,1.1980208695235473e-05,1.1952715059225703e-05,1.1923072337279873e-05,2.3829097711215165e-05,0.0,2.3937761819269897e-05,1.194500519607726e-05,1.197189000227466e-05,2.383250515377924e-05,3.573044948905457e-05,2.3778950872687495e-05,1.1912136084242628e-05,2.3927165707586107e-05,0.0,1.1931750387781888e-05,3.553912858056721e-05,1.1858738704551385e-05,2.387518055605296e-05,1.189032365460988e-05,4.744564508285196e-05,1.184034479084031e-05,0.0,2.3872615722504715e-05,0.0,1.1904903629805115e-05,0.0,1.1877330926194266e-05,0.0,0.0,2.3797341836916815e-05,0.0,0.0,2.3855246365056835e-05,1.1899945260251802e-05,1.19192352618656e-05,1.1928192282459593e-05,4.774694121157863e-05,2.3855815451411668e-05,1.1896264572924102e-05,1.1783976149232274e-05,1.1939158050574271e-05,1.1904903629805115e-05,1.188297644794068e-05,0.0,5.9059768485707536e-05,0.0,2.3841028025128443e-05,0.0,0.0,1.1854240261741626e-05,0.0,1.1859723194060651e-05,1.1910575399897569e-05,1.186845009910156e-05,2.370286093531489e-05,0.0,0.0,2.360411183628188e-05,0.0,0.0,0.0,1.1864225799945424e-05,0.0,0.0,1.1854802380444316e-05,0.0,0.0,1.1786892975011788e-05,0.0,0.0,0.0,1.1886790210039584e-05,2.3840175463691413e-05,1.1836981096341189e-05,0.0,2.375720140167488e-05,1.182228737616154e-05,0.0,0.0,0.0,0.0,0.0,1.1816001228864128e-05,0.0,0.0,0.0,0.0,0.0,2.369331374686064e-05,0.0,1.183529996567763e-05,1.183431952662722e-05,0.0,1.1782171218512148e-05,1.17813383600377e-05,0.0,0.0,0.0,0.0,0.0,0.0,0.0,1.181879424661096e-05,0.0,0.0,0.0,0.0,0.0,1.176401388153638e-05,1.1821169350072108e-05,0.0,1.1802752401860111e-05,0.0,1.180052394326308e-05,1.17678901349777e-05,0.0,0.0,0.0,0.0,1.1796626164916831e-05,1.1832639151836423e-05,0.0,0.0,2.3663878273010163e-05,0.0,0.0,1.1810279667422523e-05,4.7369231315798825e-05,0.0,0.0,0.0,0.0,0.0,1.1747430249632892e-05,1.1735298604672996e-05,2.343072705546053e-05,0.0,1.1712070459815886e-05,1.1834599635494332e-05,1.1679377722754932e-05,1.1699053546568083e-05,0.0,2.3494308503764963e-05,0.0,0.0,0.0,0.0,1.18058179070646e-05,0.0,1.1762215060340164e-05,1.1717285339332584e-05,2.3441986942813277e-05,0.0,0.0,1.1678150181011328e-05,0.0,0.0,0.0,1.1683744406407364e-05,0.0,1.1724841421519772e-05,0.0,0.0,1.1719894520949311e-05,2.3402487684440856e-05,0.0,0.0,0.0,0.0,0.0,0.0,0.0,0.0,0.0,0.0,0.0,0.0,0.0,0.0,0.0,0.0,0.0,0.0,0.0,0.0,0.0,0.0,0.0
0,0,0,0,0,0,0,0,0,0,0,0,0,0,0,0,0,0,0,0,2.1420615200068542e-05,2.395697327599631e-05,1.1972893369411652e-05,1.1944149158534692e-05,3.582388975794992e-05,0.0,2.399548884809656e-05,1.1983797905232126e-05,2.3970755678072752e-05,1.194372118577264e-05,4.7898455274817386e-05,3.581277083407943e-05,5.982936664632468e-05,5.990319643456175e-05,5.966231131794045e-05,3.574662790143463e-05,2.396845750991695e-05,1.1842027355083193e-05,1.1991414147470411e-05,1.1895415506863654e-05,0.0,2.3876320658986448e-05,2.373605506764776e-05,4.778458708143688e-05,4.7796006643644925e-05,1.1970027052261138e-05,2.4016811768237765e-05,3.587701359738815e-05,2.3949227637408693e-05,3.57398141529664e-05,2.3846144674559745e-05,3.5761968338737366e-05,2.3960417390470945e-05,3.585814517767711e-05,0.0,2.3829097711215165e-05,3.5862003012408245e-05,1.1968880909634949e-05,2.389001039215452e-05,5.9859450011373296e-05,2.383250515377924e-05,2.3820299659369715e-05,0.0,1.1912136084242628e-05,1.1963582853793054e-05,1.19115685153421e-05,5.965875193890944e-05,2.3692752387044804e-05,1.1858738704551385e-05,0.0,0.0,4.744564508285196e-05,3.552103437252093e-05,0.0,1.1936307861252356e-05,0.0,2.3809807259610234e-05,3.5558927068640585e-05,4.7509323704777056e-05,1.1874087179548072e-05,1.1873100303951368e-05,2.3797341836916815e-05,3.557621611365415e-05,2.387318563789152e-05,2.3855246365056835e-05,1.1899945260251802e-05,2.38384705237312e-05,3.578457684737878e-05,0.0,1.1927907725705834e-05,2.3792529145848203e-05,1.1783976149232274e-05,2.3878316101148543e-05,2.3809807259610234e-05,3.564892934382204e-05,0.0,2.3623907394283014e-05,2.3609963404556723e-05,0.0,0.0,0.0,7.112544157044975e-05,1.183207913294524e-05,1.1859723194060651e-05,1.1910575399897569e-05,2.373690019820312e-05,0.0,3.5501698164562205e-05,0.0,2.360411183628188e-05,1.1847358631393132e-05,1.1858598076535391e-05,2.3670880083321495e-05,0.0,0.0,1.1867323325223996e-05,1.1854802380444316e-05,4.6913116907487336e-05,0.0,3.536067892503536e-05,1.1840064409950392e-05,1.1811535145222824e-05,3.558127950281092e-05,1.1886790210039584e-05,1.1920087731845708e-05,2.3673962192682377e-05,1.1848341232227488e-05,3.5635802102512326e-05,1.182228737616154e-05,0.0,2.3579622490243927e-05,2.3817179331451777e-05,4.7087630079578097e-05,0.0,0.0,0.0,4.729138587406304e-05,0.0,0.0,0.0,2.369331374686064e-05,0.0,3.550589989703289e-05,1.183431952662722e-05,1.175488709430946e-05,0.0,0.0,0.0,3.543251287381301e-05,1.1886083773118431e-05,0.0,2.3577676655742344e-05,1.18140469017662e-05,2.3589912953221204e-05,1.181879424661096e-05,0.0,5.901933473405888e-05,1.1788282447247436e-05,2.350176263219741e-05,1.1747292249136574e-05,2.352802776307276e-05,2.3642338700144217e-05,0.0,2.3605504803720223e-05,1.1747568253371553e-05,2.360104788652616e-05,2.35357802699554e-05,1.1789533252378538e-05,0.0,1.1797043660858588e-05,0.0,0.0,1.1832639151836423e-05,2.3365850809042584e-05,2.3715789972964e-05,3.549581740951524e-05,1.1690027237763463e-05,3.5163804723671104e-05,2.362055933484505e-05,1.1842307828949706e-05,1.1742740050963492e-05,1.1772739045466318e-05,1.1734472359450357e-05,3.546476575522219e-05,2.356045613043069e-05,0.0,0.0,2.343072705546053e-05,2.348658328929599e-05,1.1712070459815886e-05,1.1834599635494332e-05,1.1679377722754932e-05,1.1699053546568083e-05,0.0,1.174715425188248e-05,0.0,0.0,0.0,1.1714265632687487e-05,1.18058179070646e-05,0.0,1.1762215060340164e-05,1.1717285339332584e-05,2.3441986942813277e-05,0.0,0.0,0.0,1.1724703951225231e-05,1.1674060238150827e-05,0.0,0.0,0.0,1.1724841421519772e-05,0.0,0.0,0.0,0.0,1.1764152275187053e-05,1.1848902791601498e-05,1.1847779726079332e-05,1.1846656873430318e-05,1.1845534233593936e-05,1.1844411806509688e-05,1.1843289592117108e-05,1.1842167590355738e-05,1.1841045801165158e-05,1.1839924224484963e-05,1.183880286025477e-05,1.1837681708414225e-05,1.1836560768902987e-05,1.1835440041660748e-05,1.183431952662722e-05,1.1833199223742131e-05,1.183207913294524e-05,1.1830959254176327e-05,1.1829839587375195e-05,1.1828720132481666e-05,1.1827600889435586e-05,1.182648185817683e-05,1.1825363038645286e-05
0,0,0,0,0,0,0,0,0,0,0,0,0,0,0,0,0,0,0,0,0.0,4.791394655199262e-05,3.591868010823496e-05,5.972074579267346e-05,2.3882593171966613e-05,5.969008905761287e-05,3.599323327214484e-05,4.7935191620928497e-05,5.992688919518188e-05,2.388744237154528e-05,8.382229673093043e-05,3.581277083407943e-05,5.982936664632468e-05,7.18838357214741e-05,3.579738679076428e-05,3.574662790143463e-05,5.9921143774792376e-05,3.552608206524957e-05,5.995707073735205e-05,8.326790854804558e-05,2.398771828823642e-05,2.3876320658986448e-05,5.93401376691194e-05,3.583844031107766e-05,3.5847004982733685e-05,3.5910081156783415e-05,3.602521765235665e-05,3.587701359738815e-05,3.592384145611304e-05,1.1913271384322135e-05,0.0001192307233727,3.5761968338737366e-05,9.584166956188375e-05,3.585814517767711e-05,7.153843402367923e-05,0.0,4.781600401654434e-05,4.7875523638539794e-05,3.583501558823178e-05,1.197189000227466e-05,1.191625257688962e-05,1.1910149829684856e-05,0.0,0.0,3.589074856137916e-05,4.76462740613684e-05,3.579525116334566e-05,0.0,0.0,3.581277083407943e-05,1.189032365460988e-05,1.186141127071299e-05,5.920172395420154e-05,2.3779799060697937e-05,3.5808923583757074e-05,4.7477744807121664e-05,8.333432540863581e-05,3.5558927068640585e-05,3.56319927785828e-05,2.3748174359096145e-05,3.56193009118541e-05,2.3797341836916815e-05,2.371747740910277e-05,4.774637127578304e-05,2.3855246365056835e-05,3.5699835780755407e-05,2.38384705237312e-05,2.3856384564919185e-05,1.1936735302894658e-05,4.7711630902823336e-05,1.1896264572924102e-05,4.71359045969291e-05,1.1939158050574271e-05,2.3809807259610234e-05,4.753190579176272e-05,1.1899378852423903e-05,1.1811953697141509e-05,2.3609963404556723e-05,1.192051401256422e-05,1.1932462263588092e-05,3.536651498361351e-05,3.556272078522488e-05,7.099247479767145e-05,5.929861597030325e-05,1.1910575399897569e-05,3.5605350297304674e-05,4.740572187062978e-05,0.0,3.5605350297304674e-05,2.360411183628188e-05,0.0,4.7434392306141566e-05,1.1835440041660748e-05,1.1864225799945424e-05,2.3646811227505967e-05,1.1867323325223996e-05,3.556440714133296e-05,3.51848376806155e-05,3.545344962064809e-05,0.0,0.0,0.0,3.558127950281092e-05,2.3773580420079167e-05,0.0,0.0,1.1848341232227488e-05,1.187860070083744e-05,3.546686212848462e-05,1.1771353234767868e-05,2.3579622490243927e-05,2.3817179331451777e-05,3.531572255968357e-05,1.1837401453632898e-05,3.544800368659238e-05,2.373070397133331e-05,4.729138587406304e-05,2.3731548720869524e-05,2.367760572050954e-05,4.722382914418616e-05,2.369331374686064e-05,0.0,1.183529996567763e-05,1.183431952662722e-05,4.701954837723784e-05,1.1782171218512148e-05,1.17813383600377e-05,2.3571563266075805e-05,2.3621675249208677e-05,0.0,2.349154891527773e-05,1.1788838327871172e-05,3.54421407052986e-05,4.717982590644241e-05,1.181879424661096e-05,1.1787587670183296e-05,1.1803866946811776e-05,3.5364847341742306e-05,4.700352526439482e-05,3.524187674740972e-05,1.176401388153638e-05,0.0,2.347555607723458e-05,2.3605504803720223e-05,1.1747568253371553e-05,0.0,1.17678901349777e-05,3.536859975713561e-05,3.547944557453049e-05,2.3594087321717177e-05,1.1859441894664436e-05,1.1796626164916831e-05,0.0,2.3365850809042584e-05,2.3715789972964e-05,1.183193913650508e-05,2.3380054475526927e-05,1.17212682412237e-05,1.1810279667422523e-05,0.0,2.3485480101926984e-05,4.709095618186527e-05,0.0,1.1821588585074062e-05,0.0,1.1747430249632892e-05,2.3470597209345992e-05,1.1715363527730266e-05,0.0,1.1712070459815886e-05,1.1834599635494332e-05,2.3358755445509865e-05,2.3398107093136166e-05,0.0,2.3494308503764963e-05,1.1766782373360003e-05,0.0,0.0,0.0,1.18058179070646e-05,1.166003987733638e-05,0.0,0.0,1.1720993471406637e-05,2.3390445003216183e-05,3.520754849839806e-05,3.503445054303398e-05,3.5174111853675694e-05,2.3348120476301655e-05,1.1707408448065936e-05,1.1683744406407364e-05,0.0,2.3449682843039547e-05,1.1745498537685431e-05,1.1731856683638752e-05,1.1719894520949311e-05,1.1701243842220428e-05,0.0,1.1848902791601498e-05,1.1847779726079332e-05,1.1846656873430318e-05,1.1845534233593936e-05,1.1844411806509688e-05,1.1843289592117108e-05,1.1842167590355738e-05,1.1841045801165158e-05,1.1839924224484963e-05,1.183880286025477e-05,1.1837681708414225e-05,1.1836560768902987e-05,1.1835440041660748e-05,1.183431952662722e-05,1.1833199223742131e-05,1.183207913294524e-05,1.1830959254176327e-05,1.1829839587375195e-05,1.1828720132481666e-05,1.1827600889435586e-05,1.182648185817683e-05,1.1825363038645286e-05
0,0,0,0,0,0,0,0,0,0,0,0,0,0,0,0,0,0,0,0,0.0001285236912004,9.582789310398525e-05,5.986446684705825e-05,3.5832447475604075e-05,8.358907610188315e-05,7.162810686913545e-05,3.599323327214484e-05,0.0001198379790523,5.992688919518188e-05,5.97186059288632e-05,4.7898455274817386e-05,7.162554166815886e-05,3.5897619987794806e-05,3.594191786073705e-05,7.159477358152855e-05,3.574662790143463e-05,0.0001438107450595,8.289419148558234e-05,2.3982828294940823e-05,5.9477077534318274e-05,8.395701400882749e-05,2.3876320658986448e-05,4.747211013529551e-05,7.167688062215533e-05,9.559201328728984e-05,5.9850135261305694e-05,3.602521765235665e-05,9.567203625970174e-05,3.592384145611304e-05,8.339289969025494e-05,9.538457869823895e-05,9.536524890329964e-05,1.1980208695235473e-05,0.000107574435533,3.576921701183961e-05,7.148729313364549e-05,7.172400602481649e-05,2.3937761819269897e-05,1.194500519607726e-05,7.183134001364796e-05,3.574875773066886e-05,7.146089897810914e-05,2.3778950872687495e-05,4.7648544336970506e-05,4.7854331415172215e-05,4.76462740613684e-05,2.3863500775563776e-05,3.553912858056721e-05,3.557621611365415e-05,5.968795139013239e-05,4.756129461843952e-05,2.372282254142598e-05,1.184034479084031e-05,5.9449497651744845e-05,0.0,7.12166172106825e-05,4.761961451922047e-05,4.741190275818744e-05,8.314131648335986e-05,8.311861025683649e-05,3.56193009118541e-05,3.5696012755375225e-05,4.7434954818205526e-05,3.580977845683728e-05,2.3855246365056835e-05,1.1899945260251802e-05,1.19192352618656e-05,3.578457684737878e-05,3.5810205908683974e-05,4.7711630902823336e-05,2.3792529145848203e-05,4.71359045969291e-05,4.7756632202297086e-05,7.14294217788307e-05,0.0,7.139627311454342e-05,2.3623907394283014e-05,0.0,3.576154203769266e-05,7.159477358152855e-05,4.715535331148469e-05,4.7416961046966496e-05,2.366415826589048e-05,2.3719446388121302e-05,5.955287699948784e-05,7.121070059460935e-05,2.370286093531489e-05,5.916949694093701e-05,4.747380039640624e-05,4.720822367256376e-05,2.369471726278626e-05,1.1858598076535391e-05,1.1835440041660748e-05,4.74569031997817e-05,5.9117028068764926e-05,2.373464665044799e-05,2.3709604760888634e-05,2.3456558453743668e-05,3.545344962064809e-05,1.1786892975011788e-05,3.5520193229851166e-05,2.3623070290445648e-05,4.74417060037479e-05,2.3773580420079167e-05,4.7680350927382826e-05,3.551094328902357e-05,4.739336492890995e-05,5.939300350418721e-05,2.364457475232308e-05,5.885676617383935e-05,3.5369433735365894e-05,2.3817179331451777e-05,0.0,3.5512204360898695e-05,3.544800368659238e-05,1.1865351985666654e-05,4.729138587406304e-05,1.1865774360434762e-05,4.735521144101908e-05,2.361191457209308e-05,3.5539970620290955e-05,4.6985857256965655e-05,1.183529996567763e-05,3.5502958579881656e-05,2.350977418861892e-05,3.534651365553644e-05,1.17813383600377e-05,2.3571563266075805e-05,2.3621675249208677e-05,4.7544335092473725e-05,1.1745774457638865e-05,1.1788838327871172e-05,3.54421407052986e-05,2.3589912953221204e-05,4.727517698644384e-05,2.3575175340366592e-05,4.7215467787247104e-05,1.1788282447247436e-05,1.1750881316098707e-05,0.0,2.352802776307276e-05,3.546350805021633e-05,2.347555607723458e-05,1.1802752401860111e-05,2.3495136506743105e-05,1.180052394326308e-05,1.17678901349777e-05,1.1789533252378538e-05,2.365296371635366e-05,0.0,2.3718883789328876e-05,1.1796626164916831e-05,3.549791745550928e-05,0.0,3.5573684959446e-05,1.183193913650508e-05,1.1690027237763463e-05,0.0,3.5430839002267575e-05,2.368461565789941e-05,2.3485480101926984e-05,2.354547809093264e-05,3.520341707835107e-05,1.1821588585074062e-05,3.5340684195646025e-05,2.3494860499265785e-05,2.3470597209345992e-05,1.1715363527730266e-05,2.348658328929599e-05,5.856035229907943e-05,1.1834599635494332e-05,1.1679377722754932e-05,1.1699053546568083e-05,4.687628177332974e-05,4.6988617007529926e-05,3.5300347120080005e-05,0.0,2.347776069118528e-05,2.342853126537497e-05,2.36116358141292e-05,1.166003987733638e-05,0.0,1.1717285339332584e-05,1.1720993471406637e-05,3.508566750482428e-05,4.694339799786408e-05,1.1678150181011328e-05,2.3449407902450463e-05,2.3348120476301655e-05,2.341481689613187e-05,0.0,0.0,1.1724841421519772e-05,1.1745498537685431e-05,1.1731856683638752e-05,1.1719894520949311e-05,0.0,3.529245682556115e-05,2.3697805583203e-05,2.3695559452158664e-05,2.369331374686064e-05,2.369106846718787e-05,2.3688823613019376e-05,2.3686579184234213e-05,2.368433518071148e-05,2.368209160233032e-05,2.3679848448969927e-05,2.367760572050954e-05,2.367536341682845e-05,2.367312153780597e-05,2.3670880083321495e-05,2.366863905325444e-05,2.3666398447484262e-05,2.366415826589048e-05,2.3661918508352655e-05,2.365967917475039e-05,2.3657440264963328e-05,2.365520177887117e-05,2.365296371635366e-05,2.365072607729057e-05
0,0,0,0,0,0,0,0,0,0,0,0,0,0,0,0,0,0,0,0,0.0001713649216005,0.0001676988129319,0.0001077560403247,4.7776596634138766e-05,0.0001313542624458,9.550414249218061e-05,9.598195539238624e-05,7.190278743139276e-05,5.992688919518188e-05,7.166232711463584e-05,0.0001077715243683,8.356313194618534e-05,7.179523997558962e-05,5.990319643456175e-05,7.159477358152855e-05,9.532434107049235e-05,8.388960128470933e-05,0.0001184202735508,5.995707073735205e-05,9.516332405490925e-05,9.595087315294569e-05,5.969080164746613e-05,5.93401376691194e-05,4.778458708143688e-05,9.559201328728984e-05,8.379018936582797e-05,0.0001200840588411,5.9795022662313594e-05,5.987306909352173e-05,8.339289969025494e-05,5.961536168639936e-05,5.960328056456228e-05,7.188125217141283e-05,7.171629035535422e-05,2.3846144674559745e-05,3.5743646566822746e-05,5.977000502068042e-05,9.57510472770796e-05,5.97250259803863e-05,0.0,7.149751546133771e-05,3.573044948905457e-05,4.7557901745375e-05,5.9560680421213126e-05,8.374507997655137e-05,4.76462740613684e-05,7.159050232669132e-05,0.0,0.0001067286483409,4.775036111210591e-05,3.567097096382964e-05,2.372282254142598e-05,7.104206874504186e-05,8.322929671244278e-05,5.9681539306261785e-05,1.1869436201780416e-05,3.571471088941535e-05,5.926487844773431e-05,5.938665463097133e-05,2.3748174359096145e-05,9.498480243161094e-05,7.139202551075045e-05,3.557621611365415e-05,2.387318563789152e-05,2.3855246365056835e-05,9.51995620820144e-05,7.15154115711936e-05,3.578457684737878e-05,3.5810205908683974e-05,3.57837231771175e-05,7.137758743754462e-05,1.1783976149232274e-05,3.581747415172282e-05,4.761961451922047e-05,2.376595289588136e-05,4.7597515409695614e-05,9.449562957713203e-05,2.3609963404556723e-05,1.192051401256422e-05,5.966231131794045e-05,2.3577676655742344e-05,0.0,5.9160395664726205e-05,1.1859723194060651e-05,2.3821150799795138e-05,2.373690019820312e-05,0.0,3.5501698164562205e-05,3.5605350297304674e-05,2.360411183628188e-05,5.923679315696566e-05,3.557579422960618e-05,3.550632012498225e-05,2.372845159989085e-05,5.9117028068764926e-05,2.373464665044799e-05,8.298361666311023e-05,3.51848376806155e-05,4.727126616086412e-05,5.893446487505893e-05,4.736025763980156e-05,3.543460543566847e-05,3.558127950281092e-05,3.5660370630118746e-05,1.1920087731845708e-05,5.9184905481705947e-05,4.739336492890995e-05,3.5635802102512326e-05,7.093372425696924e-05,2.3542706469535737e-05,2.3579622490243927e-05,5.954294832862944e-05,2.3543815039789048e-05,2.36748029072658e-05,5.908000614432064e-05,5.932675992833328e-05,2.364569293703152e-05,1.1865774360434762e-05,3.551640858076431e-05,1.180595728604654e-05,0.0,5.873232157120707e-05,3.550589989703289e-05,7.100591715976331e-05,3.526466128292838e-05,4.7128684874048587e-05,4.71253534401508e-05,1.1785781633037904e-05,5.905418812302169e-05,3.56582513193553e-05,5.872887228819432e-05,7.073302996722703e-05,5.9070234508831e-05,3.5384869429831805e-05,7.091276547966577e-05,2.3575175340366592e-05,1.1803866946811776e-05,2.3576564894494872e-05,1.1750881316098707e-05,3.524187674740972e-05,3.529204164460914e-05,2.3642338700144217e-05,2.347555607723458e-05,2.3605504803720223e-05,1.1747568253371553e-05,1.180052394326308e-05,5.88394506748885e-05,0.0,1.182648185817683e-05,1.1797043660858588e-05,1.1859441894664436e-05,2.3593252329833663e-05,1.1832639151836423e-05,3.504877621356388e-05,2.3715789972964e-05,1.183193913650508e-05,4.6760108951053846e-05,3.5163804723671104e-05,0.0,2.368461565789941e-05,0.0,2.354547809093264e-05,2.3468944718900717e-05,2.3643177170148124e-05,2.356045613043069e-05,3.524229074889868e-05,1.1735298604672996e-05,2.343072705546053e-05,2.348658328929599e-05,2.3424140919631773e-05,3.5503798906483e-05,3.503813316826479e-05,3.509716063970425e-05,1.1719070443332436e-05,1.174715425188248e-05,1.1766782373360003e-05,4.699855479444007e-05,2.347776069118528e-05,2.342853126537497e-05,1.18058179070646e-05,6.996023926401828e-05,2.3524430120680328e-05,2.3434570678665168e-05,4.688397388562655e-05,1.1695222501608091e-05,2.347169899893204e-05,4.671260072404531e-05,2.3449407902450463e-05,0.0,1.1707408448065936e-05,2.336748881281473e-05,3.51341539110169e-05,3.517452426455932e-05,1.1745498537685431e-05,2.3463713367277507e-05,4.6879578083797245e-05,0.0,1.1764152275187053e-05,5.924451395800749e-05,5.9238898630396655e-05,5.923328436715159e-05,5.922767116796968e-05,5.9222059032548445e-05,5.9216447960585527e-05,5.9210837951778695e-05,5.92052290058258e-05,5.9199621122424815e-05,5.9194014301273845e-05,5.918840854207112e-05,5.9182803844514935e-05,5.917720020830375e-05,5.9171597633136094e-05,5.9165996118710656e-05,5.9160395664726205e-05,5.9154796270881645e-05,5.9149197936875975e-05,5.914360066240833e-05,5.9138004447177925e-05,5.913240929088415e-05,5.912681519322642e-05
0,0,0,0,0,0,0,0,0,0,0,0,0,0,0,0,0,0,0,0,0.000342729843201,0.0002515482193979,0.0002035391872799,0.0001552739390609,0.0001791194487897,9.550414249218061e-05,0.0001319751886645,0.0001917407664837,0.0001198537783903,0.000155268375415,0.0001077715243683,0.0001313134930582,9.572698663411948e-05,9.584511429529881e-05,0.0001193246226358,0.0001429865116057,9.587383003966783e-05,0.0001421043282609,0.0001319055556221,0.0001308495705755,7.196315486470927e-05,7.162896197695935e-05,9.494422027059102e-05,9.556917416287376e-05,9.559201328728984e-05,9.57602164180891e-05,6.004202942059442e-05,0.0001435080543895,0.0001077715243683,8.339289969025494e-05,0.0001073076510355,0.0001430478733549,4.792083478094189e-05,0.0001314798656514,8.346150636095908e-05,8.340184198925308e-05,9.563200803308868e-05,5.9844404548174736e-05,0.0001194500519607,4.788756000909864e-05,0.0001310787783457,0.0,7.133685261806249e-05,4.7648544336970506e-05,0.0001196358285379,8.33809796073947e-05,5.965875193890944e-05,5.923188096761201e-05,8.301117093185969e-05,5.968795139013239e-05,8.323226558226915e-05,0.0001067527014364,7.104206874504186e-05,5.9449497651744845e-05,5.9681539306261785e-05,1.1869436201780416e-05,7.14294217788307e-05,5.926487844773431e-05,8.314131648335986e-05,3.562226153864421e-05,4.749240121580547e-05,7.139202551075045e-05,1.1858738704551385e-05,7.161955691367457e-05,5.963811591264209e-05,4.759978104100721e-05,8.34346468330592e-05,4.771276912983837e-05,5.968367651447329e-05,4.7711630902823336e-05,5.948132286462051e-05,8.24878330446259e-05,4.7756632202297086e-05,8.333432540863581e-05,2.376595289588136e-05,1.1899378852423903e-05,9.449562957713203e-05,5.9024908511391805e-05,5.960257006282111e-05,8.352723584511664e-05,7.073302996722703e-05,7.112544157044975e-05,7.099247479767145e-05,5.929861597030325e-05,3.5731726199692706e-05,4.747380039640624e-05,4.740572187062978e-05,5.916949694093701e-05,2.373690019820312e-05,1.180205591814094e-05,5.923679315696566e-05,8.301018653574774e-05,5.917720020830375e-05,2.372845159989085e-05,3.547021684125896e-05,7.120393995134398e-05,4.741920952177727e-05,2.3456558453743668e-05,7.090689924129617e-05,4.714757190004715e-05,7.104038645970234e-05,8.268074601655975e-05,8.302298550655881e-05,5.943395105019792e-05,4.7680350927382826e-05,4.734792438536476e-05,5.924170616113744e-05,0.0,5.91114368808077e-05,5.885676617383935e-05,4.7159244980487855e-05,4.7634358662903554e-05,4.7087630079578097e-05,3.5512204360898695e-05,4.726400491545651e-05,3.559605595699996e-05,0.0,9.492619488347808e-05,1.183880286025477e-05,1.180595728604654e-05,1.1846656873430318e-05,4.6985857256965655e-05,2.367059993135526e-05,2.366863905325444e-05,1.175488709430946e-05,3.534651365553644e-05,4.71253534401508e-05,4.714312653215161e-05,4.724335049841735e-05,3.56582513193553e-05,7.047464674583319e-05,5.894419163935586e-05,3.54421407052986e-05,3.5384869429831805e-05,4.727517698644384e-05,4.715035068073319e-05,3.5411600840435325e-05,3.5364847341742306e-05,3.525264394829612e-05,2.349458449827315e-05,3.529204164460914e-05,3.546350805021633e-05,0.0,2.3605504803720223e-05,4.699027301348621e-05,4.720209577305232e-05,2.35357802699554e-05,5.8947666261892686e-05,1.182648185817683e-05,3.5391130982575765e-05,3.5578325683993314e-05,2.3593252329833663e-05,0.0,4.673170161808517e-05,5.928947493241e-05,4.7327756546020325e-05,0.0,1.17212682412237e-05,3.5430839002267575e-05,4.7369231315798825e-05,2.3485480101926984e-05,4.709095618186527e-05,4.6937889437801433e-05,3.546476575522219e-05,3.5340684195646025e-05,4.698972099853157e-05,7.041179162803797e-05,2.343072705546053e-05,4.697316657859198e-05,1.1712070459815886e-05,1.1834599635494332e-05,0.0,3.509716063970425e-05,3.515721132999731e-05,1.174715425188248e-05,3.5300347120080005e-05,4.699855479444007e-05,4.695552138237055e-05,3.514279689806246e-05,3.5417453721193805e-05,1.166003987733638e-05,3.528664518102049e-05,2.3434570678665168e-05,0.0,2.3390445003216183e-05,0.0,2.3356300362022656e-05,2.3449407902450463e-05,1.1674060238150827e-05,3.512222534419781e-05,5.841872203203683e-05,4.6845538548022525e-05,4.689936568607909e-05,1.1745498537685431e-05,2.3463713367277507e-05,2.3439789041898622e-05,2.3402487684440856e-05,3.529245682556115e-05,3.5546708374804495e-05,3.5543339178238e-05,3.5539970620290955e-05,3.5536602700781806e-05,3.5533235419529066e-05,3.552986877635132e-05,3.5526502771067216e-05,3.5523137403495474e-05,3.5519772673454885e-05,3.551640858076431e-05,3.551304512524267e-05,3.5509682306708964e-05,3.550632012498225e-05,3.5502958579881656e-05,3.5499597671226394e-05,3.5496237398835724e-05,3.549287776252899e-05,3.548951876212559e-05,3.5486160397445e-05,3.548280266830676e-05,3.547944557453049e-05,3.547608911593586e-05
0,0,0,0,0,0,0,0,0,0,0,0,0,0,0,0,0,0,0,0,0.0013709193728043,0.0004791394655199,0.0003352410143435,0.000358324474756,0.0003104737112355,0.0002148843206074,0.0001799661663607,0.0001917407664837,0.0001917660454245,0.0001433246542292,0.0001556699796431,0.0001193759027802,0.0001316246066219,0.0001916902285905,0.0001551220094266,0.0002144797674086,0.0001917476600793,0.0001776304103262,0.0002278368688019,0.0001546404015892,0.0001679140280176,0.0001671342446129,0.0001661523854735,0.0001314076144739,0.0001911840265745,0.0001197002705226,0.00020414290003,0.0001435080543895,8.382229673093043e-05,0.0001548725279961,0.0001669230127219,0.0001668891855807,9.584166956188375e-05,0.0001314798656514,8.346150636095908e-05,0.0001548891351228,0.0001195400100413,0.0001436265709156,0.000155285067549,9.577512001819728e-05,0.0001549112834995,5.955074914842429e-05,0.0001426737052361,0.0001191213608424,9.570866283034444e-05,0.0001191156851534,9.54540031022551e-05,9.47710095481792e-05,0.0001185873870455,8.356313194618534e-05,9.512258923687904e-05,8.302987889499093e-05,0.0001776051718626,0.0001307888948338,0.0001671083100575,0.0001899109792284,7.14294217788307e-05,0.0001422357082745,8.314131648335986e-05,0.0001543631333341,9.498480243161094e-05,9.518936734766729e-05,9.486990963641105e-05,7.161955691367457e-05,3.578286954758525e-05,7.139967156151081e-05,9.53538820949248e-05,9.542553825967674e-05,0.000107430617726,8.349535407994084e-05,0.0001070663811563,8.24878330446259e-05,0.0001193915805057,0.0001071441326682,7.129785868764408e-05,0.0001308931673766,0.0001417434443656,9.443985361822688e-05,5.960257006282111e-05,4.772984905435237e-05,0.0001178883832787,7.112544157044975e-05,0.0001064887121965,0.0001185972319406,0.000107195178599,7.121070059460935e-05,7.110858280594468e-05,8.283729571731181e-05,3.5605350297304674e-05,5.90102795907047e-05,0.0001184735863139,0.0001423031769184,0.0001065189603749,8.304958059961795e-05,7.094043368251791e-05,8.307126327656796e-05,7.112881428266591e-05,3.51848376806155e-05,0.0001181781654021,4.714757190004715e-05,8.288045086965274e-05,2.3623070290445648e-05,0.0,5.943395105019792e-05,5.9600438659228535e-05,9.469584877072952e-05,3.554502369668247e-05,3.5635802102512326e-05,7.093372425696924e-05,0.0001059421791129,5.8949056225609835e-05,0.0001071773069915,4.7087630079578097e-05,3.5512204360898695e-05,4.726400491545651e-05,5.932675992833328e-05,7.093707881109456e-05,7.119464616260858e-05,3.551640858076431e-05,9.444765828837233e-05,2.369331374686064e-05,5.873232157120707e-05,3.550589989703289e-05,3.5502958579881656e-05,3.526466128292838e-05,0.0001178217121851,5.89066918001885e-05,5.892890816518952e-05,5.905418812302169e-05,3.56582513193553e-05,5.872887228819432e-05,1.1788838327871172e-05,2.36280938035324e-05,2.3589912953221204e-05,2.363758849322192e-05,3.536276301054989e-05,4.7215467787247104e-05,8.251797713073205e-05,1.1750881316098707e-05,8.223104574395602e-05,4.705605552614552e-05,1.1821169350072108e-05,3.521333411585187e-05,0.0,2.3495136506743105e-05,3.5401571829789244e-05,3.53036704049331e-05,7.073719951427123e-05,4.730592743270732e-05,5.898521830429294e-05,2.3718883789328876e-05,4.7186504659667325e-05,3.549791745550928e-05,5.841462702260646e-05,1.1857894986482e-05,3.549581740951524e-05,1.1690027237763463e-05,3.5163804723671104e-05,2.362055933484505e-05,8.289615480264794e-05,3.5228220152890474e-05,5.886369522733159e-05,9.387577887560285e-05,7.092953151044438e-05,2.356045613043069e-05,2.3494860499265785e-05,7.041179162803797e-05,8.200754469411185e-05,4.697316657859198e-05,2.3424140919631773e-05,5.9172998177471656e-05,9.343502178203946e-05,2.3398107093136166e-05,2.343814088666487e-05,5.873577125941241e-05,1.1766782373360003e-05,2.3499277397220035e-05,4.695552138237055e-05,3.514279689806246e-05,1.18058179070646e-05,5.83001993866819e-05,1.1762215060340164e-05,3.5151856017997754e-05,4.688397388562655e-05,7.017133500964857e-05,5.86792474973301e-05,2.3356300362022656e-05,3.5174111853675694e-05,8.17184216670558e-05,4.682963379226374e-05,1.1683744406407364e-05,5.8556923185028165e-05,3.517452426455932e-05,4.6981994150741726e-05,8.212299678547126e-05,1.1719894520949311e-05,4.680497536888171e-05,2.3528304550374105e-05,1.1848902791601498e-05,1.1847779726079332e-05,1.1846656873430318e-05,1.1845534233593936e-05,1.1844411806509688e-05,1.1843289592117108e-05,1.1842167590355738e-05,1.1841045801165158e-05,1.1839924224484963e-05,1.183880286025477e-05,1.1837681708414225e-05,1.1836560768902987e-05,1.1835440041660748e-05,1.183431952662722e-05,1.1833199223742131e-05,1.183207913294524e-05,1.1830959254176327e-05,1.1829839587375195e-05,1.1828720132481666e-05,1.1827600889435586e-05,1.182648185817683e-05,1.1825363038645286e-05
0,0,0,0,0,0,0,0,0,0,0,0,0,0,0,0,0,0,0,0,0.0017564904464056,0.0016170956961297,0.0007183736021646,0.0003702686239145,0.0001671781522037,0.0002865124274765,0.0002999436106012,0.0002276921601994,0.0002516929346197,0.0002149869813439,0.0001915938210992,0.0002865021666726,0.0002512833399145,0.0001916902285905,0.0001909193962174,0.0001429865116057,0.0002516688038541,0.0003789448753626,0.0002758025253918,0.0001903266481098,0.0002278833237382,0.0001790724049423,0.0002136244956088,0.0001433537612443,0.0002031330282354,0.0002034904598884,0.0001441008706094,0.0002870161087791,0.0001676445934618,0.0001072194424588,0.0002623075914201,0.0002264924661453,0.000203663547819,0.0002271015861252,0.0001669230127219,0.0001548891351228,0.0002151720180744,0.0001436265709156,0.000167230072745,0.000131690790025,0.0001787437886533,0.0001429217979562,0.0001307842297997,0.0002382427216848,9.570866283034444e-05,0.0001191156851534,0.0001670445054289,0.0001776956429028,0.0001897398192728,0.0002506893958385,0.0001664645311645,0.0001660597577899,0.0001539244822809,0.0001545686938945,0.0002148535415025,0.0001661721068249,9.523922903844092e-05,0.0001185297568954,0.0001781599638929,0.0001068667846159,0.0001543503039513,0.0001903787346953,0.00013044612575,0.000202922077922,0.0001312038550078,0.0001784991789037,9.53538820949248e-05,0.0001789228842368,0.0001551775589376,0.000119279077257,4.758505829169641e-05,0.0001178397614923,0.0001313307385563,8.333432540863581e-05,0.0001307127409273,0.0001070944096718,0.0001535553980628,8.263487191594852e-05,0.0001430461681507,8.352723584511664e-05,9.431070662296936e-05,0.0001185424026174,0.0001064887121965,0.0001304569551346,7.146345239938541e-05,8.307915069371091e-05,0.0001066628742089,0.00013017289327,8.307915069371091e-05,0.0001180205591814,0.0001303209449453,8.301018653574774e-05,0.0001420252804999,7.118535479967254e-05,0.0001064106505237,8.307126327656796e-05,0.0001185480238044,5.864139613435917e-05,8.272471578151219e-05,0.0001296558227251,0.0001065605796895,3.543460543566847e-05,9.488341200749581e-05,9.509432168031667e-05,8.344061412291993e-05,9.469584877072952e-05,9.47867298578199e-05,4.751440280334976e-05,3.546686212848462e-05,7.062811940860722e-05,7.073886747073179e-05,9.526871732580711e-05,4.7087630079578097e-05,9.469921162906319e-05,5.908000614432064e-05,4.746140794266662e-05,7.093707881109456e-05,0.0001305235179647,5.9194014301273845e-05,4.722382914418616e-05,0.0001184665687343,2.3492928628482827e-05,0.0001656941995194,8.284023668639054e-05,9.403909675447569e-05,8.247519852958502e-05,8.24693685202639e-05,8.250047143126531e-05,4.724335049841735e-05,5.9430418865592166e-05,5.872887228819432e-05,7.073302996722703e-05,5.9070234508831e-05,0.0001061546082894,4.727517698644384e-05,5.893793835091649e-05,4.7215467787247104e-05,3.5364847341742306e-05,9.400705052878963e-05,7.048375349481945e-05,0.0001058761249338,5.9105846750360554e-05,1.173777803861729e-05,4.7211009607440446e-05,1.1747568253371553e-05,2.360104788652616e-05,7.06073408098662e-05,2.357906650475708e-05,5.913240929088415e-05,7.078226196515153e-05,4.743776757865775e-05,5.8983130824584165e-05,2.366527830367285e-05,5.841462702260646e-05,7.1147369918892e-05,8.282357395553555e-05,4.6760108951053846e-05,8.204887768856591e-05,5.9051398337112624e-05,2.368461565789941e-05,3.5228220152890474e-05,8.240917331826423e-05,1.1734472359450357e-05,8.275112009551843e-05,0.0,2.3494860499265785e-05,2.3470597209345992e-05,3.5146090583190795e-05,3.5229874933943984e-05,5.856035229907943e-05,3.5503798906483e-05,4.671751089101973e-05,2.3398107093136166e-05,7.031442265999461e-05,3.5241462755647444e-05,3.5300347120080005e-05,3.524891609583005e-05,9.39110427647411e-05,4.685706253074994e-05,9.44465432565168e-05,2.332007975467276e-05,5.881107530170082e-05,0.0001054555680539,7.032596082843982e-05,5.847611250804047e-05,3.520754849839806e-05,1.1678150181011328e-05,8.207292765857662e-05,4.669624095260332e-05,4.682963379226374e-05,3.50512332192221e-05,5.8556923185028165e-05,4.689936568607909e-05,5.872749268842716e-05,3.519557005091626e-05,3.5159683562847933e-05,0.0001170124384222,4.70566091007482e-05,9.479122233281199e-05,9.478223780863464e-05,9.477325498744255e-05,9.476427386875149e-05,9.47552944520775e-05,9.474631673693683e-05,9.47373407228459e-05,9.472836640932126e-05,9.471939379587969e-05,9.471042288203816e-05,9.470145366731381e-05,9.469248615122389e-05,9.4683520333286e-05,9.467455621301776e-05,9.466559378993704e-05,9.465663306356192e-05,9.464767403341065e-05,9.463871669900156e-05,9.462976105985331e-05,9.462080711548467e-05,9.461185486541464e-05,9.460290430916229e-05
0,0,0,0,0,0,0,0,0,0,0,0,0,0,0,0,0,0,0,0,0.0036843458144117,0.0024555897607896,0.0018438255788893,0.0008241462919388,0.0004418279736813,0.0004775207124609,0.0004559142881138,0.0003355463413464,0.0003835320908491,0.0004658051262451,0.000239492276374,0.0002984397569506,0.0004427373131828,0.0003234772607466,0.0002744466320625,0.0003217196511129,0.0003834953201586,0.0002486825744567,0.000383725252719,0.0003806532962196,0.0003238341968911,0.0003462066495553,0.000332304770947,0.0002986536692589,0.0002867760398618,0.0003591008115678,0.0002882017412188,0.0001793850679869,0.0003831876421985,0.0002859185132237,0.0002384614467455,0.0002860957467098,0.000359406260857,0.0002749124463621,0.000214615302071,0.0002621200748233,0.0003108040261075,0.000227408737283,0.000167230072745,0.00026338158005,0.0002502413041146,0.000262023296253,0.0002734579350359,0.0002620669938533,0.0001674901599531,0.0003097007813988,0.0001909080062045,0.0002250811476769,0.0002608922515001,0.0001074383125022,0.0001902451784737,0.0002253668141435,0.0001657648270717,0.0002021282920159,0.0002745350808088,0.0002017804154302,0.0002619078798557,0.0002015005867222,0.0002019146257453,0.000130614958975,0.0001068579027355,0.0001427840510215,0.0001897398192728,0.0002864782276546,0.0002385524636505,0.000190399124164,0.0001549500584042,0.0001669946919544,0.0002267979707549,0.0002147023390627,0.0001665477040209,0.0002121115706861,0.0001790873707586,0.0001547637471874,0.0001307127409273,0.0001546919250815,0.0001535553980628,0.0001534647621296,0.000190728224201,0.0001193246226358,0.0001532548982623,0.0001422508831408,0.0001064887121965,0.0001778958479109,0.0001786586309984,0.0001424214011892,0.0001303657351442,0.0001538406920464,0.0001780267514865,0.0001534267269358,0.0001895577381022,0.0001067273826888,0.0002722151209581,0.0001542349353992,8.276383929627089e-05,0.0001305405565774,0.0001185480238044,5.864139613435917e-05,0.0001418137984825,0.0001885902876001,0.0001420807729194,0.0001417384217426,9.488341200749581e-05,9.509432168031667e-05,0.0001549611405139,0.0001183698109634,0.0001303317535545,0.0001187860070083,8.275601163313078e-05,7.062811940860722e-05,0.0001650573574317,0.0001548116656544,0.0001648067052785,9.469921162906319e-05,8.27120086020489e-05,5.932675992833328e-05,7.093707881109456e-05,0.000166120841046,0.0001183880286025,7.083574371627923e-05,8.292659811401223e-05,0.0001174646431424,0.0001301882996224,9.467455621301776e-05,0.0001293037580374,5.8910856092560737e-05,7.06880301602262e-05,0.0001414293795964,8.267586337223037e-05,0.0001188608377311,9.396619566111092e-05,0.0001178883832787,4.72561876070648e-05,0.0001179495647661,8.273155972627673e-05,7.072552602109978e-05,8.262706862768243e-05,7.072969468348461e-05,3.525264394829612e-05,8.223104574395602e-05,0.0001058761249338,0.0001063905241506,9.390222430893832e-05,9.442201921488089e-05,9.398054602697242e-05,4.720209577305232e-05,7.06073408098662e-05,0.0001061057992714,8.278537300723781e-05,9.437634928686871e-05,5.929720947332218e-05,9.437300931933465e-05,8.282847406285497e-05,0.0001051463286406,4.7431579945928e-05,8.282357395553555e-05,4.6760108951053846e-05,9.37701459297896e-05,4.72411186696901e-05,9.473846263159765e-05,8.219918035674446e-05,3.531821713639895e-05,7.040683415670214e-05,5.910794292537032e-05,9.424182452172274e-05,7.048458149779735e-05,0.0001173529860467,2.343072705546053e-05,7.045974986788797e-05,8.19844932187112e-05,9.467679708395464e-05,2.3358755445509865e-05,0.0001052914819191,4.687628177332974e-05,0.0001057243882669,7.060069424016001e-05,0.0001057467482874,0.0001408665641471,2.342853126537497e-05,7.083490744238761e-05,4.6640159509345525e-05,4.7048860241360656e-05,7.030371203599551e-05,3.516298041421991e-05,8.186655751125663e-05,8.215094649626212e-05,9.342520144809062e-05,0.0001172470395122,5.837030119075415e-05,2.341481689613187e-05,8.178621084485155e-05,9.369107709604505e-05,9.379873137215817e-05,8.221848976379803e-05,1.1731856683638752e-05,0.0,7.020746305332257e-05,3.529245682556115e-05,8.29423195412105e-05,8.293445808255533e-05,8.292659811401223e-05,8.291873963515753e-05,8.29108826455678e-05,8.290302714481975e-05,8.289517313249018e-05,8.288732060815609e-05,8.287946957139475e-05,8.28716200217834e-05,8.286377195889955e-05,8.285592538232089e-05,8.284808029162524e-05,8.284023668639054e-05,8.283239456619491e-05,8.282455393061667e-05,8.281671477923428e-05,8.280887711162638e-05,8.280104092737166e-05,8.27932062260491e-05,8.278537300723781e-05,8.277754127051701e-05
0,0,0,0,0,0,0,0,0,0,0,0,0,0,0,0,0,0,0,0,0.0069616999400222,0.0039888360504533,0.0023945786738823,0.001923008014524,0.0009075385405347,0.0006685289974452,0.00050390526581,0.0005512547036406,0.0004554443578833,0.0004658051262451,0.0004789845527481,0.0004178156597309,0.0004427373131828,0.0004552642929026,0.0003699063301712,0.0005481149611553,0.0004194480064235,0.0004499970394931,0.0004077080810139,0.0003925487117265,0.0003718096334676,0.0004417119321912,0.0005221932114882,0.0004300612837329,0.0004182150581318,0.0004189509468291,0.0005163614530171,0.0004544421722335,0.0004670099389294,0.0004050512270669,0.0003099998807692,0.0006079534617585,0.0003474260521618,0.0003585814517767,0.0003099998807692,0.0003812655633794,0.0002988500251034,0.000359066427289,0.0002627901143136,0.0002873253600545,0.0002979063144222,0.0002382029965936,0.0003685737385266,0.0004645733072854,0.000287125988491,0.0003811701924909,0.0003221572604701,0.0003198521572251,0.0002015985579773,0.0003461901180627,0.000273477444056,0.0003202581043092,0.0003552103437252,0.000273467689198,0.0002745350808088,0.0002729970326409,0.0002857176871153,0.0002489124894804,0.0002731786113024,0.0003562226153864,0.0003087006079027,0.0003212641147983,0.00013044612575,0.0003342245989304,0.0002146972172855,0.0001784991789037,0.0002026269994517,0.0002385638456491,0.0002864816472694,0.0002743418776912,0.0003568879371877,0.0001767596422384,0.0001910265288091,0.000178573554447,0.0002733084583026,0.0002141888193436,0.0001889912591542,0.0002006846889387,0.0002384102802512,0.0001551220094266,0.000271143281541,0.0001896678441878,0.0002248095035259,0.000201615294299,0.0001429269047987,0.0001305529510901,0.0001896228874825,0.0001656745914346,0.0002017636516847,7.081233550884564e-05,0.0001540156622081,0.0001067273826888,0.0001538607205415,0.0001542349353992,0.0001537042729787,0.0001542752032279,0.0002015316404675,0.0001290110714955,0.000165449431563,0.0002121640735502,0.0001420807729194,0.0001771730271783,9.488341200749581e-05,0.0002496225944108,0.0001907214037095,7.102188657804714e-05,0.0001303317535545,0.0001544218091108,0.0001655120232662,0.0001294848855824,0.0002240064136573,8.336012766008121e-05,0.0001177190751989,0.0001420488174435,0.0001299760135175,5.932675992833328e-05,0.0001655198505592,0.0001898523897669,0.0001657432400435,0.0001062536155744,0.0001540065393545,0.0001879434290278,0.0001301882996224,0.0001656804733727,9.403909675447569e-05,0.0001413860546221,0.0002002827521206,9.428625306430322e-05,8.267586337223037e-05,0.000106974753958,4.698309783055546e-05,0.0001414660599344,4.72561876070648e-05,0.0001533344341959,0.0001300067367127,0.0001178758767018,5.901933473405888e-05,5.894141223623718e-05,7.050528789659224e-05,9.397833799309261e-05,0.0001058761249338,8.274818545050477e-05,3.521333411585187e-05,0.0001180275240186,5.873784126685776e-05,0.0001534068112624,7.06073408098662e-05,8.252673276664977e-05,0.0001655707460144,0.0001061733929477,4.743776757865775e-05,7.0779756989501e-05,7.099583491101856e-05,7.009755242712775e-05,5.928947493241e-05,0.000118319391365,7.014016342658078e-05,5.8606341206118495e-05,5.9051398337112624e-05,7.105384697369823e-05,7.045644030578095e-05,5.886369522733159e-05,9.387577887560285e-05,8.275112009551843e-05,7.068136839129205e-05,7.048458149779735e-05,7.041179162803797e-05,8.200754469411185e-05,9.394633315718397e-05,7.027242275889532e-05,0.0001065113967194,7.007626633652958e-05,3.509716063970425e-05,5.8595352216662165e-05,1.174715425188248e-05,5.8833911866800016e-05,9.399710958888014e-05,5.869440172796319e-05,7.028559379612492e-05,5.902908953532301e-05,3.498011963200914e-05,4.7048860241360656e-05,8.202099737532808e-05,4.688397388562655e-05,3.508566750482428e-05,4.694339799786408e-05,7.006890108606797e-05,8.207292765857662e-05,7.004436142890498e-05,4.682963379226374e-05,3.50512332192221e-05,8.197969245903942e-05,7.034904852911864e-05,3.52364956130563e-05,7.039114010183252e-05,2.3439789041898622e-05,4.680497536888171e-05,4.70566091007482e-05,7.109341674960899e-05,7.1086678356476e-05,7.107994124058191e-05,7.107320540156361e-05,7.106647083905813e-05,7.105973755270264e-05,7.105300554213443e-05,7.104627480699095e-05,7.103954534690977e-05,7.103281716152862e-05,7.102609025048534e-05,7.101936461341793e-05,7.10126402499645e-05,7.100591715976331e-05,7.099919534245279e-05,7.099247479767145e-05,7.098575552505797e-05,7.097903752425118e-05,7.097232079489e-05,7.096560533661353e-05,7.095889114906098e-05,7.095217823187172e-05
0,0,0,0,0,0,0,0,0,0,0,0,0,0,0,0,0,0,0,0,0.0084183017736269,0.0065402537043469,0.0041545939991858,0.0024007739808654,0.002077785605961,0.0008356612468065,0.0005638939879302,0.000623157491072,0.0005752981362737,0.0004896925686166,0.0005628068494791,0.0005968795139013,0.0006222254131217,0.0004792255714764,0.0004534335660163,0.00050045279062,0.000575242980238,0.0005092071762685,0.0004196994951614,0.000428234958247,0.0004077912109,0.0003939592908732,0.0004628530738191,0.0004061689901922,0.0003345720465055,0.0004907711091427,0.0004202942059441,0.0005022781903634,0.0003831876421985,0.0004646175839885,0.0004530767488166,0.0003814609956131,0.0003713864695522,0.0003705341668359,0.0003457690977811,0.000333607367957,0.0004303440361488,0.0003231597845601,0.0002747351195097,0.000395072370075,0.0003813200824604,0.0003334841952311,0.0003923526893993,0.000345451946443,0.0004426525655903,0.0003811701924909,0.0002982937596945,0.000296159404838,0.0001423048644546,0.000465566020843,0.0003448193859836,0.0002728124592263,0.0003433699989343,0.0002259080910766,0.0003461529279763,0.000320474777448,0.0003333373016345,0.0002133535624118,0.0002731786113024,0.0001662372205136,0.0002730813069908,0.0002379734183691,0.0002015985579773,0.0001671122994652,0.0002862629563806,0.000190399124164,0.0002026269994517,0.0003697739607562,0.0002984183825723,0.0003459093240454,0.000309302878896,0.0001649756660892,0.0002387831610114,0.0002142882653364,0.0002257765525108,0.0002379875770484,0.0001063075832742,0.0002715145791524,0.0001668871961758,0.0002625141697989,0.0002475656048852,0.0002015220844496,0.0002484736617918,0.0001660361247168,0.0001429269047987,0.0002611059021802,0.0002014743179501,0.0002130101889873,0.0002136321017838,0.0002596452301991,0.0001658630208395,0.0002490305596072,0.0001420252804999,0.000213556064399,0.0002128213010475,0.0001780098498783,0.0001422576285653,0.0001641959091762,0.0001772672481032,0.0001060820367751,0.0001302407085094,9.449228116178259e-05,8.302298550655881e-05,0.0002020754335706,0.0001311209650503,0.0001538807542524,0.0001184834123222,0.000213814812615,0.0001655120232662,0.0001294848855824,0.0001178981124512,0.0001548116656544,0.0001765786127984,0.0002012358247117,0.0001063440110597,0.0001305188718423,0.0001655198505592,0.0001067919692439,0.0001302268314628,0.0001652834020046,0.0001421598824811,8.222525019968988e-05,7.101179979406578e-05,0.0001065088757396,0.0001293037580374,0.0001413860546221,5.89066918001885e-05,0.0001532151612294,4.724335049841735e-05,0.0001188608377311,0.0001057119701187,0.0001414660599344,5.9070234508831e-05,4.717982590644241e-05,0.0001181879424661,0.0001414510520421,0.0001652541372553,0.0001060945420252,5.8754406580493536e-05,3.524187674740972e-05,9.411211105229104e-05,0.0001063905241506,0.0001408533364634,8.261926681302079e-05,9.398054602697242e-05,8.260366760284157e-05,0.0001059110112147,5.8947666261892686e-05,8.278537300723781e-05,7.078226196515153e-05,0.0001067349770519,0.000141559513979,7.099583491101856e-05,4.673170161808517e-05,0.0001185789498648,4.7327756546020325e-05,9.352021790210769e-05,9.37701459297896e-05,0.0001062925170068,8.289615480264794e-05,0.0001056846604586,7.06364342727979e-05,2.3468944718900717e-05,5.910794292537032e-05,8.246159645650739e-05,0.0001174743024963,0.0001173529860467,0.0001054382717495,0.0001056896248018,7.027242275889532e-05,4.7338398541977326e-05,8.175564405928451e-05,0.0001052914819191,4.687628177332974e-05,7.048292551129489e-05,8.236747661352003e-05,5.874819349305009e-05,5.869440172796319e-05,3.514279689806246e-05,4.72232716282584e-05,0.0001166003987733,4.7048860241360656e-05,4.6869141357330336e-05,4.688397388562655e-05,4.6780890006432365e-05,0.0001408301939935,0.0001284596519911,1.1724703951225231e-05,5.837030119075415e-05,8.195185913646153e-05,4.6734977625629454e-05,0.000105402461733,0.0001055235727936,8.221848976379803e-05,0.0001055867101527,4.6879578083797245e-05,4.680497536888171e-05,5.882076137593525e-05,5.924451395800749e-05,5.9238898630396655e-05,5.923328436715159e-05,5.922767116796968e-05,5.9222059032548445e-05,5.9216447960585527e-05,5.9210837951778695e-05,5.92052290058258e-05,5.9199621122424815e-05,5.9194014301273845e-05,5.918840854207112e-05,5.9182803844514935e-05,5.917720020830375e-05,5.9171597633136094e-05,5.9165996118710656e-05,5.9160395664726205e-05,5.9154796270881645e-05,5.9149197936875975e-05,5.914360066240833e-05,5.9138004447177925e-05,5.913240929088415e-05,5.912681519322642e-05
0,0,0,0,0,0,0,0,0,0,0,0,0,0,0,0,0,0,0,0,0.0080755719304258,0.0074985326353868,0.0064414166327434,0.0041804522054871,0.0027464982147761,0.0021965952773201,0.0007798533875631,0.0005033195120197,0.0004914004914004,0.0006210735016601,0.0005029337803855,0.000453628430565,0.0005623960464754,0.0004313030143288,0.0004772984905435,0.000440875077451,0.0004074637776685,0.0003434187932974,0.0004796565658988,0.0004044441272333,0.0003478219151794,0.0003581448098847,0.0004272489912176,0.0003703305498811,0.0003345720465055,0.000323190730411,0.0003842689882918,0.0002630980997141,0.0004191114836546,0.0004646175839885,0.0003815383147929,0.0004291436200648,0.0004193073043332,0.0003944395969544,0.0003457690977811,0.0002740346236789,0.0003347120281158,0.0003470975463794,0.0003464051506862,0.0002514096900477,0.0002621575566915,0.0003096638955718,0.0003804632139629,0.0004050126268642,0.0002631988227834,0.0003216123499142,0.0002863620093067,0.0002369275238704,0.000237174774091,0.0002745645763946,0.0003448193859836,0.0002609510479556,0.0001894455166534,0.0001783484929552,0.0002506624650862,0.0001899109792284,0.0002261931689662,0.0003674422463759,0.0001662826329667,0.0001781113076932,0.0002968275075987,0.0002379734183691,0.0002253160353864,0.0002267952635599,0.0002385524636505,0.0001784991789037,0.0001907077641898,0.0002624202302141,0.0002387347060578,0.0001431348927084,0.0003211991434689,0.0002945994037308,0.0002865397932137,0.000178573554447,0.0002614254818546,0.0002498869559009,0.0001771793054571,0.0001652697438318,0.0001788077101884,0.0001789869339538,0.0003065097965246,9.483392209393299e-05,0.0001538170287282,0.000201615294299,0.0001667480555985,0.0002255005518829,0.0002251771788854,0.0002485118871519,0.0001424214011892,0.0001888328946902,0.0002606418898906,0.0001541617749949,0.0001893670406665,0.0001660991611992,0.000141880867365,4.746929330089598e-05,0.0001659672333262,0.000175924188403,0.0001536316150228,0.0001768033946251,0.0002012810949691,0.0001417384217426,0.0001304646915103,0.0001664150629405,0.0001192008773184,8.285886767438832e-05,0.0001303317535545,0.0001544218091108,9.457829900929232e-05,9.417082587814295e-05,0.0001650573574317,0.0001190858966572,0.0001177190751989,0.0001657236203508,0.0001181600122886,8.305746389966658e-05,0.0001655198505592,0.0001423892923252,0.0001302268314628,0.0001298655301465,0.0001066199118608,0.0001292111074566,8.284709975974341e-05,0.0001065088757396,0.000152813532226,9.425736974809715e-05,0.0001295947219604,9.428625306430322e-05,9.448670099683469e-05,4.7544335092473725e-05,8.222042120347205e-05,0.0001178883832787,0.0001063264221158,5.8974782383053006e-05,8.273155972627673e-05,0.0001768138150527,5.901933473405888e-05,8.251797713073205e-05,0.0001057579318448,7.048375349481945e-05,7.058408328921828e-05,0.0001182116935007,0.0001173777803861,8.261926681302079e-05,0.0001057281142803,8.260366760284157e-05,0.0001412146816197,0.0001061057992714,8.278537300723781e-05,0.0001061733929477,7.115665136798663e-05,5.8983130824584165e-05,8.282847406285497e-05,0.0001401951048542,0.0001185789498648,2.3663878273010163e-05,0.0001052102451398,8.204887768856591e-05,0.0001299130763416,8.289615480264794e-05,4.697096020385397e-05,5.886369522733159e-05,8.214130651615249e-05,5.910794292537032e-05,0.0001178022806521,7.048458149779735e-05,0.000140823583256,7.029218116638159e-05,5.8716458223239976e-05,7.027242275889532e-05,7.100759781296599e-05,5.839688861377466e-05,8.189337482597658e-05,7.031442265999461e-05,4.6988617007529926e-05,3.5300347120080005e-05,7.04978321916601e-05,0.0001056499231103,7.028559379612492e-05,9.44465432565168e-05,9.328031901869104e-05,5.881107530170082e-05,7.030371203599551e-05,4.688397388562655e-05,0.000116952225016,7.041509699679612e-05,9.342520144809062e-05,5.862351975612616e-05,3.502218071445249e-05,9.365926758452749e-05,3.50512332192221e-05,3.51341539110169e-05,3.517452426455932e-05,8.221848976379803e-05,3.519557005091626e-05,1.1719894520949311e-05,7.020746305332257e-05,5.882076137593525e-05,5.924451395800749e-05,5.9238898630396655e-05,5.923328436715159e-05,5.922767116796968e-05,5.9222059032548445e-05,5.9216447960585527e-05,5.9210837951778695e-05,5.92052290058258e-05,5.9199621122424815e-05,5.9194014301273845e-05,5.918840854207112e-05,5.9182803844514935e-05,5.917720020830375e-05,5.9171597633136094e-05,5.9165996118710656e-05,5.9160395664726205e-05,5.9154796270881645e-05,5.9149197936875975e-05,5.914360066240833e-05,5.9138004447177925e-05,5.913240929088415e-05,5.912681519322642e-05
0,0,0,0,0,0,0,0,0,0,0,0,0,0,0,0,0,0,0,0,0.0100462685288321,0.0089359510319466,0.0080338114508752,0.0065334495897184,0.0037734497211707,0.0023637275266814,0.002003623318816,0.0009946552261342,0.0007071372925031,0.0005494111745455,0.0003951622560172,0.0004178156597309,0.0005264984264876,0.0003114966214597,0.000548893264125,0.0004289595348172,0.0003834953201586,0.0004263129847829,0.0005036393941937,0.0005115028667951,0.000515735943197,0.0004775264131797,0.0004865891288867,0.0004181151369625,0.00039431705481,0.0004428910009336,0.0003602521765235,0.0004544421722335,0.0005029337803855,0.0003693114129139,0.0004053844594675,0.000405302307839,0.000203663547819,0.0004422504571913,0.0003815383147929,0.0003216928191014,0.0002510340210868,0.0003470975463794,0.0002866801247058,0.0002992972500568,0.0002859900618453,0.0003334841952311,0.0003210158367812,0.0003811883546957,0.000287125988491,0.0004049933295216,0.0004056795131845,0.0002013883952898,0.0002846097289092,0.0003103773472286,0.0003804903569475,0.0002728124592263,0.0003315296541435,0.0001902383924855,0.0002984076965313,0.0002255192878338,0.0003333373016345,0.0002726184408595,0.0002731786113024,0.0003206003538477,0.0003561930091185,0.0002498720892876,0.0001897398192728,0.0002387318563789,0.0002385524636505,0.0002022990694242,0.0003337385873322,0.0001908510765193,0.0002387347060578,0.0003339814163197,0.0002022364977397,0.0003181673560292,0.0002029656868597,0.0001666686508172,0.0002495425054067,0.0002617863347533,0.0001771793054571,0.0002479046157478,0.0002503307942638,0.0002983115565897,0.0001886214132459,0.0001185424026174,0.0001893132661271,0.0001897555711049,0.000226300932598,0.0001898952015856,0.0002370286093531,0.0001893423902109,0.0001780267514865,0.0001416246710176,0.0001303209449453,0.0002015961673011,0.0001538607205415,0.0001542349353992,0.0001655276785925,0.0001186732332522,0.0002015316404675,0.0001055545130418,0.0001418137984825,0.0001296558227251,0.0001894410305592,0.0001889845623235,0.0001423251180112,0.0001188679021003,0.0001192008773184,0.0001538807542524,0.0001184834123222,0.0002019362119142,0.0002364457475232,0.0001294848855824,0.0001650573574317,0.0001905374346516,0.0001530347977586,0.0002130732261653,0.0001772400184329,0.0001661149277993,0.0001064056182166,0.0001305235179647,0.0001539044371833,0.0001180595728604,8.292659811401223e-05,9.397171451393132e-05,5.9176499828388155e-05,0.0001538461538461,0.000152813532226,0.0001531682258406,0.0001178133836003,0.0001060720346973,0.0001653517267444,0.000106974753958,9.396619566111092e-05,0.0001296772216065,8.26983283123634e-05,0.0001179495647661,0.0002009195021923,0.0001060882890316,0.0001416464033617,4.7153129788989744e-05,0.000129259694477,0.0001292202147405,0.0001058761249338,0.0001418540322008,9.390222430893832e-05,0.0001416330288223,0.0001057281142803,0.0001534068112624,5.88394506748885e-05,3.536859975713561e-05,2.365296371635366e-05,0.0001061733929477,7.115665136798663e-05,0.0001533561401439,9.46611132146914e-05,0.0001285121794497,5.928947493241e-05,8.282357395553555e-05,8.183019066434425e-05,0.0001172126824122,5.9051398337112624e-05,4.7369231315798825e-05,8.219918035674446e-05,8.240917331826423e-05,5.867236179725178e-05,8.275112009551843e-05,7.068136839129205e-05,0.0001644640234948,5.867649302336498e-05,7.029218116638159e-05,4.697316657859198e-05,0.0001288327750579,0.0001065113967194,5.839688861377466e-05,2.3398107093136166e-05,0.0001054716339899,7.048292551129489e-05,4.7067129493440014e-05,8.224747089027011e-05,9.39110427647411e-05,4.685706253074994e-05,0.0001652814506989,6.996023926401828e-05,8.233550542238113e-05,7.030371203599551e-05,0.000117209934714,9.356178001286473e-05,3.520754849839806e-05,5.839075090505664e-05,8.207292765857662e-05,0.0001284146626196,8.195185913646153e-05,4.6734977625629454e-05,5.8556923185028165e-05,7.034904852911864e-05,5.872749268842716e-05,7.039114010183252e-05,5.859947260474656e-05,9.360995073776342e-05,4.70566091007482e-05,4.739561116640599e-05,4.739111890431733e-05,4.738662749372127e-05,4.738213693437574e-05,4.737764722603875e-05,4.737315836846843e-05,4.736867036142295e-05,4.736418320466063e-05,4.7359696897939847e-05,4.735521144101908e-05,4.73507268336569e-05,4.734624307561195e-05,4.7341760166643e-05,4.733727810650888e-05,4.7332796894968525e-05,4.732831653178096e-05,4.732383701670532e-05,4.731935834950078e-05,4.7314880529926657e-05,4.731040355774234e-05,4.730592743270732e-05,4.730145215458114e-05
0,0,0,0,0,0,0,0,0,0,0,0,0,0,0,0,0,0,0,0,0.0118241795904378,0.0099421439095384,0.0081176217044611,0.0076442554614622,0.0068781868335263,0.0042260583052789,0.0025315240734741,0.002169067420847,0.0008989033379277,0.000680792107589,0.0005388576218416,0.0006685050555694,0.0003948738198657,0.0005271481286241,0.0005608257263886,0.0004051284495495,0.0005273060652181,0.0004973651489134,0.0005156308083412,0.0004758166202745,0.0004917482249088,0.0005014027338387,0.0005459292665558,0.0005375766046661,0.0005138070714191,0.0004668310550381,0.0003362353647553,0.000466401176766,0.0004909591665668,0.0004765308553728,0.0005961536168639,0.0003337783711615,0.0003953468869427,0.0004422504571913,0.0004769228934911,0.000393180112235,0.0005618380471943,0.0004069419509275,0.0003464051506862,0.0004309880400818,0.0003932363350373,0.0003692146447202,0.0003447947876539,0.00039310049078,0.0003828346513213,0.0003692586239756,0.0003102255100823,0.0003435449096121,0.0004624908094775,0.0003342525277847,0.0003210387386744,0.0002965352817678,0.0002012858614442,0.0004280363830925,0.00038196185156,0.0004035608308605,0.000488101048822,0.0004978249789609,0.0002969332731548,0.0003087262666682,0.0003443199088145,0.0003093654438799,0.0002134572966819,0.0003819709702062,0.0002862629563806,0.0003093985767665,0.0003694962931178,0.0003459175761913,0.0001671142942405,0.0003101256008683,0.0004520580537711,0.0002945994037308,0.0003104181093149,0.0002142882653364,0.0002020105996149,0.0002617863347533,0.0003071107961256,0.0002006846889387,0.0002860923363015,0.0002744466320625,0.0003418763115082,0.0002489390454965,0.0001419849495953,0.0002846333566574,0.0002739432341976,0.0002611059021802,0.0002251771788854,0.0003313491828692,0.0002017636516847,0.0002006349506083,0.0001895577381022,0.0002253133634541,0.0001656961605832,0.0002610129675987,0.0002246447066613,0.0001780098498783,0.0001896768380871,0.0001876524676299,0.0002245385142641,9.42951438000943e-05,0.0001657609017393,0.0002007960974687,0.0001423251180112,0.0001426414825204,0.0001430410527821,0.0002012286786378,0.0001421800947867,0.0001187860070083,0.000224623460147,0.0001883416517562,0.0001886369799219,0.0001548116656544,0.0002825257804774,0.0001302114159899,0.0001063440110597,8.305746389966658e-05,0.0001064056182166,0.0001305235179647,0.0001775820429038,0.0001298655301465,0.0001066199118608,0.0001174646431424,0.0001656941995194,0.0001301775147928,0.000152813532226,0.0001060395409666,0.0001413760603204,0.0001296435979634,0.0001062975386214,0.0001664051728236,0.0002231697146951,0.0001060995449508,0.0001653966566247,0.0001651293906725,9.455035397288768e-05,8.251311369128307e-05,0.0002124696050426,4.7153129788989744e-05,0.0001645123384253,0.0001057256302422,0.0002117522498676,4.728467740028843e-05,0.0001173777803861,0.0001298302764204,0.0002114562285606,9.440419154610463e-05,0.0001765183520246,9.431626601902832e-05,0.0001419177822981,0.0001179704366085,7.115665136798663e-05,9.437300931933465e-05,4.73305566073457e-05,7.009755242712775e-05,4.7431579945928e-05,2.3663878273010163e-05,8.183019066434425e-05,7.032760944734221e-05,7.086167800453515e-05,8.289615480264794e-05,4.697096020385397e-05,0.0001412728685455,5.867236179725178e-05,0.0002009670059462,0.0001178022806521,8.223201174743025e-05,0.000140823583256,0.000128868998805,0.0001056896248018,8.19844932187112e-05,4.7338398541977326e-05,0.0001167937772275,0.0001052914819191,9.375256354665949e-05,5.873577125941241e-05,0.0001059010413602,0.0001644949417805,7.043328207355582e-05,8.19998594288124e-05,9.44465432565168e-05,5.83001993866819e-05,4.7048860241360656e-05,3.5151856017997754e-05,7.032596082843982e-05,7.017133500964857e-05,4.694339799786408e-05,3.503445054303398e-05,9.379763160980184e-05,4.669624095260332e-05,1.1707408448065936e-05,8.178621084485155e-05,4.6845538548022525e-05,4.689936568607909e-05,5.872749268842716e-05,9.385485346911001e-05,3.5159683562847933e-05,0.0001170124384222,3.529245682556115e-05,5.924451395800749e-05,5.9238898630396655e-05,5.923328436715159e-05,5.922767116796968e-05,5.9222059032548445e-05,5.9216447960585527e-05,5.9210837951778695e-05,5.92052290058258e-05,5.9199621122424815e-05,5.9194014301273845e-05,5.918840854207112e-05,5.9182803844514935e-05,5.917720020830375e-05,5.9171597633136094e-05,5.9165996118710656e-05,5.9160395664726205e-05,5.9154796270881645e-05,5.9149197936875975e-05,5.914360066240833e-05,5.9138004447177925e-05,5.913240929088415e-05,5.912681519322642e-05
0,0,0,0,0,0,0,0,0,0,0,0,0,0,0,0,0,0,0,0,0.022834375803273,0.0148413449444797,0.0100093388568281,0.0083609044109742,0.0080126100091947,0.0063390874579184,0.0038272804712714,0.0026963545286772,0.0022292802780607,0.0011465972338341,0.0010058675607711,0.0008595065000179,0.0007658158930729,0.0007427996357885,0.0005966231131794,0.0007983413564653,0.0006471483527677,0.0008407839422109,0.0007074934347007,0.0006661432683843,0.000719631548647,0.0005610935354861,0.000735817707097,0.0007764995400733,0.0005735520797237,0.0005745612985085,0.000708495947163,0.0006697042538179,0.0005867560771165,0.000667143197522,0.0004530767488166,0.0005602708373068,0.0006708916869331,0.0005498248927243,0.0005246151828403,0.0007148729313364,0.0005737920481985,0.0005146618791143,0.000477800207843,0.0005985945001137,0.0004647338504986,0.0005835973416545,0.0004993579683264,0.0004764854433697,0.0004426525655903,0.0004645511720983,0.0005369287674501,0.0004738550477408,0.0005455019804093,0.0005371915625111,0.000487503269839,0.0005456249184527,0.0004854541364244,0.0003685868854408,0.0003580892358375,0.0004985163204747,0.000547625566971,0.0004622660518923,0.0005344798916787,0.0003799707897455,0.0003324468085106,0.0003331627857168,0.0004150558546592,0.0003939075630252,0.0003459010722933,0.0004402979746293,0.0004529309399508,0.0003101329993439,0.0003581020590868,0.0003339814163197,0.0004758505829169,0.0002238955468354,0.0003104181093149,0.0003095274943749,0.0004277871521258,0.0003807801232775,0.0002952988424285,0.0003069295242592,0.0003218538783392,0.0002625141697989,0.0002947209581967,0.0003674814481139,0.0003549623739883,0.0003439319726277,0.0002739432341976,0.0002255005518829,0.0002488800398208,0.0002366779877637,0.0003204481526757,0.0002950513979535,0.0002369471726278,0.0002964649519133,0.0002367088008332,0.000427112128798,0.0002009978954338,0.0002254791431792,0.0002133864428479,0.0003166635391255,0.0002718097804249,0.0002946723243752,0.0002604814170189,0.0002480422380496,0.0001660459710131,0.0002139622237807,0.0003337624564916,0.0002604135841195,0.0002369668246445,0.0002256934133159,0.0002837348970278,0.0002236557114605,0.0002357962249024,0.0002262632036487,0.0002118943353581,0.0001302114159899,0.0001417920147463,0.0001898456317706,0.0002719254687758,0.0001423892923252,0.0001775820429038,0.0001652834020046,0.0002013931668483,8.222525019968988e-05,0.0001656941995194,0.0001420118343195,0.0001998330806032,0.0001296038834036,0.0001295947219604,0.0001532151612294,0.0001535408891198,0.0001901773403698,0.0001174577445763,0.000176832574918,0.0001299545159194,0.0001533344341959,7.091276547966577e-05,0.0001768138150527,0.0001062348025213,0.0001650359542614,0.0001997649823736,0.0002349458449827,0.0001999882359861,0.0001182116935007,0.0002347555607723,0.0001298302764204,0.0001057281142803,0.0001888083830922,0.0001765183520246,0.0001414743990285,0.0001892237097308,0.0001061733929477,0.0001541727446306,0.000129762887814,0.0001538243089738,0.0001401951048542,0.0002015842147701,9.465551309204064e-05,0.0001402803268531,0.0001172126824122,7.086167800453515e-05,9.473846263159765e-05,0.0001056846604586,0.000153045607591,7.040683415670214e-05,0.0001536806516059,8.246159645650739e-05,0.0001644640234948,0.000105617687442,0.000128868998805,5.8716458223239976e-05,8.19844932187112e-05,3.5503798906483e-05,0.0001284731549503,0.0001286895890122,0.0001640669862066,7.048292551129489e-05,9.413425898688003e-05,5.874819349305009e-05,0.0001056499231103,0.0001288569219595,9.44465432565168e-05,0.000104940358896,9.409772048272131e-05,7.030371203599551e-05,5.860496735703319e-05,7.017133500964857e-05,9.388679599572815e-05,8.17470512670793e-05,0.0001289717434634,0.0001050665421433,0.0001170740844806,7.01024664384442e-05,3.51341539110169e-05,5.862420710759887e-05,5.872749268842716e-05,9.385485346911001e-05,9.375915616759449e-05,0.0001053111945799,7.05849136511223e-05,8.29423195412105e-05,8.293445808255533e-05,8.292659811401223e-05,8.291873963515753e-05,8.29108826455678e-05,8.290302714481975e-05,8.289517313249018e-05,8.288732060815609e-05,8.287946957139475e-05,8.28716200217834e-05,8.286377195889955e-05,8.285592538232089e-05,8.284808029162524e-05,8.284023668639054e-05,8.283239456619491e-05,8.282455393061667e-05,8.281671477923428e-05,8.280887711162638e-05,8.280104092737166e-05,8.27932062260491e-05,8.278537300723781e-05,8.277754127051701e-05
0,0,0,0,0,0,0,0,0,0,0,0,0,0,0,0,0,0,0,0,0.0614343243937965,0.0292394858833534,0.0152654390459998,0.0109527847783763,0.0094813894892707,0.0089057612873958,0.0069226985326758,0.0046616973851352,0.0034757595733205,0.0027948307574707,0.0017123697760747,0.0010982583055784,0.0014239389261825,0.0013178703215603,0.0012648409999403,0.0012511319765502,0.0010785805879462,0.0012670969269939,0.0012111328288945,0.0014631361073442,0.0012593552101324,0.0012893213155852,0.0010443864229765,0.0011587762367248,0.0011829511644302,0.0008498719207105,0.0010327229060342,0.0011361054305839,0.0009340198778589,0.0010245413390517,0.001108845727367,0.0011563036429525,0.0009823771130093,0.0009681699197972,0.0007630766295859,0.0008101893221813,0.001147584096397,0.0011250748055056,0.0008480953689214,0.0010774701002047,0.0008698864381129,0.0009528119863747,0.0008798211822894,0.0008576737980654,0.0008135236340579,0.0008218982275586,0.0007517002744302,0.0007463217001919,0.000924981618955,0.0007520681875156,0.0007490903902404,0.0007709917325963,0.0006156979291236,0.0006420545746388,0.0008236052424264,0.0007833827893175,0.0005357206633412,0.0007111785413728,0.0006294985390882,0.0006174525333364,0.000724259118541,0.0005592375331675,0.0005573607191139,0.0008116883116883,0.0006440916518565,0.0005592974272318,0.0005840425278314,0.0007634043060774,0.0007162041181736,0.0006321791094624,0.000618605757792,0.0005538468790139,0.0005969579025287,0.0005238157597114,0.000594148822397,0.0004759751540969,0.0006142215922513,0.0005194191949002,0.0004887410745151,0.0005130958773342,0.0004361870181312,0.0005452950520401,0.0003667944531213,0.0005455472669267,0.0003215855357972,0.000356053502973,0.0003555429140297,0.0004378542773629,0.0004984749041622,0.0006019048518251,0.0003791154762045,0.0004862025211379,0.0003905695213748,0.0004389763545979,0.0004492894133226,0.0004509582863585,0.0003437892690328,0.0003401200975792,0.0002836275969651,0.0003418198962753,0.0002841615458388,0.0003307229840662,0.0002965106625234,0.0002971697552509,0.0002741620178324,0.0002485766030231,0.0002251184834123,0.0002613292154184,0.0002364457475232,0.0002236557114605,0.0004480128273146,0.0002500803829802,0.0002942976879973,0.0002959350363408,0.000259952027035,0.0002017109837563,0.0002837483152443,0.0002729128102899,0.0002130984514845,0.0003895965904395,0.0002724731080888,0.0002231828219705,0.0002603765992449,0.0002248520710059,0.0002468526289804,0.0001885147394961,0.000318096135721,0.0003064303224589,0.0003425142911135,0.000202063424143,0.0002466612636104,0.0002947209581967,0.0002126528442317,0.0003066688683918,0.0002481946791788,0.000259326928744,0.0002124696050426,0.0001886125191559,0.0001762632197414,0.0002349458449827,0.000176460208223,0.000165496370901,0.0001643288925406,0.0002006467908316,0.000129223250787,0.0001062047154893,0.0002471256928345,0.0001768429987856,0.0001537442641562,0.0002359408732171,0.0001660321865253,0.0001887460186386,0.0001774895872775,0.0002803902097085,0.0001660105298107,0.000141983269638,0.0002571805992307,0.000210982828342,0.0002007747543461,0.0001421076939473,0.0002465975410702,0.0001177273904546,0.0001877515577512,0.0002127885945313,9.424182452172274e-05,4.698972099853157e-05,0.0001642941804654,9.372290822184213e-05,0.000164406083025,0.0001171207045981,0.0002011881938034,0.0002102287990095,0.0002573791780244,0.0001640669862066,0.000199701622282,0.0001176678237336,0.0001762445804791,0.0001291276838015,0.0001054283906941,0.0001416698148847,0.000104940358896,9.409772048272131e-05,0.0001406074240719,7.032596082843982e-05,9.356178001286473e-05,0.0001290943444941,0.0001051033516291,0.000105522335561,0.0001517627830959,0.0001404889013767,0.0001051536996576,0.00011711384637,0.0001172484142151,7.04729912261126e-05,8.212299678547126e-05,0.0001054790506885,0.000163817413791,0.0001411698273022,9.479122233281199e-05,9.478223780863464e-05,9.477325498744255e-05,9.476427386875149e-05,9.47552944520775e-05,9.474631673693683e-05,9.47373407228459e-05,9.472836640932126e-05,9.471939379587969e-05,9.471042288203816e-05,9.470145366731381e-05,9.469248615122389e-05,9.4683520333286e-05,9.467455621301776e-05,9.466559378993704e-05,9.465663306356192e-05,9.464767403341065e-05,9.463871669900156e-05,9.462976105985331e-05,9.462080711548467e-05,9.461185486541464e-05,9.460290430916229e-05
0,0,0,0,0,0,0,0,0,0,0,0,0,0,0,0,0,0,0,0,0.8628652214891611,0.0791658181905298,0.0293814803285361,0.0171637423408143,0.0123950658562506,0.0104815796385168,0.0101260962938967,0.0085923830980514,0.0062443818541379,0.0047655447531232,0.0043946832714644,0.0032112117847891,0.0027162532457431,0.0027914889538505,0.0028399260187339,0.002776321433678,0.0024327984372565,0.0024631416898573,0.0025541712134111,0.0026288868270168,0.0024587411245442,0.0023995702262281,0.0020650367908853,0.0024847985282347,0.0022344633105904,0.0025376457350793,0.0023056139297508,0.0021287028067783,0.0023589989222847,0.0017274243507267,0.0020388453696748,0.0021576387564371,0.0020965365216662,0.0021156305654829,0.0024561529014796,0.0021684478917205,0.0018289621536328,0.0019150209455415,0.0020306508833331,0.0017119802703252,0.0020138466854943,0.0021319168195135,0.0014386265277975,0.0021799209034164,0.0017347195137999,0.001465122927387,0.0014914687984727,0.0016466462908996,0.0015534947702962,0.0016473874583676,0.0016051936933723,0.0015301220539219,0.0015629255123909,0.0013911182450508,0.0013846117119052,0.0014243323442136,0.0015119227609852,0.0013512392286083,0.0014846663657742,0.0014011422871866,0.0012466755319148,0.0011303737372535,0.0012095913478642,0.0011936592818945,0.0013716766659907,0.0012494942523264,0.0009773772914729,0.0011093218822687,0.0008713816771113,0.0011570070493934,0.0010230787532714,0.0010369899011324,0.0011103416987034,0.0010119168085334,0.0008793402571476,0.0009043527927842,0.0009685802031656,0.0009089835910754,0.0010132436910679,0.0008591372829783,0.0008841628745903,0.0008535052988453,0.0007927493019073,0.0008064611771961,0.0009409354565919,0.0008782653073335,0.00075849154993,0.0007928712590085,0.0006646332055496,0.0008143418583517,0.0006160626488324,0.0007708088749748,0.0008166453628745,0.0007711746769964,0.0007448745536664,0.000534029549635,0.0006638689333048,0.0006919684743854,0.0006499799097118,0.0006954266855256,0.0005801631560875,0.000637822897842,0.0005455796190431,0.000606226300712,0.0003933628951509,0.0005681750926243,0.0006161137440758,0.0005226584308368,0.000591114368808,0.0004708541293907,0.0005423313172756,0.0004406178176318,0.0004944201158355,0.0005326830654134,0.0004962720516122,0.0004746140794266,0.0004729138587406,0.0004746309744173,0.0004261969029691,0.0004604323341558,0.0004857129318106,0.0004228727153126,0.0005562590983868,0.0005443786982248,0.0004466857095837,0.0004123759926479,0.0005301602262016,0.0004596454836884,0.0004251901544857,0.000404126848286,0.0003993563315597,0.0004361870181312,0.0003189792663476,0.0004246184331579,0.0004018390043847,0.0004243531561265,0.0003895276092447,0.0004597430154426,0.0003172737955346,0.0005286281512111,0.000329392388683,0.0003782774192023,0.0003286577850812,0.0004839128484762,0.0004346600253747,0.0002124094309787,0.0002588935829695,0.000436212730338,0.0003784474194616,0.0003893024408083,0.0003083454892612,0.000271322401793,0.000283983339644,0.0003037560605175,0.0002253000047431,0.0003076304175491,0.0001636603813286,0.000316474242513,0.0002834467120181,0.0003315846192105,0.000305311241325,0.000329636693273,0.0002464239195484,0.0001773238287761,0.0002945057016303,0.0001879588839941,0.0001995000762794,0.0003280301787764,0.0002466091245376,0.0002342414091963,0.0002366919927098,0.000233587554455,0.0002456801244779,0.0002695386201966,0.000199701622282,0.0001059010413602,0.0002114934965749,0.0002112998462206,0.0002342853126537,0.00020069890442,0.0002681809171787,0.0001646710108447,0.0002812148481439,0.0001992568890139,0.0001871235600257,0.0001760377424919,0.0001634941025341,0.0001524211513659,0.0002101330842867,0.0002458555774093,0.0001051536996576,0.0002927846159251,0.0001641477799012,0.0001644369795275,0.0002815645604073,0.0002695575739818,0.0002574273645288,8.234906592630934e-05,0.000177733541874,0.0001777166958911,0.0001776998531014,0.0001776830135039,0.0001776661770976,0.0001776493438817,0.0001776325138553,0.0001776156870174,0.0001775988633672,0.0001775820429038,0.0001775652256262,0.0001775484115335,0.0001775316006249,0.0001775147928994,0.0001774979883561,0.0001774811869941,0.0001774643888126,0.0001774475938106,0.0001774308019872,0.0001774140133415,0.0001773972278726,0.0001773804455796
0,0,0,0,0,0,0,0,0,0,0,0,0,0,0,0,0,0,0,0,0.0,0.8346609489357114,0.0758243337084839,0.0263010164470933,0.0140549060817023,0.0093116538929876,0.0081344707195047,0.0074659060949596,0.0057769521184155,0.003463679143874,0.0020596335768171,0.0016593250486456,0.0006820547797681,0.0003354579000335,0.0004295686414891,0.00025022639531,0.0001797634313243,0.0002131564923914,0.0002638111112443,0.000261699141151,0.0002758587603147,0.0002387632065898,0.0002254925231426,0.0002508690821775,0.0001672860232527,0.0002513705680974,0.000312218552987,0.0001793850679869,0.0002993653454676,0.0001310459852275,0.0002026922297337,0.0002980164028228,0.0003833666782475,0.0002868651614214,0.0002503845190828,0.0002382909771121,0.0002390800200827,0.0002752842609216,0.0002269550987254,0.0003112691400591,0.0002025762938071,0.0002501131464233,0.0002615684595995,0.0003335398103587,0.0002392716570758,0.0003216123499142,0.0001670445054289,0.0003316985334186,0.0002608922515001,0.0002029390347264,0.0003091484150198,0.0003677037493921,0.000367050688516,0.0001902383924855,0.0003580892358375,0.0002492581602373,0.0002976225907451,0.0003318833193073,0.0003919519205644,0.0003087262666682,0.0003324468085106,0.0003212641147983,0.0001778810805682,0.000214858670741,0.0002981905795632,0.0003093985767665,0.0003814155283796,0.0002385638456491,0.0002387347060578,0.0002862697854169,0.0003330954080418,0.0002945994037308,0.0002626614771126,0.0002857176871153,0.0002376595289588,0.0002379875770484,0.0001653673517599,0.0001770747255341,0.0003218538783392,0.000143189547163,0.0001532548982623,0.00027264752602,0.000212977424393,0.0002727736334633,0.0002024797817982,0.0002136321017838,0.0002133257484178,0.0002130101889873,0.0002729743522793,0.0001770308387721,0.0002250998139964,0.0001660203730714,0.0001420252804999,0.0002491487417988,0.0001182340561375,0.0002492137898297,0.0001304028261848,0.0002345655845374,0.0002127206977238,0.0001296558227251,0.0001184006440995,0.0001653614920331,0.0001541855445121,0.0002139622237807,0.0002026414914413,7.102188657804714e-05,0.00010663507109,0.000213814812615,0.0002009788853947,0.0001765702985215,0.0001768471686768,0.0001786288449858,0.0001412628902387,0.0002367480290726,0.0001890560196618,0.0001067881678709,9.458277174812608e-05,0.0001542550666856,0.0001065492257422,0.0001770893592906,0.0001540065393545,0.0001527040360851,0.0001420235995881,0.0002011834319526,0.0001763233064146,9.425736974809715e-05,0.0001060320452403,0.0001178578163303,0.000118108376246,0.0001188608377311,0.0001409492934916,0.0001414660599344,0.0001063264221158,0.0001651293906725,8.273155972627673e-05,0.0002003889903931,9.443093557449421e-05,0.0001178828244724,7.050528789659224e-05,0.0001644620914879,9.411211105229104e-05,0.0001536752015509,0.000152591114502,0.0001180275240186,0.0002114562285606,0.0001180052394326,9.41431210798216e-05,0.0002122115985428,7.095889114906098e-05,9.437634928686871e-05,0.0001304538608413,0.000129762887814,0.0001183263915183,0.0001635609556632,0.0001541526348242,0.0001774790870475,8.183019066434425e-05,0.0001523764871359,5.9051398337112624e-05,5.9211539144748526e-05,8.219918035674446e-05,9.418191236373054e-05,0.0001173447235945,4.728635434029625e-05,9.424182452172274e-05,9.397944199706314e-05,8.214709023271098e-05,0.0001405843623327,5.8716458223239976e-05,9.369656367852708e-05,0.0001301805959904,8.175564405928451e-05,0.0001169905354656,8.203349310332704e-05,7.048292551129489e-05,8.236747661352003e-05,7.04978321916601e-05,4.695552138237055e-05,9.371412506149987e-05,0.0001062523611635,8.162027914135465e-05,7.057329036204097e-05,8.202099737532808e-05,0.0001054889412426,9.356178001286473e-05,2.347169899893204e-05,5.839075090505664e-05,0.000105522335561,4.669624095260332e-05,7.024445068839562e-05,0.000116837444064,7.02683078220338e-05,9.379873137215817e-05,1.1745498537685431e-05,8.212299678547126e-05,5.859947260474656e-05,8.190870689554301e-05,7.05849136511223e-05,0.000118489027916,0.0001184777972607,0.0001184665687343,0.0001184553423359,0.000118444118065,0.0001184328959211,0.0001184216759035,0.0001184104580116,0.0001183992422448,0.0001183880286025,0.0001183768170841,0.000118365607689,0.0001183544004166,0.0001183431952662,0.0001183319922374,0.0001183207913294,0.0001183095925417,0.0001182983958737,0.0001182872013248,0.0001182760088943,0.0001182648185817,0.0001182536303864
0,0,0,0,0,0,0,0,0,0,0,0,0,0,0,0,0,0,0,0,0.0,0.0,0.8369291923086132,0.0778877966628047,0.0270231541740802,0.0139197287682353,0.0099341323831119,0.0079093066174532,0.0071912267034218,0.0058524233810285,0.0035444856903364,0.0022203917917129,0.0016393246461092,0.0006229932429194,0.000346041405644,0.0002263953100424,0.0002157161175892,0.0002131564923914,0.0001918626263595,0.0001546404015892,0.0002638649011706,0.0002029487256013,0.0002136244956088,0.0002389229354071,0.0001075410149482,0.0002513705680974,0.00020414290003,0.0001793850679869,0.0001556699796431,0.0002382654276864,0.0002742306637574,0.0002741750905969,0.000203663547819,0.0001553852957699,0.0001907691573964,0.0002025473305453,0.0001912640160661,0.000227408737283,0.0002389001039215,0.0001915502400363,0.0002383250515377,0.0002858435959124,0.0001902316069814,9.5297088673941e-05,0.0002512352399296,0.0001310272536687,0.0002028397565922,0.0002250811476769,0.000237174774091,0.0002984397569506,0.0002378064730921,0.0002609510479556,0.0002368068958168,0.000273467689198,0.0002984076965313,0.0002017804154302,0.0001071441326682,0.0002489124894804,0.0002850559422286,0.0001899853948727,0.000225588905775,0.0002736694311245,0.000237174774091,0.0002626050420168,0.000250480086833,0.0002141990146845,0.0002026269994517,0.0001669946919544,0.0001909877648463,0.0002862697854169,0.0002617178206043,0.0002121115706861,0.0002149048449103,0.0002976225907451,0.0001307127409273,0.0001665913039339,0.0001653673517599,0.0001888797072364,0.0002503307942638,8.352723584511664e-05,0.0001178883832787,0.0002607932857583,0.0001656491078612,0.0001778958479109,0.0001667480555985,0.0002017636516847,0.0002014743179501,0.00013017289327,0.0001542898512883,0.0002124370065265,0.0001777103794708,8.301018653574774e-05,0.0002130379207498,0.0001660991611992,0.00018917448982,0.0001780098498783,7.112881428266591e-05,0.0001407393507224,0.0001299959819423,0.0001532296086751,7.104038645970234e-05,0.0002480422380496,9.488341200749581e-05,8.32075314702771e-05,0.0001311209650503,0.0002012286786378,0.0002014218009478,0.00014254320841,0.0001064005863854,0.0001530275920519,0.0001178981124512,9.526871732580711e-05,0.0001294909827188,0.0001302114159899,0.000165424017204,0.0001067881678709,0.0001064056182166,0.0001305235179647,0.0001302268314628,9.444765828837233e-05,0.0001303132256077,0.0001879434290278,9.468239972542104e-05,0.0001065088757396,7.052932256585676e-05,0.0001296038834036,7.06880301602262e-05,8.250047143126531e-05,0.0001535408891198,9.508867018494745e-05,8.222042120347205e-05,0.0001296772216065,0.0001417685628211,0.0001651293906725,0.0001181879424661,5.893793835091649e-05,9.443093557449421e-05,7.072969468348461e-05,8.225616921269094e-05,7.048375349481945e-05,9.411211105229104e-05,0.0001063905241506,8.216444627032103e-05,0.0001298302764204,0.000129223250787,0.0001180052394326,0.0001059110112147,7.073719951427123e-05,4.730592743270732e-05,0.0001415645239303,0.0001067349770519,0.0001061696354842,0.0001183263915183,7.009755242712775e-05,8.3005264905374e-05,0.000118319391365,2.3380054475526927e-05,0.0001172126824122,2.362055933484505e-05,9.473846263159765e-05,9.394192040770792e-05,9.418191236373054e-05,8.214130651615249e-05,5.910794292537032e-05,4.712091226086137e-05,7.048458149779735e-05,3.5205895814018985e-05,3.5146090583190795e-05,4.697316657859198e-05,7.027242275889532e-05,5.9172998177471656e-05,0.0001051143995047,4.6796214186272326e-05,5.8595352216662165e-05,5.873577125941241e-05,0.0001059010413602,0.0001292460256847,8.217216241914844e-05,5.857132816343744e-05,5.902908953532301e-05,5.83001993866819e-05,0.000105859935543,7.030371203599551e-05,4.688397388562655e-05,9.356178001286473e-05,7.041509699679612e-05,8.17470512670793e-05,0.0001406964474147,5.837030119075415e-05,8.195185913646153e-05,8.178621084485155e-05,7.02683078220338e-05,0.0001055235727936,0.0001057094868391,5.865928341819376e-05,5.859947260474656e-05,8.190870689554301e-05,3.529245682556115e-05,4.739561116640599e-05,4.739111890431733e-05,4.738662749372127e-05,4.738213693437574e-05,4.737764722603875e-05,4.737315836846843e-05,4.736867036142295e-05,4.736418320466063e-05,4.7359696897939847e-05,4.735521144101908e-05,4.73507268336569e-05,4.734624307561195e-05,4.7341760166643e-05,4.733727810650888e-05,4.7332796894968525e-05,4.732831653178096e-05,4.732383701670532e-05,4.731935834950078e-05,4.7314880529926657e-05,4.731040355774234e-05,4.730592743270732e-05,4.730145215458114e-05
0,0,0,0,0,0,0,0,0,0,0,0,0,0,0,0,0,0,0,0,0.0,0.0,0.0,0.8346451990492457,0.0782632578245345,0.0265023995415801,0.0136534331545669,0.0094312489514176,0.0081979984419008,0.0083247736664835,0.0054843731289665,0.003617089854242,0.0020461643393043,0.0015574831072986,0.000548893264125,0.0002740574805776,0.000275637261364,0.0003197347385872,0.0001558883839171,0.0002260128946304,0.0002638649011706,0.0002268250462603,0.0001898884405411,0.0002628152289479,0.00026287803654,0.0001556103516793,0.0001801260882617,0.0002391800906492,0.0001317207520057,0.000262091970455,0.0001669230127219,0.0002860957467098,0.0001078218782571,0.0001553852957699,0.0002384614467455,0.0001429745862672,0.0002629880220909,0.0001077199281867,0.0002508451091176,0.0001197189000227,0.0002264087989609,0.0001786522474452,0.0002615684595995,0.0001905941773478,0.0001674901599531,0.0002144082332761,0.0001670445054289,0.0001895420190963,0.000237174774091,0.0002865021666726,0.0002972580913652,0.0002372282254142,0.0001776051718626,0.0002496878901373,0.0002029172336412,0.0002492581602373,0.0002500029762259,0.0002726184408595,0.0001187733092619,0.0003087262666682,0.0001424772036474,0.0001546827219399,0.0001660223418637,0.0001909854851031,0.0002385524636505,0.0002141990146845,0.0001311115878805,0.0002027792688018,0.0001790510295434,0.0002027744313369,0.0002260290268855,0.0001885436183877,0.0001910265288091,0.0001428588435576,0.0001188297644794,0.0002022894404912,0.0001299314906685,0.0002479046157478,0.0002145692522261,0.000143189547163,0.0002475656048852,0.0001422508831408,0.0001064887121965,0.0001660361247168,0.0001548374801986,0.0001424214011892,0.0001303657351442,0.0001183389938818,0.0001305529510901,0.0001770308387721,0.0001895577381022,0.0001304445788418,0.0001538607205415,0.0001660991611992,0.0001773510842062,0.0001305405565774,0.0001541124309457,0.000175924188403,0.0001181781654021,0.0001296558227251,0.0002131211593791,0.000106303816307,0.0001304646915103,0.0001307546923104,0.0001192008773184,0.0001302067920597,7.109004739336493e-05,0.0001306646077092,0.0001064005863854,8.239947264337508e-05,3.5369433735365894e-05,0.0001309944863229,0.0001294909827188,0.0001538862188972,7.089600737318477e-05,7.119211191399992e-05,0.0001536970040907,2.3731548720869524e-05,7.103281716152862e-05,0.0001062536155744,0.0001421598824811,7.047878588544849e-05,0.0001183529996567,5.9171597633136094e-05,8.228420966016622e-05,8.247519852958502e-05,8.24693685202639e-05,0.0001296435979634,9.448670099683469e-05,0.000106974753958,9.396619566111092e-05,0.0001178883832787,5.9070234508831e-05,0.0001061546082894,7.091276547966577e-05,9.430070136146636e-05,7.082320168087065e-05,0.0001060945420252,2.350176263219741e-05,3.524187674740972e-05,0.0001294041526969,8.274818545050477e-05,5.8688890193086445e-05,8.261926681302079e-05,0.0001174756825337,0.0001062047154893,7.06073408098662e-05,4.715813300951416e-05,4.730592743270732e-05,7.078226196515153e-05,0.0001067349770519,0.0001179662616491,5.916319575918213e-05,9.346340323617032e-05,8.3005264905374e-05,8.282357395553555e-05,0.0001402803268531,0.000105491414171,0.0001062925170068,9.473846263159765e-05,9.394192040770792e-05,5.886369522733159e-05,3.520341707835107e-05,9.457270868059248e-05,7.068136839129205e-05,3.524229074889868e-05,0.0001173529860467,0.0001054382717495,7.045974986788797e-05,8.19844932187112e-05,0.0001065113967194,7.007626633652958e-05,9.359242837254465e-05,5.8595352216662165e-05,3.5241462755647444e-05,5.8833911866800016e-05,7.04978321916601e-05,8.217216241914844e-05,7.028559379612492e-05,0.0001180581790706,4.6640159509345525e-05,2.3524430120680328e-05,7.030371203599551e-05,5.860496735703319e-05,0.0001286474475176,0.0001056226454951,5.839075090505664e-05,8.207292765857662e-05,0.0001050665421433,3.512222534419781e-05,8.178621084485155e-05,7.02683078220338e-05,4.689936568607909e-05,5.872749268842716e-05,4.692742673455501e-05,5.859947260474656e-05,7.020746305332257e-05,3.529245682556115e-05,4.739561116640599e-05,4.739111890431733e-05,4.738662749372127e-05,4.738213693437574e-05,4.737764722603875e-05,4.737315836846843e-05,4.736867036142295e-05,4.736418320466063e-05,4.7359696897939847e-05,4.735521144101908e-05,4.73507268336569e-05,4.734624307561195e-05,4.7341760166643e-05,4.733727810650888e-05,4.7332796894968525e-05,4.732831653178096e-05,4.732383701670532e-05,4.731935834950078e-05,4.7314880529926657e-05,4.731040355774234e-05,4.730592743270732e-05,4.730145215458114e-05
0,0,0,0,0,0,0,0,0,0,0,0,0,0,0,0,0,0,0,0,0.0,0.0,0.0,0.0,0.8329532020586795,0.0779671943270539,0.0272348798425895,0.0142607195072262,0.0100677173847905,0.0082650550605546,0.0073524128846844,0.0060523582709594,0.0040444651852915,0.0014855992715771,0.0016824771791659,0.0006434393022258,0.0003475426338937,0.0003078927112321,0.0001918626263595,0.0002260128946304,0.0002518710420264,0.0001432579239539,0.0001898884405411,0.0002747613757182,0.0002389800332182,0.0002394005410452,0.0002281597117982,0.0002511390951817,0.0001436953658244,0.0002025256135334,9.538457869823895e-05,0.0002503337783711,0.000155742713038,0.000322723306599,0.0002980768084319,0.0001548891351228,0.0001912640160661,0.0001915020945541,0.0001433400623529,0.0002394378000454,0.0001787437886533,0.0002143826969343,0.0002377895087268,0.0002263305856006,0.0002512352399296,0.0003335239184295,0.0002624985085312,0.000272466652451,0.0002134572966819,0.0002148766250044,0.0001783548548191,0.0002372282254142,0.0002841682749801,0.0003210272873194,0.0001790446179187,0.000213649851632,0.0002500029762259,0.0001659416596536,0.00024942394945,0.0002493558307705,0.0001424772036474,0.0003688587984722,0.0002015985579773,0.0001432391138273,0.0002146972172855,0.000190399124164,0.0001549500584042,0.0002266356533667,0.0002387347060578,0.0002027744313369,0.0002141327623126,0.0002238955468354,0.0002984789512643,0.000119049036298,0.0001782446467191,0.000226088198196,0.0001889912591542,0.000129854798725,0.0001311256541382,9.545969810870472e-05,0.0001178883832787,0.0001896678441878,0.0002248095035259,0.0001423166783287,0.0001905692063983,0.0002136321017838,0.0001777714570148,0.00013017289327,0.0002017636516847,0.0001416246710176,8.29315104197519e-05,0.0001423031769184,0.0001893670406665,0.0001186422579994,0.0001537042729787,8.307126327656796e-05,0.0001659672333262,0.0001055545130418,0.0001299959819423,0.0001414427157001,7.104038645970234e-05,0.0001181153514522,0.0001186042650093,0.0001307546923104,0.0001788013159776,0.000106532829867,0.0001303317535545,0.0001900576112133,0.0001536897358901,9.417082587814295e-05,7.073886747073179e-05,0.0001309944863229,0.0001648067052785,0.0001065366130826,0.0001299760135175,0.0001186535198566,4.729138587406304e-05,0.0001305235179647,0.0001302268314628,0.0001062536155744,0.0001421598824811,0.0001057181788281,5.9176499828388155e-05,4.733727810650888e-05,0.0001057939838487,4.7128684874048587e-05,0.0001060320452403,7.071468979822742e-05,0.0001062975386214,7.13165026387106e-05,3.5237323372916594e-05,0.0001650437365901,8.26983283123634e-05,7.076973885966361e-05,7.091276547966577e-05,7.072552602109978e-05,5.901933473405888e-05,0.0001060945420252,8.225616921269094e-05,5.873646124568287e-05,0.0001294041526969,0.0001063905241506,0.0001173777803861,9.442201921488089e-05,0.000129223250787,4.720209577305232e-05,9.41431210798216e-05,8.252673276664977e-05,8.278537300723781e-05,3.5391130982575765e-05,4.743776757865775e-05,7.0779756989501e-05,7.099583491101856e-05,0.0001051463286406,8.3005264905374e-05,9.465551309204064e-05,3.507008171329039e-05,8.204887768856591e-05,2.362055933484505e-05,5.9211539144748526e-05,8.219918035674446e-05,8.240917331826423e-05,5.867236179725178e-05,5.910794292537032e-05,0.0001060220525869,7.048458149779735e-05,7.041179162803797e-05,3.5146090583190795e-05,0.0001056896248018,7.027242275889532e-05,9.467679708395464e-05,8.175564405928451e-05,8.189337482597658e-05,0.0001171907044333,4.6988617007529926e-05,5.8833911866800016e-05,7.04978321916601e-05,8.217216241914844e-05,0.0001171426563268,9.44465432565168e-05,1.166003987733638e-05,2.3524430120680328e-05,8.202099737532808e-05,8.204695429984645e-05,8.186655751125663e-05,9.388679599572815e-05,5.839075090505664e-05,7.034822370735139e-05,7.004436142890498e-05,5.853704224032968e-05,7.01024664384442e-05,5.8556923185028165e-05,3.517452426455932e-05,3.52364956130563e-05,0.0,5.859947260474656e-05,3.510373152666129e-05,0.000129405675027,8.29423195412105e-05,8.293445808255533e-05,8.292659811401223e-05,8.291873963515753e-05,8.29108826455678e-05,8.290302714481975e-05,8.289517313249018e-05,8.288732060815609e-05,8.287946957139475e-05,8.28716200217834e-05,8.286377195889955e-05,8.285592538232089e-05,8.284808029162524e-05,8.284023668639054e-05,8.283239456619491e-05,8.282455393061667e-05,8.281671477923428e-05,8.280887711162638e-05,8.280104092737166e-05,8.27932062260491e-05,8.278537300723781e-05,8.277754127051701e-05
0,0,0,0,0,0,0,0,0,0,0,0,0,0,0,0,0,0,0,0,0.0,0.0,0.0,0.0,0.0,0.8348613996132082,0.0767615688250608,0.027466864798792,0.0136034038473062,0.0098535699782624,0.0080110166447132,0.0075445570557127,0.0057196874513886,0.0035223079503522,0.0018972614999105,0.0014894428292264,0.0007070694965425,0.0004618390668482,0.0003597424244241,0.0002973853876715,0.0002398771828823,0.0001551960842834,0.0002373605506764,0.0001911383483257,0.0001792350249136,0.0001795504057839,0.0002521765235664,0.0002033030770518,0.0002754161178301,0.0002025256135334,0.0001907691573964,0.0003695403395002,0.0002635645912951,0.0002271015861252,0.0002980768084319,0.0001548891351228,0.0002629880220909,0.0001675643327348,0.0001911200831372,0.0002753534700523,0.0001906600412302,0.000226292846764,0.0002853474104722,0.0002025063134321,0.0001914173256606,0.0002620545073375,0.0002982937596945,0.0001895420190963,0.0002964684676137,0.0001790638541703,0.0002021355021283,0.0002609510479556,0.0002368068958168,0.0001902383924855,0.0002148535415025,0.0001780415430267,0.0001904784580768,0.0001422357082745,0.0002850559422286,0.0002018594820523,0.0002137158054711,0.0002379734183691,0.0002608922515001,0.0002506684491978,0.0002385524636505,0.0001546992883832,0.0001311115878805,0.0001431383073895,0.0002029245001492,0.0002266302467884,0.0002141327623126,0.0002356795229846,0.0002626614771126,0.0002380980725961,7.129785868764408e-05,0.0002498869559009,0.0001653673517599,0.0001888797072364,0.0001430461681507,0.0002028518584809,0.0001532548982623,0.0001422508831408,0.0001183207913294,0.0001423166783287,0.0001429269047987,0.0002729743522793,0.0001659200265472,0.0002130101889873,0.000118684500991,4.720822367256376e-05,0.0001303209449453,0.0001304445788418,0.0002130379207498,0.0001660991611992,0.0001537042729787,0.000213611819854,0.0001541124309457,0.0001993807468568,0.0001418137984825,0.0001650165016501,0.0001539208373293,0.0001181153514522,0.0001423251180112,0.0001664150629405,8.344061412291993e-05,0.0001893916975414,0.0001184834123222,7.127160420502465e-05,0.0001300451611377,0.0001294848855824,0.000106108301206,0.0001071773069915,4.7087630079578097e-05,8.286181017543029e-05,0.0001063440110597,7.119211191399992e-05,5.91142323425788e-05,5.9328871802173806e-05,0.0001302268314628,0.0001180595728604,0.0001303132256077,9.397171451393132e-05,0.0001420235995881,8.284023668639054e-05,0.0001998330806032,0.0001296038834036,5.89066918001885e-05,7.071468979822742e-05,0.0001062975386214,4.7544335092473725e-05,8.222042120347205e-05,8.252186829509821e-05,0.0001063264221158,0.0001179495647661,0.0001300067367127,9.430070136146636e-05,9.443093557449421e-05,0.0001178828244724,2.350176263219741e-05,1.1747292249136574e-05,0.0001058761249338,8.274818545050477e-05,7.042666823170374e-05,7.081651441116069e-05,9.398054602697242e-05,5.90026197163154e-05,0.0001294467914847,8.252673276664977e-05,3.547944557453049e-05,4.7188174643434354e-05,3.5578325683993314e-05,7.0779756989501e-05,9.46611132146914e-05,0.0001168292540452,9.4863159891856e-05,8.282357395553555e-05,7.014016342658078e-05,0.000105491414171,9.448223733938021e-05,5.9211539144748526e-05,4.697096020385397e-05,4.709095618186527e-05,7.040683415670214e-05,8.275112009551843e-05,4.712091226086137e-05,0.0001057268722466,0.0001173529860467,2.343072705546053e-05,7.045974986788797e-05,7.027242275889532e-05,7.100759781296599e-05,0.0001167937772275,5.8495267732840416e-05,3.515721132999731e-05,5.873577125941241e-05,8.236747661352003e-05,4.699855479444007e-05,4.695552138237055e-05,9.371412506149987e-05,8.264072534945221e-05,0.000104940358896,4.7048860241360656e-05,3.5151856017997754e-05,9.376794777125309e-05,8.186655751125663e-05,4.694339799786408e-05,7.006890108606797e-05,2.3449407902450463e-05,9.339248190520663e-05,5.853704224032968e-05,9.346995525125891e-05,2.3422769274011263e-05,2.3449682843039547e-05,3.52364956130563e-05,2.3463713367277507e-05,7.031936712569587e-05,3.510373152666129e-05,0.0001058773704766,7.109341674960899e-05,7.1086678356476e-05,7.107994124058191e-05,7.107320540156361e-05,7.106647083905813e-05,7.105973755270264e-05,7.105300554213443e-05,7.104627480699095e-05,7.103954534690977e-05,7.103281716152862e-05,7.102609025048534e-05,7.101936461341793e-05,7.10126402499645e-05,7.100591715976331e-05,7.099919534245279e-05,7.099247479767145e-05,7.098575552505797e-05,7.097903752425118e-05,7.097232079489e-05,7.096560533661353e-05,7.095889114906098e-05,7.095217823187172e-05
0,0,0,0,0,0,0,0,0,0,0,0,0,0,0,0,0,0,0,0,0.0,0.0,0.0,0.0,0.0,0.0,0.8357268833459309,0.0768520959662536,0.0264517288907532,0.0138308291331247,0.0103460663393605,0.0074848691043226,0.0076940565507173,0.0059304164470216,0.0033649543583318,0.0019660645345789,0.0017496973982239,0.0006868375865948,0.0003717338385715,0.000428234958247,0.000311840337747,0.0003700829702142,0.0002136244956088,0.0003583844031107,0.0002270310315573,0.0003591008115678,0.0002281597117982,0.0002750571042466,0.0002873907316489,0.0001906123421491,0.0002026922297337,0.0002145718100324,0.0002755447999904,0.0002629597313029,0.0002503845190828,0.0002025473305453,0.0002749420230951,0.0002633153800119,0.0002030650883333,0.0002154940200409,0.0002264087989609,0.0001786522474452,0.0002021210824178,0.0001429456330109,0.000227308074222,0.0001429388221841,0.0001789762558167,0.0003198521572251,0.0001778810805682,0.0001671262638923,0.0002021355021283,0.0003083966930385,0.0003196893093526,0.0002853575887283,0.0002148535415025,0.0001186943620178,0.000178573554447,0.0002370595137909,0.0001544053020405,0.0001899853948727,0.0002612082066869,0.0002141760765322,0.0002727509902046,0.0001909854851031,0.000250480086833,0.0002260989599447,0.000262223175761,0.0001789228842368,0.0001790510295434,0.0001908465236112,0.0002855103497501,0.0002945994037308,0.0001074524224551,0.000178573554447,0.0002020105996149,0.0002736857136057,0.0001535553980628,0.0001770747255341,0.0001788077101884,0.0002983115565897,0.0001296772216065,0.0001541051234026,0.0001893132661271,0.0001897555711049,4.764230159959028e-05,0.0001542898512883,0.0001777714570148,0.0001420067926582,0.000118684500991,0.0002124370065265,0.0001303209449453,0.0001304445788418,0.0002012024807082,9.49138063995634e-05,0.0002601149235025,0.000106805909927,0.0001066932214239,8.209795458810283e-05,0.0001063603488619,5.893446487505893e-05,0.0001894410305592,5.905767572611412e-05,0.0001423251180112,0.0001188679021003,0.0001311209650503,0.000106532829867,0.0001184834123222,0.0001306646077092,0.0001536897358901,0.000200113004991,0.0001768471686768,0.0001309944863229,0.0001648067052785,0.0001065366130826,9.452800983091302e-05,0.0001423842238279,0.0001536970040907,0.0001542550666856,0.0001183880286025,7.083574371627923e-05,0.0001184665687343,5.873232157120707e-05,7.101179979406578e-05,5.9171597633136094e-05,5.8774435471547294e-05,9.425736974809715e-05,7.06880301602262e-05,9.428625306430322e-05,5.905418812302169e-05,0.000106974753958,8.222042120347205e-05,8.252186829509821e-05,7.08842814105972e-05,4.717982590644241e-05,7.091276547966577e-05,0.0001532386397123,0.0001062348025213,0.0001414593893669,9.400705052878963e-05,9.397833799309261e-05,9.411211105229104e-05,0.0002009598789512,8.216444627032103e-05,0.0001298302764204,4.699027301348621e-05,0.0001062047154893,0.0001412146816197,2.357906650475708e-05,8.278537300723781e-05,0.0001061733929477,5.929720947332218e-05,0.0001061696354842,9.46611132146914e-05,7.009755242712775e-05,9.4863159891856e-05,9.465551309204064e-05,5.845013618881732e-05,0.0001289339506534,9.448223733938021e-05,7.105384697369823e-05,5.8713700254817455e-05,4.709095618186527e-05,9.387577887560285e-05,8.275112009551843e-05,5.890114032607671e-05,5.873715124816446e-05,5.867649302336498e-05,4.686145411092106e-05,4.697316657859198e-05,1.1712070459815886e-05,8.284219744846032e-05,2.3358755445509865e-05,7.01943212794085e-05,8.203349310332704e-05,7.048292551129489e-05,5.8833911866800016e-05,5.874819349305009e-05,9.39110427647411e-05,9.371412506149987e-05,7.083490744238761e-05,4.6640159509345525e-05,4.7048860241360656e-05,0.0001054555680539,9.376794777125309e-05,8.186655751125663e-05,0.0001056226454951,5.839075090505664e-05,5.862351975612616e-05,3.502218071445249e-05,5.853704224032968e-05,5.841872203203683e-05,2.3422769274011263e-05,2.3449682843039547e-05,7.04729912261126e-05,5.865928341819376e-05,4.6879578083797245e-05,2.3402487684440856e-05,5.882076137593525e-05,4.739561116640599e-05,4.739111890431733e-05,4.738662749372127e-05,4.738213693437574e-05,4.737764722603875e-05,4.737315836846843e-05,4.736867036142295e-05,4.736418320466063e-05,4.7359696897939847e-05,4.735521144101908e-05,4.73507268336569e-05,4.734624307561195e-05,4.7341760166643e-05,4.733727810650888e-05,4.7332796894968525e-05,4.732831653178096e-05,4.732383701670532e-05,4.731935834950078e-05,4.7314880529926657e-05,4.731040355774234e-05,4.730592743270732e-05,4.730145215458114e-05
0,0,0,0,0,0,0,0,0,0,0,0,0,0,0,0,0,0,0,0,0.0,0.0,0.0,0.0,0.0,0.0,0.0,0.8346116051098914,0.0749086114939773,0.0258103814824546,0.0134594659322236,0.0098246367988157,0.0081008962439123,0.0077394929793453,0.0058349740468945,0.003538916162242,0.0020612873458528,0.0016697258570667,0.0008034247478805,0.0003925487117265,0.0003238341968911,0.0002984540082373,0.0001780204130073,0.0002508690821775,0.0003106740431836,0.0002274305139929,0.0002641849294506,0.0001793850679869,0.0003113399592863,0.0002740052418394,0.000214615302071,0.0002384131222582,0.0002276239652094,0.0002510070162437,0.0002026922297337,0.0001668036839785,0.0002271260190785,0.0001795332136445,0.0002389001039215,0.0002514096900477,0.0002025762938071,0.0001667420976155,0.0002377895087268,0.0002620669938533,0.0001914173256606,0.0001786735277301,0.0001551127550411,0.0001421565143222,0.0002490335127955,0.0002148766250044,0.0002853677677106,0.0002135054028728,0.0001776051718626,0.0002140181915462,0.0001193630786125,0.000320474777448,0.0002619078798557,0.0002489124894804,0.0003325652659334,0.0002968521794887,0.0002493351063829,0.0001903787346953,0.0002253160353864,0.0002267952635599,0.0002743353331981,0.0002141990146845,9.53538820949248e-05,0.0002982048070614,0.0001432408236347,0.0001312069849827,7.137758743754462e-05,0.0001178397614923,0.0002029656868597,0.0001904784580768,0.0001188297644794,0.0001784906827863,0.0002362390739428,0.0002479046157478,0.0001430461681507,0.0001193246226358,0.0002121990899016,8.297968183219138e-05,0.00020114534526,0.0002490541870752,0.0001548374801986,0.0002255005518829,0.0001777714570148,0.0001065050944936,0.0001305529510901,0.0001888328946902,0.0001540156622081,0.0001660203730714,0.0001656961605832,0.0001305064837993,0.0001655276785925,0.0001305405565774,0.0001422576285653,0.0001055545130418,0.0001063603488619,0.0001768033946251,0.0001302407085094,0.0001299268865974,0.0001304646915103,0.0001307546923104,0.0001192008773184,0.0001183698109634,5.924170616113744e-05,9.502880560669953e-05,0.0001655120232662,0.0001294848855824,0.0001414777349414,0.0001309944863229,0.0001412628902387,0.0001657236203508,0.0001299760135175,0.0001186535198566,8.275992527961032e-05,8.306042052304334e-05,9.471042288203816e-05,8.264170100232579e-05,0.0001303132256077,0.0001292111074566,5.9176499828388155e-05,9.467455621301776e-05,0.000117548870943,0.0001060395409666,8.24693685202639e-05,0.0001296435979634,4.724335049841735e-05,7.13165026387106e-05,0.0001057119701187,5.894419163935586e-05,8.26983283123634e-05,0.0001297445212427,7.091276547966577e-05,0.0001178758767018,5.901933473405888e-05,8.251797713073205e-05,4.700352526439482e-05,0.0001057256302422,0.0001176401388153,7.092701610043265e-05,0.0001291155584247,0.0001062247716167,4.699027301348621e-05,8.260366760284157e-05,0.0001176789013497,0.0001178953325237,8.278537300723781e-05,4.7188174643434354e-05,3.5578325683993314e-05,5.8983130824584165e-05,8.282847406285497e-05,4.673170161808517e-05,9.4863159891856e-05,9.465551309204064e-05,0.0001052102451398,0.0001172126824122,5.9051398337112624e-05,5.9211539144748526e-05,5.8713700254817455e-05,4.709095618186527e-05,2.3468944718900717e-05,2.3643177170148124e-05,3.5340684195646025e-05,9.397944199706314e-05,7.041179162803797e-05,8.200754469411185e-05,7.045974986788797e-05,4.6848281839263546e-05,2.3669199270988663e-05,0.0001051143995047,2.3398107093136166e-05,7.031442265999461e-05,5.873577125941241e-05,4.7067129493440014e-05,5.874819349305009e-05,5.869440172796319e-05,4.685706253074994e-05,8.264072534945221e-05,3.498011963200914e-05,5.881107530170082e-05,1.1717285339332584e-05,9.376794777125309e-05,9.356178001286473e-05,9.388679599572815e-05,7.006890108606797e-05,2.3449407902450463e-05,8.17184216670558e-05,4.682963379226374e-05,3.50512332192221e-05,7.02683078220338e-05,4.689936568607909e-05,0.0001057094868391,4.692742673455501e-05,0.0001054790506885,7.020746305332257e-05,9.41132182014964e-05,3.5546708374804495e-05,3.5543339178238e-05,3.5539970620290955e-05,3.5536602700781806e-05,3.5533235419529066e-05,3.552986877635132e-05,3.5526502771067216e-05,3.5523137403495474e-05,3.5519772673454885e-05,3.551640858076431e-05,3.551304512524267e-05,3.5509682306708964e-05,3.550632012498225e-05,3.5502958579881656e-05,3.5499597671226394e-05,3.5496237398835724e-05,3.549287776252899e-05,3.548951876212559e-05,3.5486160397445e-05,3.548280266830676e-05,3.547944557453049e-05,3.547608911593586e-05
0,0,0,0,0,0,0,0,0,0,0,0,0,0,0,0,0,0,0,0,0.0,0.0,0.0,0.0,0.0,0.0,0.0,0.0,0.8374902618805057,0.0771803263024627,0.0266315411327984,0.013990855805847,0.0093453470701559,0.0077155317007715,0.007123679971362,0.0056717982936942,0.0036791582277722,0.0020368287050743,0.0018346863645629,0.0007018295149049,0.0005397236614853,0.0002387632065898,0.0003679088535485,0.0002150306418664,0.0001792350249136,0.0002274305139929,0.0002521765235664,0.0001793850679869,0.0002873907316489,0.0002025256135334,0.0002026922297337,0.0001788098416936,0.0001916833391237,0.0001912434409476,0.0003576921701183,0.0002382909771121,0.0003227580271116,0.0001675643327348,0.0002269550987254,0.0002035221300386,0.0001906600412302,0.0002382029965936,0.0002734579350359,0.0002025063134321,0.0002631988227834,0.0001429388221841,0.0001789762558167,0.0001658492667093,0.0002608922515001,0.0002865021666726,0.0002021355021283,0.0001304755239778,0.0001302437926992,0.0001545686938945,0.0002625987729475,0.0001661721068249,0.0003095274943749,0.0002844714165491,0.0002850559422286,0.0001424890461545,0.0001899696048632,0.0002379734183691,0.0002253160353864,0.0002745416348357,0.0001192762318252,0.0002498988504652,0.0002503039404991,0.0001192819228245,0.0001432408236347,0.0002027744313369,0.0002141327623126,0.000106055785343,0.0002149048449103,0.000178573554447,0.0002376595289588,0.0001784906827863,0.0002126151665485,0.000212489670641,0.000190728224201,0.000143189547163,0.0002593544432131,0.0001896678441878,0.00020114534526,0.0001541764015227,7.146345239938541e-05,0.0001898952015856,0.0001659200265472,0.0001183389938818,0.0001542898512883,0.0002360411183628,0.0001777103794708,0.0001185859807653,0.0001065189603749,0.0001186422579994,0.0001300574617512,0.0001542752032279,0.0001185480238044,0.0001290110714955,0.0001063603488619,0.0001414427157001,9.472051527960313e-05,9.449228116178259e-05,9.488341200749581e-05,0.0001069811118903,0.0001192008773184,0.0001302067920597,0.0001540284360189,0.0001069074063075,0.0001536897358901,0.0001294848855824,0.0001532675461865,0.0001071773069915,0.000105947167679,8.286181017543029e-05,9.452800983091302e-05,0.0001305188718423,7.093707881109456e-05,9.492619488347808e-05,0.0001539044371833,0.0001416714874325,0.0001421598824811,9.397171451393132e-05,3.550589989703289e-05,8.284023668639054e-05,0.0001293037580374,8.247519852958502e-05,7.06880301602262e-05,8.250047143126531e-05,4.724335049841735e-05,7.13165026387106e-05,5.872887228819432e-05,7.073302996722703e-05,8.26983283123634e-05,0.0001061546082894,9.455035397288768e-05,5.893793835091649e-05,7.082320168087065e-05,0.0001414593893669,0.0001175088131609,0.0001057256302422,7.058408328921828e-05,3.546350805021633e-05,7.042666823170374e-05,7.081651441116069e-05,0.0001409708190404,8.260366760284157e-05,0.0001294467914847,7.073719951427123e-05,5.913240929088415e-05,8.257930562601013e-05,7.115665136798663e-05,7.0779756989501e-05,4.73305566073457e-05,5.841462702260646e-05,5.928947493241e-05,0.000141983269638,0.0001052102451398,0.0001406552188946,2.362055933484505e-05,3.552692348684912e-05,4.697096020385397e-05,3.531821713639895e-05,8.214130651615249e-05,3.546476575522219e-05,7.068136839129205e-05,1.1747430249632892e-05,2.3470597209345992e-05,7.029218116638159e-05,3.5229874933943984e-05,4.6848281839263546e-05,5.9172998177471656e-05,9.343502178203946e-05,7.01943212794085e-05,3.515721132999731e-05,7.048292551129489e-05,5.8833911866800016e-05,0.0001174963869861,9.39110427647411e-05,5.857132816343744e-05,7.083490744238761e-05,0.000104940358896,7.057329036204097e-05,9.373828271466067e-05,7.032596082843982e-05,8.186655751125663e-05,7.041509699679612e-05,8.17470512670793e-05,1.1724703951225231e-05,8.17184216670558e-05,8.195185913646153e-05,9.346995525125891e-05,0.000105402461733,8.207388995063841e-05,2.3490997075370863e-05,3.519557005091626e-05,5.859947260474656e-05,2.3402487684440856e-05,2.3528304550374105e-05,4.739561116640599e-05,4.739111890431733e-05,4.738662749372127e-05,4.738213693437574e-05,4.737764722603875e-05,4.737315836846843e-05,4.736867036142295e-05,4.736418320466063e-05,4.7359696897939847e-05,4.735521144101908e-05,4.73507268336569e-05,4.734624307561195e-05,4.7341760166643e-05,4.733727810650888e-05,4.7332796894968525e-05,4.732831653178096e-05,4.732383701670532e-05,4.731935834950078e-05,4.7314880529926657e-05,4.731040355774234e-05,4.730592743270732e-05,4.730145215458114e-05
0,0,0,0,0,0,0,0,0,0,0,0,0,0,0,0,0,0,0,0,0.0,0.0,0.0,0.0,0.0,0.0,0.0,0.0,0.0,0.8347227862312782,0.0774158783379235,0.0268476405352815,0.0144308432350935,0.0097762016581204,0.0077799653958594,0.007077832324484,0.0059801301487242,0.0038131328083367,0.0021704459606921,0.0016296719244403,0.0006956438303588,0.0003700829702142,0.0003679088535485,0.00033449210957,0.0002031330282354,0.0003112207033587,0.0001801260882617,0.0003228931223764,0.0002514668901927,0.0002025256135334,0.0001907691573964,0.0002264924661453,0.0002635645912951,0.0002390543011845,0.0002026922297337,0.0002978637213901,0.0001912640160661,0.0002513464991023,0.0001911200831372,0.0001676064600318,0.0002740738092684,0.0002382029965936,0.0003091263613449,0.0002858912660218,0.0001435629942455,0.0001310272536687,0.0002267032573678,0.0002606202762574,0.0002015985579773,0.0002268142152825,0.0001783548548191,0.0002135054028728,0.0002368068958168,0.0002021282920159,0.0001312993864737,0.0002967359050445,0.0002500029762259,0.0002133535624118,0.0002256692875976,0.0002374817435909,0.000225588905775,0.0001784800637768,0.0002608922515001,0.0003103514132925,0.000226624840468,0.0002022990694242,0.0001787885289279,0.0001669946919544,0.0001432408236347,0.0002266302467884,0.0001308589103021,0.0002828154275815,0.0002268440029609,0.0001428588435576,0.0002257765525108,0.0001903900616387,0.0002480510276399,0.0001534647621296,0.0002264897662387,0.0002147843207445,0.0002004102515738,0.0002015220844496,0.0001419849495953,0.0001778958479109,0.0001548374801986,0.0001780267514865,0.0001540685960795,0.0001065050944936,0.0001424214011892,0.0001534267269358,0.0001303209449453,0.0001541617749949,0.0001420252804999,0.000213556064399,0.0001182340561375,0.0001661425265531,0.0001422576285653,0.000175924188403,0.0001299959819423,0.0001060820367751,0.0001894410305592,9.449228116178259e-05,5.930213250468487e-05,0.0001307546923104,0.0001430410527821,0.0001657177353487,0.0001540284360189,5.939300350418721e-05,9.457829900929232e-05,0.0001765702985215,9.431848996097571e-05,4.7634358662903554e-05,8.240335263926167e-05,9.469921162906319e-05,0.0001181600122886,0.0001305188718423,0.0001418741576221,0.0001067919692439,0.0001183880286025,4.722382914418616e-05,9.477325498744255e-05,0.0001057181788281,9.468239972542104e-05,9.467455621301776e-05,0.000117548870943,0.0001178217121851,8.24693685202639e-05,5.892890816518952e-05,0.0001299192138706,3.56582513193553e-05,0.0001057119701187,0.0001060995449508,9.45123752141296e-05,9.43596518128848e-05,5.90939712330548e-05,8.251311369128307e-05,7.082320168087065e-05,5.894141223623718e-05,5.8754406580493536e-05,4.69891689965463e-05,8.234809717075466e-05,9.456935480057687e-05,7.042666823170374e-05,7.081651441116069e-05,4.699027301348621e-05,0.0001416062873191,9.41431210798216e-05,4.715813300951416e-05,4.730592743270732e-05,3.5391130982575765e-05,8.301609326265105e-05,3.53898784947505e-05,7.099583491101856e-05,7.009755242712775e-05,4.7431579945928e-05,0.0001064874522285,8.183019066434425e-05,9.37701459297896e-05,3.5430839002267575e-05,3.552692348684912e-05,2.3485480101926984e-05,3.531821713639895e-05,5.867236179725178e-05,7.092953151044438e-05,4.712091226086137e-05,5.873715124816446e-05,8.214709023271098e-05,5.857681763865133e-05,7.045974986788797e-05,8.19844932187112e-05,0.0001183459963549,3.503813316826479e-05,7.01943212794085e-05,2.343814088666487e-05,4.6988617007529926e-05,2.353356474672001e-05,4.699855479444007e-05,0.0001173888034559,5.857132816343744e-05,4.72232716282584e-05,6.996023926401828e-05,7.057329036204097e-05,2.3434570678665168e-05,5.860496735703319e-05,8.186655751125663e-05,1.173584949946602e-05,5.839075090505664e-05,3.5174111853675694e-05,7.004436142890498e-05,7.024445068839562e-05,8.178621084485155e-05,2.3422769274011263e-05,4.689936568607909e-05,8.221848976379803e-05,8.212299678547126e-05,3.5159683562847933e-05,4.680497536888171e-05,3.529245682556115e-05,3.5546708374804495e-05,3.5543339178238e-05,3.5539970620290955e-05,3.5536602700781806e-05,3.5533235419529066e-05,3.552986877635132e-05,3.5526502771067216e-05,3.5523137403495474e-05,3.5519772673454885e-05,3.551640858076431e-05,3.551304512524267e-05,3.5509682306708964e-05,3.550632012498225e-05,3.5502958579881656e-05,3.5499597671226394e-05,3.5496237398835724e-05,3.549287776252899e-05,3.548951876212559e-05,3.5486160397445e-05,3.548280266830676e-05,3.547944557453049e-05,3.547608911593586e-05
0,0,0,0,0,0,0,0,0,0,0,0,0,0,0,0,0,0,0,0,0.0,0.0,0.0,0.0,0.0,0.0,0.0,0.0,0.0,0.0,0.8350137708058915,0.0775107736752259,0.0276052697706142,0.0132985096084727,0.0101425929240498,0.0077451027119775,0.0074661745143391,0.006276274498194,0.0034655186886189,0.0023196060238384,0.0017511034350412,0.0006565988181221,0.0004153809636838,0.00033449210957,0.0001911840265745,0.0002872806492542,0.0002882017412188,0.0002630980997141,0.0002754161178301,0.0002382654276864,0.0002265383744083,0.0001788098416936,0.0001916833391237,0.0002390543011845,0.0002503845190828,0.0002025473305453,0.0002390800200827,0.0002513464991023,0.0003464051506862,0.0002753534700523,0.000321738819576,0.0001905623972749,0.0001902316069814,0.0002144184495163,0.0001914173256606,0.0003216123499142,0.0002744302589189,0.0001658492667093,0.0002253160353864,0.0002029390347264,0.0002496967967468,0.0003083966930385,0.0002012858614442,0.0002021282920159,0.0002506624650862,0.000213649851632,0.0001904784580768,0.0002133535624118,0.0002137919566714,0.0001781113076932,0.000237462006079,0.0002141760765322,0.0002846097289092,0.0002267952635599,0.0003220458259282,0.0001665992336435,0.0002979808815466,0.0002266356533667,0.0002626081766636,0.0001669907081598,0.0002260290268855,0.0002003275945369,0.000250722319062,0.0002619078798557,0.0002733084583026,0.000226088198196,0.0001771793054571,0.0001416597804273,0.000190728224201,0.0001909193962174,0.0002593544432131,0.0002015220844496,0.0001774811869941,0.0002727736334633,0.0002024797817982,0.0001780267514865,0.0001659200265472,0.00013017289327,0.0002017636516847,0.0001770308387721,0.0001421683035767,8.301018653574774e-05,0.0001893670406665,0.0001660991611992,0.0001655276785925,0.0001780098498783,8.298361666311023e-05,0.0001641959091762,0.0001181781654021,5.893446487505893e-05,4.736025763980156e-05,8.268074601655975e-05,0.0002134876770168,0.0001901886433606,9.536070185476563e-05,0.0002012286786378,0.0001658767772511,2.375720140167488e-05,9.457829900929232e-05,9.417082587814295e-05,0.0001296879236963,9.526871732580711e-05,0.0001883505203183,0.0001065366130826,0.0001181600122886,0.0001661149277993,0.0001064056182166,8.306042052304334e-05,8.28716200217834e-05,9.444765828837233e-05,0.0001895465099748,0.0001409575717708,5.9176499828388155e-05,0.0001301775147928,8.228420966016622e-05,0.0001296038834036,4.71253534401508e-05,5.892890816518952e-05,8.267586337223037e-05,0.0001188608377311,4.698309783055546e-05,9.431070662296936e-05,5.9070234508831e-05,0.0001533344341959,7.091276547966577e-05,0.0001178758767018,0.0001180386694681,1.1788282447247436e-05,5.8754406580493536e-05,8.223104574395602e-05,7.058408328921828e-05,0.0001418540322008,5.8688890193086445e-05,2.3605504803720223e-05,7.048540952022932e-05,4.720209577305232e-05,0.0001059110112147,4.715813300951416e-05,7.095889114906098e-05,7.078226196515153e-05,7.115665136798663e-05,9.437300931933465e-05,3.549791745550928e-05,9.346340323617032e-05,0.0001067210548783,4.7327756546020325e-05,9.352021790210769e-05,8.204887768856591e-05,4.72411186696901e-05,8.289615480264794e-05,0.0001056846604586,9.418191236373054e-05,8.214130651615249e-05,5.910794292537032e-05,7.068136839129205e-05,8.223201174743025e-05,3.5205895814018985e-05,3.5146090583190795e-05,5.8716458223239976e-05,2.3424140919631773e-05,4.7338398541977326e-05,3.503813316826479e-05,7.01943212794085e-05,0.0001171907044333,1.174715425188248e-05,2.353356474672001e-05,2.3499277397220035e-05,9.39110427647411e-05,9.371412506149987e-05,0.0001062523611635,2.332007975467276e-05,5.881107530170082e-05,4.6869141357330336e-05,3.516298041421991e-05,4.6780890006432365e-05,4.694339799786408e-05,8.17470512670793e-05,2.3449407902450463e-05,3.502218071445249e-05,1.1707408448065936e-05,4.6734977625629454e-05,5.8556923185028165e-05,5.862420710759887e-05,3.52364956130563e-05,4.692742673455501e-05,3.5159683562847933e-05,9.360995073776342e-05,7.05849136511223e-05,3.5546708374804495e-05,3.5543339178238e-05,3.5539970620290955e-05,3.5536602700781806e-05,3.5533235419529066e-05,3.552986877635132e-05,3.5526502771067216e-05,3.5523137403495474e-05,3.5519772673454885e-05,3.551640858076431e-05,3.551304512524267e-05,3.5509682306708964e-05,3.550632012498225e-05,3.5502958579881656e-05,3.5499597671226394e-05,3.5496237398835724e-05,3.549287776252899e-05,3.548951876212559e-05,3.5486160397445e-05,3.548280266830676e-05,3.547944557453049e-05,3.547608911593586e-05
0,0,0,0,0,0,0,0,0,0,0,0,0,0,0,0,0,0,0,0,0.0,0.0,0.0,0.0,0.0,0.0,0.0,0.0,0.0,0.0,0.0,0.8344136852534946,0.0769046678871857,0.0261776968419034,0.0143905494898872,0.0100209713550355,0.0079215752070275,0.0069275860027236,0.0056839303059009,0.0037232650536483,0.0019190174630589,0.0017310332477765,0.0007002136244956,0.0003703305498811,0.0002867760398618,0.000275310622202,0.0002401681176823,0.0002511390951817,0.000239492276374,0.0002263521563021,0.0002384614467455,0.0002980164028228,0.0002875250086856,0.0002031961560068,0.0002384614467455,0.0002621200748233,0.0002390800200827,8.378216636744463e-05,0.0002508451091176,0.0003471848100659,0.0002979063144222,0.0002143826969343,0.0001664526561088,0.0002025063134321,0.0002512352399296,0.0001905850962454,0.0002386350077556,0.0002487739000639,0.0002608922515001,0.0002387518055605,0.0003091484150198,0.0003439809268506,0.0002249665510259,0.000273467689198,0.0002148535415025,0.0002373887240356,0.0001904784580768,0.00026076546517,0.0002137919566714,0.0002018594820523,0.0003087006079027,0.000285568102043,0.0002727509902046,0.0001551757066462,0.000226624840468,0.0002498988504652,0.0002383847052373,0.0001669946919544,0.0002267979707549,0.0002385581545141,0.0001903402331667,0.0002945994037308,0.0002387831610114,0.0002142882653364,0.0001425957173752,0.0002617863347533,0.0001653673517599,0.0001534647621296,0.0001430461681507,0.0002386492452717,0.0001886214132459,0.0001896678441878,0.0002366415826589,8.301806235842456e-05,0.0002858538095975,0.0002017636516847,0.0001422171656118,9.467119510549921e-05,0.0001305529510901,0.0002360411183628,0.0001777103794708,0.0001304445788418,0.0001893670406665,0.0001660991611992,0.0001300574617512,0.0001424078799026,0.0002015316404675,0.0001641959091762,8.272471578151219e-05,0.0001650165016501,0.0001657609017393,5.905767572611412e-05,0.0001186042650093,0.0001069811118903,0.0001430410527821,0.0002130656597341,0.0001303317535545,0.00014254320841,0.0001064005863854,0.0001177135323476,0.0001296879236963,9.526871732580711e-05,0.0001648067052785,0.0001420488174435,0.0001417920147463,0.0001186535198566,0.0001300513111536,0.0001305235179647,0.0001539044371833,0.0001770893592906,0.000165853196228,9.397171451393132e-05,7.101179979406578e-05,5.9171597633136094e-05,7.052932256585676e-05,9.425736974809715e-05,5.89066918001885e-05,4.714312653215161e-05,5.905418812302169e-05,8.320258641182904e-05,8.222042120347205e-05,0.0001178883832787,0.0001181404690176,7.076973885966361e-05,5.90939712330548e-05,8.251311369128307e-05,5.901933473405888e-05,0.0001178828244724,0.0001175088131609,0.0001292202147405,3.529204164460914e-05,0.0001063905241506,8.216444627032103e-05,5.901376200930057e-05,9.398054602697242e-05,3.5401571829789244e-05,7.06073408098662e-05,0.0001178953325237,4.730592743270732e-05,9.437634928686871e-05,5.929720947332218e-05,0.0001179662616491,5.916319575918213e-05,0.0001051463286406,4.7431579945928e-05,3.549581740951524e-05,0.0001285902996153,3.5163804723671104e-05,8.267195767195767e-05,7.105384697369823e-05,5.8713700254817455e-05,7.06364342727979e-05,4.6937889437801433e-05,8.275112009551843e-05,3.5340684195646025e-05,7.048458149779735e-05,4.694119441869199e-05,3.5146090583190795e-05,9.394633315718397e-05,7.027242275889532e-05,3.5503798906483e-05,9.343502178203946e-05,7.01943212794085e-05,2.343814088666487e-05,9.397723401505984e-05,5.8833911866800016e-05,2.3499277397220035e-05,4.695552138237055e-05,5.857132816343744e-05,4.72232716282584e-05,5.83001993866819e-05,4.7048860241360656e-05,4.6869141357330336e-05,5.860496735703319e-05,8.186655751125663e-05,8.215094649626212e-05,4.671260072404531e-05,4.6898815804900925e-05,3.502218071445249e-05,4.682963379226374e-05,9.346995525125891e-05,5.8556923185028165e-05,3.517452426455932e-05,9.396398830148344e-05,8.212299678547126e-05,3.5159683562847933e-05,9.360995073776342e-05,7.05849136511223e-05,9.479122233281199e-05,9.478223780863464e-05,9.477325498744255e-05,9.476427386875149e-05,9.47552944520775e-05,9.474631673693683e-05,9.47373407228459e-05,9.472836640932126e-05,9.471939379587969e-05,9.471042288203816e-05,9.470145366731381e-05,9.469248615122389e-05,9.4683520333286e-05,9.467455621301776e-05,9.466559378993704e-05,9.465663306356192e-05,9.464767403341065e-05,9.463871669900156e-05,9.462976105985331e-05,9.462080711548467e-05,9.461185486541464e-05,9.460290430916229e-05
0,0,0,0,0,0,0,0,0,0,0,0,0,0,0,0,0,0,0,0,0.0,0.0,0.0,0.0,0.0,0.0,0.0,0.0,0.0,0.0,0.0,0.0,0.8331598281700588,0.0770594718934202,0.0274446632062526,0.0138339449978552,0.0092877772850928,0.0076381076440286,0.0075306080846114,0.0057216948588014,0.0034182498560736,0.0022801886229332,0.0016615238547353,0.0007764995400733,0.0004660110647755,0.0003591008115678,0.000312218552987,0.0002511390951817,0.0002873907316489,0.0001786990707648,0.0002384614467455,0.0002026511539195,0.0002755447999904,0.0002031961560068,0.0002026922297337,0.0002621200748233,0.0002749420230951,0.0002752842609216,0.0002269550987254,0.0002394378000454,0.0002383250515377,0.0002739334460827,0.0002140105578541,0.0002739791299375,0.0002512352399296,0.0002739660758528,0.0002386350077556,0.0002250811476769,0.0003083272063183,0.0002984397569506,0.0002378064730921,0.0003083966930385,0.0002604875853984,0.0002496878901373,0.0002745350808088,0.0001186943620178,0.0002738127834855,0.0002370595137909,0.0002137919566714,0.0002018594820523,0.0002849544072948,0.0001784800637768,0.0002253160353864,0.000214858670741,0.0002027695941029,0.000237998905205,0.0001787885289279,0.0002624202302141,0.0001671142942405,0.0001908465236112,0.000142755174875,0.0001649756660892,0.000167148212708,0.000178573554447,0.0002020105996149,0.0001189937885242,0.0001417434443656,0.0001652697438318,0.0002026487382135,0.0002028518584809,0.0002475656048852,0.00027264752602,0.0003076340574565,0.0001897555711049,0.0001548374801986,0.0001780267514865,0.0001185143046765,0.0001183389938818,0.0001305529510901,0.0001652287828539,0.0001421683035767,0.0001304445788418,0.0001538607205415,0.0002966056449986,0.000141880867365,0.0002017444965288,0.0001659672333262,0.0001641959091762,0.0001063603488619,8.250825082508251e-05,0.0001302407085094,0.0001771730271783,0.0001660459710131,0.0001069811118903,7.152052639107424e-05,0.0001183698109634,0.0002014218009478,7.127160420502465e-05,0.0001773343106424,0.0001177135323476,0.0001296879236963,7.145153799435533e-05,9.417526015915619e-05,7.102440872179739e-05,7.089600737318477e-05,0.0001186535198566,0.0001182284646851,0.0001305235179647,9.471042288203816e-05,8.264170100232579e-05,8.292659811401223e-05,0.0002114363576563,8.284709975974341e-05,0.0001065088757396,8.228420966016622e-05,9.425736974809715e-05,0.0001649387370405,0.0001060720346973,7.086502574762602e-05,8.320258641182904e-05,9.396619566111092e-05,9.431070662296936e-05,4.72561876070648e-05,7.076973885966361e-05,4.727517698644384e-05,0.0001650262273825,4.7215467787247104e-05,0.0001178828244724,7.050528789659224e-05,0.0001057256302422,4.705605552614552e-05,8.274818545050477e-05,9.390222430893832e-05,4.7211009607440446e-05,0.0001057281142803,7.080314365957849e-05,2.35357802699554e-05,3.536859975713561e-05,8.278537300723781e-05,7.078226196515153e-05,9.487553515731549e-05,9.437300931933465e-05,0.0001064937523665,8.178047783164905e-05,8.3005264905374e-05,8.282357395553555e-05,0.0001169002723776,4.68850729648948e-05,7.086167800453515e-05,8.289615480264794e-05,3.5228220152890474e-05,5.886369522733159e-05,5.867236179725178e-05,8.275112009551843e-05,5.890114032607671e-05,9.397944199706314e-05,2.3470597209345992e-05,2.343072705546053e-05,9.394633315718397e-05,7.027242275889532e-05,8.284219744846032e-05,7.007626633652958e-05,5.8495267732840416e-05,7.031442265999461e-05,7.048292551129489e-05,7.060069424016001e-05,4.699855479444007e-05,9.39110427647411e-05,7.028559379612492e-05,4.72232716282584e-05,6.996023926401828e-05,8.233550542238113e-05,7.030371203599551e-05,4.688397388562655e-05,3.508566750482428e-05,5.86792474973301e-05,8.17470512670793e-05,3.5174111853675694e-05,8.17184216670558e-05,0.0001053666760325,4.6734977625629454e-05,0.000105402461733,2.3449682843039547e-05,0.0001409459824522,5.865928341819376e-05,3.5159683562847933e-05,8.190870689554301e-05,4.70566091007482e-05,5.924451395800749e-05,5.9238898630396655e-05,5.923328436715159e-05,5.922767116796968e-05,5.9222059032548445e-05,5.9216447960585527e-05,5.9210837951778695e-05,5.92052290058258e-05,5.9199621122424815e-05,5.9194014301273845e-05,5.918840854207112e-05,5.9182803844514935e-05,5.917720020830375e-05,5.9171597633136094e-05,5.9165996118710656e-05,5.9160395664726205e-05,5.9154796270881645e-05,5.9149197936875975e-05,5.914360066240833e-05,5.9138004447177925e-05,5.913240929088415e-05,5.912681519322642e-05
0,0,0,0,0,0,0,0,0,0,0,0,0,0,0,0,0,0,0,0,0.0,0.0,0.0,0.0,0.0,0.0,0.0,0.0,0.0,0.0,0.0,0.0,0.0,0.8366320026836632,0.076475150647336,0.0262737715075544,0.0134942415780832,0.0100301971697554,0.0076025565694962,0.0073037851212142,0.005793033966609,0.0035456336178594,0.0018751483503441,0.0015888375204577,0.0007527871046374,0.0003950108927246,0.0003842689882918,0.0002870161087791,0.0002275176625553,0.000297831784608,0.0001907691573964,0.0002503337783711,0.0001916833391237,0.0002271015861252,0.0002503845190828,0.0002621200748233,0.0002390800200827,0.0001915020945541,0.0002986251299019,0.0003112691400591,0.0002859900618453,0.0002501131464233,0.0003447947876539,0.0003097155381903,0.0001674901599531,0.0002382313703068,0.0001789762558167,0.000272466652451,0.0002727509902046,0.0002148766250044,0.0002615871204014,0.0003321195155799,0.0002131262062351,0.0001783484929552,0.00028647138867,0.000320474777448,0.0002500029762259,0.0002252065381013,0.0003325652659334,0.0002493558307705,0.0003087006079027,0.0002260747474507,0.0002608922515001,0.0002626050420168,0.0001789143477379,0.0003212985220267,0.0002503039404991,0.0001789228842368,0.0002626081766636,0.0001669907081598,0.0001784439685938,0.0002238955468354,0.0002865397932137,0.0002261931689662,0.0002376595289588,0.0001903900616387,0.0002008032128514,0.0002006846889387,0.000190728224201,0.000143189547163,0.0001650437365901,0.0002845017662817,0.00020114534526,0.0001897555711049,0.0001786586309984,0.0001068160508919,0.0001896228874825,0.0001775084908228,0.000118684500991,0.0001534267269358,0.000213252455365,0.000177878971148,0.0001301898404582,0.0001067780321995,0.0001773510842062,0.0001542752032279,0.0001778220357066,0.0001172827922687,0.000165449431563,0.0002357378595002,0.0001894410305592,0.000106303816307,0.0002134876770168,0.0001545282727305,9.536070185476563e-05,0.000142043773156,0.0001540284360189,0.0001544218091108,0.0001536897358901,0.0001530275920519,0.000106108301206,0.0001429030759887,9.417526015915619e-05,0.0001420488174435,4.726400491545651e-05,7.119211191399992e-05,0.0001300513111536,0.0001186577436043,9.471042288203816e-05,0.0001652834020046,0.0001540065393545,0.0001409575717708,0.0001183529996567,0.0001183431952662,0.0001410586451317,5.8910856092560737e-05,0.0001531573986804,0.0001532151612294,7.086502574762602e-05,0.000106974753958,5.872887228819432e-05,0.0001650437365901,0.0001417685628211,0.0001297445212427,5.90939712330548e-05,0.000129663464372,0.0001062348025213,0.0001060945420252,7.050528789659224e-05,0.0001292202147405,0.0001294041526969,8.274818545050477e-05,8.216444627032103e-05,0.0001062247716167,9.398054602697242e-05,4.720209577305232e-05,5.88394506748885e-05,4.715813300951416e-05,9.461185486541464e-05,8.257930562601013e-05,0.0001067349770519,9.437300931933465e-05,8.282847406285497e-05,4.673170161808517e-05,0.0001067210548783,5.915969568252541e-05,8.183019066434425e-05,4.68850729648948e-05,9.448223733938021e-05,0.0001421076939473,7.045644030578095e-05,0.0002119093028183,0.0001173447235945,7.092953151044438e-05,0.0001767034209782,7.048458149779735e-05,8.214709023271098e-05,9.372290822184213e-05,8.220304151253596e-05,8.19844932187112e-05,0.0001420151956259,5.839688861377466e-05,0.0001052914819191,3.515721132999731e-05,4.6988617007529926e-05,5.8833911866800016e-05,9.399710958888014e-05,2.347776069118528e-05,9.371412506149987e-05,5.902908953532301e-05,0.000104940358896,3.528664518102049e-05,9.373828271466067e-05,8.204695429984645e-05,3.508566750482428e-05,8.215094649626212e-05,1.1678150181011328e-05,7.034822370735139e-05,5.837030119075415e-05,3.512222534419781e-05,5.841872203203683e-05,1.1711384637005631e-05,2.3449682843039547e-05,4.6981994150741726e-05,5.865928341819376e-05,5.859947260474656e-05,5.850621921110214e-05,3.529245682556115e-05,3.5546708374804495e-05,3.5543339178238e-05,3.5539970620290955e-05,3.5536602700781806e-05,3.5533235419529066e-05,3.552986877635132e-05,3.5526502771067216e-05,3.5523137403495474e-05,3.5519772673454885e-05,3.551640858076431e-05,3.551304512524267e-05,3.5509682306708964e-05,3.550632012498225e-05,3.5502958579881656e-05,3.5499597671226394e-05,3.5496237398835724e-05,3.549287776252899e-05,3.548951876212559e-05,3.5486160397445e-05,3.548280266830676e-05,3.547944557453049e-05,3.547608911593586e-05
0,0,0,0,0,0,0,0,0,0,0,0,0,0,0,0,0,0,0,0,0.0,0.0,0.0,0.0,0.0,0.0,0.0,0.0,0.0,0.0,0.0,0.0,0.0,1.198063928691235e-05,0.834413221168188,0.0769505743291549,0.0274678523063648,0.0140564864704837,0.0095211828330915,0.0077201246639545,0.0080478794857033,0.0055751208738733,0.0034892000949442,0.0018994373364871,0.0016370132275448,0.0006344114337698,0.00040828580006,0.000466401176766,0.0002275176625553,0.0002501786990707,0.0001788460850591,0.000262254434484,0.000407327095638,0.0002510070162437,0.0002265383744083,0.0002740346236789,0.0002271260190785,0.000227408737283,0.0002389001039215,0.0001556345700295,0.0003098225669991,0.0002977537457421,0.0002734579350359,0.0003097155381903,0.0002033809085144,0.0002620545073375,0.0002744302589189,0.0003198521572251,0.0002015985579773,0.0002387518055605,0.0002378064730921,0.0002016439916021,0.0002604875853984,0.0002972474882587,0.0002745350808088,0.0002848664688427,0.000178573554447,0.0002963243922386,0.0002375466185238,0.0002374817435909,0.0001543503039513,0.0002022774056137,0.0002608922515001,0.0002864782276546,0.0002146972172855,0.000237998905205,0.0003337385873322,0.0002982048070614,0.0002745449119665,0.0002147023390627,0.0002617178206043,0.0002828154275815,0.0002149048449103,0.0002738127834855,0.0002138935760629,0.0002855850924581,0.0002362390739428,0.0002242946523432,0.0002741718222889,0.0001909193962174,0.0002593544432131,0.0001659593636643,0.0002721378200577,0.0001185972319406,0.0002024797817982,0.000118684500991,0.0001777714570148,0.0002248440883755,0.0001898952015856,0.0001652287828539,0.0001540156622081,0.0002134547653776,0.0001656961605832,0.0001186422579994,0.0001655276785925,0.0001305405565774,0.0002608056523697,0.0001641959091762,0.0001063603488619,0.0001885902876001,0.0001776009661492,0.0001299268865974,0.0001186042650093,0.0001069811118903,0.000226481666905,0.0001775547164451,0.0001777251184834,0.0001306646077092,8.275601163313078e-05,0.0001177135323476,0.0001886369799219,0.0001905374346516,8.240335263926167e-05,0.0001893984232581,0.000165424017204,0.0001305188718423,0.0002009883899647,0.0001186577436043,0.0001065492257422,0.0001416714874325,9.477325498744255e-05,0.0001292111074566,7.101179979406578e-05,0.0001301775147928,9.403909675447569e-05,7.069302731107289e-05,4.71253534401508e-05,0.0001178578163303,0.0001062975386214,9.508867018494745e-05,0.0001057119701187,0.0001414660599344,0.0001417685628211,0.0001533344341959,0.0001063691482194,0.0001414510520421,9.443093557449421e-05,0.0001060945420252,7.050528789659224e-05,0.0001292202147405,8.234809717075466e-05,5.9105846750360554e-05,4.695111215446916e-05,0.0001180275240186,0.0001057281142803,0.0001416062873191,0.0001176789013497,9.431626601902832e-05,0.0001419177822981,5.898521830429294e-05,9.487553515731549e-05,5.8983130824584165e-05,0.0001064937523665,9.346340323617032e-05,0.0001067210548783,5.915969568252541e-05,8.183019066434425e-05,5.8606341206118495e-05,0.0001299130763416,5.9211539144748526e-05,8.219918035674446e-05,8.240917331826423e-05,8.214130651615249e-05,9.457270868059248e-05,3.5340684195646025e-05,5.873715124816446e-05,9.388238883738398e-05,0.000128868998805,3.5229874933943984e-05,0.0001054086341383,8.284219744846032e-05,7.007626633652958e-05,5.8495267732840416e-05,2.343814088666487e-05,0.0001057243882669,7.060069424016001e-05,2.3499277397220035e-05,9.39110427647411e-05,5.857132816343744e-05,4.72232716282584e-05,4.6640159509345525e-05,3.528664518102049e-05,8.202099737532808e-05,5.860496735703319e-05,7.017133500964857e-05,7.041509699679612e-05,4.671260072404531e-05,0.000105522335561,3.502218071445249e-05,5.853704224032968e-05,9.346995525125891e-05,4.6845538548022525e-05,2.3449682843039547e-05,9.396398830148344e-05,5.865928341819376e-05,7.031936712569587e-05,5.850621921110214e-05,9.41132182014964e-05,5.924451395800749e-05,5.9238898630396655e-05,5.923328436715159e-05,5.922767116796968e-05,5.9222059032548445e-05,5.9216447960585527e-05,5.9210837951778695e-05,5.92052290058258e-05,5.9199621122424815e-05,5.9194014301273845e-05,5.918840854207112e-05,5.9182803844514935e-05,5.917720020830375e-05,5.9171597633136094e-05,5.9165996118710656e-05,5.9160395664726205e-05,5.9154796270881645e-05,5.9149197936875975e-05,5.914360066240833e-05,5.9138004447177925e-05,5.913240929088415e-05,5.912681519322642e-05
0,0,0,0,0,0,0,0,0,0,0,0,0,0,0,0,0,0,0,0,0.0,0.0,0.0,0.0,0.0,0.0,0.0,0.0,0.0,0.0,0.0,0.0,0.0,0.0,0.0,0.8358157380487107,0.0773581966132569,0.0262182485641541,0.0136102550573789,0.0092308424333261,0.0079999040491268,0.0071151435563779,0.0056610491336339,0.0033449210957005,0.0021030242923203,0.001699743841421,0.0006724707295106,0.0002870161087791,0.0003352891869237,0.0003693114129139,0.0003219229531065,0.0004410642761777,0.0002995052173808,0.0003107705915398,0.0002861537360947,0.0002740346236789,0.0001912640160661,0.000227408737283,0.0002269550987254,0.0001915502400363,0.0002502413041146,0.0002382029965936,0.0002140105578541,0.0002739791299375,0.0003110531541986,0.0002024966647608,0.0003221572604701,0.0002369275238704,0.0002134572966819,0.0002745645763946,0.0002259161494375,0.0002372282254142,0.0002841682749801,0.0002972474882587,0.0002745350808088,0.0002611275964391,0.000178573554447,0.00026076546517,0.0002850559422286,0.0003206003538477,0.000225588905775,0.000261770760206,0.0001423048644546,0.0002626050420168,0.000226624840468,0.0001784991789037,0.0003218193520703,0.0001789228842368,0.0002267979707549,0.0002504860622398,0.0002260290268855,0.0002710314514323,0.0002865397932137,0.0003214323980047,0.000190127623167,0.000226088198196,0.0002598629813371,0.0002715145791524,0.0003099333643266,0.0002267167830081,0.0002004102515738,0.0001303966428791,0.0002366415826589,0.0001778958479109,0.0002501220833978,0.0001780267514865,0.0002133257484178,0.0001538406920464,0.0002492374520811,0.0001062185032632,0.0002250998139964,0.0002015961673011,0.0002367088008332,0.0001423707095993,0.0001537042729787,0.0001186732332522,0.0001185480238044,0.0001407393507224,0.0001299959819423,9.42951438000943e-05,0.0002131211593791,0.0002244191677592,0.0002253481035178,0.0001664150629405,0.0001311209650503,0.0002367396219268,0.0001184834123222,0.0001187860070083,0.0001300451611377,0.0001059421791129,0.0001414777349414,0.0001905374346516,0.0001648067052785,9.469921162906319e-05,8.27120086020489e-05,0.0001779802797849,0.0001655198505592,9.492619488347808e-05,8.28716200217834e-05,0.0001062536155744,0.0001776998531014,0.0001292111074566,0.0001301882996224,0.0001183431952662,0.0001057939838487,8.247519852958502e-05,0.0001649387370405,5.892890816518952e-05,5.905418812302169e-05,9.508867018494745e-05,0.0001057119701187,9.431070662296936e-05,9.45123752141296e-05,0.0001179495647661,0.0001181879424661,0.0001060882890316,9.443093557449421e-05,7.072969468348461e-05,4.700352526439482e-05,8.223104574395602e-05,7.058408328921828e-05,0.0001418540322008,9.390222430893832e-05,9.442201921488089e-05,0.0001174756825337,5.90026197163154e-05,8.237523094484389e-05,7.073719951427123e-05,0.0001064383367235,0.0001179704366085,7.115665136798663e-05,5.8983130824584165e-05,0.0001064937523665,3.504877621356388e-05,0.0001185789498648,2.3663878273010163e-05,8.183019066434425e-05,5.8606341206118495e-05,7.086167800453515e-05,5.9211539144748526e-05,8.219918035674446e-05,8.240917331826423e-05,9.387577887560285e-05,0.0001063942972656,4.712091226086137e-05,7.048458149779735e-05,9.388238883738398e-05,0.0001171536352773,0.0001056896248018,0.0001405448455177,4.7338398541977326e-05,3.503813316826479e-05,0.0001286895890122,5.8595352216662165e-05,8.223007976317738e-05,3.5300347120080005e-05,0.0001057467482874,7.043328207355582e-05,7.028559379612492e-05,3.5417453721193805e-05,9.328031901869104e-05,2.3524430120680328e-05,4.6869141357330336e-05,5.860496735703319e-05,4.6780890006432365e-05,5.86792474973301e-05,0.0001051033516291,2.3449407902450463e-05,3.502218071445249e-05,3.512222534419781e-05,5.841872203203683e-05,4.6845538548022525e-05,4.689936568607909e-05,7.04729912261126e-05,3.519557005091626e-05,5.859947260474656e-05,2.3402487684440856e-05,4.70566091007482e-05,2.3697805583203e-05,2.3695559452158664e-05,2.369331374686064e-05,2.369106846718787e-05,2.3688823613019376e-05,2.3686579184234213e-05,2.368433518071148e-05,2.368209160233032e-05,2.3679848448969927e-05,2.367760572050954e-05,2.367536341682845e-05,2.367312153780597e-05,2.3670880083321495e-05,2.366863905325444e-05,2.3666398447484262e-05,2.366415826589048e-05,2.3661918508352655e-05,2.365967917475039e-05,2.3657440264963328e-05,2.365520177887117e-05,2.365296371635366e-05,2.365072607729057e-05
0,0,0,0,0,0,0,0,0,0,0,0,0,0,0,0,0,0,0,0,0.0,0.0,0.0,0.0,0.0,0.0,0.0,0.0,0.0,0.0,0.0,0.0,0.0,0.0,0.0,0.0,0.8340663686588449,0.0779323820238024,0.026944707589366,0.0138224728189755,0.0098949337938975,0.0074494120456037,0.0077142178969855,0.0058297196239352,0.0031784344418023,0.001927174355414,0.0017292104473131,0.0006697042538179,0.0003592384145611,0.0003812246842983,0.0003576921701183,0.0002026511539195,0.0002635645912951,0.0002749124463621,0.0002384614467455,0.0002025473305453,0.0003227580271116,0.0002992220227408,0.0002508451091176,0.0003112691400591,0.000214492546384,0.0002739334460827,0.0002377895087268,0.0002144184495163,0.0002392716570758,0.0001786735277301,0.0002505667581434,0.0003316985334186,0.0002727509902046,0.0002029390347264,0.000273477444056,0.0002490896366849,0.0002723279301893,0.0002259080910766,0.0002506624650862,0.0002017804154302,0.0002857176871153,0.00026076546517,0.0001306506401881,0.0003680967025659,0.0001780965045592,0.000261770760206,0.0002727509902046,0.0001790488922841,0.0003101182027457,0.0003450984125473,0.0003933347636415,0.0004771276912983,0.0002745449119665,0.0004055488626739,0.0002498215560314,0.0002238955468354,0.0002029656868597,0.0003095274943749,0.0002376595289588,0.0002379875770484,0.0002362390739428,0.0002360996340455,0.0002384102802512,0.0002028518584809,0.0002947209581967,0.0002133763247113,0.0001419849495953,0.000201615294299,0.000107195178599,0.0001898952015856,0.0002370286093531,0.0002011762895991,0.0001898952015856,0.0001298226150995,0.000213252455365,0.0002134547653776,0.0001301898404582,0.0002254202901989,0.00018917448982,0.0001661425265531,0.0002252412452284,0.0002228373053105,0.0001772672481032,0.0001178689297501,0.0001776009661492,0.0001181153514522,0.0001541855445121,0.0001545282727305,0.0001668812282458,0.0001657177353487,0.0001777251184834,0.0001663004098117,0.0001300451611377,0.0001647989452867,0.000106108301206,0.0001429030759887,8.240335263926167e-05,8.286181017543029e-05,0.0001063440110597,0.0001186535198566,8.275992527961032e-05,0.0001067919692439,9.471042288203816e-05,0.0001298655301465,0.0001540065393545,9.397171451393132e-05,0.0001775294994851,0.0001301775147928,8.228420966016622e-05,0.0001296038834036,0.0001295947219604,0.0001885725061286,0.0001417300514952,0.000106974753958,0.000129203519034,5.894419163935586e-05,9.45123752141296e-05,0.0001061546082894,0.0001063691482194,7.072552602109978e-05,0.0001416464033617,9.430625957797949e-05,7.050528789659224e-05,7.048375349481945e-05,2.352802776307276e-05,9.456935480057687e-05,8.216444627032103e-05,0.0001180275240186,7.048540952022932e-05,9.440419154610463e-05,7.06073408098662e-05,5.8947666261892686e-05,0.0001537442641562,0.0001533615675911,0.0001067349770519,4.7186504659667325e-05,8.282847406285497e-05,4.673170161808517e-05,7.1147369918892e-05,7.099163481903048e-05,0.0001285902996153,0.0001172126824122,0.0001062925170068,7.105384697369823e-05,4.697096020385397e-05,5.886369522733159e-05,7.040683415670214e-05,9.457270868059248e-05,2.356045613043069e-05,8.223201174743025e-05,0.000105617687442,2.343072705546053e-05,7.045974986788797e-05,5.856035229907943e-05,5.9172998177471656e-05,5.839688861377466e-05,5.8495267732840416e-05,0.0001171907044333,7.048292551129489e-05,7.060069424016001e-05,7.04978321916601e-05,0.0001056499231103,8.19998594288124e-05,9.44465432565168e-05,5.83001993866819e-05,9.409772048272131e-05,3.5151856017997754e-05,5.860496735703319e-05,8.186655751125663e-05,5.86792474973301e-05,4.671260072404531e-05,9.379763160980184e-05,5.837030119075415e-05,0.0001053666760325,3.50512332192221e-05,2.3422769274011263e-05,9.379873137215817e-05,8.221848976379803e-05,8.212299678547126e-05,8.203926164664518e-05,7.020746305332257e-05,8.234906592630934e-05,7.109341674960899e-05,7.1086678356476e-05,7.107994124058191e-05,7.107320540156361e-05,7.106647083905813e-05,7.105973755270264e-05,7.105300554213443e-05,7.104627480699095e-05,7.103954534690977e-05,7.103281716152862e-05,7.102609025048534e-05,7.101936461341793e-05,7.10126402499645e-05,7.100591715976331e-05,7.099919534245279e-05,7.099247479767145e-05,7.098575552505797e-05,7.097903752425118e-05,7.097232079489e-05,7.096560533661353e-05,7.095889114906098e-05,7.095217823187172e-05
0,0,0,0,0,0,0,0,0,0,0,0,0,0,0,0,0,0,0,0,0.0,0.0,0.0,0.0,0.0,0.0,0.0,0.0,0.0,0.0,0.0,0.0,0.0,0.0,0.0,0.0,0.0,0.8331813606489431,0.0772726727662993,0.0265981490733471,0.0139608520437535,0.0096460335462305,0.0076904818419178,0.0073349341170005,0.0061059398487256,0.0033516075746331,0.0021374962473731,0.0019493177387914,0.0007424260567596,0.0003812246842983,0.0004173075318047,0.0003337783711615,0.000359406260857,0.0002271015861252,0.0002026922297337,0.0003216928191014,0.0002151720180744,0.0001555954518252,0.0002389001039215,0.0002035221300386,0.0003336550721529,0.0002024725471046,0.0001783421315451,0.0002858912660218,0.0003110531541986,0.0002858776443682,0.0001789762558167,0.0003080057810315,0.0001660223418637,0.0002865021666726,0.0002496967967468,0.0002609510479556,0.0002131262062351,0.0001426787943641,0.0003700255436988,0.0002611275964391,0.0002857176871153,0.000130382732585,0.0002969332731548,0.0001424890461545,0.000225588905775,0.0002260747474507,0.0002608922515001,0.0002626050420168,0.0002981905795632,0.0002617987957255,0.000262223175761,0.0002266356533667,0.0002148612354521,0.0002147023390627,0.0002022364977397,0.0002356795229846,0.0001432698966068,0.0002380980725961,0.0003208403640943,0.0001903900616387,0.0001535553980628,0.0002360996340455,0.0001668871961758,0.0002625141697989,0.0002829321198689,0.0001896678441878,0.00020114534526,0.0002490541870752,0.0001786586309984,0.0001661583013874,0.0002370286093531,0.0002011762895991,0.0001780267514865,0.0002006349506083,0.0002014050967336,0.0001541617749949,0.0001893670406665,0.0001660991611992,0.0001300574617512,8.307126327656796e-05,0.0001304028261848,0.0001172827922687,0.0001299959819423,0.0002003771805752,0.0001776009661492,0.0001417384217426,0.0002016272505159,0.0001545282727305,0.0001072807895866,9.469584877072952e-05,4.739336492890995e-05,0.0001781790105125,0.0001182228737616,0.0001765702985215,0.0001414777349414,0.0001548116656544,0.0001412628902387,8.286181017543029e-05,0.0001299760135175,0.0001898456317706,0.0001182284646851,0.0001186577436043,0.000142065634323,0.0002007012738627,9.477325498744255e-05,0.0001057181788281,0.0001183529996567,0.0001065088757396,8.228420966016622e-05,0.0001296038834036,0.0001178133836003,8.250047143126531e-05,0.000118108376246,0.000106974753958,0.0001879323913222,8.252186829509821e-05,5.9070234508831e-05,0.0001179495647661,8.273155972627673e-05,9.430070136146636e-05,7.082320168087065e-05,8.251797713073205e-05,0.0001997649823736,0.0001174729224913,8.234809717075466e-05,0.0001418540322008,7.042666823170374e-05,0.0001062247716167,7.048540952022932e-05,0.0001534068112624,5.88394506748885e-05,7.073719951427123e-05,5.913240929088415e-05,9.437634928686871e-05,5.929720947332218e-05,7.0779756989501e-05,0.0001183263915183,8.178047783164905e-05,9.4863159891856e-05,0.0001064874522285,9.352021790210769e-05,8.204887768856591e-05,4.72411186696901e-05,7.105384697369823e-05,8.219918035674446e-05,0.0001059546514091,3.520341707835107e-05,2.3643177170148124e-05,5.890114032607671e-05,0.0001174743024963,9.388238883738398e-05,7.029218116638159e-05,4.697316657859198e-05,7.027242275889532e-05,8.284219744846032e-05,4.671751089101973e-05,9.359242837254465e-05,3.515721132999731e-05,7.048292551129489e-05,4.7067129493440014e-05,0.0001057467482874,0.0001291276838015,3.514279689806246e-05,9.44465432565168e-05,3.498011963200914e-05,8.233550542238113e-05,7.030371203599551e-05,9.376794777125309e-05,7.017133500964857e-05,3.520754849839806e-05,7.006890108606797e-05,4.6898815804900925e-05,9.339248190520663e-05,8.195185913646153e-05,7.01024664384442e-05,5.8556923185028165e-05,5.862420710759887e-05,7.04729912261126e-05,0.0001173185668363,4.6879578083797245e-05,4.680497536888171e-05,4.70566091007482e-05,5.924451395800749e-05,5.9238898630396655e-05,5.923328436715159e-05,5.922767116796968e-05,5.9222059032548445e-05,5.9216447960585527e-05,5.9210837951778695e-05,5.92052290058258e-05,5.9199621122424815e-05,5.9194014301273845e-05,5.918840854207112e-05,5.9182803844514935e-05,5.917720020830375e-05,5.9171597633136094e-05,5.9165996118710656e-05,5.9160395664726205e-05,5.9154796270881645e-05,5.9149197936875975e-05,5.914360066240833e-05,5.9138004447177925e-05,5.913240929088415e-05,5.912681519322642e-05
0,0,0,0,0,0,0,0,0,0,0,0,0,0,0,0,0,0,0,0,0.0,0.0,0.0,0.0,0.0,0.0,0.0,0.0,0.0,0.0,0.0,0.0,0.0,0.0,0.0,0.0,0.0,0.0,0.8339788711282721,0.0788547093949991,0.0265544041450777,0.0137646988599056,0.009565630192262,0.0080517029232221,0.0076832080679659,0.0062962342294893,0.0032782948063644,0.0020569487795835,0.0019159382109926,0.000702883011675,0.0004888459658284,0.0004172229639519,0.0003114854260761,0.0003107705915398,0.0003099998807692,0.0002502055259677,0.0002510340210868,0.0002752842609216,0.0002508451091176,0.0003471848100659,0.0002621575566915,0.0003096638955718,0.0002853474104722,0.0001786820412636,0.0001674901599531,0.0002263198017914,0.0002863620093067,0.0002132347714834,0.0001897398192728,0.0002745645763946,0.0001902451784737,0.0002016439916021,0.0002249665510259,0.0002615777896676,0.00028647138867,0.0002492581602373,0.0003690520125239,0.0002370595137909,0.0001425279711143,0.0001424890461545,0.0001899696048632,0.0002498720892876,0.0002846097289092,0.0002506684491978,0.0001431314781903,0.0001546992883832,0.0002503039404991,0.0001550664996719,0.0002626081766636,0.000322053508594,0.0003211991434689,0.0002710314514323,0.0002865397932137,0.0002142882653364,0.0002020105996149,0.000142792546229,0.0001771793054571,0.0002715145791524,0.0001549666821633,0.0002147843207445,0.0002475656048852,0.0002015220844496,0.0001893132661271,0.000213475017493,0.0001786586309984,0.0001898952015856,0.0001777714570148,0.0002011762895991,0.0002255005518829,0.0001534267269358,0.0002487945312592,0.0001304445788418,0.0001893670406665,0.0001779633869991,0.00018917448982,0.0001542752032279,0.0001778220357066,0.0002345655845374,0.0002245385142641,0.0002357378595002,0.0003196817390686,0.0001535499568878,0.0002016272505159,0.0001069811118903,0.0001549611405139,8.285886767438832e-05,0.0001540284360189,0.0001544218091108,0.0001536897358901,0.0001765702985215,0.0001532675461865,9.526871732580711e-05,0.0001648067052785,0.0001302114159899,0.000165424017204,0.0001661149277993,0.0001064056182166,0.0001186577436043,0.000189420845764,5.9029786430232696e-05,0.0001421598824811,9.397171451393132e-05,5.9176499828388155e-05,0.0001183431952662,0.000117548870943,9.425736974809715e-05,7.06880301602262e-05,9.428625306430322e-05,0.0001299192138706,9.508867018494745e-05,0.0001057119701187,0.0001296772216065,9.45123752141296e-05,0.0001179495647661,4.727517698644384e-05,0.0001178758767018,8.262706862768243e-05,0.0001060945420252,0.0001057579318448,0.0001409675069896,7.058408328921828e-05,9.456935480057687e-05,9.390222430893832e-05,5.901376200930057e-05,7.048540952022932e-05,4.720209577305232e-05,4.70715605399108e-05,5.8947666261892686e-05,7.095889114906098e-05,9.437634928686871e-05,9.487553515731549e-05,4.7186504659667325e-05,8.282847406285497e-05,4.673170161808517e-05,0.0001067210548783,4.7327756546020325e-05,9.352021790210769e-05,9.37701459297896e-05,9.448223733938021e-05,7.105384697369823e-05,8.219918035674446e-05,7.06364342727979e-05,0.000105610251235,3.546476575522219e-05,7.068136839129205e-05,5.873715124816446e-05,4.694119441869199e-05,7.029218116638159e-05,0.0001174329164464,0.0001405448455177,8.284219744846032e-05,8.175564405928451e-05,9.359242837254465e-05,0.0001406288453199,8.223007976317738e-05,9.413425898688003e-05,4.699855479444007e-05,3.521664103677791e-05,4.685706253074994e-05,3.5417453721193805e-05,9.328031901869104e-05,5.881107530170082e-05,7.030371203599551e-05,8.204695429984645e-05,0.0,5.86792474973301e-05,8.17470512670793e-05,4.6898815804900925e-05,3.502218071445249e-05,8.195185913646153e-05,4.6734977625629454e-05,4.6845538548022525e-05,4.689936568607909e-05,5.872749268842716e-05,3.519557005091626e-05,3.5159683562847933e-05,2.3402487684440856e-05,9.41132182014964e-05,0.0001066401251244,0.0001066300175347,0.0001066199118608,0.0001066098081023,0.0001065997062585,0.000106589606329,0.0001065795083132,0.0001065694122104,0.0001065593180203,0.0001065492257422,0.0001065391353757,0.0001065290469201,0.0001065189603749,0.0001065088757396,0.0001064987930136,0.0001064887121965,0.0001064786332875,0.0001064685562863,0.0001064584811923,0.0001064484080049,0.0001064383367235,0.0001064282673478
0,0,0,0,0,0,0,0,0,0,0,0,0,0,0,0,0,0,0,0,0.0,0.0,0.0,0.0,0.0,0.0,0.0,0.0,0.0,0.0,0.0,0.0,0.0,0.0,0.0,0.0,0.0,0.0,0.0,0.8322627459377157,0.0773483976204183,0.0284844505461708,0.0137669119392356,0.0097838942049242,0.0078504940912186,0.0076009671781858,0.0061002701891323,0.0039464714957126,0.0021554304873667,0.0016321181796521,0.0007392304849113,0.0003695403395002,0.0003354458434665,0.0002510070162437,0.0002384614467455,0.0002621200748233,0.0003347120281158,0.000227408737283,0.0002627901143136,0.0002873253600545,0.000214492546384,0.000226292846764,0.0002377895087268,0.000250154857769,0.0003828346513213,0.0003335239184295,0.0001312492542656,0.0003080057810315,0.000237174774091,0.0003103773472286,0.0001545742075099,0.0002016439916021,0.0002486472406076,0.0003210272873194,0.0002506624650862,0.0001780415430267,0.0002738127834855,0.0001540886839641,0.000308810604081,0.0002493558307705,0.0002612082066869,0.0002498720892876,0.0003320446837274,0.0003222880061115,0.0003101182027457,0.0002498988504652,0.0002026269994517,0.0002504920379316,0.0002267979707549,0.0001908465236112,0.0002379252914584,0.0001885436183877,0.0003581747415172,0.0002500029762259,0.0004040211992299,0.0003569813655727,0.0002716749350342,0.0002715145791524,0.0002503307942638,0.0002386492452717,0.0002829321198689,0.000225230564973,0.0002603057409247,0.0001423166783287,0.0001905692063983,0.0002611059021802,0.0001777714570148,0.0001893423902109,0.0002017636516847,0.0002596452301991,0.0001658630208395,0.0001541617749949,0.0002012024807082,0.0002491487417988,0.0002128213010475,0.000213611819854,0.0001304028261848,0.0002111090260836,0.0001772672481032,0.0002239509665252,0.0001184006440995,0.0001653614920331,0.0002253481035178,0.0001783018531505,0.0002503218423687,0.0001538807542524,0.0001895734597156,0.0001900576112133,0.0001182228737616,0.0001177135323476,0.000106108301206,0.0001786288449858,9.417526015915619e-05,0.0001538862188972,9.452800983091302e-05,0.0001898456317706,0.0001536970040907,0.0001186577436043,0.0001302268314628,0.0001062536155744,0.0001066199118608,7.047878588544849e-05,0.0001301882996224,0.0001065088757396,0.000117548870943,0.0001296038834036,8.24693685202639e-05,3.535734489911371e-05,0.0001535408891198,0.0001545190890505,0.0001174577445763,0.0001532548982623,5.9070234508831e-05,7.076973885966361e-05,0.0001418255309593,0.000129663464372,0.0001416464033617,7.072969468348461e-05,0.0001057579318448,5.873646124568287e-05,0.0001176401388153,0.0001063905241506,0.0001173777803861,0.0001180275240186,0.0001174756825337,0.0001180052394326,3.53036704049331e-05,8.252673276664977e-05,9.461185486541464e-05,9.437634928686871e-05,8.301609326265105e-05,5.8983130824584165e-05,0.000141991669822,0.0001168292540452,9.4863159891856e-05,9.465551309204064e-05,0.0001169002723776,0.000105491414171,7.086167800453515e-05,9.473846263159765e-05,7.045644030578095e-05,4.709095618186527e-05,4.6937889437801433e-05,9.457270868059248e-05,5.890114032607671e-05,8.223201174743025e-05,3.5205895814018985e-05,0.0001054382717495,0.0001291762080911,7.027242275889532e-05,4.7338398541977326e-05,2.3358755445509865e-05,7.01943212794085e-05,3.515721132999731e-05,8.223007976317738e-05,0.0001059010413602,3.524891609583005e-05,3.521664103677791e-05,4.685706253074994e-05,0.0001180581790706,5.83001993866819e-05,0.000105859935543,7.030371203599551e-05,9.376794777125309e-05,3.508566750482428e-05,4.694339799786408e-05,3.503445054303398e-05,5.862351975612616e-05,0.0001167406023815,3.512222534419781e-05,5.841872203203683e-05,5.8556923185028165e-05,3.517452426455932e-05,7.04729912261126e-05,2.3463713367277507e-05,4.6879578083797245e-05,2.3402487684440856e-05,3.529245682556115e-05,5.924451395800749e-05,5.9238898630396655e-05,5.923328436715159e-05,5.922767116796968e-05,5.9222059032548445e-05,5.9216447960585527e-05,5.9210837951778695e-05,5.92052290058258e-05,5.9199621122424815e-05,5.9194014301273845e-05,5.918840854207112e-05,5.9182803844514935e-05,5.917720020830375e-05,5.9171597633136094e-05,5.9165996118710656e-05,5.9160395664726205e-05,5.9154796270881645e-05,5.9149197936875975e-05,5.914360066240833e-05,5.9138004447177925e-05,5.913240929088415e-05,5.912681519322642e-05
0,0,0,0,0,0,0,0,0,0,0,0,0,0,0,0,0,0,0,0,0.0,0.0,0.0,0.0,0.0,0.0,0.0,0.0,0.0,0.0,0.0,0.0,0.0,0.0,0.0,0.0,0.0,0.0,0.0,0.0,0.8325297447706774,0.0755208022443741,0.0273676714929978,0.0141322916293349,0.0098340283669299,0.0083311388283737,0.0073971780246172,0.0053935110441406,0.0032930188001436,0.0022158684774839,0.0016096147655327,0.0009655731451459,0.000359406260857,0.0003944395969544,0.000429230604142,0.0002740346236789,0.0002151720180744,0.0003351286654697,0.0002389001039215,0.0003112691400591,0.0002264087989609,0.0002501131464233,0.0002377895087268,0.000297803402106,0.0002512352399296,0.0002144082332761,0.0002505667581434,0.0002132347714834,0.0002727509902046,0.0001671262638923,0.000273477444056,0.0002728124592263,0.0002012858614442,0.0002972474882587,0.0002267898493637,0.0001543026706231,0.0002619078798557,0.0003081773679282,0.0003325652659334,0.0001899853948727,0.0002849544072948,0.0003807574693906,0.0003201859450228,0.0002506684491978,0.0001669867245553,0.0002498988504652,0.0002979808815466,0.0003339893839088,0.0002745449119665,0.0002743418776912,0.0002260290268855,0.0002356795229846,0.0002268440029609,0.0003214323980047,0.0002376595289588,0.0002498869559009,0.0003307347035199,0.0002715145791524,0.000190728224201,0.0001909193962174,0.0002121990899016,0.0002133763247113,0.0003312982157224,0.000213475017493,0.000226300932598,0.0002255005518829,0.000308137192159,0.0002366779877637,0.0003441850528739,0.0002242390624446,0.0002369471726278,0.0002015961673011,0.0002367088008332,0.0003321983223984,0.000236468112275,0.0002254791431792,0.0001896768380871,0.0002111090260836,0.0001299959819423,0.0003182461103253,0.0002012810949691,0.0001417384217426,0.0002372085300187,0.0001188679021003,0.0002741620178324,0.0001893916975414,0.0001421800947867,0.0001306646077092,0.0001182228737616,0.0001294848855824,0.000200426791167,0.0001786288449858,0.0001412628902387,0.0001657236203508,0.000165424017204,0.0001779802797849,0.0001182284646851,0.0001067919692439,0.000142065634323,0.0001770893592906,0.0001303132256077,0.0001879434290278,0.0001301882996224,9.467455621301776e-05,0.0001293037580374,0.0001060395409666,8.24693685202639e-05,0.0001532151612294,0.0001417300514952,0.000106974753958,0.0001996781657798,0.0001060995449508,0.0001417685628211,8.256469533627421e-05,7.091276547966577e-05,0.0001060882890316,0.0001062348025213,0.0001414593893669,0.0001762632197414,8.223104574395602e-05,0.0001411681665784,8.274818545050477e-05,0.0001643288925406,5.901376200930057e-05,0.0001057281142803,5.90026197163154e-05,5.88394506748885e-05,0.0001061057992714,9.461185486541464e-05,7.078226196515153e-05,9.487553515731549e-05,8.257638315441782e-05,7.099583491101856e-05,3.504877621356388e-05,4.7431579945928e-05,0.000118319391365,4.6760108951053846e-05,4.68850729648948e-05,0.0,8.289615480264794e-05,8.219918035674446e-05,4.709095618186527e-05,0.000105610251235,4.728635434029625e-05,8.246159645650739e-05,0.0001057268722466,5.867649302336498e-05,9.372290822184213e-05,8.220304151253596e-05,4.6848281839263546e-05,3.5503798906483e-05,0.0,0.0001286895890122,9.375256354665949e-05,4.6988617007529926e-05,8.236747661352003e-05,7.04978321916601e-05,2.347776069118528e-05,7.028559379612492e-05,1.18058179070646e-05,6.996023926401828e-05,7.057329036204097e-05,5.858642669666292e-05,5.860496735703319e-05,8.186655751125663e-05,5.86792474973301e-05,4.671260072404531e-05,5.862351975612616e-05,7.004436142890498e-05,5.853704224032968e-05,7.01024664384442e-05,8.197969245903942e-05,0.0001055235727936,3.52364956130563e-05,4.692742673455501e-05,1.1719894520949311e-05,2.3402487684440856e-05,7.05849136511223e-05,4.739561116640599e-05,4.739111890431733e-05,4.738662749372127e-05,4.738213693437574e-05,4.737764722603875e-05,4.737315836846843e-05,4.736867036142295e-05,4.736418320466063e-05,4.7359696897939847e-05,4.735521144101908e-05,4.73507268336569e-05,4.734624307561195e-05,4.7341760166643e-05,4.733727810650888e-05,4.7332796894968525e-05,4.732831653178096e-05,4.732383701670532e-05,4.731935834950078e-05,4.7314880529926657e-05,4.731040355774234e-05,4.730592743270732e-05,4.730145215458114e-05
0,0,0,0,0,0,0,0,0,0,0,0,0,0,0,0,0,0,0,0,0.0,0.0,0.0,0.0,0.0,0.0,0.0,0.0,0.0,0.0,0.0,0.0,0.0,0.0,0.0,0.0,0.0,0.0,0.0,0.0,0.0,0.8345490359935533,0.076347021125089,0.0264487689495753,0.0133470348552378,0.0096957219123315,0.0080216151305914,0.0068046735789712,0.0057597892467967,0.0033833690731474,0.0026230759142015,0.0015616059507915,0.0007427729391045,0.0004063923120136,0.0003219229531065,0.0003574364656682,0.0001434480120496,0.000359066427289,0.0002508451091176,0.0003352129200636,0.0002979063144222,0.0003215740454014,0.0003804632139629,0.0003216276742745,0.0003828346513213,0.0002620545073375,0.0002386350077556,0.0002132347714834,0.0003201859450228,0.0002984397569506,0.0003091484150198,0.0002846738704971,0.0003433699989343,0.0001783484929552,0.0002267898493637,0.0002492581602373,0.0002857176871153,0.0003200303436177,0.00024942394945,0.0003087262666682,0.0001780965045592,0.000285568102043,0.0002846097289092,0.0003222880061115,0.0002743353331981,0.000237998905205,0.0002979808815466,0.0002266356533667,0.0001671142942405,0.0002266302467884,0.0002855103497501,0.0002945994037308,0.0002865397932137,0.000178573554447,0.0002733084583026,0.0002379875770484,0.0003897944720056,0.0002597095974501,0.0001549666821633,0.0002505817075353,0.0001532548982623,0.000225230564973,0.0003667944531213,0.0003557916958218,0.0001905692063983,0.0002017636516847,0.0002488800398208,0.0003076813840928,0.0002492374520811,0.0002832493420353,0.0002014050967336,0.0001897375692245,0.0002603796809165,0.0001779633869991,0.0001655276785925,0.0001661425265531,0.0001541124309457,0.0001524676299493,0.0002599919638847,0.0001414427157001,0.0001302407085094,0.0001653614920331,0.0002609293830206,0.0001901886433606,0.0001668812282458,0.0001302067920597,0.0002725118483412,0.0001663004098117,0.0001418674485139,0.0001883416517562,0.0001414777349414,0.0002024460243173,0.0001530347977586,0.0001657236203508,0.0001417920147463,0.0001898456317706,0.0001418741576221,0.0001305235179647,0.0002130984514845,0.0001652834020046,0.0001540065393545,9.397171451393132e-05,0.0001183529996567,9.467455621301776e-05,7.052932256585676e-05,0.0002238612531517,0.0001060320452403,0.0001178578163303,0.000118108376246,0.0001782912565967,0.0001526950679493,9.431070662296936e-05,0.0001181404690176,0.0001415394777193,7.091276547966577e-05,0.0001650262273825,0.0001416464033617,0.0001650359542614,0.000129259694477,0.0001057256302422,0.0001176401388153,9.456935480057687e-05,0.0001408533364634,8.261926681302079e-05,3.524270476011465e-05,4.720209577305232e-05,0.0001529825717547,0.0001061057992714,0.0001064383367235,2.3594087321717177e-05,0.0001304538608413,5.8983130824584165e-05,0.0001301590306702,0.0001051463286406,0.0001067210548783,5.915969568252541e-05,8.183019066434425e-05,9.37701459297896e-05,5.9051398337112624e-05,9.473846263159765e-05,0.0001174274005096,4.709095618186527e-05,0.000105610251235,9.457270868059248e-05,7.068136839129205e-05,8.223201174743025e-05,8.214709023271098e-05,8.200754469411185e-05,5.8716458223239976e-05,5.856035229907943e-05,0.0001065113967194,5.839688861377466e-05,8.189337482597658e-05,9.375256354665949e-05,4.6988617007529926e-05,9.413425898688003e-05,3.524891609583005e-05,9.39110427647411e-05,8.19998594288124e-05,5.902908953532301e-05,0.000104940358896,5.881107530170082e-05,9.373828271466067e-05,2.3441986942813277e-05,0.000116952225016,8.215094649626212e-05,3.503445054303398e-05,1.1724703951225231e-05,5.837030119075415e-05,5.853704224032968e-05,0.0001518886772832,2.3422769274011263e-05,0.0001406980970582,4.6981994150741726e-05,7.039114010183252e-05,0.0001289188397304,7.020746305332257e-05,5.882076137593525e-05,3.5546708374804495e-05,3.5543339178238e-05,3.5539970620290955e-05,3.5536602700781806e-05,3.5533235419529066e-05,3.552986877635132e-05,3.5526502771067216e-05,3.5523137403495474e-05,3.5519772673454885e-05,3.551640858076431e-05,3.551304512524267e-05,3.5509682306708964e-05,3.550632012498225e-05,3.5502958579881656e-05,3.5499597671226394e-05,3.5496237398835724e-05,3.549287776252899e-05,3.548951876212559e-05,3.5486160397445e-05,3.548280266830676e-05,3.547944557453049e-05,3.547608911593586e-05
0,0,0,0,0,0,0,0,0,0,0,0,0,0,0,0,0,0,0,0,0.0,0.0,0.0,0.0,0.0,0.0,0.0,0.0,0.0,0.0,0.0,0.0,0.0,0.0,0.0,0.0,0.0,0.0,0.0,0.0,0.0,0.0,0.8342155233800141,0.0777813616218088,0.0269449987453548,0.0138972014076751,0.0098468928249774,0.0076178858871787,0.0072326667464974,0.0061472480343102,0.0035530755565094,0.0019430669464047,0.0019527740173233,0.0007291156186127,0.0004649998211539,0.0003216928191014,0.0003825280321323,0.0002872531418312,0.0002747351195097,0.0002274659100432,0.0003098225669991,0.0002382029965936,0.0001783421315451,0.0003097155381903,0.000227308074222,0.0003454354869449,0.0002386350077556,0.000272466652451,0.0002727509902046,0.0002148766250044,0.0002259161494375,0.0002609510479556,0.0002841682749801,0.0001902383924855,0.0002267898493637,0.0002967359050445,0.0002976225907451,0.0002489124894804,0.0001900372948191,0.0001781113076932,0.0002018427051671,0.0002141760765322,0.0002134572966819,0.0002864782276546,0.0002146972172855,0.0003450984125473,0.0002026269994517,0.0002147074610842,0.0002506714413607,0.000322053508594,0.0002617178206043,0.0001649756660892,0.0002387831610114,0.0002500029762259,0.0002257765525108,0.0002141888193436,0.0002008032128514,0.0002597095974501,0.0003218538783392,0.0002625141697989,0.0002004102515738,0.0002133763247113,0.0002958019783236,0.0001778958479109,0.0002501220833978,0.000237369001982,0.0002488800398208,0.0001775084908228,0.0002255005518829,0.0002596452301991,0.0002014050967336,0.0001541617749949,0.0002248733607915,0.0001779633869991,0.0002246447066613,0.0002017444965288,0.0002726604547502,0.0002228373053105,0.0002245385142641,0.0001650165016501,0.0002723214814288,0.000212607632614,0.0002134876770168,0.0001783018531505,0.0001907214037095,0.0001657177353487,0.0001303317535545,0.0001306646077092,0.0001655120232662,0.0001412562388172,0.0001532675461865,0.0001548116656544,0.0001294909827188,0.0002012358247117,0.000259952027035,0.0001186535198566,0.0001418741576221,0.0002610470359295,0.0002012596486243,0.0002007012738627,0.0001421598824811,8.222525019968988e-05,0.000106517699691,0.0001538461538461,0.000152813532226,8.247519852958502e-05,0.0001060320452403,0.0002003582877616,0.0001299192138706,0.000106974753958,7.047464674583319e-05,9.431070662296936e-05,8.26983283123634e-05,4.717982590644241e-05,0.0001181879424661,0.0001414510520421,7.082320168087065e-05,0.0001060945420252,0.0001175088131609,0.0001057256302422,0.0001294041526969,0.000177317540251,0.000152591114502,0.0001298302764204,3.524270476011465e-05,7.080314365957849e-05,0.0001412146816197,9.431626601902832e-05,2.365296371635366e-05,0.0001061733929477,9.487553515731549e-05,0.0001179662616491,5.916319575918213e-05,0.0001518780302587,0.0001897263197837,7.099163481903048e-05,8.183019066434425e-05,8.204887768856591e-05,9.448223733938021e-05,8.289615480264794e-05,0.0001056846604586,5.886369522733159e-05,7.040683415670214e-05,8.275112009551843e-05,7.068136839129205e-05,9.397944199706314e-05,4.694119441869199e-05,0.0001054382717495,3.5229874933943984e-05,7.027242275889532e-05,9.467679708395464e-05,8.175564405928451e-05,7.01943212794085e-05,0.0001171907044333,4.6988617007529926e-05,4.7067129493440014e-05,8.224747089027011e-05,8.217216241914844e-05,7.028559379612492e-05,7.083490744238761e-05,0.000139920478528,8.233550542238113e-05,8.202099737532808e-05,1.1720993471406637e-05,8.186655751125663e-05,9.388679599572815e-05,0.0001167815018101,8.207292765857662e-05,7.004436142890498e-05,5.853704224032968e-05,8.178621084485155e-05,5.8556923185028165e-05,8.207388995063841e-05,4.6981994150741726e-05,5.865928341819376e-05,4.6879578083797245e-05,0.0001287136822644,4.70566091007482e-05,3.5546708374804495e-05,3.5543339178238e-05,3.5539970620290955e-05,3.5536602700781806e-05,3.5533235419529066e-05,3.552986877635132e-05,3.5526502771067216e-05,3.5523137403495474e-05,3.5519772673454885e-05,3.551640858076431e-05,3.551304512524267e-05,3.5509682306708964e-05,3.550632012498225e-05,3.5502958579881656e-05,3.5499597671226394e-05,3.5496237398835724e-05,3.549287776252899e-05,3.548951876212559e-05,3.5486160397445e-05,3.548280266830676e-05,3.547944557453049e-05,3.547608911593586e-05
0,0,0,0,0,0,0,0,0,0,0,0,0,0,0,0,0,0,0,0,0.0,0.0,0.0,0.0,0.0,0.0,0.0,0.0,0.0,0.0,0.0,0.0,0.0,0.0,0.0,0.0,0.0,0.0,0.0,0.0,0.0,0.0,0.0,0.8324552915457119,0.076174885588309,0.027507122166096,0.0130171119783848,0.0096030806395675,0.0075440067057837,0.0074100548010483,0.0059376900239653,0.0037073240511157,0.0022283188173137,0.0019243871245353,0.0007511535572486,0.0004765819542243,0.0003347120281158,0.0004548174745661,0.0002866801247058,0.0002514096900477,0.0002859900618453,0.0002143826969343,0.0003923526893993,0.0003692762186115,0.0002631988227834,0.0002501429388221,0.0002267032573678,0.0003198521572251,0.0003083272063183,0.0003700652986188,0.0002853677677106,0.0001897825803314,0.0003196893093526,0.0001070090957731,0.000334216620115,0.0003086053412462,0.0001904784580768,0.0003081773679282,0.00024942394945,0.0002849780923091,0.0002849544072948,0.000261770760206,0.0002015985579773,0.0002506684491978,0.0003220458259282,0.0003688983030678,0.0002026269994517,0.0002266356533667,0.0002387347060578,0.0003697651394968,0.0002260290268855,0.0001885436183877,0.000250722319062,0.0002619078798557,0.0003208403640943,0.000226088198196,0.0001417434443656,0.0002006846889387,0.0003218538783392,0.0001789869339538,0.0002239879282295,0.0001896678441878,0.0003194661365895,0.0002964930798515,0.0003096749603973,0.0002848428023784,0.0002607314702884,0.0002130101889873,0.0002611059021802,0.0002242390624446,0.0001895577381022,0.0001660203730714,0.0001420252804999,0.000201691838599,0.0001300574617512,0.0002610811131549,0.0002133864428479,0.0002580221429911,0.0001536316150228,0.0001650165016501,0.0002486413526089,0.0001889845623235,0.0002727898095215,0.0002615093846208,0.0001788013159776,0.0002485766030231,0.0001540284360189,0.0001663004098117,0.0001064005863854,0.0001883416517562,9.431848996097571e-05,0.0001071773069915,0.0002118943353581,0.0001775610218044,0.0001299760135175,9.492281588533325e-05,0.0001536970040907,0.0001542550666856,0.0002012596486243,0.0002243131884348,0.0001776998531014,8.222525019968988e-05,8.284709975974341e-05,8.284023668639054e-05,5.8774435471547294e-05,0.0001296038834036,0.0001649387370405,0.0001650009428625,8.267586337223037e-05,5.9430418865592166e-05,0.0001761866168645,9.431070662296936e-05,0.0001063264221158,0.0001533344341959,0.0001772819136991,0.0001178758767018,0.0001062348025213,0.0001178828244724,0.0001175088131609,7.048375349481945e-05,0.0001058761249338,0.000165496370901,5.8688890193086445e-05,9.442201921488089e-05,7.048540952022932e-05,9.440419154610463e-05,0.0001294467914847,9.431626601902832e-05,0.0001064383367235,0.0001061733929477,9.487553515731549e-05,0.0001533561401439,0.0001301590306702,0.0001051463286406,5.928947493241e-05,8.282357395553555e-05,7.014016342658078e-05,5.8606341206118495e-05,7.086167800453515e-05,9.473846263159765e-05,5.8713700254817455e-05,1.1772739045466318e-05,8.214130651615249e-05,7.092953151044438e-05,0.0001060220525869,4.698972099853157e-05,0.0001290882846514,5.857681763865133e-05,1.1743291644647994e-05,7.027242275889532e-05,8.284219744846032e-05,0.0001167937772275,7.01943212794085e-05,2.343814088666487e-05,8.223007976317738e-05,0.0001294346061069,7.04978321916601e-05,4.695552138237055e-05,9.371412506149987e-05,0.0001180581790706,0.000104940358896,0.000105859935543,0.0001054555680539,5.860496735703319e-05,3.508566750482428e-05,4.694339799786408e-05,0.0001051033516291,5.862351975612616e-05,3.502218071445249e-05,5.853704224032968e-05,3.50512332192221e-05,8.197969245903942e-05,5.862420710759887e-05,7.04729912261126e-05,0.0001055867101527,0.0001054790506885,2.3402487684440856e-05,5.882076137593525e-05,0.000118489027916,0.0001184777972607,0.0001184665687343,0.0001184553423359,0.000118444118065,0.0001184328959211,0.0001184216759035,0.0001184104580116,0.0001183992422448,0.0001183880286025,0.0001183768170841,0.000118365607689,0.0001183544004166,0.0001183431952662,0.0001183319922374,0.0001183207913294,0.0001183095925417,0.0001182983958737,0.0001182872013248,0.0001182760088943,0.0001182648185817,0.0001182536303864
0,0,0,0,0,0,0,0,0,0,0,0,0,0,0,0,0,0,0,0,0.0,0.0,0.0,0.0,0.0,0.0,0.0,0.0,0.0,0.0,0.0,0.0,0.0,0.0,0.0,0.0,0.0,0.0,0.0,0.0,0.0,0.0,0.0,0.0,0.8345063269963795,0.0784276172464149,0.0267187030921645,0.0135017161171504,0.0097832594898814,0.0076840600428877,0.0075592278618354,0.0057695975586496,0.0032106959303231,0.0021395359956014,0.0017526916335801,0.000726787480192,0.0004183900351447,0.0004548174745661,0.0002627901143136,0.0002992972500568,0.00053623136596,0.0002739334460827,0.0002972368859085,0.0003097155381903,0.0002392716570758,0.0002858776443682,0.0001670445054289,0.0002843130286445,0.0003083272063183,0.0002745645763946,0.0003091484150198,0.0003914265719335,0.0003788910333068,0.0002496878901373,0.0003700255436988,0.0002373887240356,0.0001666686508172,0.0002726184408595,0.0002731786113024,0.0002018594820523,0.000237462006079,0.0002260747474507,0.000237174774091,0.0002984148204736,0.0002743353331981,0.0001546992883832,0.0002979808815466,0.0003101329993439,0.0003103551178752,0.0002266302467884,0.0002617178206043,0.0004360071175215,0.0002865397932137,0.0002380980725961,0.0002020105996149,0.0002141888193436,0.0002598629813371,0.0003659544327706,0.0001788077101884,0.0002028518584809,0.0003065097965246,0.0002015220844496,0.0002958019783236,0.0001778958479109,0.000345406686597,0.0002967112524775,0.0002844343312237,0.0001775084908228,0.0001780267514865,0.0002714472861172,0.0001540156622081,0.0001897375692245,0.0002130379207498,0.0002254202901989,0.0002128213010475,0.0002017444965288,0.0001422576285653,0.0002111090260836,0.0001063603488619,0.0001414427157001,0.000224961223789,9.449228116178259e-05,0.0002134876770168,0.0001545282727305,0.0001192008773184,0.0001538807542524,0.0001540284360189,0.0001544218091108,0.0001064005863854,0.0001530275920519,0.0001296879236963,0.0001309944863229,0.0001530347977586,0.0001065366130826,0.000165424017204,0.0001898456317706,0.0001418741576221,0.0001423892923252,0.000236776057205,0.0001416714874325,0.0001421598824811,0.0002584222149133,4.734119986271052e-05,0.0001183431952662,0.0002350977418861,0.0001767325682776,9.42507068803016e-05,0.0001296435979634,9.448670099683469e-05,0.0001307469215043,0.0001409492934916,0.0001296772216065,0.00020083879733,0.0001061546082894,9.455035397288768e-05,0.0001650262273825,0.0001062348025213,5.894141223623718e-05,7.050528789659224e-05,3.524187674740972e-05,9.411211105229104e-05,0.0001300328628507,0.000152591114502,4.7211009607440446e-05,0.000129223250787,5.90026197163154e-05,5.88394506748885e-05,7.073719951427123e-05,9.461185486541464e-05,0.0001061733929477,0.0001067349770519,8.257638315441782e-05,0.0001064937523665,0.0001051463286406,0.0001067210548783,7.099163481903048e-05,0.0001169002723776,0.0001289339506534,4.72411186696901e-05,0.0001302653861184,5.8713700254817455e-05,0.0001059546514091,8.214130651615249e-05,7.092953151044438e-05,8.246159645650739e-05,9.397944199706314e-05,7.041179162803797e-05,0.000128868998805,7.045974986788797e-05,0.0001054086341383,0.0001775189945324,0.0001051143995047,7.01943212794085e-05,8.203349310332704e-05,0.0001057243882669,8.236747661352003e-05,9.399710958888014e-05,4.695552138237055e-05,7.028559379612492e-05,7.083490744238761e-05,4.6640159509345525e-05,7.057329036204097e-05,3.5151856017997754e-05,5.860496735703319e-05,9.356178001286473e-05,8.215094649626212e-05,4.671260072404531e-05,2.3449407902450463e-05,0.0001284146626196,1.1707408448065936e-05,7.01024664384442e-05,0.000105402461733,8.207388995063841e-05,5.872749268842716e-05,7.039114010183252e-05,2.3439789041898622e-05,8.190870689554301e-05,4.70566091007482e-05,5.924451395800749e-05,5.9238898630396655e-05,5.923328436715159e-05,5.922767116796968e-05,5.9222059032548445e-05,5.9216447960585527e-05,5.9210837951778695e-05,5.92052290058258e-05,5.9199621122424815e-05,5.9194014301273845e-05,5.918840854207112e-05,5.9182803844514935e-05,5.917720020830375e-05,5.9171597633136094e-05,5.9165996118710656e-05,5.9160395664726205e-05,5.9154796270881645e-05,5.9149197936875975e-05,5.914360066240833e-05,5.9138004447177925e-05,5.913240929088415e-05,5.912681519322642e-05
0,0,0,0,0,0,0,0,0,0,0,0,0,0,0,0,0,0,0,0,0.0,0.0,0.0,0.0,0.0,0.0,0.0,0.0,0.0,0.0,0.0,0.0,0.0,0.0,0.0,0.0,0.0,0.0,0.0,0.0,0.0,0.0,0.0,0.0,0.0,0.8300016758037873,0.075460822575803,0.0265489900620672,0.013483415159861,0.0096497498213009,0.0076426893681963,0.0073669654777798,0.005906242886751,0.003920490539426,0.002301152961095,0.0016442077420738,0.0006335620532192,0.0005745062836624,0.0004419651922548,0.0003232410300614,0.0002859900618453,0.000226292846764,0.0003804632139629,0.0003692762186115,0.0002990895713448,0.0002501429388221,0.0003221572604701,0.0002132347714834,0.0003439034224319,0.0002745645763946,0.0002615871204014,0.0002253668141435,0.000367050688516,0.0002853575887283,0.0002148535415025,0.0002017804154302,0.0002500029762259,0.0002726184408595,0.0002256692875976,0.0001662372205136,0.0002612082066869,0.0002498720892876,0.0002015985579773,0.0003342245989304,0.0003220458259282,0.0002736987409857,0.0002741424110229,0.0004055585376036,0.0003103551178752,0.0002266302467884,0.0002855103497501,0.0002474634991338,0.0002746006351632,0.0002380980725961,0.0003089573876464,0.0002379875770484,0.0002244271202456,0.0002360996340455,0.0002622513082764,0.0001909193962174,0.0002357767665574,0.0002607932857583,0.0003194661365895,0.0002964930798515,0.0002024797817982,0.0002492374520811,0.0001896228874825,0.0002485118871519,0.000237369001982,0.0002478431742809,0.0002369471726278,0.0002134547653776,0.0001775316006249,0.000213556064399,0.0001537042729787,0.0002492137898297,0.0003082248618915,0.0002345655845374,0.0002127206977238,0.0002121640735502,0.0001657609017393,0.0002480422380496,0.0002134876770168,0.0002139622237807,0.0002503218423687,0.0001657177353487,0.00021327014218,0.0002019362119142,0.0001182228737616,8.239947264337508e-05,0.0001178981124512,0.0001429030759887,0.0001412628902387,0.0002959350363408,0.0001417920147463,0.0001067881678709,0.0001655198505592,0.0001186577436043,0.0001302268314628,0.0001534774447186,0.0001303132256077,0.0001292111074566,0.0002012000994165,0.0001538461538461,0.0001410586451317,0.0001531682258406,7.06880301602262e-05,2.3571563266075805e-05,0.0001653517267444,0.0001188608377311,9.396619566111092e-05,1.1788838327871172e-05,0.0001653966566247,0.0001533344341959,9.455035397288768e-05,0.0001178758767018,7.082320168087065e-05,0.0001178828244724,9.400705052878963e-05,7.048375349481945e-05,0.0001176401388153,0.0001418540322008,9.390222430893832e-05,0.0001298302764204,8.223297777360086e-05,0.0002006089070354,0.0001529825717547,0.0001061057992714,0.0001064383367235,7.078226196515153e-05,5.929720947332218e-05,9.437300931933465e-05,9.46611132146914e-05,0.0001051463286406,0.0001304368448513,9.465551309204064e-05,7.014016342658078e-05,0.0001172126824122,3.5430839002267575e-05,0.0001065807704605,7.045644030578095e-05,5.886369522733159e-05,9.387577887560285e-05,0.0001182158858507,9.424182452172274e-05,0.0001644640234948,0.0001173529860467,8.200754469411185e-05,8.220304151253596e-05,9.369656367852708e-05,8.284219744846032e-05,7.007626633652958e-05,0.0001169905354656,0.0001054716339899,0.0001762073137782,8.236747661352003e-05,7.04978321916601e-05,0.0001173888034559,4.685706253074994e-05,9.44465432565168e-05,0.000104940358896,7.057329036204097e-05,2.3434570678665168e-05,8.204695429984645e-05,3.508566750482428e-05,9.388679599572815e-05,4.671260072404531e-05,9.379763160980184e-05,8.17184216670558e-05,2.341481689613187e-05,4.6734977625629454e-05,4.6845538548022525e-05,5.862420710759887e-05,8.221848976379803e-05,4.692742673455501e-05,4.6879578083797245e-05,4.680497536888171e-05,9.41132182014964e-05,0.0001066401251244,0.0001066300175347,0.0001066199118608,0.0001066098081023,0.0001065997062585,0.000106589606329,0.0001065795083132,0.0001065694122104,0.0001065593180203,0.0001065492257422,0.0001065391353757,0.0001065290469201,0.0001065189603749,0.0001065088757396,0.0001064987930136,0.0001064887121965,0.0001064786332875,0.0001064685562863,0.0001064584811923,0.0001064484080049,0.0001064383367235,0.0001064282673478
0,0,0,0,0,0,0,0,0,0,0,0,0,0,0,0,0,0,0,0,0.0,0.0,0.0,0.0,0.0,0.0,0.0,0.0,0.0,0.0,0.0,0.0,0.0,0.0,0.0,0.0,0.0,0.0,0.0,0.0,0.0,0.0,0.0,0.0,0.0,0.0,0.834860402281597,0.0766452600485535,0.0266554903604358,0.0129973790802954,0.0096457655208594,0.0082014114056837,0.007583472104084,0.0055460597874807,0.0032549987480774,0.0018586696214747,0.0017213761445955,0.0010891681627767,0.0004061301766666,0.0003352129200636,0.0004170688401911,0.0003930349443796,0.0003685737385266,0.0002263305856006,0.0003708710684675,0.0002024966647608,0.000381816012409,0.0002369275238704,0.0002846097289092,0.0002268142152825,0.000273477444056,0.0003083966930385,0.000296008619771,0.0002615777896676,0.00028647138867,0.0002729970326409,0.0002380980725961,0.0003081773679282,0.0002613012803762,0.0004274671384637,0.0003087006079027,0.0002498720892876,0.0003201859450228,0.0003700343773873,0.000226624840468,0.0003093985767665,0.0002026269994517,0.0002982048070614,0.0003103551178752,0.0002624139699655,0.0002855103497501,0.0002710314514323,0.0002746006351632,0.0002142882653364,0.0003327233405423,0.0002855850924581,0.0003425466572171,0.0003069295242592,0.0002145692522261,0.0002386492452717,0.0002593544432131,0.00027264752602,0.0003194661365895,0.0001660361247168,0.0003096749603973,0.0002017636516847,0.0002607314702884,0.0002603457865401,0.0001780267514865,0.0001062185032632,0.000213252455365,0.0003201821480664,0.0002603796809165,0.0002847414191986,0.0002128213010475,0.0002254791431792,0.0003200796642719,0.0001993807468568,0.0002481741473445,0.0001885902876001,0.000224961223789,0.000212607632614,0.0001304646915103,0.0001426414825204,0.0002503218423687,0.000142043773156,0.0002488151658767,0.0001663004098117,0.0001418674485139,0.000200113004991,0.0001532675461865,0.0001667202553201,0.0002236662428779,0.0001775610218044,0.0001772400184329,0.0001305188718423,0.0002009883899647,0.0001423892923252,0.0002959700715063,0.0001416714874325,0.0001776998531014,0.0001409575717708,0.0001420235995881,0.0001420118343195,0.0001645684193203,0.0001296038834036,0.0001178133836003,0.0001885725061286,0.0001062975386214,0.000106974753958,0.0001409492934916,0.0001650437365901,9.45123752141296e-05,0.0001297445212427,9.455035397288768e-05,2.3575175340366592e-05,0.0001062348025213,7.072969468348461e-05,5.8754406580493536e-05,0.0001644620914879,9.411211105229104e-05,9.456935480057687e-05,9.390222430893832e-05,0.0001770412860279,9.398054602697242e-05,0.0001298057633758,9.41431210798216e-05,0.0001650534655332,7.095889114906098e-05,5.898521830429294e-05,0.0001423133027359,0.000129762887814,8.282847406285497e-05,8.178047783164905e-05,0.0001541526348242,0.000118319391365,9.352021790210769e-05,0.000105491414171,5.9051398337112624e-05,7.105384697369823e-05,0.0001174274005096,5.886369522733159e-05,8.214130651615249e-05,0.0001418590630208,5.890114032607671e-05,4.698972099853157e-05,9.388238883738398e-05,0.0001171536352773,7.045974986788797e-05,0.0001171207045981,8.284219744846032e-05,3.503813316826479e-05,3.509716063970425e-05,0.0001171907044333,3.5241462755647444e-05,4.7067129493440014e-05,9.399710958888014e-05,7.043328207355582e-05,4.685706253074994e-05,0.0001180581790706,8.162027914135465e-05,8.233550542238113e-05,8.202099737532808e-05,1.1720993471406637e-05,8.186655751125663e-05,4.694339799786408e-05,4.671260072404531e-05,2.3449407902450463e-05,5.837030119075415e-05,2.341481689613187e-05,0.0001051536996576,9.369107709604505e-05,0.0001055235727936,4.6981994150741726e-05,8.212299678547126e-05,9.375915616759449e-05,3.510373152666129e-05,8.234906592630934e-05,7.109341674960899e-05,7.1086678356476e-05,7.107994124058191e-05,7.107320540156361e-05,7.106647083905813e-05,7.105973755270264e-05,7.105300554213443e-05,7.104627480699095e-05,7.103954534690977e-05,7.103281716152862e-05,7.102609025048534e-05,7.101936461341793e-05,7.10126402499645e-05,7.100591715976331e-05,7.099919534245279e-05,7.099247479767145e-05,7.098575552505797e-05,7.097903752425118e-05,7.097232079489e-05,7.096560533661353e-05,7.095889114906098e-05,7.095217823187172e-05
0,0,0,0,0,0,0,0,0,0,0,0,0,0,0,0,0,0,0,0,0.0,0.0,0.0,0.0,0.0,0.0,0.0,0.0,0.0,0.0,0.0,0.0,0.0,0.0,0.0,0.0,0.0,0.0,0.0,0.0,0.0,0.0,0.0,0.0,0.0,0.0,0.0,0.8343319102117939,0.0785893904921566,0.0264355492018108,0.01380691776657,0.0099179858859431,0.0082783242084077,0.0071596763204761,0.0057349977942316,0.0034790482658374,0.0021875821837569,0.0019748653500897,0.0008122603533332,0.0004190161500796,0.0004051525876142,0.0003334841952311,0.0003329053122176,0.0003216276742745,0.0002392716570758,0.0003573470554602,0.0002386350077556,0.0002250811476769,0.0002964684676137,0.0001910014444484,0.0002853677677106,0.0003914265719335,0.0003078489645618,0.0003329171868497,0.0002984076965313,0.0002492581602373,0.0002738127834855,0.0002726184408595,0.0002731786113024,0.0003324744410273,0.0002968275075987,0.0002498720892876,0.0003201859450228,0.0002267952635599,0.0002862629563806,0.0003093985767665,0.0002264654699754,0.0003101329993439,0.0002506714413607,0.0002981976931426,0.0002617178206043,0.0001767596422384,0.0001910265288091,0.000178573554447,0.0002020105996149,0.0001903900616387,0.0003897944720056,0.0002597095974501,0.0003337743923517,0.0002147843207445,0.0002829321198689,0.0001778136039261,0.0002484736617918,0.0002609139102693,0.0002620326587977,0.0002848428023784,0.0002725829007561,0.000319515283481,0.0003204481526757,0.0002950513979535,0.0002369471726278,0.0001897375692245,0.0001656961605832,0.0002372845159989,0.00018917448982,0.0003441523764314,0.0002015316404675,0.0001876524676299,0.0002481741473445,0.0001885902876001,0.0001894410305592,0.0002716653083401,0.0001660459710131,0.0002733961748309,0.0001311209650503,0.0001657177353487,0.0002251184834123,0.00014254320841,0.0001773343106424,0.0001765702985215,0.0001178981124512,0.0001667202553201,0.0001883505203183,0.000224910627619,0.0002245040233484,0.0001305188718423,0.0002009883899647,0.0001423892923252,0.0001657432400435,0.0001416714874325,0.0001895465099748,0.0001644505003993,0.0002722118992105,8.284023668639054e-05,0.000152813532226,0.0001413860546221,0.0001531573986804,0.0002239298510277,0.000118108376246,0.0001188608377311,0.0001879323913222,9.431070662296936e-05,0.0001535826097229,7.076973885966361e-05,8.273155972627673e-05,0.0001768138150527,0.0001062348025213,0.0001650359542614,9.400705052878963e-05,0.0001057256302422,0.0001176401388153,8.274818545050477e-05,0.000152591114502,0.0001062247716167,0.0001057281142803,0.0001298057633758,3.53036704049331e-05,8.252673276664977e-05,0.0001064383367235,9.437634928686871e-05,0.0001304538608413,0.0001651527663088,9.46611132146914e-05,9.346340323617032e-05,0.0001067210548783,4.7327756546020325e-05,3.507008171329039e-05,5.8606341206118495e-05,0.0001299130763416,4.7369231315798825e-05,0.0001056846604586,4.709095618186527e-05,3.520341707835107e-05,0.0001300374744358,7.068136839129205e-05,8.223201174743025e-05,7.041179162803797e-05,0.0001054382717495,9.394633315718397e-05,7.027242275889532e-05,8.284219744846032e-05,8.175564405928451e-05,9.359242837254465e-05,8.203349310332704e-05,9.397723401505984e-05,5.8833911866800016e-05,3.524891609583005e-05,7.043328207355582e-05,8.19998594288124e-05,0.0001062523611635,6.996023926401828e-05,5.881107530170082e-05,7.030371203599551e-05,7.032596082843982e-05,7.017133500964857e-05,3.520754849839806e-05,0.0001051033516291,4.6898815804900925e-05,0.0001284146626196,2.341481689613187e-05,4.6734977625629454e-05,9.369107709604505e-05,5.862420710759887e-05,7.04729912261126e-05,8.212299678547126e-05,5.859947260474656e-05,5.850621921110214e-05,7.05849136511223e-05,9.479122233281199e-05,9.478223780863464e-05,9.477325498744255e-05,9.476427386875149e-05,9.47552944520775e-05,9.474631673693683e-05,9.47373407228459e-05,9.472836640932126e-05,9.471939379587969e-05,9.471042288203816e-05,9.470145366731381e-05,9.469248615122389e-05,9.4683520333286e-05,9.467455621301776e-05,9.466559378993704e-05,9.465663306356192e-05,9.464767403341065e-05,9.463871669900156e-05,9.462976105985331e-05,9.462080711548467e-05,9.461185486541464e-05,9.460290430916229e-05
0,0,0,0,0,0,0,0,0,0,0,0,0,0,0,0,0,0,0,0,0.0,0.0,0.0,0.0,0.0,0.0,0.0,0.0,0.0,0.0,0.0,0.0,0.0,0.0,0.0,0.0,0.0,0.0,0.0,0.0,0.0,0.0,0.0,0.0,0.0,0.0,0.0,0.0,0.8316249550951981,0.0766142482725756,0.0262069129973411,0.0140067709326721,0.0102191180170358,0.0076138794927267,0.0077619200915691,0.0061717363072047,0.0036220623042532,0.0020227408737283,0.0014811806443135,0.0007542290701433,0.0003932363350373,0.0003573044948905,0.000416131640272,0.0003216276742745,0.0003469439027599,0.0002858776443682,0.0002505667581434,0.0002606202762574,0.0002608922515001,0.0002626269861165,0.0002615871204014,0.0002609510479556,0.0002723279301893,0.000273467689198,0.0003700255436988,0.0002373887240356,0.0002619078798557,0.0003081773679282,0.0003444425968596,0.0003206003538477,0.0002493351063829,0.000416453482146,0.0002134572966819,0.0002387318563789,0.0002624077100156,0.000333198467287,0.0002503039404991,0.0002027792688018,0.0002029245001492,0.0003697651394968,0.0003211991434689,0.0002356795229846,0.0002268440029609,0.0002380980725961,0.0002851914347505,0.0002022894404912,0.0002834868887313,0.0002715145791524,0.0002264897662387,0.0002625141697989,0.0002357767665574,0.0002607932857583,0.000414122769653,0.000213475017493,0.0002977643849974,0.0002017636516847,0.0002370286093531,0.0001893423902109,0.0002967112524775,0.0002714472861172,0.000213252455365,0.0002134547653776,0.0001775316006249,0.0001779633869991,0.0001655276785925,0.0001898771732035,0.0002370960476088,0.0001641959091762,0.0002599919638847,0.0002121640735502,0.0001894410305592,0.0001653614920331,0.000177906397514,0.0002852829650409,0.0001430410527821,0.0001538807542524,0.0002014218009478,0.0002613292154184,0.0003073794717802,0.0002118843582258,0.0001650573574317,0.0001667202553201,0.0001765786127984,0.0002485854305262,0.0001536080159752,0.0001661149277993,0.0002719254687758,0.0002373154872086,0.0001775820429038,0.0002361191457209,0.0001303132256077,9.397171451393132e-05,0.0001183529996567,0.0001538461538461,0.0001763233064146,0.0001296038834036,0.0001413760603204,0.0001414293795964,0.0001062975386214,0.0001188608377311,3.5237323372916594e-05,0.0001178883832787,0.0001417685628211,0.0001651293906725,0.0001654631194525,0.0001886014027229,9.443093557449421e-05,9.430625957797949e-05,0.0001175088131609,0.0001409675069896,0.0001058761249338,0.0001418540322008,8.216444627032103e-05,5.901376200930057e-05,0.0001174756825337,0.0001062047154893,0.0001176789013497,5.8947666261892686e-05,0.0001419177822981,0.0001061733929477,8.301609326265105e-05,8.257638315441782e-05,9.46611132146914e-05,0.0001168292540452,0.0001304368448513,0.000165647147911,9.352021790210769e-05,0.0001289339506534,4.72411186696901e-05,4.7369231315798825e-05,5.8713700254817455e-05,8.240917331826423e-05,8.214130651615249e-05,0.0001063942972656,0.0001060220525869,8.223201174743025e-05,8.214709023271098e-05,8.200754469411185e-05,0.0001174329164464,9.369656367852708e-05,5.9172998177471656e-05,7.007626633652958e-05,3.509716063970425e-05,3.515721132999731e-05,0.0001174715425188,0.0001176678237336,7.04978321916601e-05,7.043328207355582e-05,4.685706253074994e-05,7.083490744238761e-05,5.83001993866819e-05,3.528664518102049e-05,5.858642669666292e-05,9.376794777125309e-05,5.847611250804047e-05,0.0001408301939935,5.839075090505664e-05,5.862351975612616e-05,5.837030119075415e-05,5.853704224032968e-05,8.178621084485155e-05,9.369107709604505e-05,3.517452426455932e-05,9.396398830148344e-05,9.385485346911001e-05,0.0001289188397304,7.020746305332257e-05,2.3528304550374105e-05,3.5546708374804495e-05,3.5543339178238e-05,3.5539970620290955e-05,3.5536602700781806e-05,3.5533235419529066e-05,3.552986877635132e-05,3.5526502771067216e-05,3.5523137403495474e-05,3.5519772673454885e-05,3.551640858076431e-05,3.551304512524267e-05,3.5509682306708964e-05,3.550632012498225e-05,3.5502958579881656e-05,3.5499597671226394e-05,3.5496237398835724e-05,3.549287776252899e-05,3.548951876212559e-05,3.5486160397445e-05,3.548280266830676e-05,3.547944557453049e-05,3.547608911593586e-05
0,0,0,0,0,0,0,0,0,0,0,0,0,0,0,0,0,0,0,0,0.0,0.0,0.0,0.0,0.0,0.0,0.0,0.0,0.0,0.0,0.0,0.0,0.0,0.0,0.0,0.0,0.0,0.0,0.0,0.0,0.0,0.0,0.0,0.0,0.0,0.0,0.0,0.0,0.0,0.8344055277579223,0.0758188169927626,0.0267141903490368,0.013585556660397,0.0090362525847746,0.0074757663554744,0.0071487293133645,0.0062638965261673,0.0032196289646918,0.0021501009352939,0.0017957835003411,0.0008698864381129,0.0005002262928467,0.0005112474437627,0.0002858912660218,0.0003230167370524,0.0002858776443682,0.0004653382651234,0.0001895420190963,0.0002015985579773,0.0002506893958385,0.0002378064730921,0.0003677037493921,0.0002486472406076,0.0002140181915462,0.000334216620115,0.0002373887240356,0.0002619078798557,0.0001896476110327,0.0001900372948191,0.0002493558307705,0.0002612082066869,0.0003807574693906,0.0002015985579773,0.000214858670741,0.0003459010722933,0.0002498988504652,0.0002979808815466,0.0001908510765193,0.0002745449119665,0.0002504860622398,0.0002855103497501,0.0002945994037308,0.000250722319062,0.0001428588435576,0.0001782446467191,0.0002617863347533,0.0002008032128514,0.0002479046157478,0.0002384102802512,0.0002863790943261,0.0002121990899016,0.0002607932857583,0.0002603057409247,0.0002727736334633,0.0002977643849974,0.0003797904031712,0.0001896228874825,0.0002366779877637,0.0002729743522793,0.0002360411183628,0.0002606418898906,0.0002846063538368,0.0003432277612081,0.000201691838599,0.0001655276785925,0.0002729484364801,0.0001778220357066,0.0002580221429911,0.0002127206977238,0.0002828854314002,0.000236801288199,0.0002716653083401,0.0001423251180112,0.0002139622237807,0.0002622419301006,0.0001538807542524,0.0002488151658767,0.0002732078161192,0.0002009788853947,0.0001883416517562,0.000106108301206,0.0001548116656544,0.0001883505203183,0.0001775610218044,0.0002245040233484,0.0001779802797849,0.0002246340829017,0.0002254497128482,0.000142065634323,0.0001416714874325,0.0001421598824811,0.0001527040360851,0.000106517699691,0.0001301775147928,0.0001410586451317,0.0001296038834036,9.42507068803016e-05,0.0002003582877616,0.0001535408891198,0.0002139495079161,0.0001761866168645,0.0001414660599344,0.0001417685628211,0.0001415394777193,9.455035397288768e-05,0.0001060882890316,0.0001534502703085,7.072969468348461e-05,0.0001762632197414,0.0001997039682353,0.0001529321804599,0.0001300328628507,4.695111215446916e-05,0.0001534357812241,8.223297777360086e-05,0.0001062047154893,0.0001176789013497,0.0001650534655332,0.0001182648185817,8.257930562601013e-05,7.115665136798663e-05,0.000141559513979,0.0001301590306702,7.009755242712775e-05,8.3005264905374e-05,7.099163481903048e-05,0.0001169002723776,8.204887768856591e-05,0.0001062925170068,0.0001184230782894,0.0001526556206625,0.0001177273904546,8.214130651615249e-05,9.457270868059248e-05,9.424182452172274e-05,5.873715124816446e-05,0.0001173529860467,3.5146090583190795e-05,4.697316657859198e-05,0.0001405448455177,9.467679708395464e-05,7.007626633652958e-05,9.359242837254465e-05,0.0001171907044333,0.0001174715425188,0.0001294346061069,0.0001057467482874,7.043328207355582e-05,8.19998594288124e-05,5.902908953532301e-05,3.498011963200914e-05,0.0001646710108447,0.0001991938507686,8.204695429984645e-05,5.847611250804047e-05,0.000152566043493,0.0001167815018101,9.379763160980184e-05,0.0001050665421433,8.195185913646153e-05,2.336748881281473e-05,9.369107709604505e-05,2.3449682843039547e-05,9.396398830148344e-05,8.212299678547126e-05,4.6879578083797245e-05,7.020746305332257e-05,5.882076137593525e-05,9.479122233281199e-05,9.478223780863464e-05,9.477325498744255e-05,9.476427386875149e-05,9.47552944520775e-05,9.474631673693683e-05,9.47373407228459e-05,9.472836640932126e-05,9.471939379587969e-05,9.471042288203816e-05,9.470145366731381e-05,9.469248615122389e-05,9.4683520333286e-05,9.467455621301776e-05,9.466559378993704e-05,9.465663306356192e-05,9.464767403341065e-05,9.463871669900156e-05,9.462976105985331e-05,9.462080711548467e-05,9.461185486541464e-05,9.460290430916229e-05
0,0,0,0,0,0,0,0,0,0,0,0,0,0,0,0,0,0,0,0,0.0,0.0,0.0,0.0,0.0,0.0,0.0,0.0,0.0,0.0,0.0,0.0,0.0,0.0,0.0,0.0,0.0,0.0,0.0,0.0,0.0,0.0,0.0,0.0,0.0,0.0,0.0,0.0,0.0,0.0,0.8335777563162475,0.0768167079916078,0.026512201842556,0.0142117782054193,0.0096219193761848,0.0076729694630112,0.0072321706075023,0.0058288450029922,0.003559611548431,0.0019873337403775,0.0016921078659183,0.000678878540292,0.0005706948209444,0.0004883975794539,0.0005144340627131,0.0003811701924909,0.0002982937596945,0.000296159404838,0.0002846097289092,0.0003461901180627,0.0002140258257829,0.0002728124592263,0.0002012858614442,0.0002972474882587,0.000334216620115,0.000320474777448,0.0003333373016345,0.0003081773679282,0.000308810604081,0.0001899853948727,0.0003799392097264,0.0003331627857168,0.0002846097289092,0.0003342245989304,0.0002624077100156,0.0002498988504652,0.0001549500584042,0.0002504920379316,0.0002506714413607,0.0003339814163197,0.000309302878896,0.0002238955468354,0.000334296425416,0.0002500029762259,0.0002495425054067,0.000226088198196,0.0002952988424285,0.0003305394876637,0.0002503307942638,0.0002625141697989,0.0002239879282295,0.0002845017662817,0.0002366415826589,0.0003439319726277,0.0003692278373968,0.0001780267514865,0.000379245774965,0.0002130101889873,0.0003204481526757,0.0001534267269358,0.0002961839657848,0.0003083235499899,0.0002367088008332,0.0001779633869991,0.0002482915178888,0.000320417729781,0.0003437892690328,0.0001993807468568,0.0002954454135054,0.0002357378595002,0.0002131211593791,0.0002244191677592,0.0002016272505159,0.0002258490139907,0.0002384017546369,0.0001893916975414,0.0001658767772511,0.0001900576112133,0.0001891565980185,0.000200113004991,0.0002357962249024,0.0002619889726459,0.0001530347977586,0.0001775610218044,0.0002008720208906,0.0001898456317706,0.0001300513111536,0.0001305235179647,0.000189420845764,0.0001652834020046,0.0001895465099748,0.0001527040360851,0.0001538588995538,0.0001420118343195,0.0002233428547918,0.0001885147394961,0.0001295947219604,0.0001178578163303,8.267586337223037e-05,0.0001188608377311,0.0001526950679493,0.0001532548982623,0.0001417685628211,0.0001179495647661,0.0001654631194525,0.0001414510520421,0.0001416464033617,0.0001060945420252,0.0001645123384253,0.0001409675069896,0.0001411681665784,9.456935480057687e-05,0.0001643288925406,0.0001298302764204,8.223297777360086e-05,0.0001888083830922,8.237523094484389e-05,0.0001296848657761,9.461185486541464e-05,0.0001061733929477,0.0001067349770519,3.53898784947505e-05,7.099583491101856e-05,0.0001401951048542,9.4863159891856e-05,0.000165647147911,0.0001052102451398,4.68850729648948e-05,8.267195767195767e-05,8.289615480264794e-05,0.0001409128806115,4.709095618186527e-05,0.0001173447235945,3.546476575522219e-05,2.356045613043069e-05,0.0001057268722466,9.388238883738398e-05,0.0001640150893882,9.394633315718397e-05,0.0001054086341383,5.9172998177471656e-05,5.839688861377466e-05,8.189337482597658e-05,8.203349310332704e-05,9.397723401505984e-05,0.0001059010413602,8.224747089027011e-05,0.0001173888034559,0.0001054283906941,9.44465432565168e-05,9.328031901869104e-05,4.7048860241360656e-05,8.202099737532808e-05,8.204695429984645e-05,4.6780890006432365e-05,3.520754849839806e-05,5.839075090505664e-05,8.207292765857662e-05,7.004436142890498e-05,2.341481689613187e-05,9.346995525125891e-05,3.51341539110169e-05,0.0001172484142151,3.52364956130563e-05,7.039114010183252e-05,0.0001523586287723,4.680497536888171e-05,5.882076137593525e-05,5.924451395800749e-05,9.478223780863464e-05,9.477325498744255e-05,9.476427386875149e-05,9.47552944520775e-05,9.474631673693683e-05,9.47373407228459e-05,9.472836640932126e-05,9.471939379587969e-05,9.471042288203816e-05,9.470145366731381e-05,9.469248615122389e-05,9.4683520333286e-05,9.467455621301776e-05,9.466559378993704e-05,9.465663306356192e-05,9.464767403341065e-05,9.463871669900156e-05,9.462976105985331e-05,9.462080711548467e-05,9.461185486541464e-05,9.460290430916229e-05
0,0,0,0,0,0,0,0,0,0,0,0,0,0,0,0,0,0,0,0,0.0,0.0,0.0,0.0,0.0,0.0,0.0,0.0,0.0,0.0,0.0,0.0,0.0,0.0,0.0,0.0,0.0,0.0,0.0,0.0,0.0,0.0,0.0,0.0,0.0,0.0,0.0,0.0,0.0,0.0,0.0,0.830607476635514,0.076876999197326,0.026905561598317,0.0130438411369841,0.0092218608142402,0.0076744686446553,0.0076959904248952,0.0057097124837249,0.0035077637706664,0.0020257629380712,0.0015125890283699,0.0006777000998715,0.0005360461237909,0.0003708710684675,0.0002977892128835,0.0003937477627968,0.0004146231667732,0.0002964684676137,0.0003820028888968,0.0003567097096382,0.0002490896366849,0.0002723279301893,0.0001902383924855,0.000334216620115,0.0003086053412462,0.0002142882653364,0.00026076546517,0.0001781599638929,0.0003087262666682,0.0001543503039513,0.000261770760206,0.0001541636031591,0.0002387318563789,0.000250480086833,0.000333198467287,0.0002145462347135,0.0002982048070614,0.0002148612354521,0.0003339814163197,0.0002855103497501,0.0003653032606262,0.0002268440029609,0.0003095274943749,0.0003089573876464,0.0002617863347533,0.0002834868887313,0.0002242946523432,0.0002622513082764,0.0002983115565897,0.0002475656048852,0.000225230564973,0.0002366415826589,0.0002609139102693,0.0003096749603973,0.0002611059021802,0.0002962857616914,0.0002603457865401,0.0002729743522793,0.0002478431742809,0.000213252455365,0.0002134547653776,0.0002248733607915,0.000213556064399,0.0002128213010475,0.0001661425265531,0.0002489508499893,0.000269750422218,9.454253232172825e-05,0.0002121640735502,0.0003670419967084,0.0002952883786305,0.0001423251180112,0.0002020754335706,0.0002384017546369,0.0002012286786378,0.0001895734597156,0.0001663004098117,0.0003901354834133,0.0001530275920519,0.0001768471686768,0.0002024460243173,8.240335263926167e-05,0.0001775610218044,0.0001890560196618,0.0001898456317706,0.0001536970040907,0.0002135839384878,0.0001302268314628,0.0001298655301465,0.0001540065393545,0.0001174646431424,0.0001775294994851,0.0001775147928994,0.000152813532226,0.0001060395409666,8.24693685202639e-05,0.0001767867244955,0.000177162564369,0.0001188608377311,0.0002114239402374,0.0001532548982623,0.0001772107035264,0.0001297445212427,0.0001654631194525,0.000129663464372,0.0002006657380958,0.0001060945420252,0.0001645123384253,0.0001409675069896,9.411211105229104e-05,0.0001418540322008,0.0001643288925406,0.0001062247716167,5.873784126685776e-05,0.0001770078591489,0.0001294467914847,0.0001296848657761,0.0001419177822981,4.7188174643434354e-05,8.301609326265105e-05,0.000141559513979,0.000141991669822,8.178047783164905e-05,0.0001067210548783,8.282357395553555e-05,9.352021790210769e-05,9.37701459297896e-05,0.0001299130763416,0.0001184230782894,7.045644030578095e-05,8.240917331826423e-05,0.0001173447235945,0.0001182158858507,0.0001295825087173,0.0001057268722466,4.694119441869199e-05,7.029218116638159e-05,8.220304151253596e-05,0.0001054086341383,5.9172998177471656e-05,7.007626633652958e-05,8.189337482597658e-05,8.203349310332704e-05,9.397723401505984e-05,3.5300347120080005e-05,7.04978321916601e-05,0.0001408665641471,0.0001288569219595,0.0001062523611635,4.6640159509345525e-05,8.233550542238113e-05,4.6869141357330336e-05,8.204695429984645e-05,9.356178001286473e-05,3.520754849839806e-05,7.006890108606797e-05,9.379763160980184e-05,4.669624095260332e-05,0.0001287814929287,0.0001051536996576,5.8556923185028165e-05,0.0001055235727936,9.396398830148344e-05,7.039114010183252e-05,4.6879578083797245e-05,7.020746305332257e-05,0.0001058773704766,0.000118489027916,5.9238898630396655e-05,9.477325498744255e-05,9.476427386875149e-05,9.47552944520775e-05,9.474631673693683e-05,9.47373407228459e-05,9.472836640932126e-05,9.471939379587969e-05,9.471042288203816e-05,9.470145366731381e-05,9.469248615122389e-05,9.4683520333286e-05,9.467455621301776e-05,9.466559378993704e-05,9.465663306356192e-05,9.464767403341065e-05,9.463871669900156e-05,9.462976105985331e-05,9.462080711548467e-05,9.461185486541464e-05,9.460290430916229e-05
0,0,0,0,0,0,0,0,0,0,0,0,0,0,0,0,0,0,0,0,0.0,0.0,0.0,0.0,0.0,0.0,0.0,0.0,0.0,0.0,0.0,0.0,0.0,0.0,0.0,0.0,0.0,0.0,0.0,0.0,0.0,0.0,0.0,0.0,0.0,0.0,0.0,0.0,0.0,0.0,0.0,0.0,0.8311030178145703,0.0771906338524795,0.0275899893884656,0.0132132346808688,0.0091926267721806,0.0075643327348892,0.0067250379253914,0.0060697482311532,0.0036463732885282,0.0022033777184916,0.0016764160365244,0.0008934102063181,0.0005622883941282,0.0004288164665523,0.0002982937596945,0.0003909304143862,0.000237174774091,0.0003581277083407,0.0002615871204014,0.0002609510479556,0.0003315296541435,0.0002972474882587,0.0002984076965313,0.0002255192878338,0.0002976225907451,0.0003555892706864,0.0001900372948191,0.0001781113076932,0.0002612082066869,0.000261770760206,0.0001423048644546,0.0002626050420168,0.0002385524636505,0.0002141990146845,0.0002264654699754,0.0003220611916264,0.0002626081766636,0.0002385581545141,0.0002498215560314,0.00030638337988,0.0003223572673655,0.0002857176871153,0.0003564892934382,0.0002974844713105,0.0003425466572171,0.0002833195608546,0.0002622513082764,0.0002028518584809,0.0002829321198689,0.0004267526494226,0.0002958019783236,0.0002964930798515,0.0002382115079979,0.0003323166027748,0.0002607314702884,0.0002721796859283,0.0002729743522793,0.0003304575657079,0.0003672681175731,0.0002490305596072,0.0002958860010415,0.0002254202901989,0.0003901723852538,0.0001898771732035,0.0002489508499893,0.0002345655845374,0.0002718097804249,0.0003182461103253,0.0001776009661492,0.0002834768434853,0.0002372085300187,0.0002971697552509,0.0001788013159776,0.0003077615085048,0.000260663507109,0.0002613292154184,0.000224623460147,0.0001883416517562,0.0001768471686768,0.0002262632036487,0.0002118943353581,0.0002130732261653,0.0002245040233484,0.0001779802797849,0.0002128112364332,0.0001779866154065,0.0002604536629256,0.0001180595728604,0.000165853196228,0.0001761969647136,0.0002248706993478,0.0002130177514792,0.0001293037580374,0.0002002969107147,0.0001649387370405,0.0002121440693946,0.0001417300514952,0.0001664051728236,0.0002114239402374,0.0001532548982623,0.0001299545159194,0.0001769243471491,0.0002009195021923,0.000129663464372,0.0001770580042021,0.0001532476718142,4.700352526439482e-05,0.0001879566759861,0.0001176401388153,0.0001063905241506,0.0001056400023475,0.0001416330288223,0.000129223250787,0.0001534068112624,0.0001176789013497,0.0001532639322809,0.0001300913004399,0.0001297674802694,0.0001185944189466,0.0001887460186386,0.0001064937523665,7.009755242712775e-05,8.3005264905374e-05,7.099163481903048e-05,0.0001402803268531,0.0001758190236183,7.086167800453515e-05,5.9211539144748526e-05,4.697096020385397e-05,5.886369522733159e-05,0.0001525481406728,0.0001418590630208,0.0001178022806521,0.0001057268722466,0.000105617687442,9.372290822184213e-05,7.045974986788797e-05,1.1712070459815886e-05,8.284219744846032e-05,0.0001167937772275,0.0001169905354656,8.203349310332704e-05,0.0001644601595263,0.0001765017356004,7.04978321916601e-05,3.521664103677791e-05,4.685706253074994e-05,5.902908953532301e-05,2.332007975467276e-05,5.881107530170082e-05,7.030371203599551e-05,5.860496735703319e-05,7.017133500964857e-05,4.694339799786408e-05,4.671260072404531e-05,0.0001289717434634,0.0001167406023815,9.365926758452749e-05,0.000116837444064,7.02683078220338e-05,0.0001055235727936,9.396398830148344e-05,7.039114010183252e-05,8.203926164664518e-05,4.680497536888171e-05,7.05849136511223e-05,7.109341674960899e-05,0.0001184777972607,5.923328436715159e-05,9.476427386875149e-05,9.47552944520775e-05,9.474631673693683e-05,9.47373407228459e-05,9.472836640932126e-05,9.471939379587969e-05,9.471042288203816e-05,9.470145366731381e-05,9.469248615122389e-05,9.4683520333286e-05,9.467455621301776e-05,9.466559378993704e-05,9.465663306356192e-05,9.464767403341065e-05,9.463871669900156e-05,9.462976105985331e-05,9.462080711548467e-05,9.461185486541464e-05,9.460290430916229e-05
0,0,0,0,0,0,0,0,0,0,0,0,0,0,0,0,0,0,0,0,0.0,0.0,0.0,0.0,0.0,0.0,0.0,0.0,0.0,0.0,0.0,0.0,0.0,0.0,0.0,0.0,0.0,0.0,0.0,0.0,0.0,0.0,0.0,0.0,0.0,0.0,0.0,0.0,0.0,0.0,0.0,0.0,0.0,0.8315264812402136,0.0754968940396561,0.0272009150373521,0.0148827312501494,0.0092160383004189,0.0076925833462737,0.0075303188114307,0.0057912987523683,0.0032633810533336,0.0024135635135777,0.0016438747796254,0.0009570866283034,0.0004049933295216,0.0004295430139601,0.0002843130286445,0.0004269145933638,0.0002865021666726,0.0003448193859836,0.0003795651606628,0.0003196893093526,0.0003566969859104,0.0002506624650862,0.0003798219584569,0.0002857176871153,0.0002370595137909,0.0002375466185238,0.0003443485282068,0.0003561930091185,0.0003093654438799,0.0002846097289092,0.0002984148204736,0.0002743353331981,0.0002617987957255,0.0002741424110229,0.0002385638456491,0.0001671142942405,0.0002981976931426,0.0003330954080418,0.0002356795229846,0.0002746006351632,0.0003452422052643,0.0002970744111985,0.0002379875770484,0.0002480510276399,0.0003069295242592,0.0002860923363015,0.0001670544716902,0.0002239879282295,0.0002370848052348,0.0004496190070519,0.0003320722494336,0.0003215855357972,0.0002848428023784,0.0002488800398208,0.0002958474847046,0.0002967112524775,0.0002596452301991,0.0003080313244162,0.0002134547653776,0.0002958860010415,0.0002254202901989,0.0002601149235025,0.000213611819854,0.0002133864428479,0.0002462938637643,0.0002009028811836,0.0002593116454502,0.0002486413526089,0.0002007960974687,0.0002253481035178,0.0002020754335706,0.0002384017546369,0.0002722505652158,0.0001777251184834,0.00028508641682,0.0001773343106424,0.0002471984179301,0.0002711656586378,0.0001905374346516,0.0001765786127984,0.000224910627619,0.0001299760135175,0.0002373070397133,0.0002128112364332,0.000166120841046,0.000189420845764,0.0001652834020046,0.0002013931668483,0.0001527040360851,0.0001656941995194,0.0001656804733727,0.0001880781935089,0.0001178217121851,0.0001531573986804,0.0002828587591929,0.0001653517267444,0.0001307469215043,0.0001761866168645,0.000176832574918,0.0002362809380353,0.0002123092165789,0.0001536443252059,0.000129663464372,7.082320168087065e-05,0.0001768242367087,0.000129259694477,0.0001057256302422,8.234809717075466e-05,0.0001182116935007,0.0001291155584247,9.442201921488089e-05,9.398054602697242e-05,0.0001180052394326,4.70715605399108e-05,0.0001532639322809,7.095889114906098e-05,0.0001179704366085,0.0001423133027359,4.7186504659667325e-05,0.0001183263915183,7.009755242712775e-05,8.3005264905374e-05,0.0001301513305015,0.0001169002723776,0.0001875402918595,8.267195767195767e-05,0.0001539500017763,0.0001761411007644,0.0001883638247274,0.0001408136683134,7.092953151044438e-05,7.068136839129205e-05,9.397944199706314e-05,3.5205895814018985e-05,9.372290822184213e-05,8.220304151253596e-05,0.0001288327750579,0.0001301805959904,9.343502178203946e-05,9.359242837254465e-05,4.687628177332974e-05,0.0001057243882669,9.413425898688003e-05,9.399710958888014e-05,0.0001056499231103,4.685706253074994e-05,5.902908953532301e-05,8.162027914135465e-05,0.000105859935543,4.6869141357330336e-05,9.376794777125309e-05,5.847611250804047e-05,0.0001290943444941,0.0001167815018101,5.862351975612616e-05,0.0001167406023815,5.853704224032968e-05,5.841872203203683e-05,7.02683078220338e-05,0.0001524229384797,3.52364956130563e-05,9.385485346911001e-05,8.203926164664518e-05,8.190870689554301e-05,3.529245682556115e-05,0.0001303379307076,7.1086678356476e-05,0.0001184665687343,5.922767116796968e-05,9.47552944520775e-05,9.474631673693683e-05,9.47373407228459e-05,9.472836640932126e-05,9.471939379587969e-05,9.471042288203816e-05,9.470145366731381e-05,9.469248615122389e-05,9.4683520333286e-05,9.467455621301776e-05,9.466559378993704e-05,9.465663306356192e-05,9.464767403341065e-05,9.463871669900156e-05,9.462976105985331e-05,9.462080711548467e-05,9.461185486541464e-05,9.460290430916229e-05
0,0,0,0,0,0,0,0,0,0,0,0,0,0,0,0,0,0,0,0,0.0,0.0,0.0,0.0,0.0,0.0,0.0,0.0,0.0,0.0,0.0,0.0,0.0,0.0,0.0,0.0,0.0,0.0,0.0,0.0,0.0,0.0,0.0,0.0,0.0,0.0,0.0,0.0,0.0,0.0,0.0,0.0,0.0,0.0,0.8329458334823717,0.0779211495156735,0.0279006383436536,0.0141831238779174,0.0095321141464696,0.0077218690514671,0.0073284953347871,0.0056811414687596,0.0033409425976125,0.0023943393529327,0.0018543553423379,0.0008576329331046,0.0005369287674501,0.0003909304143862,0.0003557621611365,0.0003461901180627,0.0004280516515659,0.0002609510479556,0.0002604875853984,0.0003329171868497,0.0003700255436988,0.0003442136498516,0.0003928618197835,0.0002844714165491,0.000368197258712,0.0003087262666682,0.0003443199088145,0.0002974667729614,0.0002015985579773,0.000202922077922,0.0002146972172855,0.0002736987409857,0.0001907077641898,0.0002504920379316,0.0002864816472694,0.000322053508594,0.0002855103497501,0.0004713590459692,0.0001432698966068,0.0003214323980047,0.0002733084583026,0.0003212832290154,0.0002362390739428,0.0003069295242592,0.0002503307942638,0.0003341089433804,0.0003065097965246,0.0002963560065435,0.0003076340574565,0.0002846333566574,0.0002739432341976,0.0002729743522793,0.0002725829007561,0.0002603457865401,0.0001898952015856,0.0002714472861172,0.000213252455365,0.0002727477557603,0.0002603796809165,0.0002372845159989,0.0002601149235025,0.0003560196997567,0.0002845152571306,0.0003166635391255,0.0001890850646434,0.0002710985384252,0.0001894410305592,0.0002716653083401,0.0002016272505159,0.0002615093846208,0.0002622419301006,0.0003077615085048,0.0003791469194312,0.0001781790105125,0.0001891565980185,0.0001883416517562,0.0002240064136573,0.0002262632036487,0.0002472100579177,0.0001420488174435,0.0001890560196618,0.0001779802797849,0.0001418741576221,0.0002017181641273,0.000189420845764,0.0001416714874325,0.0002250864805951,0.0002819151435417,0.0002367059993135,0.0002485207100591,0.000117548870943,0.0001413860546221,0.0001649387370405,0.0001650009428625,0.0001653517267444,0.0001901773403698,0.0001761866168645,0.0002004102515738,0.0001181404690176,0.0001297445212427,0.0001654631194525,0.0001532386397123,0.0001180386694681,0.0001532476718142,9.400705052878963e-05,0.0001409675069896,0.0001999882359861,9.456935480057687e-05,0.000152591114502,0.0001770412860279,0.000129223250787,0.0001062047154893,0.0001176789013497,0.0001414743990285,9.461185486541464e-05,0.0001061733929477,0.0001541727446306,5.8983130824584165e-05,8.282847406285497e-05,0.0001401951048542,0.0001778684247972,0.0001301513305015,0.0001402803268531,0.000105491414171,0.000141723356009,9.473846263159765e-05,8.219918035674446e-05,9.418191236373054e-05,7.040683415670214e-05,0.0001063942972656,0.0001178022806521,0.0001527165932452,0.000140823583256,0.0001522997258604,0.0001291762080911,0.0001171207045981,0.0001065113967194,9.343502178203946e-05,8.189337482597658e-05,9.375256354665949e-05,0.0001174715425188,7.060069424016001e-05,0.0001057467482874,0.0001056499231103,9.371412506149987e-05,5.902908953532301e-05,0.000104940358896,9.409772048272131e-05,4.6869141357330336e-05,0.000117209934714,8.186655751125663e-05,0.0001056226454951,2.3356300362022656e-05,7.034822370735139e-05,8.17184216670558e-05,9.365926758452749e-05,8.178621084485155e-05,4.6845538548022525e-05,4.689936568607909e-05,0.0001174549853768,0.0001173185668363,3.5159683562847933e-05,8.190870689554301e-05,9.41132182014964e-05,9.479122233281199e-05,0.0001303255769868,7.107994124058191e-05,0.0001184553423359,5.9222059032548445e-05,9.474631673693683e-05,9.47373407228459e-05,9.472836640932126e-05,9.471939379587969e-05,9.471042288203816e-05,9.470145366731381e-05,9.469248615122389e-05,9.4683520333286e-05,9.467455621301776e-05,9.466559378993704e-05,9.465663306356192e-05,9.464767403341065e-05,9.463871669900156e-05,9.462976105985331e-05,9.462080711548467e-05,9.461185486541464e-05,9.460290430916229e-05
0,0,0,0,0,0,0,0,0,0,0,0,0,0,0,0,0,0,0,0,0.0,0.0,0.0,0.0,0.0,0.0,0.0,0.0,0.0,0.0,0.0,0.0,0.0,0.0,0.0,0.0,0.0,0.0,0.0,0.0,0.0,0.0,0.0,0.0,0.0,0.0,0.0,0.0,0.0,0.0,0.0,0.0,0.0,0.0,0.0,0.8316950828656872,0.0775336505128266,0.0261759425493716,0.0139756560794103,0.0104514599719857,0.0074357416079791,0.0071937304971296,0.0051957007656822,0.0035498165531043,0.0022012992450979,0.0017033542976939,0.0007397685240424,0.0004620086715473,0.0003794796385456,0.0002984397569506,0.0004161613279113,0.0003795651606628,0.0003433699989343,0.000273467689198,0.0003103440043925,0.0003560830860534,0.0003690520125239,0.00026076546517,0.000368197258712,0.0003680967025659,0.0003561930091185,0.0002379734183691,0.0003083272063183,0.0002506684491978,0.000226624840468,0.0002141990146845,0.0002860616462847,0.0003220611916264,0.000334228588481,0.0002147023390627,0.0002617178206043,0.0003181673560292,0.0002626614771126,0.0002023833617066,0.0002138935760629,0.0002498869559009,0.0002244271202456,0.0003187345059615,0.0003099333643266,0.0002267167830081,0.0004008205031476,0.0003793356883757,0.0003431302948554,0.000201615294299,0.0003692278373968,0.0003323166027748,0.0002725829007561,0.0002248440883755,0.0003085797025766,0.000342259621626,0.0002843366071534,0.0003676165403725,0.0002722151209581,0.0003203340965985,0.0002246447066613,0.0002848157598053,0.0003556440714133,0.0001407393507224,0.0003072632300456,0.0002946723243752,0.0002841615458388,0.0002244191677592,0.0001897668240149,0.0003328301258811,0.0001192008773184,0.0002130656597341,0.0001777251184834,0.0002613292154184,0.0002482680348993,0.0001530275920519,0.0001768471686768,0.0001309944863229,0.0002589819654376,0.0001538862188972,0.0001417920147463,0.0001661149277993,0.0001300513111536,0.0001898523897669,0.0001775820429038,0.0002125072311488,0.000248779794342,0.0001527040360851,3.550589989703289e-05,0.000189349112426,0.0001645684193203,0.0002002969107147,0.0002945334590009,0.0001060720346973,0.0001653517267444,0.0001901773403698,0.0001761866168645,0.0001414660599344,0.0001299545159194,0.0001651293906725,0.0001772819136991,0.0001532386397123,0.0001534502703085,0.0001886125191559,0.0001527614571092,0.0001292202147405,0.0001646961943415,8.274818545050477e-05,0.0001995422266564,0.0001416330288223,9.398054602697242e-05,0.0001298057633758,0.0001412146816197,9.431626601902832e-05,0.000201050191589,0.0001887526985737,0.0001423133027359,8.257638315441782e-05,0.0001183263915183,0.0001635609556632,7.1147369918892e-05,0.0001301513305015,0.0001753504085664,0.0001640977553771,7.086167800453515e-05,0.0001421076939473,9.394192040770792e-05,0.000153045607591,0.0001642826130323,9.457270868059248e-05,8.246159645650739e-05,8.223201174743025e-05,0.000105617687442,7.029218116638159e-05,0.0001409194997357,7.027242275889532e-05,0.0001065113967194,0.0001167937772275,4.6796214186272326e-05,5.8595352216662165e-05,9.397723401505984e-05,7.060069424016001e-05,7.04978321916601e-05,0.0001526054444927,0.0001288569219595,0.0001062523611635,5.83001993866819e-05,4.7048860241360656e-05,5.858642669666292e-05,9.376794777125309e-05,7.017133500964857e-05,8.215094649626212e-05,0.0001284596519911,5.862351975612616e-05,7.004436142890498e-05,3.512222534419781e-05,9.346995525125891e-05,7.02683078220338e-05,9.379873137215817e-05,3.52364956130563e-05,7.039114010183252e-05,0.0001406387342513,1.1701243842220428e-05,5.882076137593525e-05,8.29423195412105e-05,9.478223780863464e-05,0.0001303132256077,7.107320540156361e-05,0.000118444118065,5.9216447960585527e-05,9.47373407228459e-05,9.472836640932126e-05,9.471939379587969e-05,9.471042288203816e-05,9.470145366731381e-05,9.469248615122389e-05,9.4683520333286e-05,9.467455621301776e-05,9.466559378993704e-05,9.465663306356192e-05,9.464767403341065e-05,9.463871669900156e-05,9.462976105985331e-05,9.462080711548467e-05,9.461185486541464e-05,9.460290430916229e-05
0,0,0,0,0,0,0,0,0,0,0,0,0,0,0,0,0,0,0,0,0.0,0.0,0.0,0.0,0.0,0.0,0.0,0.0,0.0,0.0,0.0,0.0,0.0,0.0,0.0,0.0,0.0,0.0,0.0,0.0,0.0,0.0,0.0,0.0,0.0,0.0,0.0,0.0,0.0,0.0,0.0,0.0,0.0,0.0,0.0,0.0,0.8285676715996843,0.0783363255535607,0.0265298565404875,0.0134803481425612,0.0093780907780121,0.0079083394869107,0.007264469491606,0.0058488588173631,0.0033856939476234,0.0022512864493996,0.0015869228015749,0.0007226289478048,0.0005455019804093,0.0004178156597309,0.0003686000332929,0.0003677037493921,0.0001657648270717,0.0002615777896676,0.000334216620115,0.0002373887240356,0.0003452422052643,0.0003200303436177,0.0003325652659334,0.0002968521794887,0.000225588905775,0.0002498720892876,0.0002727509902046,0.0003461611917494,0.0002146972172855,0.0003569983578075,0.0002264654699754,0.0002147074610842,0.0002745449119665,0.0003339814163197,0.000142755174875,0.0002238955468354,0.0003223572673655,0.0002857176871153,0.0002851914347505,0.0003450819867202,0.0003307347035199,0.0003305394876637,0.0002622513082764,0.0003102440188532,0.0003418763115082,0.0001541051234026,0.0002603057409247,0.0002253347406871,0.0002382115079979,0.0004035273033694,0.0002488800398208,0.0003668508810338,0.0004153957534685,0.0003540616775442,0.0002014050967336,0.0002253133634541,0.0003432277612081,0.0003203340965985,0.0003665255740263,0.0002254791431792,0.0002370960476088,0.0002345655845374,0.0001890850646434,0.0002239509665252,0.0002841615458388,0.0001535499568878,0.0003202315155252,0.0001545282727305,0.0002026414914413,0.0002722505652158,0.0002843601895734,0.0002732078161192,0.0002600903222755,0.0002589697711648,0.000200426791167,0.0001548116656544,0.0001883505203183,0.0001538862188972,0.0002481360258061,0.0002017109837563,0.0001773426970277,0.0001542550666856,0.0002130984514845,0.0002361191457209,0.0002250864805951,0.0002231828219705,0.0001538588995538,0.0001775147928994,0.0001293037580374,0.0001413860546221,0.0001767200754005,0.0001178578163303,0.000177162564369,0.0002258355916892,0.000129203519034,0.0001296772216065,0.0002244668911335,0.0001415394777193,0.0001772819136991,0.0001060882890316,0.0001180386694681,0.0001532476718142,8.225616921269094e-05,0.0001174729224913,0.0001176401388153,0.000177317540251,0.000152591114502,0.0001534357812241,5.873784126685776e-05,0.0001652073352056,0.0001294467914847,0.0001532639322809,0.0001182648185817,0.0001533615675911,0.0001185944189466,7.0779756989501e-05,0.000141991669822,0.0001401951048542,9.4863159891856e-05,0.000118319391365,0.0001169002723776,0.0001992615601008,9.448223733938021e-05,0.0001065807704605,0.0001056846604586,0.0001295001295001,3.520341707835107e-05,8.275112009551843e-05,0.0001295825087173,8.223201174743025e-05,0.000105617687442,0.0001171536352773,9.394633315718397e-05,5.856035229907943e-05,5.9172998177471656e-05,0.000140152532673,0.0001637867496519,9.375256354665949e-05,7.048292551129489e-05,0.000164734953227,0.0001527453030819,5.869440172796319e-05,0.0001171426563268,9.44465432565168e-05,9.328031901869104e-05,7.057329036204097e-05,7.030371203599551e-05,0.0001289309281854,5.847611250804047e-05,9.388679599572815e-05,7.006890108606797e-05,9.379763160980184e-05,8.17184216670558e-05,8.195185913646153e-05,0.0001051536996576,0.000105402461733,5.862420710759887e-05,7.04729912261126e-05,9.385485346911001e-05,4.6879578083797245e-05,5.850621921110214e-05,0.0001058773704766,0.0001066401251244,8.293445808255533e-05,9.477325498744255e-05,0.0001303008765695,7.106647083905813e-05,0.0001184328959211,5.9210837951778695e-05,9.472836640932126e-05,9.471939379587969e-05,9.471042288203816e-05,9.470145366731381e-05,9.469248615122389e-05,9.4683520333286e-05,9.467455621301776e-05,9.466559378993704e-05,9.465663306356192e-05,9.464767403341065e-05,9.463871669900156e-05,9.462976105985331e-05,9.462080711548467e-05,9.461185486541464e-05,9.460290430916229e-05
0,0,0,0,0,0,0,0,0,0,0,0,0,0,0,0,0,0,0,0,0.0,0.0,0.0,0.0,0.0,0.0,0.0,0.0,0.0,0.0,0.0,0.0,0.0,0.0,0.0,0.0,0.0,0.0,0.0,0.0,0.0,0.0,0.0,0.0,0.0,0.0,0.0,0.0,0.0,0.0,0.0,0.0,0.0,0.0,0.0,0.0,0.0,0.8300538599640933,0.0757313329431298,0.0269247806151157,0.0140611780407297,0.00982587360949,0.0073476958196604,0.0067422690236813,0.0053836122842068,0.0032875929102344,0.0022073738217396,0.0017888028052218,0.0007471005383867,0.0007162554166815,0.0004399419752205,0.0003558423381213,0.0003196893093526,0.0004874858807443,0.0003103440043925,0.0004391691394658,0.0002142882653364,0.0004030011734445,0.0003325652659334,0.0002731040051296,0.000237462006079,0.0002141760765322,0.0002134572966819,0.0003222880061115,0.0003697563186583,0.000237998905205,0.0002264654699754,0.0002266356533667,0.0001909877648463,0.0003339814163197,0.0002855103497501,0.0002592474752831,0.0002746006351632,0.0003333373016345,0.0002970744111985,0.0002379875770484,0.0003543586109142,0.0001652697438318,0.0002264897662387,0.0002267167830081,0.0003182986348525,0.0003082102468052,0.0003667944531213,0.0003320722494336,0.0003573172619969,0.0002848428023784,0.0003318400530944,0.0002603457865401,0.0002136321017838,0.0002714472861172,0.0003554207589417,0.0003083235499899,0.0002485442408748,0.0001898276127991,0.0003428787627988,0.0002848157598053,0.0002608056523697,0.0002580221429911,0.0002009028811836,0.0001650165016501,0.0002486413526089,0.0001889845623235,0.0002727898095215,0.0002020754335706,0.0003576026319553,0.0002604135841195,0.0001421800947867,0.0002256934133159,0.0002364457475232,0.0002118843582258,0.0003183249036182,0.0002738975623116,0.0002707538729575,0.000224910627619,0.0002481360258061,0.0001898456317706,0.0001773426970277,0.000166120841046,0.0002012596486243,0.0001652834020046,0.0002013931668483,0.0001644505003993,0.000106517699691,0.0001656804733727,0.0001410586451317,0.0002002969107147,0.0001295947219604,0.0001414293795964,0.0001889734019936,9.508867018494745e-05,0.0001409492934916,9.431070662296936e-05,0.0002126528442317,0.0001651293906725,0.0001418255309593,0.0001414510520421,0.0001298425364149,0.0001768242367087,0.0003055229142185,0.000176209383737,8.234809717075466e-05,0.0001300328628507,0.0001173777803861,0.0002006467908316,0.0001879610920539,9.440419154610463e-05,0.0001765183520246,0.0001178953325237,0.0001537442641562,0.0001061733929477,9.487553515731549e-05,0.000141559513979,0.0001538243089738,5.841462702260646e-05,0.0001422947398377,9.465551309204064e-05,0.0001753504085664,0.0001523764871359,0.0001181027966742,8.289615480264794e-05,9.394192040770792e-05,4.709095618186527e-05,0.0001525481406728,5.910794292537032e-05,0.0001178022806521,8.223201174743025e-05,7.041179162803797e-05,0.0001522997258604,3.5229874933943984e-05,0.0001054086341383,0.0001065113967194,0.0001167937772275,0.0001169905354656,0.0001289097748766,8.223007976317738e-05,0.0001176678237336,0.0001527453030819,8.217216241914844e-05,0.0001757139844903,0.0001062523611635,2.332007975467276e-05,7.057329036204097e-05,0.0001406074240719,0.0001289309281854,0.000116952225016,9.388679599572815e-05,4.671260072404531e-05,0.0001172470395122,0.0001050665421433,0.0001170740844806,5.841872203203683e-05,0.0,0.0001406980970582,9.396398830148344e-05,0.0001055867101527,2.3439789041898622e-05,0.0001053111945799,0.0001646981318526,5.924451395800749e-05,0.0001066300175347,8.292659811401223e-05,9.476427386875149e-05,0.0001302885298716,7.105973755270264e-05,0.0001184216759035,5.92052290058258e-05,9.471939379587969e-05,9.471042288203816e-05,9.470145366731381e-05,9.469248615122389e-05,9.4683520333286e-05,9.467455621301776e-05,9.466559378993704e-05,9.465663306356192e-05,9.464767403341065e-05,9.463871669900156e-05,9.462976105985331e-05,9.462080711548467e-05,9.461185486541464e-05,9.460290430916229e-05
0,0,0,0,0,0,0,0,0,0,0,0,0,0,0,0,0,0,0,0,0.0,0.0,0.0,0.0,0.0,0.0,0.0,0.0,0.0,0.0,0.0,0.0,0.0,0.0,0.0,0.0,0.0,0.0,0.0,0.0,0.0,0.0,0.0,0.0,0.0,0.0,0.0,0.0,0.0,0.0,0.0,0.0,0.0,0.0,0.0,0.0,0.0,0.0,0.8337971977017808,0.0767757305845873,0.027419297179423,0.013791953502775,0.0098920435630379,0.007611854957831,0.0074413485350592,0.0053959405374499,0.0036033886171101,0.0022034259719951,0.00184996323791,0.0007998185486277,0.0005350645644574,0.0003439809268506,0.0003552103437252,0.0004993757802746,0.000334216620115,0.0003560830860534,0.0003333373016345,0.0003555892706864,0.0002375466185238,0.0003087262666682,0.000237462006079,0.0001784800637768,0.0002846097289092,0.0002506684491978,0.0002385524636505,0.000142799343123,0.0002979808815466,0.0003339893839088,0.0002984183825723,0.0003101256008683,0.0002855103497501,0.0003299513321785,0.0002149048449103,0.0002380980725961,0.0002257765525108,0.0003450819867202,0.0002834868887313,0.0002360996340455,0.0002622513082764,0.0002147843207445,0.0002239879282295,0.0003082102468052,0.0002721378200577,0.0003320722494336,0.0002858538095975,0.0002848428023784,0.0003199886226267,0.0003313491828692,0.0003441850528739,0.0003068534538716,0.0003909628348359,0.0003438993442195,0.0002603796809165,0.0003084698707985,0.0002719383291163,0.0001780098498783,0.0002608056523697,0.0003401200975792,0.0002127206977238,0.0003182461103253,0.0002841615458388,0.0003543460543566,0.0002727898095215,0.0001783018531505,0.0002026414914413,0.0001538807542524,0.00021327014218,0.0001900576112133,0.0002482680348993,0.0002589697711648,0.0002240064136573,0.0002381717933145,0.0002472100579177,0.0002367480290726,0.0002008720208906,0.0001661149277993,0.0001891655434962,0.0002135839384878,0.0002012596486243,0.0002125072311488,0.0002250864805951,0.0001292111074566,0.0002248706993478,0.0002366863905325,0.0001645684193203,0.0001413860546221,0.0001649387370405,0.0001767867244955,0.0001299192138706,0.0001782912565967,0.0001409492934916,0.0002239879282295,0.000248094984937,0.0002123092165789,0.0001891007079457,0.0001532386397123,0.0001180386694681,0.0002121890840504,0.0001762632197414,0.0001057256302422,0.0001411681665784,0.0001300328628507,0.0001056400023475,8.261926681302079e-05,0.0001409708190404,9.440419154610463e-05,0.0001529825717547,0.0001178953325237,7.095889114906098e-05,0.0001179704366085,0.0001067349770519,0.0001061696354842,8.282847406285497e-05,0.0001051463286406,0.0001422947398377,9.465551309204064e-05,0.0001285902996153,0.0001406552188946,0.0001062925170068,0.0001421076939473,0.0001291701405605,8.240917331826423e-05,0.000105610251235,0.0002009670059462,0.000164923192913,0.0001057268722466,7.041179162803797e-05,9.372290822184213e-05,8.220304151253596e-05,4.6848281839263546e-05,0.0001301805959904,9.343502178203946e-05,0.0001286895890122,5.8595352216662165e-05,0.0001057243882669,0.0001059010413602,9.399710958888014e-05,2.347776069118528e-05,0.0001171426563268,0.0001652814506989,0.0001282604386507,9.409772048272131e-05,9.373828271466067e-05,3.516298041421991e-05,4.6780890006432365e-05,0.0001173584949946,9.342520144809062e-05,0.0001172470395122,4.669624095260332e-05,0.0001287814929287,4.6734977625629454e-05,8.197969245903942e-05,9.379873137215817e-05,5.872749268842716e-05,7.039114010183252e-05,8.203926164664518e-05,5.850621921110214e-05,0.0001058773704766,8.29423195412105e-05,5.9238898630396655e-05,0.0001066199118608,8.291873963515753e-05,9.47552944520775e-05,0.0001302761855132,7.105300554213443e-05,0.0001184104580116,5.9199621122424815e-05,9.471042288203816e-05,9.470145366731381e-05,9.469248615122389e-05,9.4683520333286e-05,9.467455621301776e-05,9.466559378993704e-05,9.465663306356192e-05,9.464767403341065e-05,9.463871669900156e-05,9.462976105985331e-05,9.462080711548467e-05,9.461185486541464e-05,9.460290430916229e-05
0,0,0,0,0,0,0,0,0,0,0,0,0,0,0,0,0,0,0,0,0.0,0.0,0.0,0.0,0.0,0.0,0.0,0.0,0.0,0.0,0.0,0.0,0.0,0.0,0.0,0.0,0.0,0.0,0.0,0.0,0.0,0.0,0.0,0.0,0.0,0.0,0.0,0.0,0.0,0.0,0.0,0.0,0.0,0.0,0.0,0.0,0.0,0.0,0.0,0.8300709933077135,0.0783970257033568,0.0270836807127033,0.0147786179673752,0.0099347214942583,0.0074892028664744,0.0075281113016962,0.0054170146760529,0.0037553012533466,0.0019685506249555,0.0019338896250402,0.000820432332168,0.0005930705635356,0.0003788910333068,0.0003448070863801,0.0003580892358375,0.0003560830860534,0.0003333373016345,0.0004504130762027,0.0003444425968596,0.0002968521794887,0.0002730813069908,0.000285568102043,0.0003913383772501,0.0003580977845683,0.0002743353331981,0.000285598686246,0.0002264654699754,0.0002266356533667,0.0002029245001492,0.0003816930472225,0.0003330954080418,0.0002238955468354,0.0002865397932137,0.0002857176871153,0.0002138935760629,0.0003331826078678,0.0002244271202456,0.0003305394876637,0.0003337743923517,0.0002505817075353,0.0003065097965246,0.000225230564973,0.0002958019783236,0.0003083528030455,0.0002620326587977,0.0002017636516847,0.0003199886226267,0.0003550169816456,0.0002611059021802,0.0002596452301991,0.0002250998139964,0.0002727477557603,0.0003195568811248,0.0003321983223984,0.000331055357185,0.0003560196997567,0.0003319344666524,0.0003049352598986,0.0003190810465858,0.0002357378595002,0.0001894410305592,0.0002598537731949,0.0002016272505159,0.0002496225944108,0.0002503218423687,0.0002485766030231,0.0002488151658767,0.0002494506147175,0.0002600903222755,0.000200113004991,0.0002357962249024,0.0002381717933145,0.0003060695955172,0.000224910627619,0.0002245040233484,0.0002610377436846,0.0001655198505592,0.0002491812615691,0.0001775820429038,0.0002007012738627,0.0001776998531014,0.0001761969647136,0.000106517699691,0.0001775147928994,0.0001880781935089,0.0001413860546221,0.0002238454288407,0.0002003582877616,0.0002244059148674,0.0002496077592354,0.000129203519034,0.0001178883832787,0.0001181404690176,0.0001651293906725,0.0001300067367127,0.0001650262273825,0.0002124696050426,0.0001886125191559,0.000129259694477,5.873646124568287e-05,0.0001176401388153,0.0001418540322008,0.0002112800046951,0.000165238533626,0.000129223250787,0.0001180052394326,0.0001176789013497,0.0001178953325237,0.000201050191589,0.0001415645239303,0.0001185944189466,0.0001533561401439,8.282847406285497e-05,8.178047783164905e-05,0.0001067210548783,0.000118319391365,0.0001169002723776,0.0001172126824122,0.0001181027966742,9.473846263159765e-05,5.8713700254817455e-05,0.0001765910856819,0.000105610251235,0.0001418590630208,0.0001413627367825,0.0001292217327459,7.041179162803797e-05,8.200754469411185e-05,0.0001291762080911,0.0001054086341383,0.0001538497952614,7.007626633652958e-05,8.189337482597658e-05,0.0001054716339899,4.6988617007529926e-05,0.0001529681708536,5.874819349305009e-05,8.217216241914844e-05,8.19998594288124e-05,0.0001652814506989,0.0001166003987733,0.0001293843656637,7.030371203599551e-05,7.032596082843982e-05,5.847611250804047e-05,0.000152566043493,8.17470512670793e-05,7.034822370735139e-05,8.17184216670558e-05,4.682963379226374e-05,0.0001051536996576,3.51341539110169e-05,8.207388995063841e-05,7.04729912261126e-05,4.692742673455501e-05,3.5159683562847933e-05,0.0001053111945799,0.000129405675027,4.739561116640599e-05,8.293445808255533e-05,5.923328436715159e-05,0.0001066098081023,8.29108826455678e-05,9.474631673693683e-05,0.0001302638434939,7.104627480699095e-05,0.0001183992422448,5.9194014301273845e-05,9.470145366731381e-05,9.469248615122389e-05,9.4683520333286e-05,9.467455621301776e-05,9.466559378993704e-05,9.465663306356192e-05,9.464767403341065e-05,9.463871669900156e-05,9.462976105985331e-05,9.462080711548467e-05,9.461185486541464e-05,9.460290430916229e-05
0,0,0,0,0,0,0,0,0,0,0,0,0,0,0,0,0,0,0,0,0.0,0.0,0.0,0.0,0.0,0.0,0.0,0.0,0.0,0.0,0.0,0.0,0.0,0.0,0.0,0.0,0.0,0.0,0.0,0.0,0.0,0.0,0.0,0.0,0.0,0.0,0.0,0.0,0.0,0.0,0.0,0.0,0.0,0.0,0.0,0.0,0.0,0.0,0.0,0.0,0.8282868003670206,0.0775231652414187,0.0258001616968659,0.0138419021298899,0.0100254824314785,0.0084929483514389,0.0074573439923636,0.0058521098396,0.0034390342243199,0.0021726414306008,0.0016765356352999,0.0008184373776791,0.0005091348260061,0.0004637060816836,0.000429707083005,0.0003560830860534,0.0004761961451922,0.0003674422463759,0.0003563199277858,0.0003324744410273,0.0003443199088145,0.0003569601275537,0.0003439034224319,0.0003342245989304,0.0003936115650234,0.0003688983030678,0.0003575770578559,0.0003578457684737,0.0002984183825723,0.0002624139699655,0.0002379252914584,0.0002710314514323,0.0002149048449103,0.0002380980725961,0.0002733084583026,0.0002974844713105,0.0002480510276399,0.0001770747255341,0.0002264897662387,0.0002625141697989,0.0002829321198689,0.0002489390454965,0.0002484736617918,0.0002846333566574,0.0002739432341976,0.0002848428023784,0.0002488800398208,0.0003076813840928,0.0003323166027748,0.0002950513979535,0.000331726041679,0.0002608891576837,0.0002248733607915,0.0003796552255982,0.0002601149235025,0.0003322850531062,0.0002489508499893,0.000269750422218,0.0002599919638847,0.0003182461103253,0.0002841615458388,0.0002952883786305,0.0002490689565196,0.0002733961748309,0.0003456825442235,0.0002722505652158,0.0002014218009478,0.0002375720140167,0.0002837348970278,0.0002118843582258,0.0001886369799219,0.0002262632036487,0.0002472100579177,0.0002130732261653,0.0002835840294927,0.0001898456317706,0.0001891655434962,0.0001423892923252,0.0002249372543448,9.444765828837233e-05,0.0001776998531014,0.0002701686792275,0.0001893647994508,0.0001301775147928,0.0001880781935089,0.0001296038834036,0.0002591894439208,0.0001414293795964,0.0002125950772428,0.0001426330052774,0.0001761866168645,0.0001178883832787,0.0001890247504282,0.0001297445212427,0.0001536443252059,0.0001768138150527,0.0002124696050426,0.0002121890840504,0.0001880141010575,0.0001644620914879,9.411211105229104e-05,0.0002009598789512,8.216444627032103e-05,0.0001416330288223,0.0001644659555472,0.0001534068112624,7.06073408098662e-05,0.0002240011317951,0.000201050191589,8.257930562601013e-05,0.0001423133027359,0.000141559513979,0.0001538243089738,0.0001168292540452,0.0001185789498648,0.000118319391365,0.0001169002723776,9.37701459297896e-05,0.0001062925170068,0.0001184230782894,7.045644030578095e-05,0.0001412728685455,0.000105610251235,0.0001891454173611,0.0001413627367825,0.0001644640234948,0.000140823583256,0.0001522997258604,0.0001056896248018,9.369656367852708e-05,0.0001065113967194,0.0001051143995047,0.0001403886425588,0.0001523479157633,0.0001057243882669,5.8833911866800016e-05,0.0001174963869861,7.043328207355582e-05,0.0001288569219595,0.0001062523611635,0.0001166003987733,8.233550542238113e-05,8.202099737532808e-05,0.0001406519216568,7.017133500964857e-05,5.86792474973301e-05,0.0001051033516291,0.0001172470395122,9.339248190520663e-05,8.195185913646153e-05,9.346995525125891e-05,9.369107709604505e-05,0.0001055235727936,9.396398830148344e-05,9.385485346911001e-05,4.6879578083797245e-05,9.360995073776342e-05,4.70566091007482e-05,5.924451395800749e-05,4.739111890431733e-05,8.292659811401223e-05,5.922767116796968e-05,0.0001065997062585,8.290302714481975e-05,9.47373407228459e-05,0.0001302515038128,7.103954534690977e-05,0.0001183880286025,5.918840854207112e-05,9.469248615122389e-05,9.4683520333286e-05,9.467455621301776e-05,9.466559378993704e-05,9.465663306356192e-05,9.464767403341065e-05,9.463871669900156e-05,9.462976105985331e-05,9.462080711548467e-05,9.461185486541464e-05,9.460290430916229e-05
0,0,0,0,0,0,0,0,0,0,0,0,0,0,0,0,0,0,0,0,0.0,0.0,0.0,0.0,0.0,0.0,0.0,0.0,0.0,0.0,0.0,0.0,0.0,0.0,0.0,0.0,0.0,0.0,0.0,0.0,0.0,0.0,0.0,0.0,0.0,0.0,0.0,0.0,0.0,0.0,0.0,0.0,0.0,0.0,0.0,0.0,0.0,0.0,0.0,0.0,0.0,0.829815869083633,0.0767584534170352,0.0260637537523228,0.014105064184622,0.0093982275586049,0.0079107505070993,0.0075579880114672,0.0061665441263667,0.0035096515417397,0.0022948324653397,0.0017792116906069,0.0006748996530778,0.0004161464835622,0.000334216620115,0.0003798219584569,0.0003452422052643,0.0003437362949968,0.0002850559422286,0.0002849780923091,0.0003324468085106,0.000261770760206,0.000367620899841,0.0003342245989304,0.000250480086833,0.0003450984125473,0.0003575770578559,0.0002385638456491,0.0002984183825723,0.0002743418776912,0.0002974066143231,0.0003181673560292,0.0002746006351632,0.0003452422052643,0.0002020105996149,0.000226088198196,0.0002716749350342,0.0002006846889387,0.0002503307942638,0.0002983115565897,0.0002829321198689,0.00027264752602,0.0003076340574565,0.0001897555711049,0.0002501220833978,0.0002136321017838,0.0002607314702884,0.0001893423902109,0.0002848428023784,0.000342259621626,0.0003435734003104,0.0002727477557603,0.0003550632012498,0.0003084698707985,0.00037834897964,0.0002254791431792,0.0002963700595111,0.0002462938637643,0.0002363563308043,0.0002003771805752,0.0002486413526089,0.0002598537731949,0.0002253481035178,0.0002377358042007,0.0003337624564916,0.0003195984896012,0.0001421800947867,0.0002019362119142,0.0002128011727709,0.0001530275920519,0.0002122166024121,0.0002977147416431,0.0002118943353581,0.0002012358247117,0.0002481360258061,0.0002847684476559,0.0002601026223073,0.0001186577436043,0.0001775820429038,0.0002951489321511,0.0002132398237217,0.0001527040360851,0.0002130353993821,0.000189349112426,0.0001410586451317,0.0001767325682776,0.0001413760603204,0.0001414293795964,0.000118108376246,0.0001901773403698,0.0001057119701187,0.0001886214132459,0.0002126528442317,0.0001297445212427,0.0001536443252059,0.000129663464372,0.0001298425364149,0.0002004008016032,0.0002232667450058,0.0002231985527335,0.0001411681665784,0.000165496370901,0.0001643288925406,0.0001416330288223,0.0001409708190404,5.90026197163154e-05,0.0001529825717547,0.0002004220652904,5.913240929088415e-05,0.0001297674802694,9.487553515731549e-05,0.000129762887814,7.099583491101856e-05,5.841462702260646e-05,0.0001422947398377,7.099163481903048e-05,9.352021790210769e-05,0.0001406552188946,0.0001535336356764,0.0001065807704605,4.697096020385397e-05,0.0001059546514091,0.0001173447235945,0.0001063942972656,0.0001413627367825,4.698972099853157e-05,5.867649302336498e-05,0.000128868998805,0.0001526627913804,0.0001288327750579,9.467679708395464e-05,9.343502178203946e-05,0.0001052914819191,9.375256354665949e-05,0.0001174715425188,0.0001059010413602,0.0001057467482874,0.0001526054444927,0.0001288569219595,7.083490744238761e-05,9.328031901869104e-05,0.000105859935543,9.373828271466067e-05,8.204695429984645e-05,5.847611250804047e-05,0.0001056226454951,0.0001284596519911,8.207292765857662e-05,5.837030119075415e-05,4.682963379226374e-05,0.000116837444064,0.000128825231007,5.862420710759887e-05,8.221848976379803e-05,9.385485346911001e-05,5.859947260474656e-05,8.190870689554301e-05,8.234906592630934e-05,0.0001066401251244,5.9238898630396655e-05,4.738662749372127e-05,8.291873963515753e-05,5.9222059032548445e-05,0.000106589606329,8.289517313249018e-05,9.472836640932126e-05,0.0001302391664693,7.103281716152862e-05,0.0001183768170841,5.9182803844514935e-05,9.4683520333286e-05,9.467455621301776e-05,9.466559378993704e-05,9.465663306356192e-05,9.464767403341065e-05,9.463871669900156e-05,9.462976105985331e-05,9.462080711548467e-05,9.461185486541464e-05,9.460290430916229e-05
0,0,0,0,0,0,0,0,0,0,0,0,0,0,0,0,0,0,0,0,0.0,0.0,0.0,0.0,0.0,0.0,0.0,0.0,0.0,0.0,0.0,0.0,0.0,0.0,0.0,0.0,0.0,0.0,0.0,0.0,0.0,0.0,0.0,0.0,0.0,0.0,0.0,0.0,0.0,0.0,0.0,0.0,0.0,0.0,0.0,0.0,0.0,0.0,0.0,0.0,0.0,0.0,0.8308008750653921,0.0766307714299328,0.0279110387978991,0.0134600724223365,0.0093664240544087,0.007439524249532,0.0070322320517989,0.0058016688751208,0.0035076454781099,0.0021824996738111,0.0018707744769527,0.0007015040722905,0.0004655160065888,0.0003086053412462,0.0004166716270431,0.0004267071248236,0.000368197258712,0.0002849780923091,0.0004274316109422,0.0002974667729614,0.0002964684676137,0.0002984148204736,0.0003578286954758,0.0004045981388485,0.0003933347636415,0.0003459175761913,0.0002506714413607,0.0003339814163197,0.0002855103497501,0.00030638337988,0.0002149048449103,0.0003571471088941,0.0002851914347505,0.0002022894404912,0.0002598629813371,0.0002479046157478,0.0002026487382135,0.0002267167830081,0.0004008205031476,0.0003082102468052,0.0003549623739883,0.000213475017493,0.0002620326587977,0.0003797904031712,0.0003318400530944,0.0003905186798101,0.0003441850528739,0.0002832493420353,0.0002961839657848,0.0003083235499899,0.0003905695213748,0.0002254202901989,0.0002955851403438,0.0004034889930576,0.0002963700595111,0.0002228373053105,0.0001536316150228,0.0004007543611504,0.0002486413526089,0.0002598537731949,0.0002490689565196,0.0001783018531505,0.0002622419301006,0.0002604135841195,0.0002962085308056,0.0003207222189226,0.0002364457475232,0.0002354270646953,0.0004008535823341,0.0002500803829802,0.0002118943353581,0.0002012358247117,0.0002008720208906,0.0002966337996416,0.0001655198505592,0.000166120841046,0.0002012596486243,0.0002125072311488,0.0001776998531014,0.0001644505003993,0.0002130353993821,0.0002603550295857,5.8774435471547294e-05,0.0001885147394961,0.0001885014137606,0.0002239298510277,0.0002007842396182,0.000202063424143,0.0002349154891527,0.0001414660599344,0.0001890247504282,0.0001533344341959,0.0002245570906856,0.0001886014027229,0.0001534502703085,0.0001532476718142,0.0001175088131609,0.000176209383737,0.0001411681665784,0.0002364233870014,0.000152591114502,0.0001888440384297,0.0002114562285606,9.440419154610463e-05,0.0001176789013497,0.0001414743990285,0.0001182648185817,0.000165158611252,0.0001660321865253,9.437300931933465e-05,0.0001183263915183,7.009755242712775e-05,7.1147369918892e-05,8.282357395553555e-05,0.0001753504085664,9.37701459297896e-05,0.0001062925170068,0.0001184230782894,0.0001643983607134,0.0001295001295001,7.040683415670214e-05,0.0001063942972656,0.0001531429648477,9.397944199706314e-05,7.041179162803797e-05,7.029218116638159e-05,0.0001056896248018,7.027242275889532e-05,0.0001065113967194,7.007626633652958e-05,9.359242837254465e-05,8.203349310332704e-05,7.048292551129489e-05,0.0001059010413602,7.04978321916601e-05,8.217216241914844e-05,8.19998594288124e-05,8.264072534945221e-05,0.0001282604386507,8.233550542238113e-05,9.373828271466067e-05,0.000117209934714,3.508566750482428e-05,0.0001408301939935,7.006890108606797e-05,4.6898815804900925e-05,7.004436142890498e-05,0.0001756111267209,0.000116837444064,0.000128825231007,9.379873137215817e-05,0.0001174549853768,7.039114010183252e-05,1.1719894520949311e-05,9.360995073776342e-05,5.882076137593525e-05,9.479122233281199e-05,0.0001066300175347,5.923328436715159e-05,4.738213693437574e-05,8.29108826455678e-05,5.9216447960585527e-05,0.0001065795083132,8.288732060815609e-05,9.471939379587969e-05,0.0001302268314628,7.102609025048534e-05,0.000118365607689,5.917720020830375e-05,9.467455621301776e-05,9.466559378993704e-05,9.465663306356192e-05,9.464767403341065e-05,9.463871669900156e-05,9.462976105985331e-05,9.462080711548467e-05,9.461185486541464e-05,9.460290430916229e-05
0,0,0,0,0,0,0,0,0,0,0,0,0,0,0,0,0,0,0,0,0.0,0.0,0.0,0.0,0.0,0.0,0.0,0.0,0.0,0.0,0.0,0.0,0.0,0.0,0.0,0.0,0.0,0.0,0.0,0.0,0.0,0.0,0.0,0.0,0.0,0.0,0.0,0.0,0.0,0.0,0.0,0.0,0.0,0.0,0.0,0.0,0.0,0.0,0.0,0.0,0.0,0.0,0.0,0.829930433125268,0.0772847452355031,0.0269677911187345,0.0134709461878057,0.0096429502215272,0.0075658752935037,0.006804426458475,0.0053506456445744,0.0037482059615453,0.002593035509194,0.0017715950300219,0.0010145861682064,0.0006765578635014,0.0003333373016345,0.0004385601005132,0.0003563199277858,0.0004749634871819,0.0004511778115501,0.0003331627857168,0.0002608922515001,0.0003222880061115,0.000250480086833,0.0003093985767665,0.0002741424110229,0.0003220611916264,0.0002626081766636,0.0003459093240454,0.0001903402331667,0.0003299513321785,0.0002626614771126,0.0002619078798557,0.0003208403640943,0.0001784906827863,0.000425230333097,0.0002360996340455,0.0002622513082764,0.0002505817075353,0.0002357767665574,0.0002963560065435,0.0002248095035259,0.0003439319726277,0.0001310163293988,0.0002848428023784,0.0002488800398208,0.0001656745914346,0.0003323166027748,0.0002832493420353,0.0002369471726278,0.0004506267269083,0.0002840505609998,0.0003203340965985,0.0003547021684125,0.0002610811131549,0.0002608056523697,0.0002932069806717,0.0003899879458271,0.0001885902876001,0.0003907221255283,0.0002834768434853,0.0002253481035178,0.0001901886433606,0.0002741620178324,0.0002722505652158,0.0003554502369668,0.0002732078161192,0.0003310240465325,0.0003649119502778,0.0002593758473926,0.0002381717933145,0.0001412628902387,0.0002604228319799,0.0002717680282638,0.0001898456317706,0.0002482797758388,0.0002491812615691,0.0002249372543448,0.0001888953165767,0.0004027863336966,0.0002584222149133,0.0002130353993821,0.0001183431952662,0.0001645684193203,0.0001531682258406,0.0001767200754005,0.0001767867244955,0.0001653517267444,0.0001664051728236,0.0002231697146951,0.0001886214132459,0.0001535826097229,0.0002123092165789,0.0002009195021923,0.0002003889903931,0.0001298425364149,0.0002121890840504,0.0001880141010575,0.0002231985527335,0.0001294041526969,0.0001300328628507,0.0002112800046951,0.0001062247716167,0.0001997086603073,0.0001062047154893,0.0001294467914847,0.0001061057992714,0.000201050191589,0.0001297674802694,0.0001778916284199,0.0001061696354842,9.46611132146914e-05,0.0001285121794497,0.0001778684247972,4.7327756546020325e-05,9.352021790210769e-05,9.37701459297896e-05,0.0002362055933484,9.473846263159765e-05,0.0001409128806115,9.418191236373054e-05,0.0001877515577512,5.910794292537032e-05,0.0001884836490434,5.873715124816446e-05,0.0001525588818607,9.372290822184213e-05,0.0001056896248018,7.027242275889532e-05,8.284219744846032e-05,1.1679377722754932e-05,0.0001052914819191,0.0001054716339899,0.0001057243882669,0.0001059010413602,9.399710958888014e-05,0.0001408665641471,0.0001054283906941,0.0001416698148847,0.0001282604386507,8.233550542238113e-05,0.0001523247094113,0.0001054889412426,9.356178001286473e-05,9.388679599572815e-05,9.342520144809062e-05,0.0001289717434634,0.0001167406023815,4.682963379226374e-05,4.6734977625629454e-05,9.369107709604505e-05,9.379873137215817e-05,8.221848976379803e-05,9.385485346911001e-05,0.0001289188397304,4.680497536888171e-05,9.41132182014964e-05,0.0001303379307076,9.478223780863464e-05,0.0001066199118608,5.922767116796968e-05,4.737764722603875e-05,8.290302714481975e-05,5.9210837951778695e-05,0.0001065694122104,8.287946957139475e-05,9.471042288203816e-05,0.0001302144987925,7.101936461341793e-05,0.0001183544004166,5.9171597633136094e-05,9.466559378993704e-05,9.465663306356192e-05,9.464767403341065e-05,9.463871669900156e-05,9.462976105985331e-05,9.462080711548467e-05,9.461185486541464e-05,9.460290430916229e-05
0,0,0,0,0,0,0,0,0,0,0,0,0,0,0,0,0,0,0,0,0.0,0.0,0.0,0.0,0.0,0.0,0.0,0.0,0.0,0.0,0.0,0.0,0.0,0.0,0.0,0.0,0.0,0.0,0.0,0.0,0.0,0.0,0.0,0.0,0.0,0.0,0.0,0.0,0.0,0.0,0.0,0.0,0.0,0.0,0.0,0.0,0.0,0.0,0.0,0.0,0.0,0.0,0.0,0.0,0.8277842248196489,0.0760196302649132,0.026202123851569,0.0129599355557135,0.0096648720442093,0.0077594336807172,0.0072887684002758,0.0056460317648593,0.0034929017132978,0.0024374294037215,0.0013965480197665,0.0007952522255192,0.0005833402778604,0.0003437362949968,0.0005463572226049,0.0003324744410273,0.0003324468085106,0.0002379734183691,0.0004031971159547,0.0003222880061115,0.0004651773041186,0.0002974986315062,0.0002383847052373,0.0001908510765193,0.0003103551178752,0.0002743418776912,0.0002498215560314,0.0002356795229846,0.0002387831610114,0.0003095274943749,0.0003089573876464,0.0002736857136057,0.0003543586109142,0.0003069295242592,0.0002026487382135,0.0003937712546984,0.000271143281541,0.0003319187273287,0.0002603057409247,0.0002253347406871,0.0003930489881966,0.0002967112524775,0.0002962857616914,0.0003076813840928,0.000237369001982,0.0004012699012167,0.0002961839657848,0.0003320407461429,0.0004497467215831,0.0004627048061978,0.0002955851403438,0.0002017444965288,0.0003556440714133,0.000269750422218,0.0002127206977238,0.0002003771805752,0.000224961223789,0.0002716653083401,0.0002846502360224,0.0002258490139907,0.0003576026319553,0.0003314354706975,0.0003199052132701,0.0002256934133159,0.0004256023455418,0.0002707411243996,0.000294745281128,0.0002381717933145,0.0003178415030371,0.0002604228319799,0.0001772400184329,0.0002017109837563,0.0002364569293703,0.0003915705538943,0.0001775820429038,0.0002951489321511,0.0002132398237217,0.0001292111074566,0.0002485412992792,0.0001538461538461,0.0001998330806032,0.0001767325682776,0.0002238454288407,0.0002239298510277,0.000177162564369,0.0001901773403698,0.0001996781657798,0.0002004102515738,0.0002835371256423,0.0001533344341959,0.0001891007079457,0.0001768138150527,0.0001652541372553,0.0001886125191559,0.0001880141010575,0.000176209383737,0.0001999882359861,0.0001891387096011,0.0001408533364634,8.261926681302079e-05,0.0002114562285606,0.0001416062873191,0.0001176789013497,0.0001414743990285,0.0001064383367235,0.000247737916878,0.0001660321865253,0.0001179662616491,0.000141991669822,0.0001518780302587,9.4863159891856e-05,8.282357395553555e-05,7.014016342658078e-05,0.0001289339506534,0.000141723356009,0.0001065807704605,0.0001174274005096,0.0001295001295001,0.0001760170853917,0.0001063942972656,9.424182452172274e-05,0.0001292217327459,0.0001290882846514,8.200754469411185e-05,0.0001056896248018,9.369656367852708e-05,0.0001301805959904,0.0001284731549503,0.0001520876961053,0.0001289097748766,0.0001174715425188,0.0001176678237336,0.0001057467482874,9.39110427647411e-05,5.857132816343744e-05,9.44465432565168e-05,8.162027914135465e-05,0.0001176221506034,0.0001640419947506,0.0001054889412426,0.000116952225016,5.86792474973301e-05,9.342520144809062e-05,0.0001524211513659,0.0001167406023815,7.024445068839562e-05,0.0001518886772832,9.369107709604505e-05,0.0001758726213227,0.0001174549853768,9.385485346911001e-05,7.031936712569587e-05,8.190870689554301e-05,0.0001058773704766,0.000118489027916,0.0001303255769868,9.477325498744255e-05,0.0001066098081023,5.9222059032548445e-05,4.737315836846843e-05,8.289517313249018e-05,5.92052290058258e-05,0.0001065593180203,8.28716200217834e-05,9.470145366731381e-05,0.0001302021684579,7.10126402499645e-05,0.0001183431952662,5.9165996118710656e-05,9.465663306356192e-05,9.464767403341065e-05,9.463871669900156e-05,9.462976105985331e-05,9.462080711548467e-05,9.461185486541464e-05,9.460290430916229e-05
0,0,0,0,0,0,0,0,0,0,0,0,0,0,0,0,0,0,0,0,0.0,0.0,0.0,0.0,0.0,0.0,0.0,0.0,0.0,0.0,0.0,0.0,0.0,0.0,0.0,0.0,0.0,0.0,0.0,0.0,0.0,0.0,0.0,0.0,0.0,0.0,0.0,0.0,0.0,0.0,0.0,0.0,0.0,0.0,0.0,0.0,0.0,0.0,0.0,0.0,0.0,0.0,0.0,0.0,0.0,0.8305817610062893,0.0769478582508053,0.0262397232686521,0.0139221592391433,0.0097888240279817,0.0076454781099141,0.0071287081736985,0.0061332986016552,0.0035907496581653,0.0022678984936379,0.0017210682492581,0.0008928677722353,0.0004504130762027,0.0002850559422286,0.0003680967025659,0.0004511778115501,0.0003688587984722,0.0003083272063183,0.0003461611917494,0.0002981905795632,0.000237998905205,0.0003218193520703,0.0003101329993439,0.0002506714413607,0.0002504860622398,0.0002141327623126,0.0002828154275815,0.0002865397932137,0.0002976225907451,0.0002614254818546,0.0003807801232775,0.0003543586109142,0.0003187345059615,0.0002264897662387,0.0002983115565897,0.0002357767665574,0.000225230564973,0.0002839698991906,0.0003557916958218,0.0002024797817982,0.0003085797025766,0.0003318400530944,0.0003076813840928,0.0003323166027748,0.0002714472861172,0.000331726041679,0.0002015961673011,0.0003195568811248,0.0003084698707985,0.0002482915178888,0.0002848157598053,0.0003200796642719,0.0003049352598986,0.0003545344962064,0.0003182461103253,0.0003196817390686,0.0004488383355184,0.0002372085300187,0.0002139622237807,0.0004291231583464,0.0002722505652158,0.0002014218009478,0.0002375720140167,0.0002837348970278,0.000200113004991,0.0002475860361475,0.0002977147416431,0.0002118943353581,0.0003432846421553,0.000259952027035,0.0002017109837563,0.0001536970040907,0.0002847785846504,0.0002012596486243,0.0001888953165767,0.0002843197649623,0.0002114363576563,0.0002485412992792,0.000189349112426,0.0001645684193203,0.0001649503970591,0.0003063147973609,0.0001885725061286,0.000236216752492,0.0001545190890505,0.0002114239402374,0.0001532548982623,0.000248094984937,0.0001887193036257,0.0001772819136991,0.0001532386397123,0.0001416464033617,0.0002475539313921,0.0001645123384253,0.0001409675069896,0.0001294041526969,0.0001182116935007,0.0001291155584247,0.0001416330288223,9.398054602697242e-05,0.0001534068112624,0.0001294467914847,9.431626601902832e-05,0.0001655707460144,0.0001297674802694,0.0001304538608413,0.0001179662616491,0.0001183263915183,0.0001285121794497,0.0001185789498648,0.0001064874522285,0.0001753504085664,5.8606341206118495e-05,0.0001889644746787,0.0001776346174342,0.0001174274005096,0.0001295001295001,0.000105610251235,0.000165502240191,9.424182452172274e-05,0.0001292217327459,0.0002229706734887,8.200754469411185e-05,0.0001526627913804,9.369656367852708e-05,0.0001656843948969,0.000140152532673,9.359242837254465e-05,7.031442265999461e-05,0.0001409658510225,8.236747661352003e-05,7.04978321916601e-05,9.39110427647411e-05,0.0001522854532249,7.083490744238761e-05,0.000104940358896,0.0001529087957844,0.0001054555680539,0.0002109778824853,8.186655751125663e-05,0.0001173584949946,0.0001051033516291,0.000105522335561,5.837030119075415e-05,0.0001404889013767,0.0001051536996576,0.000105402461733,4.689936568607909e-05,3.52364956130563e-05,0.0001525141368873,0.0001171989452094,7.020746305332257e-05,0.0001058773704766,0.000118489027916,0.0001184777972607,0.0001303132256077,9.476427386875149e-05,0.0001065997062585,5.9216447960585527e-05,4.736867036142295e-05,8.288732060815609e-05,5.9199621122424815e-05,0.0001065492257422,8.286377195889955e-05,9.469248615122389e-05,0.0001301898404582,7.100591715976331e-05,0.0001183319922374,5.9160395664726205e-05,9.464767403341065e-05,9.463871669900156e-05,9.462976105985331e-05,9.462080711548467e-05,9.461185486541464e-05,9.460290430916229e-05
0,0,0,0,0,0,0,0,0,0,0,0,0,0,0,0,0,0,0,0,0.0,0.0,0.0,0.0,0.0,0.0,0.0,0.0,0.0,0.0,0.0,0.0,0.0,0.0,0.0,0.0,0.0,0.0,0.0,0.0,0.0,0.0,0.0,0.0,0.0,0.0,0.0,0.0,0.0,0.0,0.0,0.0,0.0,0.0,0.0,0.0,0.0,0.0,0.0,0.0,0.0,0.0,0.0,0.0,0.0,0.0,0.8309748240066817,0.0767052858530575,0.0258164741598083,0.0137759791808425,0.009631162160234,0.0074845505118198,0.0069621227370141,0.0059806194637655,0.0032466757382606,0.0020771513353115,0.0017619257372111,0.0008178553225787,0.0004869705679739,0.000629326620516,0.0004511778115501,0.0004402508239829,0.0003083272063183,0.0003342245989304,0.0003459010722933,0.0004045981388485,0.0003814155283796,0.0002147074610842,0.0002148612354521,0.0002147023390627,0.0004520580537711,0.0003535192844769,0.0003820530576183,0.0002142882653364,0.0002851914347505,0.0003331826078678,0.0002834868887313,0.0002715145791524,0.0002145692522261,0.0001909193962174,0.0002004102515738,0.00027264752602,0.0002839698991906,0.0002490541870752,0.0002858538095975,0.0002729743522793,0.000343691483562,0.0003550169816456,0.0004391326536667,0.0003304575657079,0.0003435734003104,0.000355757942296,0.0002958860010415,0.0003796552255982,0.0004019957908676,0.0003797543464071,0.0002726604547502,0.0003049352598986,0.0003545344962064,0.0002710985384252,0.0003196817390686,0.0002834768434853,0.0002134876770168,0.000320943335671,0.000226481666905,0.0003551094328902,0.0002369668246445,0.0003919938231276,0.000366490908661,0.0002942838308691,0.0002475860361475,0.000214354613983,0.0003060695955172,0.0002840976348871,0.0002245040233484,0.0002491723916989,0.0002128112364332,0.0002017181641273,0.0002486148600653,0.0002361191457209,0.0001540065393545,0.0001527040360851,0.0003077177991076,0.0002485207100591,0.0002468526289804,0.0002356434243702,0.0001885014137606,0.0002239298510277,0.0002244059148674,0.0001782912565967,0.000129203519034,0.0001532548982623,0.0002244668911335,0.0001887193036257,0.0003191074446584,0.0002121765780632,0.0001180386694681,0.0001886125191559,0.0001645123384253,0.0001409675069896,0.0001058761249338,0.0001418540322008,0.000152591114502,0.0001770412860279,0.0001527183872938,0.0001416062873191,0.0001765183520246,0.000188632532038,0.0001182648185817,0.0001533615675911,0.0001185944189466,0.000129762887814,0.0001893222264293,0.0001518780302587,0.0001778684247972,0.000118319391365,0.0002221105175175,0.0001172126824122,0.000141723356009,0.0001539500017763,0.0001291701405605,9.418191236373054e-05,0.0001642826130323,0.0001891454173611,0.0001295825087173,0.0001292217327459,0.0001525588818607,0.0001054382717495,0.0001409194997357,0.0001288327750579,0.0001420151956259,8.175564405928451e-05,9.359242837254465e-05,0.0002109432679799,0.0001174715425188,8.236747661352003e-05,0.0001527453030819,0.0001056499231103,1.1714265632687487e-05,0.0001062523611635,9.328031901869104e-05,0.0001176221506034,0.0001054555680539,4.688397388562655e-05,9.356178001286473e-05,9.388679599572815e-05,0.0001167815018101,8.207292765857662e-05,8.17184216670558e-05,0.0001521963098248,0.0001518886772832,0.000140536615644,5.862420710759887e-05,8.221848976379803e-05,0.0001055867101527,4.6879578083797245e-05,8.190870689554301e-05,0.000129405675027,0.0001303379307076,0.0001184777972607,0.0001184665687343,0.0001303008765695,9.47552944520775e-05,0.000106589606329,5.9210837951778695e-05,4.736418320466063e-05,8.287946957139475e-05,5.9194014301273845e-05,0.0001065391353757,8.285592538232089e-05,9.4683520333286e-05,0.0001301775147928,7.099919534245279e-05,0.0001183207913294,5.9154796270881645e-05,9.463871669900156e-05,9.462976105985331e-05,9.462080711548467e-05,9.461185486541464e-05,9.460290430916229e-05
0,0,0,0,0,0,0,0,0,0,0,0,0,0,0,0,0,0,0,0,0.0,0.0,0.0,0.0,0.0,0.0,0.0,0.0,0.0,0.0,0.0,0.0,0.0,0.0,0.0,0.0,0.0,0.0,0.0,0.0,0.0,0.0,0.0,0.0,0.0,0.0,0.0,0.0,0.0,0.0,0.0,0.0,0.0,0.0,0.0,0.0,0.0,0.0,0.0,0.0,0.0,0.0,0.0,0.0,0.0,0.0,0.0,0.8307863624517259,0.0771055190569931,0.0264656376463846,0.0139949109414758,0.0090621182108247,0.0078383082515362,0.007122049818679,0.005538446847621,0.0032997032640949,0.0022143120751437,0.0017660933777424,0.0009739411359479,0.000391844876925,0.0004986702127659,0.0004402508239829,0.0003913383772501,0.0003700343773873,0.0003220458259282,0.0003926981935883,0.0003337385873322,0.0003220611916264,0.000334228588481,0.0003697651394968,0.0002379252914584,0.0004477910936708,0.0002626614771126,0.0002857176871153,0.0003089573876464,0.0002736857136057,0.0002008032128514,0.0003777594144729,0.0002264897662387,0.0002983115565897,0.0002357767665574,0.000320064487067,0.0002603057409247,0.0002846333566574,0.0003930489881966,0.0002848428023784,0.0002725829007561,0.0003076813840928,0.0003323166027748,0.0002832493420353,0.0002606418898906,0.0002846063538368,0.0003787340813331,0.0003796552255982,0.0002246447066613,0.0003678870230819,0.0003437892690328,0.0002932069806717,0.0002836275969651,0.0002946723243752,0.0003552019322985,0.0002834768434853,0.0003558127950281,0.0002139622237807,0.0003933628951509,0.0003787833950829,0.000367298578199,0.0003682366217259,0.0002128011727709,0.0003295978905735,0.0003419045261085,0.0001667202553201,0.0002118943353581,0.0003669594450626,0.0001063440110597,0.0002966337996416,0.0002009883899647,0.0002491812615691,0.0002722924657858,0.0002243131884348,0.0002013931668483,0.0003054080721702,0.0001893647994508,0.0002721893491124,0.0002115879676975,0.0002474255955887,0.0001767200754005,0.0002003582877616,0.0001653517267444,0.0002496077592354,0.0001409492934916,0.0002004102515738,0.0001653966566247,0.0002594890424854,0.0001654631194525,0.000259326928744,0.000247881205883,0.0001768242367087,0.0001880141010575,0.0002701877217301,0.0001411681665784,0.0001418540322008,9.390222430893832e-05,0.000165238533626,0.0002584465015741,0.0002006089070354,0.0001647504618896,0.0002122115985428,0.0001892237097308,0.0001297674802694,0.0001541727446306,0.0001651527663088,0.0001301590306702,0.0001518780302587,7.1147369918892e-05,0.0002248068435935,5.845013618881732e-05,0.0001992615601008,0.000141723356009,0.0001539500017763,0.0001526556206625,0.0001883638247274,0.0001173447235945,0.0001418590630208,0.0001295825087173,5.873715124816446e-05,0.0001525588818607,0.0001054382717495,0.0001291762080911,0.0001522569159776,8.284219744846032e-05,3.503813316826479e-05,0.0001169905354656,7.031442265999461e-05,0.0001409658510225,9.413425898688003e-05,0.0001292460256847,0.0001056499231103,0.0001288569219595,0.0001770872686059,0.0001282604386507,0.0001293843656637,0.0001054555680539,0.0001406519216568,0.0001403426700192,0.0001173584949946,0.0001167815018101,0.0001172470395122,8.17184216670558e-05,5.853704224032968e-05,5.841872203203683e-05,8.197969245903942e-05,0.0001289732556367,7.04729912261126e-05,0.00012905042352,7.031936712569587e-05,8.190870689554301e-05,7.05849136511223e-05,9.479122233281199e-05,0.0001303255769868,0.0001184665687343,0.0001184553423359,0.0001302885298716,9.474631673693683e-05,0.0001065795083132,5.92052290058258e-05,4.7359696897939847e-05,8.28716200217834e-05,5.918840854207112e-05,0.0001065290469201,8.284808029162524e-05,9.467455621301776e-05,0.0001301651914611,7.099247479767145e-05,0.0001183095925417,5.9149197936875975e-05,9.462976105985331e-05,9.462080711548467e-05,9.461185486541464e-05,9.460290430916229e-05
0,0,0,0,0,0,0,0,0,0,0,0,0,0,0,0,0,0,0,0,0.0,0.0,0.0,0.0,0.0,0.0,0.0,0.0,0.0,0.0,0.0,0.0,0.0,0.0,0.0,0.0,0.0,0.0,0.0,0.0,0.0,0.0,0.0,0.0,0.0,0.0,0.0,0.0,0.0,0.0,0.0,0.0,0.0,0.0,0.0,0.0,0.0,0.0,0.0,0.0,0.0,0.0,0.0,0.0,0.0,0.0,0.0,0.0,0.8296492185091193,0.0769258317516026,0.0261230410691779,0.014008326710712,0.0099222089347241,0.0075619761013019,0.0072453388717801,0.0057210682492581,0.0035238514744223,0.0020624177699811,0.0016984583224457,0.0008074379282092,0.0004155585106382,0.0004878455076567,0.0004980670255911,0.0004416539343009,0.0002624077100156,0.000333198467287,0.0004886886457364,0.0003578457684737,0.0002984183825723,0.0003816930472225,0.0002974066143231,0.0002710314514323,0.000334296425416,0.0002261931689662,0.0003208403640943,0.0003450819867202,0.0002480510276399,0.0003187345059615,0.0003337743923517,0.0001670544716902,0.0004008205031476,0.0002370848052348,0.0002366415826589,0.0002964930798515,0.0003334961111971,0.0003679219530721,0.000308137192159,0.0002840135853164,0.0002729743522793,0.0003068534538716,0.0002843366071534,0.0004031923346022,0.0003550632012498,0.0003321983223984,0.000331055357185,0.0003085504064558,0.0003912084785546,0.0003283918183524,0.0003427166796662,0.0003182461103253,0.0002604814170189,0.0003307229840662,0.0003320919420262,0.000320943335671,0.0003099222810279,0.0002367396219268,0.0003554502369668,0.0002494506147175,0.0002128011727709,0.0004119973632168,0.0002122166024121,0.0002500803829802,0.0002236662428779,0.0002604228319799,0.0002008720208906,0.0002373070397133,0.0002955711617128,0.0002017181641273,0.0002722924657858,0.0002479251030069,0.0002369331374686,0.0001879434290278,0.0002130353993821,0.000189349112426,0.0001057939838487,0.0003416829653368,0.0002945334590009,0.0002003582877616,0.0002598384277412,0.0001664051728236,0.0002701528125256,0.0002475656048852,0.0003071652194459,0.0001887193036257,0.0001772819136991,0.0001532386397123,0.0001180386694681,0.0001768242367087,0.0001997649823736,0.000176209383737,0.000176460208223,0.0002482445563515,0.0002817066729268,0.0002242522956353,8.223297777360086e-05,0.0001416062873191,0.0001765183520246,0.0001768429987856,0.0001773972278726,0.0001769556549128,0.0001185944189466,5.8983130824584165e-05,0.0001774895872775,0.0001168292540452,0.0001897263197837,0.0001301513305015,0.0001402803268531,0.0001758190236183,0.0001181027966742,0.0001184230782894,0.0001409128806115,8.240917331826423e-05,0.0001408136683134,0.0001182158858507,0.0001531429648477,0.0001057268722466,0.000105617687442,0.0001171536352773,0.0001761493746697,0.0001054086341383,0.0001301805959904,0.000140152532673,0.0001286895890122,0.0001054716339899,8.223007976317738e-05,0.0001294346061069,0.0001644949417805,9.39110427647411e-05,0.0001054283906941,7.083490744238761e-05,0.0,8.233550542238113e-05,0.0001288901387326,0.000117209934714,0.0001052570025144,9.388679599572815e-05,0.0001634941025341,0.0001172470395122,9.339248190520663e-05,0.0001053666760325,0.0001285211884704,8.197969245903942e-05,7.034904852911864e-05,9.396398830148344e-05,9.385485346911001e-05,5.859947260474656e-05,7.020746305332257e-05,4.70566091007482e-05,4.739561116640599e-05,9.478223780863464e-05,0.0001303132256077,0.0001184553423359,0.000118444118065,0.0001302761855132,9.47373407228459e-05,0.0001065694122104,5.9199621122424815e-05,4.735521144101908e-05,8.286377195889955e-05,5.9182803844514935e-05,0.0001065189603749,8.284023668639054e-05,9.466559378993704e-05,0.0001301528704623,7.098575552505797e-05,0.0001182983958737,5.914360066240833e-05,9.462080711548467e-05,9.461185486541464e-05,9.460290430916229e-05
0,0,0,0,0,0,0,0,0,0,0,0,0,0,0,0,0,0,0,0,0.0,0.0,0.0,0.0,0.0,0.0,0.0,0.0,0.0,0.0,0.0,0.0,0.0,0.0,0.0,0.0,0.0,0.0,0.0,0.0,0.0,0.0,0.0,0.0,0.0,0.0,0.0,0.0,0.0,0.0,0.0,0.0,0.0,0.0,0.0,0.0,0.0,0.0,0.0,0.0,0.0,0.0,0.0,0.0,0.0,0.0,0.0,0.0,0.0,0.8286239539686518,0.0765499036883783,0.0267000367703749,0.0139834471979824,0.009916176208311,0.0079257084198715,0.0077744807121661,0.0056548292241574,0.0034373629499685,0.0020666555811578,0.0016623722051367,0.0009379749240121,0.0005830348750044,0.0003557621611365,0.0004655271199388,0.0003459010722933,0.000333198467287,0.0003575770578559,0.0004294149221685,0.0003461653237839,0.0003936209549482,0.0004282655246252,0.0003535192844769,0.0002984789512643,0.0003809569161537,0.0003446063169902,0.000226088198196,0.0003897944720056,0.0002242946523432,0.0001549666821633,0.0002386492452717,0.000271143281541,0.0002489390454965,0.0002721378200577,0.0002609139102693,0.0002858538095975,0.0002729743522793,0.0003199886226267,0.0004141864785865,0.0002848428023784,0.0002242390624446,0.0002843366071534,0.0003201821480664,0.0003550632012498,0.000427112128798,0.0004492894133226,0.0003441523764314,0.0004149180833155,0.0003049352598986,0.0003190810465858,0.0002357378595002,0.0003788820611184,0.0003307229840662,0.0002727898095215,0.0002971697552509,0.0001907214037095,0.0003195984896012,0.0003436018957345,0.0003563580210251,0.0002482680348993,0.0003766833035125,0.0002593758473926,0.0002024460243173,0.0002472100579177,0.0003551220436089,0.000165424017204,0.0002966337996416,0.0002482797758388,0.0002254497128482,0.0003196476772268,0.0003423727612953,0.0003080130787091,0.0003289010007987,0.0003077177991076,0.0002366863905325,0.0001763233064146,0.0001885147394961,0.0001649387370405,0.000330001885725,0.0002007842396182,0.0002258355916892,0.000258407038068,0.0002475656048852,0.0002126528442317,0.0001651293906725,0.0001063691482194,0.0002239641657334,0.0001770580042021,0.0001060945420252,0.0002115158636897,0.000176209383737,0.0001529321804599,0.000165496370901,0.0001291155584247,0.0001180275240186,0.0002114562285606,0.0002124094309787,9.41431210798216e-05,0.0001414743990285,0.0001300913004399,0.0001769556549128,0.0001304538608413,0.0001769493924737,0.000141991669822,5.841462702260646e-05,0.0001067210548783,0.0001301513305015,0.0001052102451398,0.0001758190236183,0.000141723356009,0.0001184230782894,0.0002348548010192,0.0001765910856819,0.000105610251235,0.0001182158858507,7.068136839129205e-05,8.223201174743025e-05,0.000140823583256,0.0001640150893882,0.000164406083025,0.0001171207045981,0.0001065113967194,5.839688861377466e-05,0.0001052914819191,0.0001406288453199,0.0001057243882669,7.060069424016001e-05,7.04978321916601e-05,5.869440172796319e-05,9.371412506149987e-05,0.0001534756327918,0.000139920478528,0.000141146580724,7.030371203599551e-05,0.0001523729151282,8.186655751125663e-05,0.0001056226454951,0.0001634941025341,0.0001758705592683,9.339248190520663e-05,0.0001287814929287,5.841872203203683e-05,7.02683078220338e-05,0.0001875974627443,9.396398830148344e-05,9.385485346911001e-05,7.031936712569587e-05,9.360995073776342e-05,0.000129405675027,5.924451395800749e-05,4.739111890431733e-05,9.477325498744255e-05,0.0001303008765695,0.000118444118065,0.0001184328959211,0.0001302638434939,9.472836640932126e-05,0.0001065593180203,5.9194014301273845e-05,4.73507268336569e-05,8.285592538232089e-05,5.917720020830375e-05,0.0001065088757396,8.283239456619491e-05,9.465663306356192e-05,0.0001301405517959,7.097903752425118e-05,0.0001182872013248,5.9138004447177925e-05,9.461185486541464e-05,9.460290430916229e-05
0,0,0,0,0,0,0,0,0,0,0,0,0,0,0,0,0,0,0,0,0.0,0.0,0.0,0.0,0.0,0.0,0.0,0.0,0.0,0.0,0.0,0.0,0.0,0.0,0.0,0.0,0.0,0.0,0.0,0.0,0.0,0.0,0.0,0.0,0.0,0.0,0.0,0.0,0.0,0.0,0.0,0.0,0.0,0.0,0.0,0.0,0.0,0.0,0.0,0.0,0.0,0.0,0.0,0.0,0.0,0.0,0.0,0.0,0.0,0.0,0.8293738555563482,0.0775261840653801,0.0270433475022792,0.0141370905415849,0.0099071355248394,0.0072878338278931,0.0073334206359599,0.0057605461851197,0.0029099460769175,0.0023273210871914,0.0018047112462006,0.0010351843699058,0.0004980670255911,0.0005252100840336,0.000429394434571,0.0003688983030678,0.0002979808815466,0.0003578457684737,0.0004058490002984,0.0003339814163197,0.0003449916726147,0.00030638337988,0.0003820530576183,0.0003452422052643,0.0003446063169902,0.0003569813655727,0.0003543586109142,0.000342344469366,0.0003695359343894,0.0003818387924348,0.0002239879282295,0.0002607932857583,0.0002366415826589,0.0003795111422099,0.0002620326587977,0.000237369001982,0.000343691483562,0.0003550169816456,0.0003679219530721,0.0002360411183628,0.0001895577381022,0.0004031923346022,0.0004734176016664,0.0002491487417988,0.0002955851403438,0.0002966830831305,0.0003200796642719,0.0003283918183524,0.0004490770285282,0.0003536067892503,0.0002486413526089,0.0002362307029044,0.0003202315155252,0.0003566037063011,0.0004768035092738,0.0002604135841195,0.000260663507109,0.0002732078161192,0.0004137800581656,0.0002825124776344,0.0003183249036182,0.0002619889726459,0.0003649291331167,0.0002840976348871,0.0001890560196618,0.0002610377436846,0.0002719254687758,0.0002729128102899,0.0003196476772268,0.0002833429748651,0.000248779794342,0.0001996898933421,0.0002603765992449,0.0002958579881656,0.0001645684193203,0.0002002969107147,0.0001649387370405,0.0002946445408259,0.0002952709406151,0.0002496077592354,0.0001174577445763,0.0002239879282295,0.0002244668911335,0.0001651293906725,0.0002127382964389,0.0001532386397123,0.0002124696050426,0.0001296711069197,0.0001762632197414,0.0001879566759861,0.0002352802776307,0.0001536752015509,0.000152591114502,0.0001416330288223,0.0001174756825337,0.0001416062873191,0.0001765183520246,0.0001532639322809,0.0001064383367235,0.0002005497422345,0.0001660321865253,0.000271322401793,0.0001183263915183,0.0001635609556632,0.0001185789498648,7.099163481903048e-05,9.352021790210769e-05,9.37701459297896e-05,0.0001299130763416,0.0001065807704605,0.0001291701405605,0.0001059546514091,0.0001408136683134,0.0001536806516059,8.246159645650739e-05,0.0001292217327459,0.000140823583256,0.0001405843623327,0.000164406083025,0.0001054086341383,8.284219744846032e-05,5.839688861377466e-05,0.0001403886425588,0.0001757860566499,8.223007976317738e-05,9.413425898688003e-05,0.0002114934965749,0.0001408665641471,0.0001639997188576,8.264072534945221e-05,0.000104940358896,0.0001529087957844,7.030371203599551e-05,0.0001406519216568,0.0001754283375241,0.0001643018929925,0.0001634941025341,0.0001289717434634,9.339248190520663e-05,8.195185913646153e-05,9.346995525125891e-05,0.000152248000281,7.034904852911864e-05,5.872749268842716e-05,0.0001173185668363,3.5159683562847933e-05,0.0001170124384222,0.0001058773704766,9.479122233281199e-05,5.9238898630396655e-05,4.738662749372127e-05,9.476427386875149e-05,0.0001302885298716,0.0001184328959211,0.0001184216759035,0.0001302515038128,9.471939379587969e-05,0.0001065492257422,5.918840854207112e-05,4.734624307561195e-05,8.284808029162524e-05,5.9171597633136094e-05,0.0001064987930136,8.282455393061667e-05,9.464767403341065e-05,0.0001301282354611,7.097232079489e-05,0.0001182760088943,5.913240929088415e-05,9.460290430916229e-05
0,0,0,0,0,0,0,0,0,0,0,0,0,0,0,0,0,0,0,0,0.0,0.0,0.0,0.0,0.0,0.0,0.0,0.0,0.0,0.0,0.0,0.0,0.0,0.0,0.0,0.0,0.0,0.0,0.0,0.0,0.0,0.0,0.0,0.0,0.0,0.0,0.0,0.0,0.0,0.0,0.0,0.0,0.0,0.0,0.0,0.0,0.0,0.0,0.0,0.0,0.0,0.0,0.0,0.0,0.0,0.0,0.0,0.0,0.0,0.0,0.0,0.8275943871801867,0.0770924849331612,0.0269306224362404,0.014240015278474,0.0094836795252225,0.0076667579375944,0.0076570222954472,0.0055348362116065,0.0035503520666848,0.0021727773556231,0.0017015099413395,0.0007945354932049,0.0005729564553093,0.0005128877968487,0.0004045981388485,0.0003575770578559,0.0004055585376036,0.0003222918531781,0.0003578372317711,0.0002974066143231,0.00030638337988,0.0003939922156689,0.0002976225907451,0.0001782446467191,0.0002855850924581,0.0002716749350342,0.0003069295242592,0.0002026487382135,0.0002028518584809,0.0003065097965246,0.0003319187273287,0.0003194661365895,0.0002609139102693,0.000226300932598,0.0003797904031712,0.0004029486359003,0.0003668508810338,0.0002848428023784,0.000342259621626,0.0002843366071534,0.0004269095307552,0.0004970884817497,0.0003084698707985,0.0002601149235025,0.0002848157598053,0.0003793536761742,0.0003283918183524,0.0004018057623673,0.0003064592173503,0.0003196817390686,0.0002362307029044,0.000367673221529,0.0003328301258811,0.0004768035092738,0.0003432724517938,0.0003080568720379,0.0003088436182217,0.0002600903222755,0.0002471984179301,0.0002711656586378,0.0001667202553201,0.0003413853180769,0.000319609839248,0.0003072160319504,0.0002729030956703,0.0001418741576221,0.0003203759077317,0.0002486148600653,0.0003423727612953,0.0003198597355826,0.000293661607856,0.0002485412992792,0.0002366863905325,0.0002233428547918,0.0002238612531517,0.0002709707822808,0.0002828587591929,0.0003307034534889,0.0003446964294204,0.0002701528125256,0.000271143281541,0.0001181404690176,0.0002476940860088,0.000271832267672,0.0002003889903931,0.0001298425364149,0.0002593422138394,0.0002350176263219,0.0003171768907266,0.000176460208223,0.0001182116935007,0.0002347555607723,0.0001770412860279,0.0002466989333208,0.0001180052394326,0.0002353578026995,0.0002004220652904,0.0001892237097308,0.0001415645239303,0.0001660321865253,0.0001533561401439,0.000141991669822,0.0001285121794497,0.0001541526348242,8.282357395553555e-05,0.0001285902996153,9.37701459297896e-05,0.0001535336356764,7.105384697369823e-05,0.0001291701405605,0.0001883638247274,0.0001290791959539,0.0002482533602865,0.0001178022806521,0.0001527165932452,0.000105617687442,8.200754469411185e-05,0.0001056896248018,9.369656367852708e-05,7.100759781296599e-05,0.0001167937772275,0.0001169905354656,0.0001289097748766,9.397723401505984e-05,0.0001765017356004,9.399710958888014e-05,5.869440172796319e-05,0.0001757139844903,0.00020069890442,9.328031901869104e-05,2.3524430120680328e-05,9.373828271466067e-05,0.0001054889412426,8.186655751125663e-05,7.041509699679612e-05,3.503445054303398e-05,8.207292765857662e-05,0.0001167406023815,7.024445068839562e-05,8.178621084485155e-05,0.0002225163081031,0.0001289732556367,0.0001057094868391,0.00012905042352,0.0001054790506885,7.020746305332257e-05,0.0001058773704766,7.109341674960899e-05,9.478223780863464e-05,5.923328436715159e-05,4.738213693437574e-05,9.47552944520775e-05,0.0001302761855132,0.0001184216759035,0.0001184104580116,0.0001302391664693,9.471042288203816e-05,0.0001065391353757,5.9182803844514935e-05,4.7341760166643e-05,8.284023668639054e-05,5.9165996118710656e-05,0.0001064887121965,8.281671477923428e-05,9.463871669900156e-05,0.0001301159214572,7.096560533661353e-05,0.0001182648185817,5.912681519322642e-05
0,0,0,0,0,0,0,0,0,0,0,0,0,0,0,0,0,0,0,0,0.0,0.0,0.0,0.0,0.0,0.0,0.0,0.0,0.0,0.0,0.0,0.0,0.0,0.0,0.0,0.0,0.0,0.0,0.0,0.0,0.0,0.0,0.0,0.0,0.0,0.0,0.0,0.0,0.0,0.0,0.0,0.0,0.0,0.0,0.0,0.0,0.0,0.0,0.0,0.0,0.0,0.0,0.0,0.0,0.0,0.0,0.0,0.0,0.0,0.0,0.0,0.0,0.8264797470902353,0.0769752095594792,0.0273222086944066,0.0137210682492581,0.0094882081929546,0.0078111109794113,0.0066631826495949,0.0061745253333649,0.0034431990881458,0.0021893554489963,0.0017076583734553,0.0009071810542398,0.0005963811591264,0.000571197372492,0.0003337385873322,0.0003578457684737,0.0001909877648463,0.0002862697854169,0.0003449916726147,0.0004242231413723,0.0002984789512643,0.0003809569161537,0.0004159041756779,0.0002736857136057,0.0002598629813371,0.0003069295242592,0.0002145692522261,0.0002744466320625,0.0003890316648197,0.0002489390454965,0.0003549623739883,0.0003557916958218,0.0002501220833978,0.0002729743522793,0.0002725829007561,0.0002721796859283,0.0002729743522793,0.0003186555097898,0.0002606418898906,0.0003438993442195,0.0003077214410831,0.0002610129675987,0.0002955851403438,0.0003916216697323,0.0004030632809351,0.0004104897729405,0.0003781701292869,0.0004007543611504,0.000473602576398,0.0003543460543566,0.0002727898095215,0.000309056545461,0.0002860821055642,0.0004261313194682,0.0002725118483412,0.0001663004098117,0.0003428463339086,0.0002471984179301,0.0004244332048243,0.0002858061519774,0.0003060695955172,0.0003077724377944,0.000259952027035,0.0001661149277993,0.0002364569293703,0.0002254497128482,0.0003551640858076,0.0003069548894372,0.0003909396768232,0.0002584222149133,0.0002603765992449,0.0003313609467455,0.0002468526289804,0.0002709899380257,0.0001295947219604,0.0001532151612294,0.0001653517267444,0.000309038178101,0.0002349154891527,0.0002357767665574,0.0002126528442317,0.0002241041730556,0.0002481946791788,0.0001768138150527,0.000247881205883,0.0002357656489449,0.0001645123384253,0.0001527147992387,0.0002705723192753,0.000177317540251,0.0001408533364634,0.0001770412860279,0.0001879610920539,0.0001888083830922,0.0001765183520246,0.000188632532038,0.0002128766734471,9.437634928686871e-05,0.0001185944189466,0.0001651527663088,0.0002011548655812,0.0001401951048542,0.0001541526348242,0.0001774790870475,0.0001285902996153,8.204887768856591e-05,0.0002007747543461,0.0001776346174342,0.0001996265808663,0.0001883638247274,0.0001525481406728,0.0001536806516059,0.0001295825087173,0.0001644640234948,0.0001525588818607,0.0001757304529159,0.0001409194997357,0.0001756810568972,0.0001183459963549,4.671751089101973e-05,0.0001169905354656,0.0001992241975366,5.873577125941241e-05,0.0001294346061069,8.224747089027011e-05,8.217216241914844e-05,0.0001054283906941,0.0001180581790706,0.0001166003987733,9.409772048272131e-05,0.0001640419947506,9.376794777125309e-05,0.0001871235600257,5.86792474973301e-05,7.006890108606797e-05,0.0001406964474147,0.0001284146626196,7.024445068839562e-05,7.01024664384442e-05,7.02683078220338e-05,4.689936568607909e-05,0.0001409459824522,5.865928341819376e-05,9.375915616759449e-05,8.190870689554301e-05,0.0001058773704766,0.000118489027916,7.1086678356476e-05,9.477325498744255e-05,5.922767116796968e-05,4.737764722603875e-05,9.474631673693683e-05,0.0001302638434939,0.0001184104580116,0.0001183992422448,0.0001302268314628,9.470145366731381e-05,0.0001065290469201,5.917720020830375e-05,4.733727810650888e-05,8.283239456619491e-05,5.9160395664726205e-05,0.0001064786332875,8.280887711162638e-05,9.462976105985331e-05,0.0001301036097837,7.095889114906098e-05,0.0001182536303864
0,0,0,0,0,0,0,0,0,0,0,0,0,0,0,0,0,0,0,0,0.0,0.0,0.0,0.0,0.0,0.0,0.0,0.0,0.0,0.0,0.0,0.0,0.0,0.0,0.0,0.0,0.0,0.0,0.0,0.0,0.0,0.0,0.0,0.0,0.0,0.0,0.0,0.0,0.0,0.0,0.0,0.0,0.0,0.0,0.0,0.0,0.0,0.0,0.0,0.0,0.0,0.0,0.0,0.0,0.0,0.0,0.0,0.0,0.0,0.0,0.0,0.0,0.0,0.8272754295226205,0.0770608035522452,0.0264925816023738,0.0140715960904296,0.009257174013536,0.0080171983751811,0.0072431931795243,0.0058890577507598,0.0034863105791083,0.002087138012001,0.0014801375095492,0.0007514402604992,0.0006663969345741,0.0004529309399508,0.0003817021530387,0.0004655326768128,0.0003697651394968,0.0003330954080418,0.0003535192844769,0.00041787053177,0.0002142882653364,0.0003564892934382,0.0003450819867202,0.0004134183793999,0.0002833195608546,0.0003099333643266,0.0004295686414891,0.0002004102515738,0.0003082102468052,0.0002484736617918,0.000201615294299,0.0001667480555985,0.000237369001982,0.0002251771788854,0.0002366779877637,0.0002255005518829,0.0002832493420353,0.0002843366071534,0.0002253133634541,0.0003195568811248,0.000213556064399,0.00037834897964,0.0004509582863585,0.0002133864428479,0.0002345655845374,0.0003190810465858,0.0002239509665252,0.0003907221255283,0.0002834768434853,0.0003795336480299,0.0002733961748309,0.0002860821055642,0.0002959245274085,0.0004502369668246,0.0002613292154184,0.0003192017591563,0.0002707411243996,0.0003301147148634,0.0003096233313088,0.0002707538729575,0.0002840976348871,0.0002717680282638,0.0002729030956703,0.0003192168546499,0.0002847785846504,0.0003078088743666,0.000271537017579,0.0002724731080888,0.0002701686792275,0.0003432236990046,0.000284023668639,0.0001645684193203,0.0002002969107147,0.0002356267672007,0.0001414293795964,0.0002834601029905,0.0001782912565967,0.0001996781657798,0.000176832574918,0.0001772107035264,0.0002594890424854,0.0002481946791788,0.0002003889903931,0.0002124696050426,0.0001650359542614,0.0001997649823736,0.0001997039682353,0.0002588083053938,0.0002246022176513,0.0001408533364634,0.0002124495432334,0.0002936892063342,0.0002006089070354,0.0002471256928345,0.0001650534655332,0.0001300913004399,0.000247737916878,0.0001304538608413,0.000141559513979,0.0001893222264293,0.0002453414334949,0.0002371578997296,0.0002011429653205,0.0001285902996153,0.0001875402918595,0.0001889644746787,0.0001184230782894,0.0001878838408154,0.0002001365637729,0.0001290791959539,7.092953151044438e-05,0.0002120441051738,0.0001292217327459,0.0001173529860467,0.0001171536352773,0.0001409194997357,0.0001991051978168,0.0001420151956259,8.175564405928451e-05,0.0001286895890122,0.0001289097748766,0.0001174715425188,0.0001059010413602,0.0001409956643833,0.0001408665641471,0.0001757139844903,8.264072534945221e-05,0.0001282604386507,0.0001764332259051,0.0001406074240719,5.860496735703319e-05,5.847611250804047e-05,0.0001643018929925,8.17470512670793e-05,7.034822370735139e-05,7.004436142890498e-05,7.024445068839562e-05,0.000116837444064,0.000140536615644,0.0001055235727936,0.0001409459824522,0.00012905042352,4.6879578083797245e-05,8.190870689554301e-05,9.41132182014964e-05,0.000118489027916,0.0001184777972607,7.107994124058191e-05,9.476427386875149e-05,5.9222059032548445e-05,4.737315836846843e-05,9.47373407228459e-05,0.0001302515038128,0.0001183992422448,0.0001183880286025,0.0001302144987925,9.469248615122389e-05,0.0001065189603749,5.9171597633136094e-05,4.7332796894968525e-05,8.282455393061667e-05,5.9154796270881645e-05,0.0001064685562863,8.280104092737166e-05,9.462080711548467e-05,0.0001300913004399,7.095217823187172e-05
0,0,0,0,0,0,0,0,0,0,0,0,0,0,0,0,0,0,0,0,0.0,0.0,0.0,0.0,0.0,0.0,0.0,0.0,0.0,0.0,0.0,0.0,0.0,0.0,0.0,0.0,0.0,0.0,0.0,0.0,0.0,0.0,0.0,0.0,0.0,0.0,0.0,0.0,0.0,0.0,0.0,0.0,0.0,0.0,0.0,0.0,0.0,0.0,0.0,0.0,0.0,0.0,0.0,0.0,0.0,0.0,0.0,0.0,0.0,0.0,0.0,0.0,0.0,0.0,0.8257299052257155,0.076807121661721,0.0269884165287682,0.0138679815567698,0.0093237047770624,0.0072669413538834,0.0074800531914893,0.0056994633699415,0.0037117852145245,0.0021366501145912,0.0016340843760063,0.0007853963871766,0.0005363655867839,0.0005367686527106,0.0003581020590868,0.0003816930472225,0.0005115393766357,0.0003770872367754,0.0003701138995678,0.0003452422052643,0.000392138222782,0.0004878745329493,0.0003307347035199,0.0002951245425569,0.0003218538783392,0.0002863790943261,0.0002829321198689,0.000225230564973,0.0002248095035259,0.0003795111422099,0.0002858538095975,0.0003085797025766,0.0002962857616914,0.0002840135853164,0.0002848428023784,0.0001888328946902,0.0002369471726278,0.0003438993442195,0.0002958860010415,0.0002610129675987,0.000236468112275,0.0003085504064558,0.0003674988737937,0.0002932069806717,0.000330898863126,0.0003418198962753,0.0003670419967084,0.0003661575895019,0.0004032545010318,0.0002971697552509,0.0003337624564916,0.0003906203761792,0.0003436018957345,0.0004038724238284,0.0002600903222755,0.0003649119502778,0.0002475860361475,0.000345349100306,0.0002354381503978,0.0002012358247117,0.0003544800368659,0.0002966337996416,0.0002837483152443,0.000166120841046,0.0002841312686461,0.0001770893592906,0.0002843197649623,0.000246675750599,0.0001656941995194,0.0003076923076923,0.0003291368386406,0.0001531682258406,0.0002945334590009,0.0001767867244955,0.0003188926158643,0.000309038178101,0.0002701528125256,0.0002357767665574,0.0002362809380353,0.0002123092165789,0.000271832267672,0.000259326928744,0.0003541160084043,0.0002121890840504,0.0002702702702702,0.000258440429481,0.0002117522498676,0.0002718868950516,0.0001995422266564,0.0001888440384297,0.0001997086603073,0.0001652073352056,0.0002235899125645,0.0001532639322809,0.0002247031553053,0.000165158611252,0.0001778916284199,0.0001887460186386,9.46611132146914e-05,0.0001869268064723,0.0001778684247972,0.0001064874522285,0.0001519703540909,0.000105491414171,0.000141723356009,0.0001184230782894,0.0001643983607134,0.0001295001295001,0.0001173447235945,0.0001300374744358,0.0001295825087173,0.0002114537444933,0.0001290882846514,0.0001522997258604,0.0001056896248018,0.0001288327750579,0.0001538497952614,0.0001518319103958,8.189337482597658e-05,0.0002109432679799,7.048292551129489e-05,0.0001529681708536,0.0001527453030819,0.0001173888034559,9.371412506149987e-05,0.0001062523611635,0.0001632405582827,0.000141146580724,0.0001171728533933,9.376794777125309e-05,9.356178001286473e-05,0.0001056226454951,0.0001051033516291,9.379763160980184e-05,0.0001050665421433,9.365926758452749e-05,0.0001285211884704,7.02683078220338e-05,0.0001055235727936,0.0001174549853768,5.865928341819376e-05,7.031936712569587e-05,5.850621921110214e-05,0.0001411698273022,8.29423195412105e-05,0.0001184777972607,0.0001184665687343,7.107320540156361e-05,9.47552944520775e-05,5.9216447960585527e-05,4.736867036142295e-05,9.472836640932126e-05,0.0001302391664693,0.0001183880286025,0.0001183768170841,0.0001302021684579,9.4683520333286e-05,0.0001065088757396,5.9165996118710656e-05,4.732831653178096e-05,8.281671477923428e-05,5.9149197936875975e-05,0.0001064584811923,8.27932062260491e-05,9.461185486541464e-05,0.000130078993425
0,0,0,0,0,0,0,0,0,0,0,0,0,0,0,0,0,0,0,0,0.0,0.0,0.0,0.0,0.0,0.0,0.0,0.0,0.0,0.0,0.0,0.0,0.0,0.0,0.0,0.0,0.0,0.0,0.0,0.0,0.0,0.0,0.0,0.0,0.0,0.0,0.0,0.0,0.0,0.0,0.0,0.0,0.0,0.0,0.0,0.0,0.0,0.0,0.0,0.0,0.0,0.0,0.0,0.0,0.0,0.0,0.0,0.0,0.0,0.0,0.0,0.0,0.0,0.0,0.0,0.8281305637982195,0.0780247383897427,0.0270010786207877,0.0136232985723448,0.0095467660923566,0.0082399316109422,0.0072343919184227,0.0057040533168892,0.00350935828877,0.0023020312742279,0.0015945926648737,0.0008224272330687,0.0004771276912983,0.0004058490002984,0.0005129000322053,0.0005234356412086,0.0004006551890738,0.0003939922156689,0.0003809569161537,0.0003446063169902,0.0003212832290154,0.0003071107961256,0.0004485893046865,0.0003456949063643,0.0004057037169619,0.0003772428264918,0.0002963560065435,0.0003076340574565,0.0003795111422099,0.000226300932598,0.0002967112524775,0.0002962857616914,0.000319515283481,0.0001898952015856,0.0002596452301991,0.0002369471726278,0.0002608891576837,0.0002840505609998,0.0003559267739983,0.0002719383291163,0.0002848157598053,0.0002845152571306,0.0002814787014449,0.0003072632300456,0.0003536067892503,0.0002841615458388,0.0003897806597923,0.0002372085300187,0.0003328301258811,0.0004052829828827,0.0003787833950829,0.0003199052132701,0.00028508641682,0.000295557184404,0.0003413692438082,0.0003536943373536,0.0003096233313088,0.0002825257804774,0.0002604228319799,0.0003072160319504,0.0003322298555986,0.0003665082405239,0.000355973230813,0.0002841312686461,0.000271537017579,0.0002606264512154,0.0002584222149133,0.0002722118992105,0.0002248520710059,0.0001293037580374,0.0003063364516813,0.0003770028275212,0.0001767867244955,0.0004370009921103,0.0002614938430086,0.0001996781657798,0.0002357767665574,0.000248094984937,0.0001533344341959,0.0002481946791788,0.0002121765780632,0.0002006657380958,0.0002004008016032,0.0002350176263219,0.0002349458449827,0.0002117522498676,0.0002127810483012,0.0002464933388109,0.0002714633052427,0.0003054367745876,0.0002006089070354,0.0001294467914847,0.0001650534655332,0.0001419177822981,0.0002949260915214,0.0001778916284199,0.0001651527663088,0.0001538243089738,0.0001869268064723,0.0001660105298107,0.0001301513305015,0.0001753504085664,9.37701459297896e-05,0.000224395313681,0.0001894769252631,0.0001643983607134,0.0001883638247274,0.0001877515577512,5.910794292537032e-05,5.890114032607671e-05,9.397944199706314e-05,0.0001525588818607,0.0001640150893882,0.000199635957959,8.19844932187112e-05,9.467679708395464e-05,0.0001518319103958,0.0001637867496519,8.203349310332704e-05,0.000199701622282,0.0001765017356004,0.0001292460256847,0.0001173888034559,0.0001054283906941,0.0001770872686059,0.000104940358896,9.409772048272131e-05,0.0001171728533933,5.860496735703319e-05,5.847611250804047e-05,0.0001056226454951,0.0001051033516291,8.207292765857662e-05,5.837030119075415e-05,0.0001053666760325,0.0001518886772832,4.6845538548022525e-05,0.0001289732556367,0.0001526914809899,0.0001055867101527,8.203926164664518e-05,4.680497536888171e-05,0.0001411698273022,0.0001066401251244,8.293445808255533e-05,0.0001184665687343,0.0001184553423359,7.106647083905813e-05,9.474631673693683e-05,5.9210837951778695e-05,4.736418320466063e-05,9.471939379587969e-05,0.0001302268314628,0.0001183768170841,0.000118365607689,0.0001301898404582,9.467455621301776e-05,0.0001064987930136,5.9160395664726205e-05,4.732383701670532e-05,8.280887711162638e-05,5.914360066240833e-05,0.0001064484080049,8.278537300723781e-05,9.460290430916229e-05
0,0,0,0,0,0,0,0,0,0,0,0,0,0,0,0,0,0,0,0,0.0,0.0,0.0,0.0,0.0,0.0,0.0,0.0,0.0,0.0,0.0,0.0,0.0,0.0,0.0,0.0,0.0,0.0,0.0,0.0,0.0,0.0,0.0,0.0,0.0,0.0,0.0,0.0,0.0,0.0,0.0,0.0,0.0,0.0,0.0,0.0,0.0,0.0,0.0,0.0,0.0,0.0,0.0,0.0,0.0,0.0,0.0,0.0,0.0,0.0,0.0,0.0,0.0,0.0,0.0,0.0,0.8250336313527542,0.0780162859885974,0.0277810770363683,0.013975800610328,0.0099852773556231,0.0077698321097533,0.006925503403458,0.0056579449961802,0.003387444983838,0.0021538900921055,0.0018832391713747,0.0008230452674897,0.0005371530886302,0.0004174767703997,0.0004044729954794,0.0002945994037308,0.0003462355834666,0.0002738127834855,0.0002495425054067,0.0002855850924581,0.0004842901015828,0.0004131743595797,0.0003695359343894,0.0002983115565897,0.0003418763115082,0.0002845017662817,0.0002839698991906,0.0004388097581802,0.0002977643849974,0.0002729743522793,0.0002844343312237,0.0002840135853164,0.0002967112524775,0.0002714472861172,0.0004738943452557,0.0002134547653776,0.0002840505609998,0.0003559267739983,0.0002482915178888,0.0002729484364801,0.0002489508499893,0.0003049352598986,0.000330898863126,0.0003182461103253,0.0002604814170189,0.0002598537731949,0.0003320919420262,0.0002971697552509,0.0002741620178324,0.0002840875463121,0.0003080568720379,0.0002732078161192,0.0002364457475232,0.0003060551841039,0.0002593758473926,0.0004048920486346,0.0002942976879973,0.0003551220436089,0.0003544800368659,0.0003440952075843,0.0003073940081814,0.0002729128102899,0.0002486148600653,0.0003069548894372,0.0002843197649623,0.000293661607856,0.0001775294994851,0.0002485207100591,0.0002703624031691,0.0003299007941183,0.0002238454288407,0.0001767867244955,0.0002244059148674,0.0001782912565967,0.000258407038068,0.0002357767665574,0.0002362809380353,0.0002594890424854,0.0001891007079457,0.0002946896917545,0.0003541160084043,0.0001886125191559,0.0001880141010575,0.0001527147992387,0.0001529321804599,0.0002364233870014,0.0001995422266564,0.0002124495432334,0.0001997086603073,0.0002242099549219,0.0002235899125645,0.0001414743990285,0.0002956620464544,0.0002713320041997,0.0001304538608413,0.0001533561401439,0.0001893222264293,0.0001752438810678,0.0001422947398377,0.0002011429653205,0.0001636603813286,0.0001992615601008,8.267195767195767e-05,0.0001421076939473,0.0001291701405605,0.0001412728685455,0.0001290791959539,0.0002482533602865,0.000164923192913,8.223201174743025e-05,0.0001877647776747,0.0001522997258604,0.0001761493746697,0.0001288327750579,0.0001420151956259,0.000186870043564,0.0001169905354656,8.203349310332704e-05,8.223007976317738e-05,0.0001882685179737,0.0001057467482874,8.217216241914844e-05,0.0001874282501229,0.0001180581790706,0.0001515805184053,8.233550542238113e-05,0.0001171728533933,0.0001406519216568,0.0001052570025144,9.388679599572815e-05,4.671260072404531e-05,0.0001406964474147,7.004436142890498e-05,0.0001053666760325,9.346995525125891e-05,8.197969245903942e-05,9.379873137215817e-05,0.0001409459824522,0.0001055867101527,8.203926164664518e-05,8.190870689554301e-05,0.0001058773704766,7.109341674960899e-05,0.0001066300175347,8.292659811401223e-05,0.0001184553423359,0.000118444118065,7.105973755270264e-05,9.47373407228459e-05,5.92052290058258e-05,4.7359696897939847e-05,9.471042288203816e-05,0.0001302144987925,0.000118365607689,0.0001183544004166,0.0001301775147928,9.466559378993704e-05,0.0001064887121965,5.9154796270881645e-05,4.731935834950078e-05,8.280104092737166e-05,5.9138004447177925e-05,0.0001064383367235,8.277754127051701e-05
0,0,0,0,0,0,0,0,0,0,0,0,0,0,0,0,0,0,0,0,0.0,0.0,0.0,0.0,0.0,0.0,0.0,0.0,0.0,0.0,0.0,0.0,0.0,0.0,0.0,0.0,0.0,0.0,0.0,0.0,0.0,0.0,0.0,0.0,0.0,0.0,0.0,0.0,0.0,0.0,0.0,0.0,0.0,0.0,0.0,0.0,0.0,0.0,0.0,0.0,0.0,0.0,0.0,0.0,0.0,0.0,0.0,0.0,0.0,0.0,0.0,0.0,0.0,0.0,0.0,0.0,0.0,0.8248367252598765,0.0742927049433451,0.0263604735385967,0.0138440349544072,0.009138179265376,0.0073761354742309,0.0070545263559969,0.005916101098534,0.003403384344432,0.0022765739350163,0.0016341623426969,0.0006684571769621,0.0004890442167539,0.000463954318344,0.0004360071175215,0.0004536880059218,0.0002976225907451,0.0003327233405423,0.0003926795021299,0.0003897944720056,0.0003777594144729,0.0002741718222889,0.0002983115565897,0.0002357767665574,0.0002963560065435,0.0003076340574565,0.0003320722494336,0.0002501220833978,0.0002611059021802,0.0002607314702884,0.0003431830822574,0.0003323166027748,0.0002124370065265,0.0003554207589417,0.0002964649519133,0.0001775316006249,0.0002966056449986,0.0002955851403438,0.0002848157598053,0.0003319344666524,0.0003401200975792,0.0002127206977238,0.0003064592173503,0.0002960016102487,0.0003425345192114,0.0003439523685271,0.0003447169160911,0.0004648834215419,0.0002249026408304,0.0002962085308056,0.0003801152224267,0.0004728914950464,0.0003766833035125,0.0003654841485987,0.0002262632036487,0.000329613410557,0.0003077724377944,0.0004017440417813,0.0003084991516273,0.0002364569293703,0.0002966443590108,0.000236776057205,0.0003423727612953,0.0003198597355826,0.0002819151435417,0.0003787295989016,0.0002366863905325,0.000305627064452,0.0002709899380257,0.0003887841658812,0.0002121440693946,0.0002244059148674,0.0002971520943279,0.0001996781657798,0.0002475656048852,0.0002599090318388,0.0002241041730556,0.000271832267672,0.0002475393410738,0.0002124696050426,0.0001414593893669,0.0001880141010575,0.0001879566759861,0.0003058643609199,0.000165496370901,0.0002347555607723,0.0003186743148502,0.0001762135238005,0.0002242099549219,0.0002235899125645,0.0002004220652904,0.0002128766734471,0.0003067231351823,0.0002134699541039,0.0002005426448035,0.0001774895872775,0.0001518780302587,0.0001067210548783,0.000165647147911,0.0001519703540909,0.0001172126824122,0.0001062925170068,0.0001657923096052,0.0001174274005096,0.0001412728685455,0.0001173447235945,0.0001536806516059,0.0001178022806521,0.0001644640234948,0.000140823583256,0.0001405843623327,0.0001174329164464,9.369656367852708e-05,0.0001420151956259,8.175564405928451e-05,0.000187184856745,9.375256354665949e-05,0.0001174715425188,0.0002000353003471,0.0001057467482874,0.0001408665641471,8.19998594288124e-05,8.264072534945221e-05,0.0001515805184053,0.0001646710108447,0.0001406074240719,0.0001054889412426,0.000116952225016,0.0001056226454951,0.0001167815018101,8.207292765857662e-05,0.0001517627830959,0.0001521963098248,0.0001752561660961,0.00011711384637,0.0001993223041658,0.0001761824780652,0.0001173185668363,0.0001523586287723,7.020746305332257e-05,0.000129405675027,7.109341674960899e-05,7.1086678356476e-05,0.0001066199118608,8.291873963515753e-05,0.000118444118065,0.0001184328959211,7.105300554213443e-05,9.472836640932126e-05,5.9199621122424815e-05,4.735521144101908e-05,9.470145366731381e-05,0.0001302021684579,0.0001183544004166,0.0001183431952662,0.0001301651914611,9.465663306356192e-05,0.0001064786332875,5.9149197936875975e-05,4.7314880529926657e-05,8.27932062260491e-05,5.913240929088415e-05,0.0001064282673478
0,0,0,0,0,0,0,0,0,0,0,0,0,0,0,0,0,0,0,0,0.0,0.0,0.0,0.0,0.0,0.0,0.0,0.0,0.0,0.0,0.0,0.0,0.0,0.0,0.0,0.0,0.0,0.0,0.0,0.0,0.0,0.0,0.0,0.0,0.0,0.0,0.0,0.0,0.0,0.0,0.0,0.0,0.0,0.0,0.0,0.0,0.0,0.0,0.0,0.0,0.0,0.0,0.0,0.0,0.0,0.0,0.0,0.0,0.0,0.0,0.0,0.0,0.0,0.0,0.0,0.0,0.0,0.0,0.8295009145544812,0.0780008786824512,0.0266907294832826,0.0136239782016348,0.0092142399734364,0.0079617074102368,0.0066317584894857,0.0059499726301259,0.0035876898138215,0.0023856384564919,0.0019098776484631,0.0010615837875878,0.0004282655246252,0.0003417353083277,0.0004656271639723,0.0003333373016345,0.0003802552463341,0.0004640757752445,0.000425230333097,0.0003541494510683,0.0003695359343894,0.0003699063301712,0.0003536651498361,0.0003082102468052,0.0003431302948554,0.0004388097581802,0.0002620326587977,0.0002255005518829,0.0002488800398208,0.0002130101889873,0.0003916588532703,0.0002950513979535,0.0003672681175731,0.0003794751384491,0.0002840505609998,0.0002610129675987,0.0003428787627988,0.0003916216697323,0.0001185480238044,0.0002932069806717,0.0003190810465858,0.0002357378595002,0.0003433618678885,0.0002834768434853,0.0003083710890243,0.0004398112377714,0.0003933628951509,0.0003077615085048,0.0003791469194312,0.0002732078161192,0.0002009788853947,0.0002707411243996,0.00048338226105,0.0003929834589689,0.0004473324857559,0.0003551220436089,0.0003072160319504,0.0003203645036129,0.0002482797758388,0.0003322416820921,0.0004498745086896,0.0003777906331534,0.0002961664218357,0.0002819151435417,0.0002248706993478,0.0003076923076923,0.0002586075160748,0.0002238612531517,0.0003652214891611,0.0002828587591929,0.0003070817782397,0.0002852660105548,0.0003053901358986,0.0001650437365901,0.0003307933132494,0.0002005142601023,0.0003545638273983,0.0002239641657334,0.0002124696050426,0.0002829187787339,0.0002115158636897,0.0003054295984775,0.0001999882359861,0.0001891387096011,0.0002230177827337,0.0001770412860279,0.0002466989333208,0.0001770078591489,0.0003530367040493,0.0001768429987856,0.0001064383367235,0.000247737916878,0.0001778916284199,9.437300931933465e-05,0.0001893222264293,0.0001869268064723,0.0002253000047431,0.0002248068435935,0.0001402803268531,0.000105491414171,0.0001653439153439,0.0001302653861184,0.0001878838408154,0.0001295001295001,0.0001642826130323,0.0001182158858507,0.0001767034209782,0.000223201174743,0.000105617687442,0.0001522997258604,9.394633315718397e-05,9.369656367852708e-05,0.0001893535941679,7.007626633652958e-05,0.0001169905354656,0.0001757860566499,0.0001057243882669,0.000164734953227,7.04978321916601e-05,0.000199560965875,0.0001757139844903,0.0001062523611635,6.996023926401828e-05,8.233550542238113e-05,0.0001406074240719,0.000117209934714,9.356178001286473e-05,8.215094649626212e-05,0.0001167815018101,0.0001641458553171,0.0001400887228578,0.0001639037182729,0.0001986236549089,0.000128825231007,0.0001406980970582,0.0001292004839145,9.385485346911001e-05,0.0001171989452094,5.850621921110214e-05,0.0001176415227518,7.109341674960899e-05,7.1086678356476e-05,7.107994124058191e-05,0.0001066098081023,8.29108826455678e-05,0.0001184328959211,0.0001184216759035,7.104627480699095e-05,9.471939379587969e-05,5.9194014301273845e-05,4.73507268336569e-05,9.469248615122389e-05,0.0001301898404582,0.0001183431952662,0.0001183319922374,0.0001301528704623,9.464767403341065e-05,0.0001064685562863,5.914360066240833e-05,4.731040355774234e-05,8.278537300723781e-05,5.912681519322642e-05
0,0,0,0,0,0,0,0,0,0,0,0,0,0,0,0,0,0,0,0,0.0,0.0,0.0,0.0,0.0,0.0,0.0,0.0,0.0,0.0,0.0,0.0,0.0,0.0,0.0,0.0,0.0,0.0,0.0,0.0,0.0,0.0,0.0,0.0,0.0,0.0,0.0,0.0,0.0,0.0,0.0,0.0,0.0,0.0,0.0,0.0,0.0,0.0,0.0,0.0,0.0,0.0,0.0,0.0,0.0,0.0,0.0,0.0,0.0,0.0,0.0,0.0,0.0,0.0,0.0,0.0,0.0,0.0,0.0,0.8257240224657729,0.0763321618541033,0.0266292255155099,0.0136138320328249,0.0093463521772345,0.008015362778659,0.0069852678677678,0.0061026484540751,0.0036500268384326,0.0022918531781557,0.0017295466202273,0.0006780870806566,0.0006009827836108,0.0005730795864275,0.0004047667234133,0.0003208403640943,0.0002974844713105,0.000425230333097,0.000342344469366,0.0002980128503141,0.000346041405644,0.0002121990899016,0.0003793356883757,0.0003786265322542,0.0003795111422099,0.0004526018651961,0.0002255005518829,0.0002370286093531,0.0003431830822574,0.0002492374520811,0.0002950513979535,0.000213252455365,0.000355757942296,0.0002840505609998,0.0003321983223984,0.0003192319515713,0.0002848157598053,0.0003200796642719,0.0002462938637643,0.0003545344962064,0.0002121640735502,0.0002841615458388,0.0002598537731949,0.0002965106625234,0.000320943335671,0.0002860821055642,0.0003314354706975,0.0003080568720379,0.0003444794203242,0.0003310240465325,0.0003884546567473,0.0003419045261085,0.0003691662796375,0.0004237886707162,0.0002604228319799,0.0003072160319504,0.0004390180234696,0.0002837483152443,0.0003678390051734,0.0003314864800871,0.0003069548894372,0.0003553997062029,0.0001644505003993,0.0002248706993478,0.0002130177514792,0.0002115879676975,0.0002592077668072,0.0002945334590009,0.0003653592306241,0.0002952709406151,0.0001782912565967,0.0003406274592715,0.0002947209581967,0.0003071652194459,0.0002358991295322,0.0002245570906856,0.0002829021040843,0.0002360773389362,0.0002593422138394,0.000246768507638,0.0002936823062284,0.0002235162637491,0.0001891387096011,0.0002230177827337,0.0001888440384297,0.0001997086603073,0.0002242099549219,0.0001882862421596,0.0002357906650475,0.0001419177822981,0.0001415645239303,0.0002253293959986,0.0002477291494632,0.0001656569481257,0.0001285121794497,0.0001422947398377,0.000141983269638,0.0001636603813286,0.0001640977553771,0.000224395313681,0.000213161540921,0.0001409128806115,0.0001059546514091,0.0001408136683134,0.0002127885945313,0.0001178022806521,0.0001409691629955,0.0001642941804654,0.0001054382717495,0.0002113792496036,0.0001288327750579,7.100759781296599e-05,0.0001751906658413,0.0001403886425588,0.0001757860566499,9.397723401505984e-05,8.236747661352003e-05,0.0001409956643833,0.0001526054444927,0.0001288569219595,9.44465432565168e-05,8.162027914135465e-05,0.0001646710108447,0.0001640419947506,7.032596082843982e-05,0.0001286474475176,0.0001290943444941,8.17470512670793e-05,0.000105522335561,0.0001751109035722,0.0001404889013767,5.841872203203683e-05,0.000128825231007,0.0001172484142151,5.872749268842716e-05,0.00012905042352,5.859947260474656e-05,0.0001053111945799,0.0001646981318526,0.0002251291530404,7.1086678356476e-05,7.107994124058191e-05,7.107320540156361e-05,0.0001065997062585,8.290302714481975e-05,0.0001184216759035,0.0001184104580116,7.103954534690977e-05,9.471042288203816e-05,5.918840854207112e-05,4.734624307561195e-05,9.4683520333286e-05,0.0001301775147928,0.0001183319922374,0.0001183207913294,0.0001301405517959,9.463871669900156e-05,0.0001064584811923,5.9138004447177925e-05,4.730592743270732e-05,8.277754127051701e-05
0,0,0,0,0,0,0,0,0,0,0,0,0,0,0,0,0,0,0,0,0.0,0.0,0.0,0.0,0.0,0.0,0.0,0.0,0.0,0.0,0.0,0.0,0.0,0.0,0.0,0.0,0.0,0.0,0.0,0.0,0.0,0.0,0.0,0.0,0.0,0.0,0.0,0.0,0.0,0.0,0.0,0.0,0.0,0.0,0.0,0.0,0.0,0.0,0.0,0.0,0.0,0.0,0.0,0.0,0.0,0.0,0.0,0.0,0.0,0.0,0.0,0.0,0.0,0.0,0.0,0.0,0.0,0.0,0.0,0.0,0.8252042173252279,0.0769130088169151,0.0263382586628086,0.0144790870893812,0.0096733024010305,0.0080681628864507,0.0067582063934777,0.0053557583348243,0.0034139062966278,0.0022543745601584,0.0015940994527718,0.0009191501396401,0.0005014446381241,0.0004285765306729,0.0005347339401573,0.0003450819867202,0.0003189227498228,0.0003305394876637,0.000381456448402,0.0003341089433804,0.0001886214132459,0.0002963560065435,0.0003431302948554,0.0003320722494336,0.0003811384127967,0.0003323166027748,0.0003910972054326,0.000319515283481,0.0002492374520811,0.0003186555097898,0.0003198786830476,0.0003320407461429,0.0002958860010415,0.0002966056449986,0.0002719383291163,0.0002966830831305,0.0003082248618915,0.0002462938637643,0.0002718097804249,0.0004361150400754,0.0003078416746587,0.0002007960974687,0.0003795336480299,0.0002971697552509,0.0003695227196872,0.0004024573572756,0.0004146919431279,0.0003444794203242,0.0004492469202941,0.0004119973632168,0.0004480128273146,0.0003215319209745,0.0002825257804774,0.0004024716494235,0.0004135600430102,0.0003084991516273,0.0002837483152443,0.0004034363282547,0.0002959700715063,0.0002361191457209,0.0003198597355826,0.000293661607856,0.0002958824991419,0.0002958579881656,0.0004701954837723,0.0003063364516813,0.0003063147973609,0.0002003582877616,0.0003661359663627,0.000309038178101,0.0001996781657798,0.0002121990899016,0.0003189792663476,0.0004010285202047,0.0002600134734254,0.0003064772794247,0.0003069005406171,0.0002593422138394,0.0001762632197414,0.0002466931372318,0.0001882242221045,0.0002009598789512,0.0001408533364634,0.000165238533626,0.000129223250787,0.0002832125746383,0.0002235899125645,0.0002004220652904,0.0001419177822981,0.0002359408732171,0.0002016105122092,0.0002241358971334,0.0001774895872775,0.0001401951048542,0.0001422947398377,0.0001774790870475,0.0001870404358042,5.8606341206118495e-05,0.0002716364323507,0.000213161540921,0.0001409128806115,0.0002472275199547,0.0002112205024701,0.0001418590630208,0.000164923192913,0.0002114537444933,0.0001525588818607,0.0001874458164436,0.000164406083025,0.000187393127357,0.0002248573930743,0.0001284731549503,0.0001754858031985,0.0001523479157633,0.0001409658510225,0.0001529681708536,0.0001644949417805,8.217216241914844e-05,0.0001874282501229,0.0001180581790706,0.0001515805184053,0.0001293843656637,0.0001406074240719,7.032596082843982e-05,0.0001286474475176,0.000152566043493,0.0001051033516291,0.000105522335561,0.0001634368433341,8.195185913646153e-05,0.0001285211884704,0.000175670769555,0.0001289732556367,0.0001409459824522,0.0001055867101527,0.0001054790506885,9.360995073776342e-05,9.41132182014964e-05,0.0001540357362908,0.0002251078147955,7.107994124058191e-05,7.107320540156361e-05,7.106647083905813e-05,0.000106589606329,8.289517313249018e-05,0.0001184104580116,0.0001183992422448,7.103281716152862e-05,9.470145366731381e-05,5.9182803844514935e-05,4.7341760166643e-05,9.467455621301776e-05,0.0001301651914611,0.0001183207913294,0.0001183095925417,0.0001301282354611,9.462976105985331e-05,0.0001064484080049,5.913240929088415e-05,4.730145215458114e-05
0,0,0,0,0,0,0,0,0,0,0,0,0,0,0,0,0,0,0,0,0.0,0.0,0.0,0.0,0.0,0.0,0.0,0.0,0.0,0.0,0.0,0.0,0.0,0.0,0.0,0.0,0.0,0.0,0.0,0.0,0.0,0.0,0.0,0.0,0.0,0.0,0.0,0.0,0.0,0.0,0.0,0.0,0.0,0.0,0.0,0.0,0.0,0.0,0.0,0.0,0.0,0.0,0.0,0.0,0.0,0.0,0.0,0.0,0.0,0.0,0.0,0.0,0.0,0.0,0.0,0.0,0.0,0.0,0.0,0.0,0.0,0.8266006687053055,0.0763109835637881,0.0264514896867838,0.0139195362540106,0.0098174548397077,0.0077594221554745,0.0066678594858949,0.0057057594747836,0.003566444409986,0.0020818463002617,0.0018736522077279,0.0010506459084505,0.0005119108560816,0.000594148822397,0.0004521763963921,0.0004370422867942,0.000424979341282,0.0004887410745151,0.0003818387924348,0.0003890316648197,0.0002370848052348,0.0002958019783236,0.0003320722494336,0.0004764230159959,0.0002848428023784,0.0002844343312237,0.0004141864785865,0.0002136321017838,0.0003068534538716,0.0003909628348359,0.000355757942296,0.0002840505609998,0.0002728771933987,0.0004138191964813,0.0003322850531062,0.0002608056523697,0.0003401200975792,0.0002718097804249,0.0002828854314002,0.0002012810949691,0.0002598537731949,0.0003320919420262,0.0003328301258811,0.0002741620178324,0.0003669464139865,0.0001658767772511,0.0003444794203242,0.000366490908661,0.0004002260099821,0.0003536943373536,0.0003215319209745,0.0004002448556764,0.0002959350363408,0.0003308480344081,0.0004034219675126,0.0002364569293703,0.0003203759077317,0.0003078088743666,0.0003541787185813,0.000248779794342,0.0003641403937414,0.0003313883990389,0.0003431952662721,0.000305627064452,0.0003181186228998,0.000318096135721,0.0003653592306241,0.0002480275901166,0.0002139495079161,0.0001879323913222,0.0002357767665574,0.0002362809380353,0.0001533344341959,0.000271832267672,0.0001650262273825,0.0003069005406171,0.0002829187787339,0.0002585193889541,0.0002819350139792,0.0001529321804599,0.0003073504031018,0.0003873466752743,0.0003068715624483,0.0003994173206146,0.0002596115267517,0.0002118220224295,0.000188632532038,0.0002483561190217,0.000247737916878,0.0002609077216826,0.0002005426448035,0.000283983339644,0.0001752438810678,0.000296447374662,0.0001064874522285,0.0001987304630419,0.0001523764871359,0.0001653439153439,0.0001302653861184,0.0001409128806115,0.0001177273904546,0.000234689447189,7.092953151044438e-05,0.0001884836490434,0.0001527165932452,0.0003051177637214,0.000128868998805,0.0001526627913804,0.0001054086341383,0.0001775189945324,0.000186870043564,0.0001403886425588,0.0001992241975366,0.0001057243882669,0.0001176678237336,0.0001644949417805,0.0001173888034559,0.0001522854532249,7.083490744238761e-05,0.000139920478528,0.0001176221506034,0.0001288901387326,0.0001406519216568,8.186655751125663e-05,0.0001408301939935,0.0001167815018101,0.0001993199671708,0.0001634368433341,0.0001170740844806,0.0001518886772832,0.00011711384637,0.0001289732556367,2.3490997075370863e-05,0.0001759778502545,8.203926164664518e-05,0.0001287136822644,5.882076137593525e-05,0.000118489027916,0.000154021136439,0.0002250864805951,7.107320540156361e-05,7.106647083905813e-05,7.105973755270264e-05,0.0001065795083132,8.288732060815609e-05,0.0001183992422448,0.0001183880286025,7.102609025048534e-05,9.469248615122389e-05,5.917720020830375e-05,4.733727810650888e-05,9.466559378993704e-05,0.0001301528704623,0.0001183095925417,0.0001182983958737,0.0001301159214572,9.462080711548467e-05,0.0001064383367235,5.912681519322642e-05
0,0,0,0,0,0,0,0,0,0,0,0,0,0,0,0,0,0,0,0,0.0,0.0,0.0,0.0,0.0,0.0,0.0,0.0,0.0,0.0,0.0,0.0,0.0,0.0,0.0,0.0,0.0,0.0,0.0,0.0,0.0,0.0,0.0,0.0,0.0,0.0,0.0,0.0,0.0,0.0,0.0,0.0,0.0,0.0,0.0,0.0,0.0,0.0,0.0,0.0,0.0,0.0,0.0,0.0,0.0,0.0,0.0,0.0,0.0,0.0,0.0,0.0,0.0,0.0,0.0,0.0,0.0,0.0,0.0,0.0,0.0,0.0,0.8287953893223917,0.0772775019098548,0.0258113765669914,0.0140181355165766,0.0089990226227085,0.0074312637919723,0.0077350044762757,0.0051767119529563,0.0035807756364501,0.0024157151105926,0.0019102652880918,0.0007619138323075,0.0004634360814696,0.0004283776386872,0.0004488542404913,0.0003541494510683,0.0003099333643266,0.0002505817075353,0.0002829321198689,0.0003319187273287,0.0004022906905201,0.000403230588598,0.0003811384127967,0.0003441850528739,0.0002370286093531,0.0003076813840928,0.0003916588532703,0.0004012699012167,0.0003672681175731,0.0002964649519133,0.0002722151209581,0.0002610129675987,0.00037834897964,0.0002492137898297,0.0002489508499893,0.000175924188403,0.0002954454135054,0.0002710985384252,0.000236801288199,0.000318911448921,0.0002490689565196,0.0002377358042007,0.0002622419301006,0.0002604135841195,0.0003791469194312,0.0003682366217259,0.0003073794717802,0.0004002260099821,0.0004126433935792,0.000214354613983,0.0002589819654376,0.0003077724377944,0.0004253760442391,0.0004983447833979,0.0003073940081814,0.0002610470359295,0.0004025192972486,0.0003423727612953,0.000331706392456,0.000293661607856,0.0004260707987643,0.0003668639053254,0.0003173819515463,0.0003063364516813,0.000329877474081,0.0002475014142937,0.0003307034534889,0.000309038178101,0.0003171359103562,0.0002829321198689,0.0003071652194459,0.0002594890424854,0.0003309262389051,0.0003300524547651,0.0002714889397766,0.0002004008016032,0.0003995299647473,0.0003289241829758,0.000329392388683,0.0003191715724519,0.0003638711191971,0.0001888440384297,0.0002466989333208,0.0001534068112624,0.0002824293632394,0.0002240011317951,0.0002128766734471,0.0001415645239303,0.0002609077216826,0.0001769493924737,0.0002721507004922,0.0001752438810678,0.0001541526348242,0.000189311026184,0.0001636603813286,0.0001640977553771,9.448223733938021e-05,0.0002013192330921,0.0001643983607134,0.000153045607591,0.0001994860301106,9.457270868059248e-05,0.0001295825087173,0.0001644640234948,0.0001173529860467,0.0001054382717495,9.394633315718397e-05,0.0001288327750579,0.0001301805959904,0.0001751906658413,0.0001637867496519,0.0001406288453199,0.0001409658510225,0.0001765017356004,0.0001879942191777,0.0001408665641471,0.0001171426563268,0.000188893086513,8.162027914135465e-05,0.0001176221506034,0.0001406074240719,0.0001640939085996,0.0001988187825273,0.0001056226454951,0.0001284596519911,0.0001406964474147,0.0001284146626196,0.0001053666760325,9.346995525125891e-05,7.02683078220338e-05,0.0001289732556367,0.0001057094868391,9.385485346911001e-05,0.0001054790506885,7.020746305332257e-05,0.0001176415227518,9.479122233281199e-05,0.0001184777972607,0.0001540065393545,0.0002250651504382,7.106647083905813e-05,7.105973755270264e-05,7.105300554213443e-05,0.0001065694122104,8.287946957139475e-05,0.0001183880286025,0.0001183768170841,7.101936461341793e-05,9.4683520333286e-05,5.9171597633136094e-05,4.7332796894968525e-05,9.465663306356192e-05,0.0001301405517959,0.0001182983958737,0.0001182872013248,0.0001301036097837,9.461185486541464e-05,0.0001064282673478
0,0,0,0,0,0,0,0,0,0,0,0,0,0,0,0,0,0,0,0,0.0,0.0,0.0,0.0,0.0,0.0,0.0,0.0,0.0,0.0,0.0,0.0,0.0,0.0,0.0,0.0,0.0,0.0,0.0,0.0,0.0,0.0,0.0,0.0,0.0,0.0,0.0,0.0,0.0,0.0,0.0,0.0,0.0,0.0,0.0,0.0,0.0,0.0,0.0,0.0,0.0,0.0,0.0,0.0,0.0,0.0,0.0,0.0,0.0,0.0,0.0,0.0,0.0,0.0,0.0,0.0,0.0,0.0,0.0,0.0,0.0,0.0,0.0,0.8243888464476699,0.0790801417001634,0.0270723754670728,0.0131945934348852,0.0094948410568378,0.0074127126230975,0.0071925283586006,0.0059124434927432,0.0039947679145897,0.0023281358198619,0.0018095453517303,0.0008318083513558,0.0004997739118018,0.0004488542404913,0.0004603942863888,0.000381456448402,0.0003818387924348,0.0003536651498361,0.0002845017662817,0.0002721378200577,0.0002727736334633,0.0004287807143963,0.0002848428023784,0.0002607314702884,0.0002485118871519,0.000356053502973,0.0003658637334623,0.0003791154762045,0.0003201821480664,0.0002485442408748,0.0003559267739983,0.00028376173473,0.0004390909630332,0.0002726604547502,0.0002462938637643,0.0003663523127466,0.0002593116454502,0.0003078416746587,0.0002834768434853,0.0003558127950281,0.0004279244475614,0.0003337624564916,0.0003314354706975,0.0002962085308056,0.0003088436182217,0.0002837348970278,0.0003295978905735,0.0003065350923731,0.000345349100306,0.0004237886707162,0.0002959350363408,0.0003544800368659,0.0003203645036129,0.0002246340829017,0.0003441074564526,0.0003670028886678,0.000271537017579,0.0002843197649623,0.000293661607856,0.0003195530990732,0.0003076923076923,0.0002586075160748,0.0004123759926479,0.0003063147973609,0.0003064303224589,0.0002598384277412,0.0002852660105548,0.0003523732337291,0.0002947209581967,0.0002126528442317,0.0003066688683918,0.0003072886504118,0.0002829021040843,0.0002832928067234,0.0002829187787339,0.0003525264394829,0.000258440429481,0.0002705723192753,0.0001891387096011,0.0003756088972357,0.0002360550480372,0.0001879610920539,0.0002006089070354,0.0001882862421596,0.0003536859975713,0.0002838355645962,0.0002831290478606,0.0003083454892612,0.0001179662616491,0.0002366527830367,0.0001986097318768,0.0001660105298107,0.0001538152087745,0.0001285902996153,0.000105491414171,0.0001181027966742,0.000213161540921,0.0002818257612231,0.0002236820418638,0.0001877515577512,0.0002009670059462,0.000164923192913,0.0001292217327459,0.0001995000762794,0.000128868998805,0.0001761493746697,0.0001405448455177,0.0002011881938034,0.0001051143995047,0.000187184856745,0.0001640669862066,0.0001292186967707,0.0001412013884803,0.0001997438578763,0.0001526054444927,0.0001171426563268,0.00020069890442,0.0001282604386507,5.881107530170082e-05,0.0001523247094113,0.0001054889412426,0.0001520378925209,9.388679599572815e-05,0.0001284596519911,0.0001172470395122,0.0001400887228578,9.365926758452749e-05,0.0001402049328768,0.000187382154192,0.0001758726213227,0.0001879279766029,9.385485346911001e-05,0.0001171989452094,9.360995073776342e-05,9.41132182014964e-05,9.479122233281199e-05,9.478223780863464e-05,0.0001184665687343,0.0001539919450367,0.0002250438243236,7.105973755270264e-05,7.105300554213443e-05,7.104627480699095e-05,0.0001065593180203,8.28716200217834e-05,0.0001183768170841,0.000118365607689,7.10126402499645e-05,9.467455621301776e-05,5.9165996118710656e-05,4.732831653178096e-05,9.464767403341065e-05,0.0001301282354611,0.0001182872013248,0.0001182760088943,0.0001300913004399,9.460290430916229e-05
0,0,0,0,0,0,0,0,0,0,0,0,0,0,0,0,0,0,0,0,0.0,0.0,0.0,0.0,0.0,0.0,0.0,0.0,0.0,0.0,0.0,0.0,0.0,0.0,0.0,0.0,0.0,0.0,0.0,0.0,0.0,0.0,0.0,0.0,0.0,0.0,0.0,0.0,0.0,0.0,0.0,0.0,0.0,0.0,0.0,0.0,0.0,0.0,0.0,0.0,0.0,0.0,0.0,0.0,0.0,0.0,0.0,0.0,0.0,0.0,0.0,0.0,0.0,0.0,0.0,0.0,0.0,0.0,0.0,0.0,0.0,0.0,0.0,0.0,0.8239840646954281,0.0780160411262108,0.0272116141028391,0.0138367030476531,0.0100387943897344,0.0077292842062573,0.0070782774208898,0.0059862598838099,0.0036414432054251,0.0022381218824033,0.0020082230197019,0.0008091577619648,0.0006142215922513,0.0006610789753275,0.0004529795324774,0.000346041405644,0.0003772428264918,0.0003911899286374,0.0002721378200577,0.0003320722494336,0.0003334961111971,0.0003323166027748,0.000343691483562,0.000319515283481,0.0003679219530721,0.0003186555097898,0.0003554207589417,0.0002727477557603,0.0003787340813331,0.0003440625481984,0.0002955851403438,0.000320417729781,0.0002963700595111,0.0001524676299493,0.0004018057623673,0.0003064592173503,0.0003196817390686,0.0002244191677592,0.0002727898095215,0.0003803772867212,0.0002980021932961,0.0003551094328902,0.000260663507109,0.0004513868266318,0.0003546686212848,0.0002942838308691,0.0002829554698829,0.0002738975623116,0.0003531572255968,0.0005090082625062,0.0003072160319504,0.0004746140794266,0.0002955711617128,0.0002966443590108,0.0003433252829473,0.0002951489321511,0.0003435530493294,0.0004228727153126,0.000402400198833,0.0002958579881656,0.0003173819515463,0.0003181186228998,0.0001531573986804,0.000318216104092,0.0003307034534889,0.0003803546807397,0.0002701528125256,0.0002947209581967,0.0002835371256423,0.000271283998962,0.0002481946791788,0.0002829021040843,0.0002714889397766,0.0003064953436284,0.0002232667450058,0.000258440429481,0.0001999882359861,0.0002364233870014,0.0002464933388109,0.0003422798196539,0.0002466989333208,0.0001888083830922,0.0001765183520246,0.0002004220652904,0.000201050191589,0.0003185201788431,0.0001897510703146,0.0003538987849475,0.0001538243089738,0.0001518780302587,0.0002015842147701,0.000212974904457,0.0002688706264685,0.0001758190236183,0.0002007747543461,0.0001184230782894,0.0002700830211721,0.0001648183466365,0.0002112205024701,0.0001536806516059,0.0001178022806521,0.0001527165932452,0.0001525588818607,0.0001054382717495,0.000199635957959,0.000187393127357,0.0002248573930743,0.0001518319103958,0.0001169905354656,0.0001171907044333,0.0001527130052744,0.0002471024298405,0.0001762445804791,0.0001408665641471,9.371412506149987e-05,8.264072534945221e-05,8.162027914135465e-05,0.0001176221506034,0.0001406074240719,0.0001406519216568,0.0001403426700192,0.000152566043493,0.0001051033516291,0.0001406964474147,0.0001400887228578,5.853704224032968e-05,0.0001402049328768,0.000199093538829,9.379873137215817e-05,8.221848976379803e-05,7.039114010183252e-05,0.0001054790506885,0.0001404149261066,0.0001176415227518,0.0001540357362908,9.478223780863464e-05,9.477325498744255e-05,0.0001184553423359,0.0001539773534846,0.0002250225022502,7.105300554213443e-05,7.104627480699095e-05,7.103954534690977e-05,0.0001065492257422,8.286377195889955e-05,0.000118365607689,0.0001183544004166,7.100591715976331e-05,9.466559378993704e-05,5.9160395664726205e-05,4.732383701670532e-05,9.463871669900156e-05,0.0001301159214572,0.0001182760088943,0.0001182648185817,0.000130078993425
0,0,0,0,0,0,0,0,0,0,0,0,0,0,0,0,0,0,0,0,0.0,0.0,0.0,0.0,0.0,0.0,0.0,0.0,0.0,0.0,0.0,0.0,0.0,0.0,0.0,0.0,0.0,0.0,0.0,0.0,0.0,0.0,0.0,0.0,0.0,0.0,0.0,0.0,0.0,0.0,0.0,0.0,0.0,0.0,0.0,0.0,0.0,0.0,0.0,0.0,0.0,0.0,0.0,0.0,0.0,0.0,0.0,0.0,0.0,0.0,0.0,0.0,0.0,0.0,0.0,0.0,0.0,0.0,0.0,0.0,0.0,0.0,0.0,0.0,0.0,0.8229050146369326,0.0779875563183866,0.0274467704419395,0.0137511190689346,0.0104369192599926,0.0070663811563169,0.0074003370217178,0.0056830392320733,0.0032381337873069,0.0023409463602443,0.0020109950260596,0.0007677769903141,0.0005666391217093,0.0004768205605025,0.0003699063301712,0.0004361870181312,0.0004267526494226,0.0004377869279189,0.0003202125262396,0.0003573172619969,0.0003441850528739,0.000379245774965,0.0003431830822574,0.0003916588532703,0.000342259621626,0.000272489248522,0.0002727477557603,0.0003550632012498,0.0002372845159989,0.00018917448982,0.0003322850531062,0.0002845152571306,0.0002111090260836,0.000330898863126,0.0003300330033003,0.0002841615458388,0.000318911448921,0.0002253481035178,0.0002733961748309,0.0002622419301006,0.0002367396219268,0.0002014218009478,0.0002256934133159,0.0003428463339086,0.0003178265373387,0.0003183249036182,0.0002858061519774,0.0003884729481565,0.0004024716494235,0.0004608240479257,0.0002966337996416,0.0003310397011184,0.0003322416820921,0.0004735521144101,0.0003305668040093,0.0002961664218357,0.0003758868580557,0.0002485412992792,0.0003550295857988,0.0003761563870179,0.0004241581638664,0.000341658812441,0.0002357156326607,0.0002716492653658,0.0002614938430086,0.0004345936549326,0.0002357767665574,0.0002362809380353,0.0002358991295322,0.0002009195021923,0.0003064772794247,0.0001770580042021,0.0003182836260756,0.0002820211515863,0.0001997039682353,0.0002941003470384,0.0002364233870014,0.0002817066729268,0.0002006467908316,0.0002466989333208,0.0002242099549219,0.0003295009237793,0.0003301069310665,0.0002483561190217,0.000165158611252,0.0002727671635772,0.0002241358971334,0.0001538243089738,0.0002102926572813,0.0002253000047431,0.0001774790870475,0.0002104204902797,0.0001640977553771,0.0001889644746787,0.0002486884644079,0.0002113693209173,0.0002590002590002,0.000105610251235,0.0001063942972656,0.0001531429648477,0.0001057268722466,0.0001642941804654,0.0001640150893882,0.0002583524161822,0.0001522569159776,0.0001656843948969,0.000140152532673,0.0001637867496519,0.0001640669862066,0.0001057243882669,7.060069424016001e-05,0.0001292460256847,0.0001526054444927,0.0001171426563268,0.0001652814506989,0.0001515805184053,0.0001529087957844,8.202099737532808e-05,0.000117209934714,7.017133500964857e-05,0.000152566043493,0.0001868504028961,9.379763160980184e-05,8.17184216670558e-05,9.365926758452749e-05,0.0001986236549089,0.000105402461733,9.379873137215817e-05,0.0001644369795275,0.00012905042352,8.203926164664518e-05,0.0001053111945799,0.0001411698273022,0.000177733541874,0.000154021136439,9.477325498744255e-05,9.476427386875149e-05,0.000118444118065,0.0001539627646975,0.0002250011842167,7.104627480699095e-05,7.103954534690977e-05,7.103281716152862e-05,0.0001065391353757,8.285592538232089e-05,0.0001183544004166,0.0001183431952662,7.099919534245279e-05,9.465663306356192e-05,5.9154796270881645e-05,4.731935834950078e-05,9.462976105985331e-05,0.0001301036097837,0.0001182648185817,0.0001182536303864
0,0,0,0,0,0,0,0,0,0,0,0,0,0,0,0,0,0,0,0,0.0,0.0,0.0,0.0,0.0,0.0,0.0,0.0,0.0,0.0,0.0,0.0,0.0,0.0,0.0,0.0,0.0,0.0,0.0,0.0,0.0,0.0,0.0,0.0,0.0,0.0,0.0,0.0,0.0,0.0,0.0,0.0,0.0,0.0,0.0,0.0,0.0,0.0,0.0,0.0,0.0,0.0,0.0,0.0,0.0,0.0,0.0,0.0,0.0,0.0,0.0,0.0,0.0,0.0,0.0,0.0,0.0,0.0,0.0,0.0,0.0,0.0,0.0,0.0,0.0,0.0,0.8246322915921714,0.0752311087254726,0.0288033422858848,0.0143731288094755,0.0095645967166309,0.0077185043777471,0.0071037990400916,0.0057738782604554,0.0034460631699027,0.0021180894357314,0.0016064257028112,0.0009207885727777,0.0006079462146407,0.0005011634150706,0.000542286563082,0.0006519832143957,0.000425954848786,0.0003320722494336,0.0002382115079979,0.0004628695538649,0.0003318400530944,0.0003076813840928,0.0003797904031712,0.0002596452301991,0.0003080313244162,0.0003676165403725,0.0002130379207498,0.0003915194513981,0.00037834897964,0.000320417729781,0.0002845152571306,0.0003049352598986,0.0002836275969651,0.0002003771805752,0.0002604814170189,0.0002244191677592,0.0002372085300187,0.000309056545461,0.0003695227196872,0.0002604135841195,0.0002369668246445,0.0002375720140167,0.0002128011727709,0.0004590827761559,0.000294745281128,0.0002977147416431,0.0002354381503978,0.0003551220436089,0.0003899280405525,0.0002847684476559,0.0003428625475869,0.0002254497128482,0.0005209073258512,0.0004132085050116,0.0002843197649623,0.0003758868580557,0.0002722118992105,0.0003431952662721,0.0003173819515463,0.0003770294789923,0.0003652214891611,0.0004242881387893,0.0003425142911135,0.0003922407645129,0.0003993563315597,0.0002121990899016,0.0003426073601512,0.0003420537378217,0.0002836510619186,0.0003418400424353,0.0002242734719894,0.0003064953436284,0.0003172737955346,0.0002466931372318,0.0002117522498676,0.0001536752015509,0.0002347555607723,0.0002714633052427,0.0002701940698275,0.0002596115267517,0.0002235899125645,0.0003183173978142,0.0002956620464544,0.0001887526985737,0.0001541727446306,0.0002123392709685,0.0002366527830367,0.000315438985922,0.0001660105298107,0.0001301513305015,0.0002571805992307,0.0002461466330656,0.0001771541950113,0.0001894769252631,0.0001291701405605,0.0001765910856819,0.0002464239195484,0.0002718965374567,0.0002120441051738,0.0002701908957415,0.0001642941804654,0.0002108765434991,0.000164406083025,0.0001639689864374,0.0001420151956259,0.000186870043564,0.0001403886425588,0.0001523479157633,0.0001762073137782,0.0001529681708536,0.0001879942191777,0.0001056499231103,0.0001405711875922,0.0001534756327918,0.000139920478528,8.233550542238113e-05,0.0001406074240719,0.000175814902071,0.0001403426700192,0.0001056226454951,0.0001401378021721,0.0001172470395122,0.0001400887228578,0.0001053666760325,0.0001051536996576,0.000152248000281,4.689936568607909e-05,4.6981994150741726e-05,0.0001055867101527,0.0001171989452094,0.0001170124384222,0.0001176415227518,0.0002014313474572,0.0001777166958911,0.0001540065393545,9.476427386875149e-05,9.47552944520775e-05,0.0001184328959211,0.0001539481786746,0.0002249798702221,7.103954534690977e-05,7.103281716152862e-05,7.102609025048534e-05,0.0001065290469201,8.284808029162524e-05,0.0001183431952662,0.0001183319922374,7.099247479767145e-05,9.464767403341065e-05,5.9149197936875975e-05,4.7314880529926657e-05,9.462080711548467e-05,0.0001300913004399,0.0001182536303864
0,0,0,0,0,0,0,0,0,0,0,0,0,0,0,0,0,0,0,0,0.0,0.0,0.0,0.0,0.0,0.0,0.0,0.0,0.0,0.0,0.0,0.0,0.0,0.0,0.0,0.0,0.0,0.0,0.0,0.0,0.0,0.0,0.0,0.0,0.0,0.0,0.0,0.0,0.0,0.0,0.0,0.0,0.0,0.0,0.0,0.0,0.0,0.0,0.0,0.0,0.0,0.0,0.0,0.0,0.0,0.0,0.0,0.0,0.0,0.0,0.0,0.0,0.0,0.0,0.0,0.0,0.0,0.0,0.0,0.0,0.0,0.0,0.0,0.0,0.0,0.0,0.0,0.8266117969821672,0.0766099671739779,0.0276369622004604,0.0139543183440399,0.0096039405616243,0.0074739129396594,0.0071191323706234,0.0058583073888347,0.0036174111711368,0.0019844082211197,0.0016881123834258,0.0009774821490302,0.0005846906509158,0.0005187088864263,0.0004386068896844,0.0004614510861848,0.0003795111422099,0.0002739432341976,0.0003323166027748,0.0003555429140297,0.0003905186798101,0.0004510011037658,0.0003186555097898,0.0003435734003104,0.0003320407461429,0.0003432277612081,0.0002491487417988,0.0003192319515713,0.0002373464665044,0.0004267728856959,0.0003987614937136,0.0002245385142641,0.0002946723243752,0.0003670419967084,0.0002716653083401,0.0002727898095215,0.0004516980279815,0.0003576026319553,0.0002367396219268,0.0003080568720379,0.0002969650175209,0.0002837348970278,0.0003413692438082,0.0004008535823341,0.0002619889726459,0.0005061920233554,0.0003787968465162,0.0004490080466968,0.0003796912635413,0.0003665082405239,0.0003085101333713,0.0003670028886678,0.0004604323341558,0.0003198597355826,0.000340647465113,0.000402400198833,0.0003195266272189,0.0002703624031691,0.0003652473077738,0.000318096135721,0.0004007165755232,0.0003188926158643,0.0003803546807397,0.000258407038068,0.0003536651498361,0.0001890247504282,0.000271283998962,0.000271832267672,0.0002711145164142,0.0002714889397766,0.0002711304962866,0.0002820211515863,0.0002701877217301,0.0001646961943415,0.0003191715724519,0.0002582311168495,0.0002714633052427,0.0003759221841078,0.0001770078591489,0.0002118220224295,0.0002475801982999,0.0001655707460144,0.0002595349605388,0.0002134699541039,0.0002005426448035,0.0002011548655812,0.0001986097318768,0.0001897263197837,0.0002248068435935,0.0001987304630419,0.0001992615601008,0.0002362055933484,0.0001657923096052,0.0002113693209173,0.0002590002590002,0.0001642826130323,9.457270868059248e-05,0.0002120441051738,0.0001762114537444,0.0001995000762794,0.0001874458164436,0.0001878926663143,0.0001522569159776,0.0001893535941679,0.0001751906658413,0.0002105829638382,0.0001406288453199,0.0001409658510225,0.0001882685179737,0.0001879942191777,0.0001291276838015,0.0001874282501229,0.0001298639969777,0.0001166003987733,0.0001293843656637,0.0001171728533933,0.000117209934714,9.356178001286473e-05,0.0002229811404898,8.17470512670793e-05,0.0001875952632196,0.0001400887228578,0.0001287814929287,0.0001518886772832,0.000163959384918,0.0001406980970582,0.0001174549853768,0.0001173185668363,0.0001289188397304,0.0001404149261066,9.41132182014964e-05,0.0001540357362908,0.0002014122553433,0.0001776998531014,0.0001539919450367,9.47552944520775e-05,9.474631673693683e-05,0.0001184216759035,0.0001539335954151,0.0002249585602652,7.103281716152862e-05,7.102609025048534e-05,7.101936461341793e-05,0.0001065189603749,8.284023668639054e-05,0.0001183319922374,0.0001183207913294,7.098575552505797e-05,9.463871669900156e-05,5.914360066240833e-05,4.731040355774234e-05,9.461185486541464e-05,0.000130078993425
0,0,0,0,0,0,0,0,0,0,0,0,0,0,0,0,0,0,0,0,0.0,0.0,0.0,0.0,0.0,0.0,0.0,0.0,0.0,0.0,0.0,0.0,0.0,0.0,0.0,0.0,0.0,0.0,0.0,0.0,0.0,0.0,0.0,0.0,0.0,0.0,0.0,0.0,0.0,0.0,0.0,0.0,0.0,0.0,0.0,0.0,0.0,0.0,0.0,0.0,0.0,0.0,0.0,0.0,0.0,0.0,0.0,0.0,0.0,0.0,0.0,0.0,0.0,0.0,0.0,0.0,0.0,0.0,0.0,0.0,0.0,0.0,0.0,0.0,0.0,0.0,0.0,0.0,0.8230856460757981,0.0790939561291553,0.026802284082798,0.013952227760691,0.0096707180209651,0.007571518708556,0.0071060199158685,0.0051286322853947,0.0039215686274509,0.0021130917247078,0.0017284745318218,0.0010142592924049,0.0006601749463607,0.0003674814481139,0.0003549623739883,0.0004150903117921,0.0004049595635965,0.0003916588532703,0.000414800066368,0.0004496881767511,0.0004153957534685,0.0003186555097898,0.0002843366071534,0.0003320407461429,0.0002840505609998,0.0002491487417988,0.0003901723852538,0.0003560196997567,0.0002963700595111,0.0003283918183524,0.0002481741473445,0.0003064592173503,0.0002604814170189,0.000318911448921,0.0004388357805346,0.0002733961748309,0.0003099222810279,0.0002604135841195,0.000260663507109,0.00028508641682,0.0003073794717802,0.000353140597043,0.0003183249036182,0.0003215319209745,0.0003649291331167,0.0003906342479698,0.0004017440417813,0.0002729030956703,0.0003783310869925,0.0004034363282547,0.0002959700715063,0.0003895965904395,0.0004027863336966,0.0002819151435417,0.0002840471991762,0.0004378698224852,0.0003879112741122,0.0004123759926479,0.0002827521206409,0.0002121440693946,0.0002480275901166,0.0004397850996053,0.0003523732337291,0.000271143281541,0.0003426073601512,0.000330258781345,0.0002836510619186,0.0003182648670949,0.0001652541372553,0.0002475539313921,0.0002937720329024,0.0003054295984775,0.0001882242221045,0.0002482445563515,0.0002230177827337,0.0003422798196539,0.0002584465015741,0.0001888083830922,0.0003412688139143,0.000188632532038,0.0002601826008798,0.0001415645239303,0.0001541727446306,0.0002359325232983,0.0003194812570995,0.0001752438810678,0.0002253000047431,0.0001538152087745,0.0001402803268531,0.0002695891695481,0.000224395313681,0.000213161540921,0.0002231120609683,0.0003060912151821,0.0001642826130323,0.0002364317717014,0.0002002638771086,0.0001292217327459,0.0001877647776747,0.0001874458164436,0.0001761493746697,0.0001991051978168,0.0002011881938034,0.000140152532673,0.0001637867496519,0.0001992241975366,0.0002114487765338,0.0001765017356004,0.0001292460256847,0.0002817331282942,0.0001757139844903,8.264072534945221e-05,0.0001865606380373,0.0002352443012068,0.0001757592800899,0.0001289309281854,0.0001637331150225,0.0002112452909903,0.0001985285530771,9.379763160980184e-05,0.0001284146626196,0.0001756111267209,0.0001518886772832,0.000187382154192,0.0001641477799012,5.872749268842716e-05,0.0001407822802036,7.031936712569587e-05,0.0001287136822644,8.234906592630934e-05,0.0001066401251244,0.000154021136439,0.0002013931668483,0.0001776830135039,0.0001539773534846,9.474631673693683e-05,9.47373407228459e-05,0.0001184104580116,0.0001539190149183,0.0002249372543448,7.102609025048534e-05,7.101936461341793e-05,7.10126402499645e-05,0.0001065088757396,8.283239456619491e-05,0.0001183207913294,0.0001183095925417,7.097903752425118e-05,9.462976105985331e-05,5.9138004447177925e-05,4.730592743270732e-05,9.460290430916229e-05
0,0,0,0,0,0,0,0,0,0,0,0,0,0,0,0,0,0,0,0,0.0,0.0,0.0,0.0,0.0,0.0,0.0,0.0,0.0,0.0,0.0,0.0,0.0,0.0,0.0,0.0,0.0,0.0,0.0,0.0,0.0,0.0,0.0,0.0,0.0,0.0,0.0,0.0,0.0,0.0,0.0,0.0,0.0,0.0,0.0,0.0,0.0,0.0,0.0,0.0,0.0,0.0,0.0,0.0,0.0,0.0,0.0,0.0,0.0,0.0,0.0,0.0,0.0,0.0,0.0,0.0,0.0,0.0,0.0,0.0,0.0,0.0,0.0,0.0,0.0,0.0,0.0,0.0,0.0,0.8190536398010425,0.0794075660242683,0.0274448804515619,0.0138136058645144,0.0093572542530268,0.0075338070679943,0.0070325329017825,0.0058705409874793,0.0033998347302561,0.0021576130362741,0.001766004415011,0.0008959517129182,0.0005571492923018,0.0003786265322542,0.0004388097581802,0.0004168701389964,0.0004153957534685,0.0003199886226267,0.0004496881767511,0.0003916588532703,0.0004012699012167,0.0003198786830476,0.0003794751384491,0.0003905695213748,0.0004033836771981,0.0003665255740263,0.0003797543464071,0.0002963700595111,0.0001993807468568,0.0002481741473445,0.0003300330033003,0.0003078416746587,0.0003070999137757,0.0002609293830206,0.0002733961748309,0.0003099222810279,0.0002130656597341,0.0002725118483412,0.0003919938231276,0.0002482680348993,0.0004119973632168,0.0004008535823341,0.0004406178176318,0.0003649291331167,0.0003432846421553,0.0003899280405525,0.0003084991516273,0.0003665082405239,0.0004034363282547,0.0004025192972486,0.0004486263768697,0.0003553997062029,0.0004933515011981,0.0003313883990389,0.000284023668639,0.0003761563870179,0.0002827721092442,0.0004005655042412,0.0004007165755232,0.0003897576416119,0.0003922407645129,0.0003288816848138,0.0004126093414754,0.0003071652194459,0.0003420537378217,0.0003072886504118,0.0002475393410738,0.0002360773389362,0.0003418601909701,0.0004230317273795,0.0002701877217301,0.0002941003470384,0.000330992741802,0.0003873466752743,0.0002360550480372,0.000223203796814,0.0003068136225248,0.0002471256928345,0.0003890545973284,0.000272009082738,0.000247737916878,0.0002846266054719,0.0002359325232983,0.0002958159787959,0.0002102926572813,0.000272731584689,0.0002366387827301,0.0001987304630419,0.0002930317060305,0.0003424981103552,0.0002013192330921,0.0002348548010192,0.0001177273904546,0.0001994860301106,0.0002955397146268,0.0001413627367825,0.0001997063142437,0.0001525588818607,0.000128868998805,0.0001526627913804,0.0002342414091963,0.0001065113967194,0.0002452669321778,0.0001286895890122,0.0002109432679799,0.0001879544680301,0.0001765017356004,0.0001644949417805,0.0001643443248382,8.19998594288124e-05,0.0001180581790706,0.0001865606380373,0.000105859935543,0.0001640419947506,0.000117209934714,0.0001286474475176,0.0002229811404898,0.0001868504028961,0.0001758705592683,0.0001984590240485,0.0001170740844806,0.0001635724216897,0.000140536615644,0.0001289732556367,0.0001644369795275,0.0001055867101527,0.0001289188397304,0.000163817413791,0.0001411698273022,7.109341674960899e-05,0.0001066300175347,0.0001540065393545,0.000201374081971,0.0001776661770976,0.0001539627646975,9.47373407228459e-05,9.472836640932126e-05,0.0001183992422448,0.0001539044371833,0.0002249159524598,7.101936461341793e-05,7.10126402499645e-05,7.100591715976331e-05,0.0001064987930136,8.282455393061667e-05,0.0001183095925417,0.0001182983958737,7.097232079489e-05,9.462080711548467e-05,5.913240929088415e-05,4.730145215458114e-05
0,0,0,0,0,0,0,0,0,0,0,0,0,0,0,0,0,0,0,0,0.0,0.0,0.0,0.0,0.0,0.0,0.0,0.0,0.0,0.0,0.0,0.0,0.0,0.0,0.0,0.0,0.0,0.0,0.0,0.0,0.0,0.0,0.0,0.0,0.0,0.0,0.0,0.0,0.0,0.0,0.0,0.0,0.0,0.0,0.0,0.0,0.0,0.0,0.0,0.0,0.0,0.0,0.0,0.0,0.0,0.0,0.0,0.0,0.0,0.0,0.0,0.0,0.0,0.0,0.0,0.0,0.0,0.0,0.0,0.0,0.0,0.0,0.0,0.0,0.0,0.0,0.0,0.0,0.0,0.0,0.821770164168451,0.0772557476343667,0.0283555003701139,0.0134287312944201,0.0096489768757278,0.0075561055712891,0.0072761634774391,0.0055837563451776,0.003445028549631,0.002314897679136,0.0019687360007544,0.0008416510585836,0.0006744285105778,0.0005218278205386,0.0004287807143963,0.0004272642035676,0.000379245774965,0.0003905186798101,0.0003797904031712,0.0003540616775442,0.0002843366071534,0.0003201821480664,0.0003313923211665,0.000427112128798,0.0003547021684125,0.0002966830831305,0.0004623372928373,0.0003166635391255,0.0002599919638847,0.0003536067892503,0.0002131211593791,0.0002480422380496,0.0002846502360224,0.0001426414825204,0.0002741620178324,0.0003195984896012,0.0003199052132701,0.0003444794203242,0.0003310240465325,0.0002118843582258,0.0003772739598439,0.000345349100306,0.000329613410557,0.0003314472407017,0.0003308480344081,0.0004508833754553,0.0003665082405239,0.0003441074564526,0.0004498745086896,0.0003541787185813,0.0003080130787091,0.0002349292862848,0.00043790609873,0.0003905325443786,0.0002703624031691,0.0004005938214294,0.000318096135721,0.0003653592306241,0.0002716492653658,0.0003328103456473,0.0003758647826444,0.0002947209581967,0.0002126528442317,0.0003774386072515,0.0002836510619186,0.0003182648670949,0.000247881205883,0.0003418601909701,0.0002115158636897,0.0002819350139792,0.0001999882359861,0.0002482445563515,0.0002699688948881,0.0002596605528409,0.0002584465015741,0.0002950130985815,0.0002471256928345,0.0002475801982999,0.0002483561190217,0.0002831290478606,0.0003202049311559,0.0003303055326176,0.000141991669822,0.0002453414334949,0.0002371578997296,0.0002957984784126,0.0003273207626573,0.0002461466330656,0.0003424981103552,0.0001184230782894,0.0002465975410702,0.0003178639542275,0.0001760170853917,0.0002246101831164,0.0001060220525869,0.0001762114537444,0.0001877647776747,0.0002460226340823,0.0001174329164464,0.0001756810568972,0.0001656843948969,0.000140152532673,0.0002339810709313,0.0002109432679799,0.0001879544680301,0.0002000353003471,0.0001527453030819,0.0002230387265662,0.0001054283906941,0.0001416698148847,0.0001632405582827,0.0001881954409654,0.0001171728533933,0.0002226988759567,0.0002572948950353,0.0001408301939935,0.0001985285530771,7.034822370735139e-05,0.0001050665421433,0.000187318535169,0.0001869399105025,0.00011711384637,0.0001406980970582,9.396398830148344e-05,0.0001055867101527,9.375915616759449e-05,0.0001287136822644,0.0001646981318526,0.0001066401251244,7.1086678356476e-05,0.0001066199118608,0.0001539919450367,0.0002013550007106,0.0001776493438817,0.0001539481786746,9.472836640932126e-05,9.471939379587969e-05,0.0001183880286025,0.0001538898622093,0.0002248946546091,7.10126402499645e-05,7.100591715976331e-05,7.099919534245279e-05,0.0001064887121965,8.281671477923428e-05,0.0001182983958737,0.0001182872013248,7.096560533661353e-05,9.461185486541464e-05,5.912681519322642e-05
0,0,0,0,0,0,0,0,0,0,0,0,0,0,0,0,0,0,0,0,0.0,0.0,0.0,0.0,0.0,0.0,0.0,0.0,0.0,0.0,0.0,0.0,0.0,0.0,0.0,0.0,0.0,0.0,0.0,0.0,0.0,0.0,0.0,0.0,0.0,0.0,0.0,0.0,0.0,0.0,0.0,0.0,0.0,0.0,0.0,0.0,0.0,0.0,0.0,0.0,0.0,0.0,0.0,0.0,0.0,0.0,0.0,0.0,0.0,0.0,0.0,0.0,0.0,0.0,0.0,0.0,0.0,0.0,0.0,0.0,0.0,0.0,0.0,0.0,0.0,0.0,0.0,0.0,0.0,0.0,0.0,0.8208835625316693,0.0780940328088063,0.0272503244086239,0.0139862632792261,0.009602798733906,0.0075478384124734,0.0065517648447644,0.0056026415859051,0.0035081439054948,0.0020276801923938,0.0017544275587377,0.0008874059349708,0.0004862486509564,0.0005836181945949,0.0004628695538649,0.0004385029273033,0.0005206915730802,0.0004153957534685,0.0003776657893805,0.0003435734003104,0.0003083235499899,0.0003313923211665,0.0003440625481984,0.000331055357185,0.0003678870230819,0.0003556440714133,0.0002462938637643,0.0003427166796662,0.0003418198962753,0.0003078416746587,0.0002952883786305,0.000367673221529,0.0002377358042007,0.0001907214037095,0.0003432724517938,0.0002251184834123,0.00028508641682,0.000295557184404,0.0003060551841039,0.0004244332048243,0.000345349100306,0.0003767010406366,0.000319609839248,0.0004135600430102,0.0003915566155269,0.0003546853940554,0.0003203759077317,0.0004261969029691,0.0003187608467232,0.0003790930199497,0.0003289010007987,0.000366894298936,0.0003195266272189,0.0004231759353951,0.0004005938214294,0.0003063147973609,0.0003064303224589,0.0003307034534889,0.0002614938430086,0.000387610557102,0.0003182986348525,0.0002244668911335,0.0003656436507749,0.0003545638273983,0.0003536276301054,0.0003659198753511,0.0003654367558646,0.0002937720329024,0.0002349458449827,0.0002705723192753,0.0002246022176513,0.0001760666705792,0.0001888440384297,0.0002701940698275,0.0002478110028085,0.0002824293632394,0.0002593697315523,0.0003547944557453,0.0001415645239303,0.0003795021406292,0.0002595257756281,0.0003194812570995,0.0002336585080904,0.0001660105298107,0.0001064874522285,0.0002221105175175,0.0001992615601008,0.0002007747543461,0.0001776346174342,0.0002348548010192,0.0002590002590002,0.0001877515577512,0.0002246101831164,0.000164923192913,0.0002114537444933,0.000140823583256,0.0001522997258604,0.000199635957959,0.0001171207045981,0.0001538497952614,0.0001167937772275,0.0001637867496519,0.0002109432679799,0.0002819317020451,0.0002235688650938,7.04978321916601e-05,0.0001408665641471,0.0001288569219595,0.0001652814506989,0.00017490059816,0.0001764332259051,0.0002109111361079,0.0001640939085996,0.0001988187825273,0.0001056226454951,0.0001284596519911,0.0002344940790245,0.0001751109035722,0.0001287814929287,0.0002103073993153,0.000175670769555,0.0001524229384797,0.000223164472216,0.0001642459935709,0.0001757984178142,0.000163817413791,0.0001646981318526,0.0001066401251244,0.0001066300175347,7.107994124058191e-05,0.0001066098081023,0.0001539773534846,0.0002013359230659,0.0001776325138553,0.0001539335954151,9.471939379587969e-05,9.471042288203816e-05,0.0001183768170841,0.0001538752899957,0.0002248733607915,7.100591715976331e-05,7.099919534245279e-05,7.099247479767145e-05,0.0001064786332875,8.280887711162638e-05,0.0001182872013248,0.0001182760088943,7.095889114906098e-05,9.460290430916229e-05
0,0,0,0,0,0,0,0,0,0,0,0,0,0,0,0,0,0,0,0,0.0,0.0,0.0,0.0,0.0,0.0,0.0,0.0,0.0,0.0,0.0,0.0,0.0,0.0,0.0,0.0,0.0,0.0,0.0,0.0,0.0,0.0,0.0,0.0,0.0,0.0,0.0,0.0,0.0,0.0,0.0,0.0,0.0,0.0,0.0,0.0,0.0,0.0,0.0,0.0,0.0,0.0,0.0,0.0,0.0,0.0,0.0,0.0,0.0,0.0,0.0,0.0,0.0,0.0,0.0,0.0,0.0,0.0,0.0,0.0,0.0,0.0,0.0,0.0,0.0,0.0,0.0,0.0,0.0,0.0,0.0,0.0,0.8200291315456433,0.0775961618590697,0.0269387076074815,0.0136247887860253,0.0095086227261989,0.0075787982528627,0.0068066135011741,0.0054054054054054,0.0036427510433121,0.0021811802081604,0.0017629797908088,0.0007708820076139,0.0005002441667956,0.0005578171546577,0.0005333143710445,0.0003431830822574,0.0004866064540631,0.0005783007399889,0.0003672681175731,0.0003438993442195,0.0003077214410831,0.0002610129675987,0.00037834897964,0.0003322850531062,0.0003556440714133,0.0002580221429911,0.0003663523127466,0.0003182461103253,0.0003078416746587,0.0002952883786305,0.0003439523685271,0.0002258490139907,0.0002384017546369,0.0002959245274085,0.0002014218009478,0.0003326008196234,0.0002364457475232,0.0002825124776344,0.0003772739598439,0.000345349100306,0.0002589819654376,0.0002367480290726,0.0004844560503834,0.0004390180234696,0.0002601026223073,0.0004034363282547,0.0004261969029691,0.0003895965904395,0.0002606264512154,0.0003054080721702,0.0003787295989016,0.0003550295857988,0.0003644014999235,0.0003181186228998,0.0003887841658812,0.0004478597020554,0.0003188926158643,0.0002852660105548,0.0004933225272208,0.0002593544432131,0.0002362809380353,0.0004364133896345,0.0003191074446584,0.0002711145164142,0.0002950966736702,0.0004125898856536,0.0002820211515863,0.0003289241829758,0.0003882124580907,0.0002482445563515,0.0002699688948881,0.0003422798196539,0.0003406794793477,0.0002006089070354,0.0002471256928345,0.0002475801982999,0.0002365296371635,0.0002949260915214,0.0003202049311559,0.0003067122802878,0.0002248201438848,0.000292073135113,0.0002015842147701,0.0002484707218666,0.000245490571993,0.0002578679013069,0.0002952569916855,0.0002013192330921,0.0002231120609683,0.0002119093028183,0.0001408136683134,0.0002246101831164,0.0003062859296955,0.0001997063142437,0.0002933824651168,0.0001640150893882,0.000164406083025,0.0001991051978168,0.0002366919927098,0.0001635112881185,0.0001169905354656,0.0001171907044333,0.0001644601595263,9.413425898688003e-05,0.0002349927739722,0.0002465164872574,0.0001405711875922,0.0001534756327918,0.0001982206779147,0.0001176221506034,0.0001288901387326,9.376794777125309e-05,0.0001052570025144,0.0001408301939935,0.0001634941025341,0.000105522335561,0.0001634368433341,0.000187318535169,0.000116837444064,0.000163959384918,0.0001758726213227,0.0001996734751406,9.385485346911001e-05,9.375915616759449e-05,5.850621921110214e-05,0.0001764622841278,0.0001895824446656,0.0001066300175347,0.0001066199118608,7.107320540156361e-05,0.0001065997062585,0.0001539627646975,0.000201316849036,0.0001776156870174,0.0001539190149183,9.471042288203816e-05,9.470145366731381e-05,0.000118365607689,0.0001538607205415,0.0002248520710059,7.099919534245279e-05,7.099247479767145e-05,7.098575552505797e-05,0.0001064685562863,8.280104092737166e-05,0.0001182760088943,0.0001182648185817,7.095217823187172e-05
0,0,0,0,0,0,0,0,0,0,0,0,0,0,0,0,0,0,0,0,0.0,0.0,0.0,0.0,0.0,0.0,0.0,0.0,0.0,0.0,0.0,0.0,0.0,0.0,0.0,0.0,0.0,0.0,0.0,0.0,0.0,0.0,0.0,0.0,0.0,0.0,0.0,0.0,0.0,0.0,0.0,0.0,0.0,0.0,0.0,0.0,0.0,0.0,0.0,0.0,0.0,0.0,0.0,0.0,0.0,0.0,0.0,0.0,0.0,0.0,0.0,0.0,0.0,0.0,0.0,0.0,0.0,0.0,0.0,0.0,0.0,0.0,0.0,0.0,0.0,0.0,0.0,0.0,0.0,0.0,0.0,0.0,0.0,0.8239026655079226,0.0782375169332414,0.0272138794354934,0.0142097802976612,0.0098453547397001,0.0072238314916139,0.0067895710279816,0.0057883196189847,0.0034258754356433,0.0022125987978607,0.001778958479109,0.0008813825795924,0.0007002385558469,0.0004385029273033,0.0004260203779747,0.0004153957534685,0.0003186555097898,0.0004028101934673,0.0003201821480664,0.0004260758414997,0.0003203340965985,0.0004019957908676,0.0004628256096837,0.0003674988737937,0.0004691311690748,0.0003072632300456,0.0002475247524752,0.0003433618678885,0.0002952883786305,0.0004388357805346,0.0002733961748309,0.0002384017546369,0.0003195984896012,0.0003317535545023,0.0002019362119142,0.0003073794717802,0.0002707411243996,0.0003065350923731,0.0002619889726459,0.0002942976879973,0.0002485854305262,0.0002363200245772,0.0003559605595699,0.0003192168546499,0.0004034363282547,0.0002959700715063,0.0003659846758674,0.0003672463630763,0.0002819151435417,0.0004615766986614,0.0002248520710059,0.0004701954837723,0.0003063364516813,0.0004359095193213,0.000341787667358,0.0003188926158643,0.0003328103456473,0.0003288816848138,0.0004008205031476,0.0003307933132494,0.0003184638248684,0.0002954698561652,0.000388990393116,0.0003423121414575,0.0001650359542614,0.000364277320799,0.0003289241829758,0.0003411564025645,0.0002718868950516,0.0002230177827337,0.0003186743148502,0.0002701940698275,0.000271412050695,0.0002235899125645,0.000282948798057,0.0002838355645962,0.0002713320041997,0.0003202049311559,0.0002241358971334,0.000354979174555,0.000292073135113,0.000272731584689,0.0002721346001396,0.0002571805992307,0.0002461466330656,0.0002716364323507,0.000213161540921,0.0002348548010192,0.0002472275199547,0.0001994860301106,0.0002955397146268,0.0002120441051738,0.0001879588839941,0.0001995000762794,0.0001874458164436,0.0002700957078269,0.0002225293387365,0.0002011881938034,0.0002102287990095,0.0001988839102916,0.0001640669862066,0.0001762073137782,0.0002118020827204,0.0002232431352735,0.0001760832051838,0.0001405711875922,0.00020069890442,0.000139920478528,0.000141146580724,0.0001874765654293,0.0001406519216568,0.0001520378925209,0.0001056226454951,0.0001167815018101,0.0001406964474147,0.0001867849638104,0.0001521963098248,0.0001285211884704,0.000105402461733,0.0001289732556367,8.221848976379803e-05,9.385485346911001e-05,0.0001875183123351,0.000269128608371,9.41132182014964e-05,9.479122233281199e-05,0.0001895644756172,0.0001066199118608,0.0001066098081023,7.106647083905813e-05,0.000106589606329,0.0001539481786746,0.0002012977786198,0.0001775988633672,0.0001539044371833,9.470145366731381e-05,9.469248615122389e-05,0.0001183544004166,0.0001538461538461,0.0002248307852511,7.099247479767145e-05,7.098575552505797e-05,7.097903752425118e-05,0.0001064584811923,8.27932062260491e-05,0.0001182648185817,0.0001182536303864
0,0,0,0,0,0,0,0,0,0,0,0,0,0,0,0,0,0,0,0,0.0,0.0,0.0,0.0,0.0,0.0,0.0,0.0,0.0,0.0,0.0,0.0,0.0,0.0,0.0,0.0,0.0,0.0,0.0,0.0,0.0,0.0,0.0,0.0,0.0,0.0,0.0,0.0,0.0,0.0,0.0,0.0,0.0,0.0,0.0,0.0,0.0,0.0,0.0,0.0,0.0,0.0,0.0,0.0,0.0,0.0,0.0,0.0,0.0,0.0,0.0,0.0,0.0,0.0,0.0,0.0,0.0,0.0,0.0,0.0,0.0,0.0,0.0,0.0,0.0,0.0,0.0,0.0,0.0,0.0,0.0,0.0,0.0,0.0,0.8213750980345556,0.0791070706109141,0.0273919206236711,0.0136465588478337,0.0094410470979508,0.007935087405286,0.0070261476434112,0.0060693710140117,0.0037034407686118,0.0026328585490814,0.0020605295441822,0.0008782653073335,0.0006281258147858,0.0004378542773629,0.0004510011037658,0.0004366760689712,0.0003554207589417,0.0003438993442195,0.0003550632012498,0.0002966056449986,0.0003192319515713,0.000427223639708,0.0003556440714133,0.000363576656033,0.0002954454135054,0.0003064592173503,0.0003078416746587,0.0002952883786305,0.0003558127950281,0.0004398112377714,0.0003337624564916,0.0003195984896012,0.0003317535545023,0.0003444794203242,0.0003310240465325,0.000353140597043,0.0003419045261085,0.0003334405106403,0.0004002448556764,0.0002604228319799,0.000342664035637,0.0003559605595699,0.0004019767799295,0.0004271678769756,0.0004143581001089,0.0002951489321511,0.0003909396768232,0.0003523939294272,0.0003787295989016,0.0004497041420118,0.0004466857095837,0.0003888116502109,0.0004005655042412,0.0003771450122572,0.0005078660178579,0.0003328103456473,0.0003641190081868,0.0003536651498361,0.0004134916415618,0.0002948739119152,0.0004963893583576,0.000259326928744,0.0002950966736702,0.0002947070611811,0.0001527614571092,0.0003054295984775,0.0002352802776307,0.0002837080644017,0.0003756088972357,0.0002714633052427,0.000223203796814,0.0002950130985815,0.0001529825717547,0.0002122115985428,0.0002483561190217,0.0001533615675911,0.0002846266054719,0.0002595257756281,0.000283983339644,0.0002219755826859,0.0002490157947161,0.0002484707218666,0.0002221105175175,0.0001289339506534,0.0001771541950113,0.0002960576957237,0.0003405394614779,0.0002236820418638,0.0001642826130323,0.0001891454173611,0.0002002638771086,0.0001174743024963,0.0002347059720934,0.0001991611799714,0.0001761493746697,0.0001756810568972,0.0001656843948969,0.000140152532673,0.0002105829638382,0.0001640669862066,0.000199701622282,0.0003059363417073,9.399710958888014e-05,0.0001526054444927,0.0002342853126537,0.0001770872686059,0.0001282604386507,0.0001764332259051,0.0002226284214473,0.000117209934714,0.0001286474475176,0.0001290943444941,7.006890108606797e-05,9.379763160980184e-05,0.0001751109035722,0.0001990259436171,0.0001518886772832,0.000163959384918,0.0001172484142151,9.396398830148344e-05,0.00012905042352,5.859947260474656e-05,0.0001872199014755,0.0001529339795774,0.0001421868334992,9.478223780863464e-05,0.0001895465099748,0.0001066098081023,0.0001065997062585,7.105973755270264e-05,0.0001065795083132,0.0001539335954151,0.0002012787118162,0.0001775820429038,0.0001538898622093,9.469248615122389e-05,9.4683520333286e-05,0.0001183431952662,0.0001538315899086,0.0002248095035259,7.098575552505797e-05,7.097903752425118e-05,7.097232079489e-05,0.0001064484080049,8.278537300723781e-05,0.0001182536303864
0,0,0,0,0,0,0,0,0,0,0,0,0,0,0,0,0,0,0,0,0.0,0.0,0.0,0.0,0.0,0.0,0.0,0.0,0.0,0.0,0.0,0.0,0.0,0.0,0.0,0.0,0.0,0.0,0.0,0.0,0.0,0.0,0.0,0.0,0.0,0.0,0.0,0.0,0.0,0.0,0.0,0.0,0.0,0.0,0.0,0.0,0.0,0.0,0.0,0.0,0.0,0.0,0.0,0.0,0.0,0.0,0.0,0.0,0.0,0.0,0.0,0.0,0.0,0.0,0.0,0.0,0.0,0.0,0.0,0.0,0.0,0.0,0.0,0.0,0.0,0.0,0.0,0.0,0.0,0.0,0.0,0.0,0.0,0.0,0.0,0.8213189271520027,0.0783132530120481,0.0269035532994923,0.0138993193386498,0.0097130242825607,0.0071086695117063,0.0067094999881457,0.0058568791708078,0.0038781294844578,0.0024893102585785,0.0017209252643697,0.0011377373248951,0.0006271966675739,0.0005815540548559,0.0003894678452986,0.0004265049107301,0.0004980611192144,0.0004734176016664,0.0003321983223984,0.0005084064413913,0.0003441523764314,0.0003200796642719,0.0003401200975792,0.0004254413954477,0.0003889674681753,0.0004499224475781,0.0002480422380496,0.0003439523685271,0.0002971697552509,0.0002980021932961,0.0003906203761792,0.00021327014218,0.0003326008196234,0.0003073794717802,0.0002825124776344,0.0003065350923731,0.0002619889726459,0.0003413853180769,0.0001775610218044,0.0004844560503834,0.0002610377436846,0.0003192168546499,0.0004153021026152,0.0003078088743666,0.0003305668040093,0.000497559588684,0.0003054080721702,0.0004497413986957,0.0004497041420118,0.0004466857095837,0.0003299007941183,0.0004594721960414,0.0003653592306241,0.0003543251287381,0.0003446964294204,0.0002818985869833,0.0003890316648197,0.0003307933132494,0.000330258781345,0.0002600134734254,0.0003772028054458,0.0003305082745107,0.0002947070611811,0.0003290246768507,0.0003406714752249,0.0002941003470384,0.0002718868950516,0.0002934444509654,0.000247857800439,0.0003054367745876,0.0004484199098439,0.0003177330336443,0.0003183173978142,0.0002601826008798,0.0002005497422345,0.0003320643730506,0.0001769493924737,0.0003313138962514,0.0002570243588994,0.000296447374662,0.0002366387827301,0.000292250680944,0.0002813104377893,0.0002834467120181,0.0003079000035526,0.0001878838408154,0.0003060912151821,0.0002229549748295,0.0002127885945313,0.0002827254735651,9.397944199706314e-05,0.0002347059720934,0.000128868998805,0.0002348658328929,0.0001639689864374,0.0002366919927098,0.0001518319103958,0.0001520876961053,0.0001875051270933,0.0001174715425188,9.413425898688003e-05,0.000270241690068,0.0001526054444927,0.0001054283906941,0.0001770872686059,0.00017490059816,0.0001999576560257,0.0001640419947506,0.000175814902071,0.0001871235600257,0.0001995094414909,0.0001401378021721,0.0002344940790245,0.0001284146626196,0.0001053666760325,0.0001518886772832,0.00011711384637,0.0001758726213227,9.396398830148344e-05,0.0001525141368873,0.0001289188397304,8.190870689554301e-05,0.0001882264364029,0.0001303379307076,0.0001421733567129,9.477325498744255e-05,0.0001895285477375,0.0001065997062585,0.000106589606329,7.105300554213443e-05,0.0001065694122104,0.0001539190149183,0.0002012596486243,0.0001775652256262,0.0001538752899957,9.4683520333286e-05,9.467455621301776e-05,0.0001183319922374,0.0001538170287282,0.0002247882258293,7.097903752425118e-05,7.097232079489e-05,7.096560533661353e-05,0.0001064383367235,8.277754127051701e-05
0,0,0,0,0,0,0,0,0,0,0,0,0,0,0,0,0,0,0,0,0.0,0.0,0.0,0.0,0.0,0.0,0.0,0.0,0.0,0.0,0.0,0.0,0.0,0.0,0.0,0.0,0.0,0.0,0.0,0.0,0.0,0.0,0.0,0.0,0.0,0.0,0.0,0.0,0.0,0.0,0.0,0.0,0.0,0.0,0.0,0.0,0.0,0.0,0.0,0.0,0.0,0.0,0.0,0.0,0.0,0.0,0.0,0.0,0.0,0.0,0.0,0.0,0.0,0.0,0.0,0.0,0.0,0.0,0.0,0.0,0.0,0.0,0.0,0.0,0.0,0.0,0.0,0.0,0.0,0.0,0.0,0.0,0.0,0.0,0.0,0.0,0.8197377746279234,0.0770629205524731,0.0278940027894002,0.0141161028578247,0.0096668474288543,0.0078000900922259,0.0069454304510388,0.0059180018738362,0.0039185793065663,0.0023262162194239,0.0018014174310839,0.0010295492467723,0.0006765016556487,0.0003186555097898,0.0004857417038871,0.0004506267269083,0.0003787340813331,0.0003440625481984,0.0003428787627988,0.0004034889930576,0.0003319344666524,0.0005043160067554,0.0002718097804249,0.0002946723243752,0.0002960016102487,0.0003779691246471,0.0002965106625234,0.0002139622237807,0.0003337624564916,0.0003314354706975,0.0003080568720379,0.0004276296252301,0.0003428463339086,0.0003766833035125,0.0003654841485987,0.0004048920486346,0.0002825257804774,0.0003077724377944,0.000342664035637,0.0003440952075843,0.0003783310869925,0.000439033651336,0.0003551640858076,0.0002951489321511,0.0003080130787091,0.0003758868580557,0.000366894298936,0.0003905325443786,0.0003644014999235,0.0003888116502109,0.0004712535344015,0.0003535734489911,0.0003897576416119,0.000202063424143,0.0004111021060173,0.0002829321198689,0.0003898635477582,0.0003066688683918,0.0004018390043847,0.0002239641657334,0.0003305082745107,0.0002004008016032,0.0003877790834312,0.0002819350139792,0.0002588083053938,0.0002837080644017,0.0002464933388109,0.0003540825720558,0.0002701940698275,0.0004012178140709,0.0002588935829695,0.0003183173978142,0.0002838355645962,0.0002123467858954,0.0003439238149452,0.0003067122802878,0.0003313138962514,0.0002803902097085,0.0003083052696485,0.0003076304175491,0.0001870404358042,0.0003399167789954,0.0002716364323507,0.0002605307722368,0.0002700830211721,0.0002354547809093,0.0002698928642673,0.0002009670059462,0.0002827254735651,0.0002819383259911,0.0002229706734887,0.0001991611799714,0.0002348658328929,0.000187393127357,0.0002366919927098,0.0001284731549503,0.0001637867496519,0.0002109432679799,0.0001292186967707,0.0001294346061069,0.0001879942191777,0.0002347776069118,0.000222571047021,0.0002715338118624,0.000139920478528,0.0002117198710861,0.0002694975628046,0.0001875358955425,0.0001637331150225,0.0001643018929925,0.0001401378021721,0.0001524211513659,0.0001751109035722,9.365926758452749e-05,0.0002336748881281,0.000152248000281,0.0001758726213227,0.0001644369795275,0.0002111734203054,0.0001289188397304,0.0001521161699488,0.0001764622841278,0.0001540357362908,0.0001303255769868,0.0001421598824811,9.476427386875149e-05,0.0001895105889041,0.000106589606329,0.0001065795083132,7.104627480699095e-05,0.0001065593180203,0.0001539044371833,0.000201240589043,0.0001775484115335,0.0001538607205415,9.467455621301776e-05,9.466559378993704e-05,0.0001183207913294,0.0001538024703042,0.0002247669521601,7.097232079489e-05,7.096560533661353e-05,7.095889114906098e-05,0.0001064282673478
0,0,0,0,0,0,0,0,0,0,0,0,0,0,0,0,0,0,0,0,0.0,0.0,0.0,0.0,0.0,0.0,0.0,0.0,0.0,0.0,0.0,0.0,0.0,0.0,0.0,0.0,0.0,0.0,0.0,0.0,0.0,0.0,0.0,0.0,0.0,0.0,0.0,0.0,0.0,0.0,0.0,0.0,0.0,0.0,0.0,0.0,0.0,0.0,0.0,0.0,0.0,0.0,0.0,0.0,0.0,0.0,0.0,0.0,0.0,0.0,0.0,0.0,0.0,0.0,0.0,0.0,0.0,0.0,0.0,0.0,0.0,0.0,0.0,0.0,0.0,0.0,0.0,0.0,0.0,0.0,0.0,0.0,0.0,0.0,0.0,0.0,0.0,0.8230197143194427,0.0776740693058684,0.0276117176779428,0.0148893028081012,0.0098864363782925,0.0074660419328884,0.0068430602829729,0.00581236079515,0.003631745730325,0.0026073147028846,0.0019407594996627,0.0008663968572344,0.000755331578761,0.0005805205729382,0.0004862025211379,0.0002958860010415,0.000427112128798,0.00028376173473,0.0004153563163828,0.0003793536761742,0.000457402889848,0.0004490770285282,0.0003771805752003,0.0003078416746587,0.0003661575895019,0.0003320919420262,0.0002733961748309,0.0003695227196872,0.0004142943383719,0.0003791469194312,0.0003207222189226,0.0003192017591563,0.0003060551841039,0.0002829554698829,0.0001548116656544,0.0002942976879973,0.0002485854305262,0.0003308480344081,0.0003084991516273,0.0004019767799295,0.0003322416820921,0.0003314864800871,0.0002951489321511,0.0003909396768232,0.000340647465113,0.0004970825985584,0.0003195266272189,0.000458440596678,0.0003181186228998,0.0004830348727615,0.0004242881387893,0.0002834601029905,0.0005348737697903,0.0003993563315597,0.0003890316648197,0.0002362809380353,0.0003656436507749,0.0004372953871246,0.0003536276301054,0.0003187044075639,0.0004361664505481,0.000364277320799,0.0004111552287197,0.0004352685136168,0.0002955292337518,0.0003873466752743,0.0004130963340651,0.0002584465015741,0.0003658162422411,0.0002353578026995,0.0003772650640761,0.0002365296371635,0.0002595349605388,0.0003557832568399,0.0003774920372773,0.0002248201438848,0.0001752438810678,0.0002371578997296,0.0002839665392761,0.0002805606537063,0.0001640977553771,0.0002007747543461,0.0002842153878947,0.0001878838408154,0.0002707729980457,0.0002112205024701,0.0001773238287761,0.0002002638771086,0.0001292217327459,0.0002347059720934,0.0003045994517209,0.0001878926663143,0.0001054086341383,0.0002603611919808,0.0001751906658413,0.000187184856745,0.0001757860566499,0.0002349430850376,0.0002235688650938,0.0001057467482874,0.000199560965875,0.0001288569219595,0.0001534756327918,0.000209880717792,0.0001176221506034,0.0001171728533933,0.0001875358955425,0.0001286474475176,0.0002229811404898,0.0001868504028961,0.0001875952632196,0.0002568293252393,0.0001521963098248,0.0001285211884704,0.000175670769555,0.0001055235727936,0.0001526914809899,0.0001173185668363,0.000210958101377,0.000163817413791,9.41132182014964e-05,0.000118489027916,0.000154021136439,0.0001303132256077,0.0001421464108031,9.47552944520775e-05,0.0001894926334738,0.0001065795083132,0.0001065694122104,7.103954534690977e-05,0.0001065492257422,0.0001538898622093,0.0002012215330713,0.0001775316006249,0.0001538461538461,9.466559378993704e-05,9.465663306356192e-05,0.0001183095925417,0.0001537879146358,0.0002247456825171,7.096560533661353e-05,7.095889114906098e-05,7.095217823187172e-05
0,0,0,0,0,0,0,0,0,0,0,0,0,0,0,0,0,0,0,0,0.0,0.0,0.0,0.0,0.0,0.0,0.0,0.0,0.0,0.0,0.0,0.0,0.0,0.0,0.0,0.0,0.0,0.0,0.0,0.0,0.0,0.0,0.0,0.0,0.0,0.0,0.0,0.0,0.0,0.0,0.0,0.0,0.0,0.0,0.0,0.0,0.0,0.0,0.0,0.0,0.0,0.0,0.0,0.0,0.0,0.0,0.0,0.0,0.0,0.0,0.0,0.0,0.0,0.0,0.0,0.0,0.0,0.0,0.0,0.0,0.0,0.0,0.0,0.0,0.0,0.0,0.0,0.0,0.0,0.0,0.0,0.0,0.0,0.0,0.0,0.0,0.0,0.0,0.8220744078484664,0.0794105363641787,0.0256525122014476,0.0141421086322577,0.0096904728098821,0.0078036978616919,0.0069081337319405,0.0061241202511364,0.0032828462395411,0.0022957764813083,0.0016615830138742,0.0010031747530419,0.000604215290201,0.0005573541095971,0.0004970884817497,0.0005694828383973,0.0003665255740263,0.0002966830831305,0.0004149180833155,0.0004104897729405,0.000496348294689,0.0003182461103253,0.0003552019322985,0.0003307229840662,0.0003083710890243,0.0003328301258811,0.0002980021932961,0.0003077615085048,0.0004146919431279,0.0003682366217259,0.0004610692076703,0.0002707411243996,0.0002240064136573,0.000214354613983,0.0003649291331167,0.0002604228319799,0.0003190320331793,0.0003322298555986,0.0003428625475869,0.0002729128102899,0.0004025192972486,0.0003777906331534,0.0003435530493294,0.0004228727153126,0.0003550589989703,0.0003313609467455,0.0003761563870179,0.0004477225063034,0.0004476908576814,0.0003653592306241,0.0004370009921103,0.0004992155184709,0.0003523732337291,0.0003065097965246,0.0003898635477582,0.0003184638248684,0.0004609329756178,0.000388990393116,0.0003069005406171,0.0004243781681009,0.000364277320799,0.0004463971054671,0.0004235044997353,0.0003073504031018,0.0004695111215446,0.0003658853244576,0.0003759221841078,0.0002124094309787,0.0002235899125645,0.0004715813300951,0.0002365296371635,0.0002595349605388,0.0004150804663132,0.0004364751681019,0.0003431465354032,0.0002336585080904,0.000296447374662,0.0002603026610031,0.0004325310077972,0.0002695891695481,0.000224395313681,0.0002723730800658,0.0001643983607134,0.0003531821713639,0.0002581583919079,0.0003073613032119,0.0001884836490434,0.0003054331864904,0.0002816471665121,0.0001874458164436,0.0002583524161822,0.0002693776205757,0.0002248573930743,0.0002102287990095,9.359242837254465e-05,0.0001523479157633,0.000199701622282,0.0002000353003471,0.0001879942191777,0.000199560965875,0.0001757139844903,0.0001534756327918,0.0001982206779147,0.0001999576560257,0.0001991938507686,0.0001289309281854,0.0001520378925209,0.000152566043493,0.0001985285530771,0.000211044671122,0.0002218071445248,0.0001287814929287,0.000116837444064,0.000105402461733,0.0001641477799012,0.0001409459824522,0.0001994415636218,0.0001875183123351,0.0001404149261066,0.0001882264364029,9.479122233281199e-05,0.0001184777972607,0.0001540065393545,0.0001303008765695,0.0001421329416781,9.474631673693683e-05,0.0001894746814456,0.0001065694122104,0.0001065593180203,7.103281716152862e-05,0.0001065391353757,0.0001538752899957,0.0002012024807082,0.0001775147928994,0.0001538315899086,9.465663306356192e-05,9.464767403341065e-05,0.0001182983958737,0.0001537733617222,0.0002247244168992,7.095889114906098e-05,7.095217823187172e-05
0,0,0,0,0,0,0,0,0,0,0,0,0,0,0,0,0,0,0,0,0.0,0.0,0.0,0.0,0.0,0.0,0.0,0.0,0.0,0.0,0.0,0.0,0.0,0.0,0.0,0.0,0.0,0.0,0.0,0.0,0.0,0.0,0.0,0.0,0.0,0.0,0.0,0.0,0.0,0.0,0.0,0.0,0.0,0.0,0.0,0.0,0.0,0.0,0.0,0.0,0.0,0.0,0.0,0.0,0.0,0.0,0.0,0.0,0.0,0.0,0.0,0.0,0.0,0.0,0.0,0.0,0.0,0.0,0.0,0.0,0.0,0.0,0.0,0.0,0.0,0.0,0.0,0.0,0.0,0.0,0.0,0.0,0.0,0.0,0.0,0.0,0.0,0.0,0.0,0.8197004951971839,0.0788437507368024,0.0280352782190189,0.014257655355199,0.0096775341263534,0.0078728903393322,0.0070854647091636,0.0054398065846547,0.0037986817036081,0.0022668739689283,0.0019355371705751,0.0007582309524091,0.0007945260711278,0.000520759361833,0.0006525324189969,0.0004256426020951,0.000427223639708,0.0004504824904568,0.0002932069806717,0.0003545344962064,0.0002593116454502,0.0002841615458388,0.0003425345192114,0.000367673221529,0.0004160376573513,0.0002741620178324,0.0003906203761792,0.0003909952606635,0.0002732078161192,0.000224623460147,0.0002471984179301,0.0003301147148634,0.0003334405106403,0.0002825257804774,0.0003669594450626,0.0002717680282638,0.0003440952075843,0.0002246340829017,0.0002254497128482,0.0003196476772268,0.0003659846758674,0.0004383263043169,0.0003993797866842,0.0004615766986614,0.0004023668639053,0.0003761563870179,0.0004005938214294,0.0003534401508011,0.0002592871959268,0.0005078660178579,0.0004397850996053,0.0003523732337291,0.0004243981798033,0.0003307933132494,0.0003656436507749,0.0002954698561652,0.000518653857488,0.000436743077032,0.0004125898856536,0.0004347826086956,0.0003054295984775,0.0002705723192753,0.000342813911152,0.0001995422266564,0.000330477067252,0.0002936892063342,0.0002832125746383,0.0003765724843192,0.0002475801982999,0.0002483561190217,0.0003539113098257,0.0002964860473666,0.0003185089064527,0.000283983339644,0.0002570243588994,0.0003794526395674,0.0003667901132316,0.0003156307354196,0.0003047529742718,0.0004606009070294,0.00022500384875,0.000317053981376,0.0003060912151821,0.0001994860301106,0.0002600749488716,0.0002827254735651,0.0002114537444933,0.0002464412706981,0.0001757304529159,0.0002466091245376,0.0002459534796561,0.0001775189945324,0.0002803050653461,0.0003041753922107,0.0002578195497533,0.0001527130052744,0.0002353356474672,0.0001997438578763,9.39110427647411e-05,0.0001639997188576,0.0001534756327918,0.0001282604386507,0.0001881954409654,0.0001991938507686,0.0001875358955425,0.0001637331150225,0.0002347169899893,0.0001751722527151,0.0002344940790245,0.0001634368433341,0.000187318535169,0.0001635724216897,0.000140536615644,0.0001172484142151,0.0001526914809899,8.212299678547126e-05,0.0001640785232932,0.0001755186576333,0.0001764622841278,7.109341674960899e-05,9.478223780863464e-05,0.0001184665687343,0.0001539919450367,0.0001302885298716,0.0001421194751054,9.47373407228459e-05,0.0001894567328186,0.0001065593180203,0.0001065492257422,7.102609025048534e-05,0.0001065290469201,0.0001538607205415,0.0002011834319526,0.0001774979883561,0.0001538170287282,9.464767403341065e-05,9.463871669900156e-05,0.0001182872013248,0.0001537588115626,0.0002247031553053,7.095217823187172e-05
0,0,0,0,0,0,0,0,0,0,0,0,0,0,0,0,0,0,0,0,0.0,0.0,0.0,0.0,0.0,0.0,0.0,0.0,0.0,0.0,0.0,0.0,0.0,0.0,0.0,0.0,0.0,0.0,0.0,0.0,0.0,0.0,0.0,0.0,0.0,0.0,0.0,0.0,0.0,0.0,0.0,0.0,0.0,0.0,0.0,0.0,0.0,0.0,0.0,0.0,0.0,0.0,0.0,0.0,0.0,0.0,0.0,0.0,0.0,0.0,0.0,0.0,0.0,0.0,0.0,0.0,0.0,0.0,0.0,0.0,0.0,0.0,0.0,0.0,0.0,0.0,0.0,0.0,0.0,0.0,0.0,0.0,0.0,0.0,0.0,0.0,0.0,0.0,0.0,0.0,0.8202437931766203,0.0787832807795348,0.0266813384447915,0.0139588941994093,0.00930215938732,0.0076907556642178,0.0071701154329327,0.0056921056057181,0.0036080088301268,0.0023722132395463,0.0016823249256578,0.0009249706499697,0.0007456327226246,0.0005220259351975,0.0005438766582326,0.0003560196997567,0.0003556440714133,0.0004808594483017,0.0004372592119879,0.0003418198962753,0.0002841615458388,0.000318911448921,0.0003558127950281,0.0002733961748309,0.0003576026319553,0.0002130656597341,0.0002725118483412,0.0003801152224267,0.000295557184404,0.0004355400696864,0.0003536943373536,0.0002381717933145,0.0002589819654376,0.0003787968465162,0.0002717680282638,0.0003203645036129,0.0002955711617128,0.0003797047795339,0.0003314864800871,0.0002833429748651,0.0003909396768232,0.0003054080721702,0.0003787295989016,0.0003668639053254,0.0004701954837723,0.0003770294789923,0.000318096135721,0.0004007165755232,0.0003425142911135,0.0003922407645129,0.000258407038068,0.0003300874731803,0.0003189792663476,0.0003538486942983,0.0004609329756178,0.0003772028054458,0.0004485469439788,0.0003182836260756,0.0002820211515863,0.0003641660597232,0.0003882124580907,0.0002127810483012,0.0003756088972357,0.0003776880768595,0.0002466989333208,0.0003186141464681,0.0004001082645892,0.0003065278645618,0.0002956620464544,0.0002123467858954,0.0003083454892612,0.000412881915772,0.0003786444528587,0.0002803902097085,0.000320163164635,0.0003194623566856,0.0003156307354196,0.0002695891695481,0.0003779289493575,0.0002960576957237,0.0002231120609683,0.0001883638247274,0.0002816273366268,0.0001773238287761,0.0001884836490434,0.0003406754772393,0.0001290882846514,0.0002343072705546,0.0001174329164464,0.0002225293387365,0.0002366919927098,0.0002102287990095,0.0002222820173847,0.0002109432679799,0.0001527130052744,0.000164734953227,0.0003054906061638,0.0001526054444927,0.0001874282501229,0.0001534756327918,0.0001632405582827,0.0001293843656637,0.0002109111361079,0.0002461408628995,0.0001754283375241,0.0002464528394887,0.0002102067032582,0.0001524211513659,0.0001867849638104,0.0001521963098248,0.0001635724216897,0.000152248000281,0.0001289732556367,0.0001057094868391,0.00012905042352,0.0001406387342513,0.000163817413791,8.234906592630934e-05,0.000177733541874,7.1086678356476e-05,9.477325498744255e-05,0.0001184553423359,0.0001539773534846,0.0001302761855132,0.0001421060110842,9.472836640932126e-05,0.0001894387875917,0.0001065492257422,0.0001065391353757,7.101936461341793e-05,0.0001065189603749,0.0001538461538461,0.0002011643868036,0.0001774811869941,0.0001538024703042,9.463871669900156e-05,9.462976105985331e-05,0.0001182760088943,0.0001537442641562,0.0002246818977342
0,0,0,0,0,0,0,0,0,0,0,0,0,0,0,0,0,0,0,0,0.0,0.0,0.0,0.0,0.0,0.0,0.0,0.0,0.0,0.0,0.0,0.0,0.0,0.0,0.0,0.0,0.0,0.0,0.0,0.0,0.0,0.0,0.0,0.0,0.0,0.0,0.0,0.0,0.0,0.0,0.0,0.0,0.0,0.0,0.0,0.0,0.0,0.0,0.0,0.0,0.0,0.0,0.0,0.0,0.0,0.0,0.0,0.0,0.0,0.0,0.0,0.0,0.0,0.0,0.0,0.0,0.0,0.0,0.0,0.0,0.0,0.0,0.0,0.0,0.0,0.0,0.0,0.0,0.0,0.0,0.0,0.0,0.0,0.0,0.0,0.0,0.0,0.0,0.0,0.0,0.0,0.8186182697550914,0.0783283638600974,0.0265064813387255,0.0148405769482723,0.0094235493786866,0.0075138069164948,0.0070411701359715,0.0051627757931091,0.0035524188313604,0.0024997926712239,0.0020515374672406,0.0008284808029162,0.0006762608705968,0.0004611128189363,0.0004628256096837,0.0003437892690328,0.0003987614937136,0.0003663523127466,0.0004479019330504,0.0003078416746587,0.0003897806597923,0.0003439523685271,0.0002733961748309,0.0002980021932961,0.0003432724517938,0.0004265402843601,0.0003444794203242,0.0003546686212848,0.0004002260099821,0.0003536943373536,0.0003691662796375,0.0003060695955172,0.0003669594450626,0.0002481360258061,0.0002966337996416,0.0003546853940554,0.0002254497128482,0.0003078088743666,0.0003423727612953,0.0003198597355826,0.0003993797866842,0.0003077177991076,0.0003905325443786,0.000458440596678,0.0005419798760515,0.0002356267672007,0.000318216104092,0.0003188926158643,0.0004278990158322,0.0004815767527631,0.0004008205031476,0.0004607478291688,0.0002948739119152,0.0003309262389051,0.0003182648670949,0.0002950966736702,0.0005422609925733,0.0004230317273795,0.0003759133519723,0.0002470442915122,0.0003900985885523,0.0003873466752743,0.0002950688100465,0.0002701940698275,0.0003658162422411,0.0003177330336443,0.0003772650640761,0.0003074885283125,0.0003775053971474,0.0003795021406292,0.0002949156541229,0.0004023097311624,0.0001986097318768,0.0002490157947161,0.0002839665392761,0.0002221105175175,0.0003047529742718,0.0002598261526832,0.0002486884644079,0.0002818257612231,0.0003649549104094,0.0002464239195484,0.0003191828917969,0.0002002638771086,0.000223201174743,0.0002933824651168,0.0002225919070268,0.0002231225412483,0.0002576655501159,0.0002603611919808,0.0003153431985143,0.0001988839102916,0.0002226623384233,0.0001292186967707,0.0002118020827204,0.0002819913287666,0.0002112998462206,0.0003279994377152,0.0001652814506989,0.0002565208773014,0.0002352443012068,0.0001523247094113,0.0002461408628995,0.0001403426700192,0.0002699245384877,0.0001634941025341,0.000105522335561,0.0001284146626196,0.0001521963098248,9.346995525125891e-05,0.0002225163081031,0.0001758726213227,0.0001996734751406,0.0001877097069382,0.0001757984178142,0.0001872199014755,0.0001411698273022,0.0001303379307076,0.0001777166958911,7.107994124058191e-05,9.476427386875149e-05,0.000118444118065,0.0001539627646975,0.0001302638434939,0.0001420925496139,9.471939379587969e-05,0.000189420845764,0.0001065391353757,0.0001065290469201,7.10126402499645e-05,0.0001065088757396,0.0001538315899086,0.00020114534526,0.0001774643888126,0.0001537879146358,9.462976105985331e-05,9.462080711548467e-05,0.0001182648185817,0.0001537297195023
0,0,0,0,0,0,0,0,0,0,0,0,0,0,0,0,0,0,0,0,0.0,0.0,0.0,0.0,0.0,0.0,0.0,0.0,0.0,0.0,0.0,0.0,0.0,0.0,0.0,0.0,0.0,0.0,0.0,0.0,0.0,0.0,0.0,0.0,0.0,0.0,0.0,0.0,0.0,0.0,0.0,0.0,0.0,0.0,0.0,0.0,0.0,0.0,0.0,0.0,0.0,0.0,0.0,0.0,0.0,0.0,0.0,0.0,0.0,0.0,0.0,0.0,0.0,0.0,0.0,0.0,0.0,0.0,0.0,0.0,0.0,0.0,0.0,0.0,0.0,0.0,0.0,0.0,0.0,0.0,0.0,0.0,0.0,0.0,0.0,0.0,0.0,0.0,0.0,0.0,0.0,0.0,0.8190875100572672,0.076851006297513,0.0278231041341607,0.0138979550660479,0.0100026073147028,0.0077393701998745,0.0073821759616411,0.005617778617035,0.0035779023066807,0.0022294164383886,0.0019291767267907,0.000866088483396,0.0006502873087564,0.000427223639708,0.0005334661071199,0.0005160442859823,0.0003545344962064,0.0002357378595002,0.000461762511988,0.0004606498706636,0.0004388357805346,0.0003803772867212,0.0004052829828827,0.0004971532060463,0.000367298578199,0.0003682366217259,0.0003428463339086,0.0003178265373387,0.0003183249036182,0.0003929834589689,0.0002942976879973,0.0004143090508771,0.0003781120393236,0.0003796912635413,0.0003073940081814,0.0003203759077317,0.0004617133115499,0.0003423727612953,0.000331706392456,0.0002114363576563,0.0003550589989703,0.0003195266272189,0.0004819503708666,0.0003534651365553,0.0004123468426013,0.0002946445408259,0.0004133793168611,0.0003328103456473,0.0003758647826444,0.0004715535331148,0.0004253056884635,0.0004128234766813,0.0003900202101381,0.0003536276301054,0.0003895276092447,0.0004715312978898,0.0003995299647473,0.000258440429481,0.000329392388683,0.0004019197579024,0.0003638711191971,0.0003894908292613,0.0002936892063342,0.0004838214816737,0.0002824293632394,0.0003418964643189,0.0003547944557453,0.000330317222504,0.0004862371176812,0.0002595257756281,0.000354979174555,0.0003855365383492,0.0002608736897026,0.0002484707218666,0.0002338005447552,0.0002461466330656,0.0002125850340136,0.0002960576957237,0.0002465975410702,0.0002472275199547,0.0002816273366268,0.0002364317717014,0.0002356045613043,0.0002819383259911,0.0002229706734887,0.0002225919070268,0.0002818389994715,0.0002108172682766,0.0003905417879713,0.0002452669321778,0.0001988839102916,0.0003281339724133,0.0003054260105489,0.000294169559334,0.0001879942191777,0.000199560965875,0.0002342853126537,0.0002361163581412,0.0001865606380373,0.0001999576560257,9.373828271466067e-05,0.0002344198694281,0.0001520378925209,0.0001877735919914,0.0001751722527151,0.0002227693750732,0.0001400887228578,0.0002341481689613,0.0001285211884704,0.000163959384918,0.0001641477799012,0.0001526914809899,0.0001759778502545,0.0001992382068561,0.0001755186576333,0.0001529339795774,0.0001303379307076,0.0001303255769868,0.0001776998531014,7.107320540156361e-05,9.47552944520775e-05,0.0001184328959211,0.0001539481786746,0.0001302515038128,0.0001420790906938,9.471042288203816e-05,0.0001894029073346,0.0001065290469201,0.0001065189603749,7.100591715976331e-05,0.0001064987930136,0.0001538170287282,0.0002011263073209,0.0001774475938106,0.0001537733617222,9.462080711548467e-05,9.461185486541464e-05,0.0001182536303864
0,0,0,0,0,0,0,0,0,0,0,0,0,0,0,0,0,0,0,0,0.0,0.0,0.0,0.0,0.0,0.0,0.0,0.0,0.0,0.0,0.0,0.0,0.0,0.0,0.0,0.0,0.0,0.0,0.0,0.0,0.0,0.0,0.0,0.0,0.0,0.0,0.0,0.0,0.0,0.0,0.0,0.0,0.0,0.0,0.0,0.0,0.0,0.0,0.0,0.0,0.0,0.0,0.0,0.0,0.0,0.0,0.0,0.0,0.0,0.0,0.0,0.0,0.0,0.0,0.0,0.0,0.0,0.0,0.0,0.0,0.0,0.0,0.0,0.0,0.0,0.0,0.0,0.0,0.0,0.0,0.0,0.0,0.0,0.0,0.0,0.0,0.0,0.0,0.0,0.0,0.0,0.0,0.0,0.8203370533331751,0.0769542276587381,0.0277484363316994,0.0139491336604328,0.0088280889435878,0.0080942829675872,0.0066917657055859,0.0053550061013896,0.0037828927864147,0.0022250627278322,0.0018508192247914,0.0009222256378727,0.0006052334895864,0.0006283045261635,0.000457402889848,0.0005790730104705,0.0005186232909005,0.0005446429628577,0.0003897806597923,0.0003913940745309,0.0004873583986116,0.000381442807419,0.0004024573572756,0.000367298578199,0.0002375720140167,0.0003546686212848,0.0003766833035125,0.0002475860361475,0.0003691662796375,0.0002707538729575,0.0003787968465162,0.0004135600430102,0.0003084991516273,0.0002719254687758,0.000439033651336,0.0002486148600653,0.0003069548894372,0.0003080130787091,0.0003758868580557,0.000366894298936,0.0003313609467455,0.0002938721773577,0.0003888116502109,0.0003652214891611,0.0004714312653215,0.0004488118297349,0.0003446964294204,0.000387610557102,0.0004361870181312,0.00040167759466,0.0003420537378217,0.0002481946791788,0.0004243531561265,0.0003895276092447,0.0003890133207591,0.0003760282021151,0.0002466931372318,0.0003999764719722,0.0003900985885523,0.0002934444509654,0.000330477067252,0.0002466989333208,0.0002478110028085,0.0003412688139143,0.0003418964643189,0.0002483561190217,0.0003421142661648,0.0003439238149452,0.0002595257756281,0.0004023097311624,0.0003271219113265,0.0003438789546079,0.0003194623566856,0.0002338005447552,0.0001992615601008,0.0002362055933484,0.00022500384875,0.0002348548010192,0.0002825457370911,0.0002581583919079,0.0003073613032119,0.0002945057016303,0.0003524229074889,0.0001642941804654,0.0002928840881932,0.0001878926663143,0.0002928017614953,0.0001183459963549,0.0002686256876233,0.0001520876961053,0.0001406288453199,0.0002466902392895,0.0002235688650938,0.0002584920513694,0.0001878220855294,0.000222571047021,0.0001534756327918,0.0001515805184053,0.0001881954409654,0.0001991938507686,0.0002461408628995,0.0001871235600257,0.0001995094414909,0.0001751722527151,0.0001289717434634,0.0001984590240485,0.0001404889013767,0.0002570423769409,0.000140536615644,0.0001172484142151,0.000223164472216,0.0001407822802036,0.0001640785232932,0.0001053111945799,0.0001176415227518,0.0001421868334992,0.0001303255769868,0.0001303132256077,0.0001776830135039,7.106647083905813e-05,9.474631673693683e-05,0.0001184216759035,0.0001539335954151,0.0001302391664693,0.000142065634323,9.470145366731381e-05,0.0001893849723024,0.0001065189603749,0.0001065088757396,7.099919534245279e-05,0.0001064887121965,0.0001538024703042,0.0002011072729853,0.0001774308019872,0.0001537588115626,9.461185486541464e-05,9.460290430916229e-05
0,0,0,0,0,0,0,0,0,0,0,0,0,0,0,0,0,0,0,0,0.0,0.0,0.0,0.0,0.0,0.0,0.0,0.0,0.0,0.0,0.0,0.0,0.0,0.0,0.0,0.0,0.0,0.0,0.0,0.0,0.0,0.0,0.0,0.0,0.0,0.0,0.0,0.0,0.0,0.0,0.0,0.0,0.0,0.0,0.0,0.0,0.0,0.0,0.0,0.0,0.0,0.0,0.0,0.0,0.0,0.0,0.0,0.0,0.0,0.0,0.0,0.0,0.0,0.0,0.0,0.0,0.0,0.0,0.0,0.0,0.0,0.0,0.0,0.0,0.0,0.0,0.0,0.0,0.0,0.0,0.0,0.0,0.0,0.0,0.0,0.0,0.0,0.0,0.0,0.0,0.0,0.0,0.0,0.0,0.8184470991793613,0.0776315320982232,0.0263101756381995,0.0135024792019218,0.0089369429246234,0.0079191795210725,0.0074638359377776,0.0060004506267269,0.0031600624911234,0.0022423386761896,0.0021282130104755,0.0009968551593188,0.0006045949214026,0.0005395008444361,0.0004727126616086,0.0004479019330504,0.0003196817390686,0.0005197075463898,0.0005218587660412,0.0002852829650409,0.0003099222810279,0.0003195984896012,0.0003791469194312,0.0003563580210251,0.0005201806445511,0.0003295978905735,0.000294745281128,0.0003929834589689,0.0002707538729575,0.0003551220436089,0.0004017440417813,0.0003322298555986,0.0002601026223073,0.0003203759077317,0.0003551640858076,0.0002479251030069,0.0001895465099748,0.0002819151435417,0.0002722118992105,0.0003076923076923,0.0003526466128292,0.0003534651365553,0.000318096135721,0.0002946445408259,0.0003779468039873,0.0003328103456473,0.0004111021060173,0.0003772428264918,0.0004253056884635,0.0004600033025878,0.0004963893583576,0.0004715035068073,0.0004249392100852,0.0004243781681009,0.0003407755581668,0.0003876606442215,0.0005293806246691,0.0004492044353027,0.0003286577850812,0.0005547293628874,0.000317184342841,0.000271412050695,0.0002824293632394,0.0003654755308237,0.0002247031553053,0.0004246935717909,0.0002371888378932,0.0003185089064527,0.000354979174555,0.0003271219113265,0.0003083052696485,0.0003076304175491,0.0003507008171329,0.0003281955107542,0.0003543083900226,0.0003789538505263,0.0002348548010192,0.0003060912151821,0.0001877515577512,0.0002718965374567,0.0002945057016303,8.223201174743025e-05,0.0002347059720934,0.00025773799761,0.0002935822911161,0.0001991051978168,0.0003195341901583,0.000233587554455,0.000269078231571,0.0002343814088666,0.0003289203190527,0.0002706359945872,0.0001644949417805,0.0001760832051838,0.0002577138439191,0.0002951454476766,0.0001982206779147,0.0001764332259051,0.0001874765654293,0.0002226988759567,0.0002222092275305,0.0001643018929925,0.0001751722527151,0.0001758705592683,0.0001400887228578,0.0002107333520651,0.0001752561660961,0.000140536615644,0.0001641477799012,0.0001879279766029,0.0001525141368873,0.0002343978904189,0.0002223236330021,0.000129405675027,0.0001303379307076,0.0001421733567129,0.0001303132256077,0.0001303008765695,0.0001776661770976,7.105973755270264e-05,9.47373407228459e-05,0.0001184104580116,0.0001539190149183,0.0001302268314628,0.0001420521805009,9.469248615122389e-05,0.0001893670406665,0.0001065088757396,0.0001064987930136,7.099247479767145e-05,0.0001064786332875,0.0001537879146358,0.0002010882422521,0.0001774140133415,0.0001537442641562,9.460290430916229e-05
0,0,0,0,0,0,0,0,0,0,0,0,0,0,0,0,0,0,0,0,0.0,0.0,0.0,0.0,0.0,0.0,0.0,0.0,0.0,0.0,0.0,0.0,0.0,0.0,0.0,0.0,0.0,0.0,0.0,0.0,0.0,0.0,0.0,0.0,0.0,0.0,0.0,0.0,0.0,0.0,0.0,0.0,0.0,0.0,0.0,0.0,0.0,0.0,0.0,0.0,0.0,0.0,0.0,0.0,0.0,0.0,0.0,0.0,0.0,0.0,0.0,0.0,0.0,0.0,0.0,0.0,0.0,0.0,0.0,0.0,0.0,0.0,0.0,0.0,0.0,0.0,0.0,0.0,0.0,0.0,0.0,0.0,0.0,0.0,0.0,0.0,0.0,0.0,0.0,0.0,0.0,0.0,0.0,0.0,0.0,0.8184245819338452,0.0764891322382611,0.0278688330591813,0.0142777454692191,0.0098665187475658,0.0071794993306242,0.0066170977267067,0.0057638593002887,0.0038084164817824,0.002341034311523,0.0017207618821574,0.0008654005737724,0.0005981422405704,0.0004845304781488,0.0006011315417256,0.000461762511988,0.0003307229840662,0.0004269753540337,0.0004398112377714,0.0003337624564916,0.0003551094328902,0.0003436018957345,0.0003563580210251,0.0003901354834133,0.0003649119502778,0.0002240064136573,0.0003572576899717,0.0002354381503978,0.0002367480290726,0.0003190320331793,0.0002491723916989,0.0003665082405239,0.000355973230813,0.0003078088743666,0.0003305668040093,0.0001895465099748,0.000340647465113,0.0003077177991076,0.0003668639053254,0.0002821172902634,0.0004005938214294,0.0002945334590009,0.0003771450122572,0.0003661359663627,0.000309038178101,0.0005755429484243,0.0004243981798033,0.0003662354539547,0.0003892335637281,0.0002363758849322,0.0004243531561265,0.0002714889397766,0.0003182836260756,0.0003995299647473,0.0003171768907266,0.000329392388683,0.0003900985885523,0.0005164622336991,0.0001888440384297,0.0003994173206146,0.0004130183380142,0.0002824293632394,0.0003536859975713,0.0003784474194616,0.0002713320041997,0.0003676426987345,0.0004482717942668,0.0002958159787959,0.0004322682399672,0.0003913105345539,0.0003431262349586,0.000245490571993,0.0003985231202016,0.0004606009070294,0.0002605307722368,0.0003405394614779,0.0002707729980457,0.0004224410049402,0.0002718965374567,0.0002827254735651,0.0003054331864904,0.0002347059720934,0.0002343072705546,0.0002935822911161,0.0002928017614953,0.0002366919927098,0.0002452669321778,0.0001988839102916,0.0001289097748766,0.0002584373935414,0.0002000353003471,0.0002349927739722,0.0001291276838015,0.0001639997188576,0.0001652814506989,0.0001632405582827,0.0001881954409654,0.0002577802774653,0.0001992568890139,0.0001520378925209,0.0001760377424919,0.0001751722527151,0.0001875952632196,0.0001400887228578,0.0001521963098248,0.0001635724216897,0.000187382154192,0.0001524229384797,0.0002349099707537,0.00012905042352,0.0001640785232932,0.0001404149261066,0.0001176415227518,0.0002014313474572,0.0001303255769868,0.0001421598824811,0.0001303008765695,0.0001302885298716,0.0001776493438817,7.105300554213443e-05,9.472836640932126e-05,0.0001183992422448,0.0001539044371833,0.0001302144987925,0.0001420387292268,9.4683520333286e-05,0.000189349112426,0.0001064987930136,0.0001064887121965,7.098575552505797e-05,0.0001064685562863,0.0001537733617222,0.0002010692151204,0.0001773972278726,0.0001537297195023
0,0,0,0,0,0,0,0,0,0,0,0,0,0,0,0,0,0,0,0,0.0,0.0,0.0,0.0,0.0,0.0,0.0,0.0,0.0,0.0,0.0,0.0,0.0,0.0,0.0,0.0,0.0,0.0,0.0,0.0,0.0,0.0,0.0,0.0,0.0,0.0,0.0,0.0,0.0,0.0,0.0,0.0,0.0,0.0,0.0,0.0,0.0,0.0,0.0,0.0,0.0,0.0,0.0,0.0,0.0,0.0,0.0,0.0,0.0,0.0,0.0,0.0,0.0,0.0,0.0,0.0,0.0,0.0,0.0,0.0,0.0,0.0,0.0,0.0,0.0,0.0,0.0,0.0,0.0,0.0,0.0,0.0,0.0,0.0,0.0,0.0,0.0,0.0,0.0,0.0,0.0,0.0,0.0,0.0,0.0,0.0,0.8209604399250989,0.0777013833828384,0.0263954330204018,0.0136431766413709,0.0092172450152238,0.0075302097785999,0.0069000615442882,0.0059558413515726,0.0035706684953534,0.0022547914317925,0.0017189463451644,0.0008913492212422,0.0006736155427923,0.0006129184347006,0.0004972827052179,0.0005551421518254,0.000367673221529,0.0004041508671413,0.0002980021932961,0.0002722505652158,0.0003791469194312,0.0003326008196234,0.0004019577707894,0.000353140597043,0.0004244332048243,0.0004287092279661,0.0004002448556764,0.0002840976348871,0.0003544800368659,0.0003678259115556,0.000437445319335,0.0003322416820921,0.0002604536629256,0.0003541787185813,0.0003909396768232,0.0003641403937414,0.0002248706993478,0.0002721893491124,0.0003173819515463,0.0003652473077738,0.0004241281809613,0.0004360739204224,0.0004133793168611,0.0003803546807397,0.0003993563315597,0.0004715535331148,0.0004489337822671,0.0003892335637281,0.0004372953871246,0.0003772028054458,0.0003895276092447,0.0004715312978898,0.0003055229142185,0.0004581443977163,0.0004117404858537,0.0004610256046528,0.0002347555607723,0.0004012935816632,0.0003289319110944,0.0002832125746383,0.0004001082645892,0.0003890545973284,0.0003193150101707,0.0003067231351823,0.0002371888378932,0.000283119027958,0.0003313138962514,0.0003738536129446,0.000272731584689,0.0003549581740951,0.0001987304630419,0.0002813104377893,0.000448790627362,0.0003079000035526,0.0003405394614779,0.0002943184761366,0.0002933618089862,0.0002955397146268,0.0002473847893695,0.0001879588839941,0.0002464412706981,0.0002811687246655,0.0003170688744054,0.0003396500433346,0.0002130227934388,0.0002569463099006,0.0002339810709313,0.0002343814088666,0.0001879544680301,0.0002235688650938,0.0003172402448624,0.0002347776069118,0.0002342853126537,0.0001180581790706,0.0001982206779147,0.0002470065162671,0.0002460629921259,0.0001523729151282,0.0001520378925209,0.0001760377424919,0.0001518159523531,0.0002227693750732,0.0001751109035722,0.0002107333520651,0.0001986236549089,0.000187382154192,9.379873137215817e-05,0.0001761824780652,0.0002346371336727,0.0001875183123351,0.0002340248768444,0.0001882264364029,9.479122233281199e-05,0.0002014122553433,0.0001303132256077,0.0001421464108031,0.0001302885298716,0.0001302761855132,0.0001776325138553,7.104627480699095e-05,9.471939379587969e-05,0.0001183880286025,0.0001538898622093,0.0001302021684579,0.0001420252804999,9.467455621301776e-05,0.0001893311875798,0.0001064887121965,0.0001064786332875,7.097903752425118e-05,0.0001064584811923,0.0001537588115626,0.000201050191589,0.0001773804455796
0,0,0,0,0,0,0,0,0,0,0,0,0,0,0,0,0,0,0,0,0.0,0.0,0.0,0.0,0.0,0.0,0.0,0.0,0.0,0.0,0.0,0.0,0.0,0.0,0.0,0.0,0.0,0.0,0.0,0.0,0.0,0.0,0.0,0.0,0.0,0.0,0.0,0.0,0.0,0.0,0.0,0.0,0.0,0.0,0.0,0.0,0.0,0.0,0.0,0.0,0.0,0.0,0.0,0.0,0.0,0.0,0.0,0.0,0.0,0.0,0.0,0.0,0.0,0.0,0.0,0.0,0.0,0.0,0.0,0.0,0.0,0.0,0.0,0.0,0.0,0.0,0.0,0.0,0.0,0.0,0.0,0.0,0.0,0.0,0.0,0.0,0.0,0.0,0.0,0.0,0.0,0.0,0.0,0.0,0.0,0.0,0.0,0.8188111664674625,0.078652218806746,0.0264602093684719,0.0134349046879998,0.0097952020112182,0.0077167069071628,0.007379548447566,0.0056397644777601,0.0036314009375185,0.0022642672546648,0.0017123287671232,0.0009926965893781,0.0005539839698255,0.0005209628340378,0.0004606498706636,0.0003795336480299,0.0005230187692417,0.0005721642111285,0.0004261313194682,0.0003199052132701,0.0003207222189226,0.0003428463339086,0.0003766833035125,0.0003419045261085,0.0002858061519774,0.0002942976879973,0.0003551220436089,0.0003190320331793,0.0003559605595699,0.0003783310869925,0.0002373154872086,0.0003788416915281,0.0004722382914418,0.0004264796474434,0.0002584222149133,0.0003313883990389,0.0003431952662721,0.000458440596678,0.0002827721092442,0.0003652214891611,0.0003771450122572,0.0004960551802333,0.0003684685969666,0.0004111021060173,0.0003772428264918,0.0004253056884635,0.0004600033025878,0.0004491141813712,0.000259326928744,0.0003423121414575,0.0004125898856536,0.0005052878965922,0.0005051335667128,0.0004470325274983,0.0004610256046528,0.0003403955631199,0.0002950688100465,0.0003759221841078,0.0003894172901276,0.0004354119349941,0.0002475801982999,0.0004139268650361,0.0003893024408083,0.0003913615825239,0.0003538987849475,0.0004851382052252,0.0002570243588994,0.0002490157947161,0.0002957984784126,0.0002338005447552,0.0002930317060305,0.0003779289493575,0.0002842153878947,0.000293568501274,0.0002590002590002,0.0003050962813457,0.0003664692461372,0.0001884836490434,0.0002819383259911,0.0002699118679074,0.0002928840881932,0.0001878926663143,0.0002108172682766,0.0003195341901583,0.0003387019539598,0.000269078231571,0.0002226623384233,0.0001762073137782,0.000329469906454,0.0002232431352735,0.0003404275300221,0.0001991425157556,0.0001652814506989,0.0002332007975467,0.0001529087957844,0.0002226284214473,0.0002578618563709,0.0002455996725337,0.0002112452909903,0.0002452411538012,0.0001289717434634,0.0002101330842867,0.0001287814929287,0.0001518886772832,0.000128825231007,0.0001875974627443,0.0002114189736783,0.0001877097069382,0.0002461177849399,0.0002106223891599,0.0001764622841278,0.000177733541874,9.478223780863464e-05,0.0002013931668483,0.0001303008765695,0.0001421329416781,0.0001302761855132,0.0001302638434939,0.0001776156870174,7.103954534690977e-05,9.471042288203816e-05,0.0001183768170841,0.0001538752899957,0.0001301898404582,0.0001420118343195,9.466559378993704e-05,0.0001893132661271,0.0001064786332875,0.0001064685562863,7.097232079489e-05,0.0001064484080049,0.0001537442641562,0.0002010311716569
0,0,0,0,0,0,0,0,0,0,0,0,0,0,0,0,0,0,0,0,0.0,0.0,0.0,0.0,0.0,0.0,0.0,0.0,0.0,0.0,0.0,0.0,0.0,0.0,0.0,0.0,0.0,0.0,0.0,0.0,0.0,0.0,0.0,0.0,0.0,0.0,0.0,0.0,0.0,0.0,0.0,0.0,0.0,0.0,0.0,0.0,0.0,0.0,0.0,0.0,0.0,0.0,0.0,0.0,0.0,0.0,0.0,0.0,0.0,0.0,0.0,0.0,0.0,0.0,0.0,0.0,0.0,0.0,0.0,0.0,0.0,0.0,0.0,0.0,0.0,0.0,0.0,0.0,0.0,0.0,0.0,0.0,0.0,0.0,0.0,0.0,0.0,0.0,0.0,0.0,0.0,0.0,0.0,0.0,0.0,0.0,0.0,0.0,0.8180091861803765,0.0777047361650399,0.0269171988105251,0.014242176289919,0.0105217061970364,0.0077592036731643,0.0069166922840454,0.0056488459028066,0.0035564407141332,0.0021814599361981,0.0021153891606986,0.0009547383309759,0.0006867237357771,0.0005905767572611,0.0005099983395402,0.0003803772867212,0.0004052829828827,0.0002840875463121,0.0004976303317535,0.0004276296252301,0.0002482680348993,0.0003295978905735,0.0004008535823341,0.0003929834589689,0.0004120167631963,0.0004024716494235,0.0003544800368659,0.0004034219675126,0.0003428625475869,0.0002966443590108,0.0004025192972486,0.0004132085050116,0.0003198597355826,0.0003171545364845,0.0003432236990046,0.0002721893491124,0.0002586075160748,0.0003063364516813,0.0003770028275212,0.0003064303224589,0.0004842443426087,0.0003922407645129,0.0004111021060173,0.0003300874731803,0.0003307933132494,0.0004246184331579,0.0004491141813712,0.0004243531561265,0.0004013314761916,0.0004597430154426,0.0004700352526439,0.0004816389822145,0.0004940885830245,0.0004019197579024,0.0003756088972357,0.000330477067252,0.0003759221841078,0.0004248188619574,0.0003412688139143,0.0003654755308237,0.0004375798287525,0.0004718817464343,0.0004150804663132,0.0003303055326176,0.0003431465354032,0.0003037560605175,0.0003083052696485,0.0003667901132316,0.0003623908443706,0.0003281955107542,0.0003306878306878,0.0003315846192105,0.0003640249415798,0.0002825457370911,0.0002698928642673,0.0003782908347223,0.0001884836490434,0.0003054331864904,0.0003051177637214,0.0003748916328873,0.0002466091245376,0.0002342414091963,0.0002248573930743,0.0003036638207916,0.0003158744457573,0.0002461004793099,0.0002466902392895,0.0002471024298405,0.0002467424126708,0.000199560965875,0.0003982850315113,0.0002243105402342,0.0002332007975467,0.0002705309463878,0.0002343457067866,0.0002578618563709,0.0001520378925209,0.0002464528394887,0.0003036319047062,0.0002227693750732,0.0002101330842867,0.0001756111267209,7.01024664384442e-05,0.000187382154192,0.0002227719870088,0.0001526914809899,0.0002346371336727,0.0002343978904189,0.0002106223891599,0.0001058773704766,0.0001421868334992,0.0001777166958911,9.477325498744255e-05,0.000201374081971,0.0001302885298716,0.0001421194751054,0.0001302638434939,0.0001302515038128,0.0001775988633672,7.103281716152862e-05,9.470145366731381e-05,0.000118365607689,0.0001538607205415,0.0001301775147928,0.0001419983906849,9.465663306356192e-05,0.0001892953480668,0.0001064685562863,0.0001064584811923,7.096560533661353e-05,0.0001064383367235,0.0001537297195023
0,0,0,0,0,0,0,0,0,0,0,0,0,0,0,0,0,0,0,0,0.0,0.0,0.0,0.0,0.0,0.0,0.0,0.0,0.0,0.0,0.0,0.0,0.0,0.0,0.0,0.0,0.0,0.0,0.0,0.0,0.0,0.0,0.0,0.0,0.0,0.0,0.0,0.0,0.0,0.0,0.0,0.0,0.0,0.0,0.0,0.0,0.0,0.0,0.0,0.0,0.0,0.0,0.0,0.0,0.0,0.0,0.0,0.0,0.0,0.0,0.0,0.0,0.0,0.0,0.0,0.0,0.0,0.0,0.0,0.0,0.0,0.0,0.0,0.0,0.0,0.0,0.0,0.0,0.0,0.0,0.0,0.0,0.0,0.0,0.0,0.0,0.0,0.0,0.0,0.0,0.0,0.0,0.0,0.0,0.0,0.0,0.0,0.0,0.0,0.8190154724953087,0.0781096354567749,0.0267648558587403,0.0135989206078682,0.0095981586721558,0.0075551561871881,0.0076781581914199,0.0057614339568959,0.0039641583786826,0.0021153891606986,0.0019448373408769,0.0009827253460258,0.0006023882924063,0.0005337191925421,0.0005705659300818,0.0004052829828827,0.0004616422627573,0.0004502369668246,0.0004038724238284,0.0003901354834133,0.0004237687164516,0.0004008535823341,0.0002381717933145,0.0003884729481565,0.0003314472407017,0.0003781120393236,0.0002729030956703,0.000413799626398,0.0003322416820921,0.0002486148600653,0.0002479251030069,0.0003790930199497,0.0004111262509984,0.0003905648988673,0.0002721893491124,0.0002350977418861,0.0003652473077738,0.0003534401508011,0.0003889307938902,0.0002952709406151,0.0003565825131935,0.0003406274592715,0.0005069200480984,0.0003662354539547,0.0003184638248684,0.0003309262389051,0.0004243531561265,0.0003659198753511,0.0003064953436284,0.0002350176263219,0.0003876606442215,0.0004587965413799,0.0003546350805021,0.0002817066729268,0.0003776880768595,0.0003054367745876,0.0003894172901276,0.0004118761547242,0.0004715813300951,0.000402100383178,0.000247737916878,0.0003320643730506,0.0002949156541229,0.0002958159787959,0.0003738536129446,0.0004031684295403,0.0004141178697776,0.000245490571993,0.0002461466330656,0.0003779289493575,0.0002960576957237,0.0001878838408154,0.0002472275199547,0.0003520341707835,0.000331004480382,0.0003180661577608,0.0002819383259911,0.0002933824651168,0.0001874458164436,0.0002113792496036,0.0002810896910355,0.0003313687897938,0.0003270225762371,0.000269078231571,0.0003750102541866,0.0002819317020451,0.0002000353003471,0.0003524891609583,0.0002465164872574,0.0001874282501229,0.0001180581790706,0.000209880717792,0.0001529087957844,0.0002694975628046,0.0002109778824853,0.0002105140050289,0.0001760377424919,0.0002802756043442,0.0002344940790245,0.0002451552650011,0.000187318535169,0.0001518886772832,0.0002108049234661,0.0001524229384797,0.0001526914809899,9.385485346911001e-05,0.0001289188397304,0.0001404149261066,0.0002117547409533,0.000177733541874,0.0001421733567129,0.0001776998531014,9.476427386875149e-05,0.0002013550007106,0.0001302761855132,0.0001421060110842,0.0001302515038128,0.0001302391664693,0.0001775820429038,7.102609025048534e-05,9.469248615122389e-05,0.0001183544004166,0.0001538461538461,0.0001301651914611,0.0001419849495953,9.464767403341065e-05,0.000189277433398,0.0001064584811923,0.0001064484080049,7.095889114906098e-05,0.0001064282673478
0,0,0,0,0,0,0,0,0,0,0,0,0,0,0,0,0,0,0,0,0.0,0.0,0.0,0.0,0.0,0.0,0.0,0.0,0.0,0.0,0.0,0.0,0.0,0.0,0.0,0.0,0.0,0.0,0.0,0.0,0.0,0.0,0.0,0.0,0.0,0.0,0.0,0.0,0.0,0.0,0.0,0.0,0.0,0.0,0.0,0.0,0.0,0.0,0.0,0.0,0.0,0.0,0.0,0.0,0.0,0.0,0.0,0.0,0.0,0.0,0.0,0.0,0.0,0.0,0.0,0.0,0.0,0.0,0.0,0.0,0.0,0.0,0.0,0.0,0.0,0.0,0.0,0.0,0.0,0.0,0.0,0.0,0.0,0.0,0.0,0.0,0.0,0.0,0.0,0.0,0.0,0.0,0.0,0.0,0.0,0.0,0.0,0.0,0.0,0.0,0.8196832016301965,0.0790612733762614,0.0271860057756947,0.0135252174119377,0.0101208352053725,0.0075594849581676,0.0067453825544728,0.0055474760743103,0.0038053369259495,0.0023691654879773,0.0021667317870209,0.0009212997413273,0.0007234860165571,0.0005705659300818,0.0006198445620559,0.0004142943383719,0.0004976303317535,0.0003088436182217,0.000366490908661,0.0003295978905735,0.0003772739598439,0.0003572576899717,0.0002707538729575,0.0003432846421553,0.0003190320331793,0.0003322298555986,0.0002601026223073,0.000355973230813,0.0003551640858076,0.0003069548894372,0.0002961664218357,0.0004346191796269,0.0002722118992105,0.000284023668639,0.0003761563870179,0.0002945542804628,0.0003063147973609,0.0003535734489911,0.0003188926158643,0.0003446964294204,0.0004463394293902,0.0004361870181312,0.0003544214070529,0.0002948739119152,0.0004372953871246,0.000388990393116,0.0003777237422979,0.0004597430154426,0.0004347826086956,0.0003759133519723,0.0003999764719722,0.0005319526207532,0.0003638711191971,0.0004839128484762,0.000317184342841,0.0003658162422411,0.0004236440448591,0.0004480022635903,0.0003311414920289,0.0003657083534866,0.0004743776757865,0.0003067122802878,0.0003313138962514,0.0003388048367311,0.0003557368495944,0.0004259498089141,0.0003273207626573,0.0002930317060305,0.0003897392290249,0.0004500076975,0.0003640249415798,0.0003060912151821,0.0002581583919079,0.0003191828917969,0.0003180661577608,0.0002819383259911,0.0002112353748841,0.00025773799761,0.0003170688744054,0.0002693776205757,0.0002840303912518,0.000233587554455,0.0002924763386642,0.0001992241975366,0.0003054260105489,0.0002588692122139,0.0001762445804791,0.0002699942479486,0.0002928566408171,0.0002597279939554,0.0002332007975467,0.0001529087957844,0.0002109111361079,0.000117209934714,0.0002455996725337,0.0001760377424919,0.0001284596519911,0.0002462187829757,0.0002451552650011,0.0001170740844806,0.0001518886772832,0.000163959384918,0.0001641477799012,0.0001644369795275,0.0001877097069382,0.0001406387342513,0.0001521161699488,0.0001529339795774,0.0001303379307076,0.0001777166958911,0.0001421598824811,0.0001776830135039,9.47552944520775e-05,0.0002013359230659,0.0001302638434939,0.0001420925496139,0.0001302391664693,0.0001302268314628,0.0001775652256262,7.101936461341793e-05,9.4683520333286e-05,0.0001183431952662,0.0001538315899086,0.0001301528704623,0.0001419715110501,9.463871669900156e-05,0.0001892595221197,0.0001064484080049,0.0001064383367235,7.095217823187172e-05
0,0,0,0,0,0,0,0,0,0,0,0,0,0,0,0,0,0,0,0,0.0,0.0,0.0,0.0,0.0,0.0,0.0,0.0,0.0,0.0,0.0,0.0,0.0,0.0,0.0,0.0,0.0,0.0,0.0,0.0,0.0,0.0,0.0,0.0,0.0,0.0,0.0,0.0,0.0,0.0,0.0,0.0,0.0,0.0,0.0,0.0,0.0,0.0,0.0,0.0,0.0,0.0,0.0,0.0,0.0,0.0,0.0,0.0,0.0,0.0,0.0,0.0,0.0,0.0,0.0,0.0,0.0,0.0,0.0,0.0,0.0,0.0,0.0,0.0,0.0,0.0,0.0,0.0,0.0,0.0,0.0,0.0,0.0,0.0,0.0,0.0,0.0,0.0,0.0,0.0,0.0,0.0,0.0,0.0,0.0,0.0,0.0,0.0,0.0,0.0,0.0,0.8161324368233187,0.07653979074942,0.0262673959210791,0.0136796802951122,0.0099329496232124,0.0077886051639519,0.0076351097766935,0.0053534708927178,0.0038071664309288,0.0020364910785114,0.0017481072014929,0.0010911592380862,0.0007250942028124,0.0007748057025699,0.0006391969792024,0.0005094786729857,0.0003563580210251,0.0004137800581656,0.0003649119502778,0.00048338226105,0.0004882521762947,0.0004237886707162,0.0003551220436089,0.0003662960380947,0.0004627487274409,0.000437445319335,0.0004034363282547,0.0002841312686461,0.0002243131884348,0.000331706392456,0.0003993797866842,0.0002840471991762,0.000284023668639,0.000305627064452,0.0003652473077738,0.0003652214891611,0.0003064303224589,0.0004133793168611,0.000404126848286,0.0003641190081868,0.0003536651498361,0.0004134916415618,0.0002948739119152,0.0004254765928779,0.0003536276301054,0.0003895276092447,0.0004361664505481,0.0004582843713278,0.0003994079364706,0.0004352685136168,0.0003191715724519,0.0003990844533129,0.0005429266104855,0.0005051454348949,0.0004130183380142,0.0003530367040493,0.0004480022635903,0.000402100383178,0.0004010994844691,0.0003439238149452,0.0004010852896071,0.0002721507004922,0.0001869268064723,0.0004150263245268,0.0003076304175491,0.0002688706264685,0.0002461466330656,0.0002716364323507,0.0004381653896711,0.000293568501274,0.0002590002590002,0.0003050962813457,0.0003901124233074,0.0002120441051738,0.0004111600587371,0.0002699118679074,0.0002928840881932,0.0002466091245376,0.0002459534796561,0.0002840303912518,0.0002569463099006,0.0002222820173847,0.0002461004793099,0.0002584373935414,0.0003059363417073,0.0001879942191777,0.0002465164872574,0.0002577138439191,0.0002125047223271,0.0002915009969334,0.0002705309463878,0.0002343457067866,0.000117209934714,0.0002339044500321,0.0002112452909903,0.0002452411538012,0.0002462187829757,0.0001751109035722,0.0002341481689613,0.0001986236549089,0.000187382154192,0.0002344968284303,0.000223164472216,0.0001877097069382,0.0003398769411075,0.000163817413791,0.0001529339795774,0.0001540357362908,0.0001303255769868,0.0001776998531014,0.0001421464108031,0.0001776661770976,9.474631673693683e-05,0.000201316849036,0.0001302515038128,0.0001420790906938,0.0001302268314628,0.0001302144987925,0.0001775484115335,7.10126402499645e-05,9.467455621301776e-05,0.0001183319922374,0.0001538170287282,0.0001301405517959,0.0001419580750485,9.462976105985331e-05,0.0001892416142309,0.0001064383367235,0.0001064282673478
0,0,0,0,0,0,0,0,0,0,0,0,0,0,0,0,0,0,0,0,0.0,0.0,0.0,0.0,0.0,0.0,0.0,0.0,0.0,0.0,0.0,0.0,0.0,0.0,0.0,0.0,0.0,0.0,0.0,0.0,0.0,0.0,0.0,0.0,0.0,0.0,0.0,0.0,0.0,0.0,0.0,0.0,0.0,0.0,0.0,0.0,0.0,0.0,0.0,0.0,0.0,0.0,0.0,0.0,0.0,0.0,0.0,0.0,0.0,0.0,0.0,0.0,0.0,0.0,0.0,0.0,0.0,0.0,0.0,0.0,0.0,0.0,0.0,0.0,0.0,0.0,0.0,0.0,0.0,0.0,0.0,0.0,0.0,0.0,0.0,0.0,0.0,0.0,0.0,0.0,0.0,0.0,0.0,0.0,0.0,0.0,0.0,0.0,0.0,0.0,0.0,0.0,0.8181011219997159,0.0776988147638425,0.0281515287663458,0.0140983801103661,0.009258600659127,0.0082215237380371,0.0072088680895317,0.0056577086280056,0.0036112196450348,0.0024686108453515,0.0020755746376639,0.0008083017342826,0.000846326228961,0.0004379683005646,0.0005450236966824,0.000510779830136,0.0004019577707894,0.0005179395423297,0.0004951720722951,0.0003691662796375,0.0003649291331167,0.0003432846421553,0.0004726400491545,0.0002254416877276,0.000390153933461,0.0004034363282547,0.0003196476772268,0.0003187608467232,0.000248779794342,0.000293661607856,0.0003787295989016,0.0003195266272189,0.0003291368386406,0.0003888116502109,0.0004359095193213,0.0003064303224589,0.0003897576416119,0.0003803546807397,0.0003053901358986,0.0002829321198689,0.0003189792663476,0.0004364133896345,0.0003427450331517,0.0003300524547651,0.000495762411766,0.0004715312978898,0.0003407755581668,0.0003994079364706,0.000352920416446,0.0004610256046528,0.0003638711191971,0.0005311238580837,0.0004346600253747,0.0003658162422411,0.0004354119349941,0.000436212730338,0.0004612327924688,0.000330317222504,0.0004150804663132,0.0003303055326176,0.0004023097311624,0.0003504877621356,0.000296447374662,0.0004141178697776,0.000444221035035,0.0003281955107542,0.0003306878306878,0.0004381653896711,0.0002583402811211,0.0002472275199547,0.0002933618089862,0.0004137556004775,0.0003769672980868,0.0001997063142437,0.0002816471665121,0.0003163148152487,0.0003522987493394,0.0003513621137944,0.0003076995905228,0.0003270225762371,0.0003041753922107,0.0002578195497533,0.000293678856297,0.0002000353003471,0.0001879942191777,0.0002347776069118,0.0002811423751844,0.0002243105402342,0.000209880717792,0.0002940553765085,0.0002460629921259,0.0002695828498423,0.0001988187825273,0.0002581886889882,0.0002335630036202,0.0002227693750732,0.0002218071445248,0.0002107333520651,0.0001986236549089,0.0002810732312881,0.0002110471455873,0.0001292004839145,0.0002229052769891,0.0001640785232932,0.000163817413791,0.0001058773704766,0.000177733541874,0.000154021136439,0.0001303132256077,0.0001776830135039,0.0001421329416781,0.0001776493438817,9.47373407228459e-05,0.0002012977786198,0.0001302391664693,0.000142065634323,0.0001302144987925,0.0001302021684579,0.0001775316006249,7.100591715976331e-05,9.466559378993704e-05,0.0001183207913294,0.0001538024703042,0.0001301282354611,0.0001419446415897,9.462080711548467e-05,0.0001892237097308,0.0001064282673478
0,0,0,0,0,0,0,0,0,0,0,0,0,0,0,0,0,0,0,0,0.0,0.0,0.0,0.0,0.0,0.0,0.0,0.0,0.0,0.0,0.0,0.0,0.0,0.0,0.0,0.0,0.0,0.0,0.0,0.0,0.0,0.0,0.0,0.0,0.0,0.0,0.0,0.0,0.0,0.0,0.0,0.0,0.0,0.0,0.0,0.0,0.0,0.0,0.0,0.0,0.0,0.0,0.0,0.0,0.0,0.0,0.0,0.0,0.0,0.0,0.0,0.0,0.0,0.0,0.0,0.0,0.0,0.0,0.0,0.0,0.0,0.0,0.0,0.0,0.0,0.0,0.0,0.0,0.0,0.0,0.0,0.0,0.0,0.0,0.0,0.0,0.0,0.0,0.0,0.0,0.0,0.0,0.0,0.0,0.0,0.0,0.0,0.0,0.0,0.0,0.0,0.0,0.0,0.8173265153582403,0.0778334791553359,0.0277339346110484,0.0146999549517509,0.010426440232689,0.0074334066037958,0.0068128241395568,0.005481949821807,0.0031536798837744,0.002443247859193,0.0019256600140264,0.001001287369475,0.0007694037712621,0.0006753554502369,0.0004276296252301,0.0005201806445511,0.000506168189095,0.0004244332048243,0.0003572576899717,0.0004708763007957,0.0003669594450626,0.00051990405407,0.0004271526714839,0.0002837483152443,0.0002847785846504,0.0003551640858076,0.0003541787185813,0.0004264796474434,0.000246675750599,0.0004142354987987,0.0003550295857988,0.0003408917257349,0.0004005938214294,0.0001767200754005,0.0002946445408259,0.0003779468039873,0.0004160129320591,0.0003641190081868,0.0003300874731803,0.0003426073601512,0.0004953881720176,0.0002954698561652,0.0004715035068073,0.0003659198753511,0.0003654367558646,0.0004582843713278,0.0003876606442215,0.0004823245691429,0.0004728467740028,0.0003873466752743,0.0004248990864669,0.0002466989333208,0.0003776167661844,0.0004236440448591,0.0003301069310665,0.000402100383178,0.0003775053971474,0.0003913615825239,0.0004482717942668,0.0004851382052252,0.0004439511653718,0.0003675947445809,0.0003431262349586,0.0003974609260839,0.0003516380472367,0.0003306878306878,0.0003434269270395,0.0003287967214269,0.0003531821713639,0.0002229549748295,0.0003664692461372,0.0002709452454999,0.0003994126284875,0.0003520589581401,0.0003514609058319,0.0002818389994715,0.0002810896910355,0.0002958649908873,0.000233587554455,0.0002456801244779,0.0002812576906399,0.0002819317020451,0.0002706359945872,0.0004229869931499,0.0002934720086398,0.0002811423751844,0.0002597279939554,0.0001632405582827,0.0001999576560257,0.0002109111361079,0.0001640939085996,0.0001988187825273,0.0002933962374866,0.0002802756043442,0.0001758705592683,0.0002451552650011,0.0002575629858574,0.0001402049328768,0.0002576504620141,0.0001641477799012,0.0002349099707537,0.00012905042352,0.0002461177849399,0.0002925310960555,0.0002705755023293,0.0001303379307076,0.0001777166958911,0.0001540065393545,0.0001303008765695,0.0001776661770976,0.0001421194751054,0.0001776325138553,9.472836640932126e-05,0.0002012787118162,0.0001302268314628,0.0001420521805009,0.0001302021684579,0.0001301898404582,0.0001775147928994,7.099919534245279e-05,9.465663306356192e-05,0.0001183095925417,0.0001537879146358,0.0001301159214572,0.0001419312106732,9.461185486541464e-05,0.0001892058086183
0,0,0,0,0,0,0,0,0,0,0,0,0,0,0,0,0,0,0,0,0.0,0.0,0.0,0.0,0.0,0.0,0.0,0.0,0.0,0.0,0.0,0.0,0.0,0.0,0.0,0.0,0.0,0.0,0.0,0.0,0.0,0.0,0.0,0.0,0.0,0.0,0.0,0.0,0.0,0.0,0.0,0.0,0.0,0.0,0.0,0.0,0.0,0.0,0.0,0.0,0.0,0.0,0.0,0.0,0.0,0.0,0.0,0.0,0.0,0.0,0.0,0.0,0.0,0.0,0.0,0.0,0.0,0.0,0.0,0.0,0.0,0.0,0.0,0.0,0.0,0.0,0.0,0.0,0.0,0.0,0.0,0.0,0.0,0.0,0.0,0.0,0.0,0.0,0.0,0.0,0.0,0.0,0.0,0.0,0.0,0.0,0.0,0.0,0.0,0.0,0.0,0.0,0.0,0.0,0.8156139894535221,0.0766985106509226,0.0279773336178485,0.0141325764683805,0.0093242572502304,0.007048561999057,0.0067488367136717,0.0055396099831095,0.0037241739212942,0.0023535844615878,0.001847613598436,0.0009232845255146,0.0004976303317535,0.0004276296252301,0.0004256023455418,0.000506168189095,0.0005541211285207,0.0003096233313088,0.0004826482083156,0.000319609839248,0.0004490080466968,0.0004627487274409,0.0003310397011184,0.0003797047795339,0.0003196476772268,0.0004132085050116,0.0003435530493294,0.0002819151435417,0.0002485412992792,0.0003431952662721,0.0003526466128292,0.0002592077668072,0.0003063147973609,0.0004360739204224,0.0002716492653658,0.0002971520943279,0.0003171359103562,0.0004008205031476,0.0003780495008565,0.0003538486942983,0.0004136577986313,0.0003182648670949,0.0003305082745107,0.0005068961452316,0.0004112808460634,0.0004229025209689,0.0005529086524322,0.0004846679433529,0.0004460355654674,0.0005665321152892,0.0004229124571213,0.0003776167661844,0.000494251385669,0.0003890545973284,0.0004494063106107,0.00041289652813,0.0003557832568399,0.0003892886634422,0.0004614729269216,0.0003972194637537,0.0003913105345539,0.0002957984784126,0.0002338005447552,0.0003399167789954,0.000448790627362,0.0003671115426974,0.0003405394614779,0.000329636693273,0.0003989720602213,0.0002600749488716,0.0003416266138912,0.0003759177679882,0.0003990001525588,0.00025773799761,0.0003170688744054,0.0003045138319552,0.0002721957916163,0.000186870043564,0.0003626706599436,0.0002461004793099,0.0002466902392895,0.000294169559334,0.0002819913287666,0.0002465164872574,0.0003162851720825,0.0002833396297695,0.0001982206779147,0.0002234820861464,0.0002343457067866,0.0001992568890139,0.0002806853400385,0.0002229811404898,0.0001518159523531,0.0001172470395122,0.000233481204763,0.0001756111267209,0.0002804098657537,0.00011711384637,0.0001875974627443,0.0002349099707537,0.0001994415636218,0.0002461177849399,0.000163817413791,0.0001764622841278,0.0001421868334992,0.0001303255769868,0.0001776998531014,0.0001539919450367,0.0001302885298716,0.0001776493438817,0.0001421060110842,0.0001776156870174,9.471939379587969e-05,0.0002012596486243,0.0001302144987925,0.0001420387292268,0.0001301898404582,0.0001301775147928,0.0001774979883561,7.099247479767145e-05,9.464767403341065e-05,0.0001182983958737,0.0001537733617222,0.0001301036097837,0.0001419177822981,9.460290430916229e-05
0,0,0,0,0,0,0,0,0,0,0,0,0,0,0,0,0,0,0,0,0.0,0.0,0.0,0.0,0.0,0.0,0.0,0.0,0.0,0.0,0.0,0.0,0.0,0.0,0.0,0.0,0.0,0.0,0.0,0.0,0.0,0.0,0.0,0.0,0.0,0.0,0.0,0.0,0.0,0.0,0.0,0.0,0.0,0.0,0.0,0.0,0.0,0.0,0.0,0.0,0.0,0.0,0.0,0.0,0.0,0.0,0.0,0.0,0.0,0.0,0.0,0.0,0.0,0.0,0.0,0.0,0.0,0.0,0.0,0.0,0.0,0.0,0.0,0.0,0.0,0.0,0.0,0.0,0.0,0.0,0.0,0.0,0.0,0.0,0.0,0.0,0.0,0.0,0.0,0.0,0.0,0.0,0.0,0.0,0.0,0.0,0.0,0.0,0.0,0.0,0.0,0.0,0.0,0.0,0.0,0.816531181392037,0.0785736301775849,0.0269633139425783,0.0145240965279255,0.0098656294200848,0.007625001480008,0.0068152557787935,0.00544393576393,0.0037086785455323,0.0023363371954417,0.0019886128241853,0.0007345971563981,0.0006414444378452,0.000662048093065,0.0005767963085036,0.0004362230160695,0.0004644349969633,0.0005415077459151,0.000449821255238,0.0004135600430102,0.0004152873194983,0.000390153933461,0.0002729128102899,0.0004261969029691,0.0004014025477255,0.0003080130787091,0.0004111262509984,0.0002603765992449,0.0003313609467455,0.0002703624031691,0.0003416829653368,0.0002945334590009,0.000341787667358,0.0004370009921103,0.0003446964294204,0.0003758647826444,0.0003065097965246,0.0003544214070529,0.0003774386072515,0.0003782014158915,0.0003064772794247,0.0003541160084043,0.0004125898856536,0.0003407755581668,0.0004463971054671,0.0003999764719722,0.0003073504031018,0.0005164622336991,0.0004130963340651,0.000540388139655,0.0003658162422411,0.0004236440448591,0.000530528996357,0.000402100383178,0.0003421142661648,0.0004269399082079,0.0004010852896071,0.0004614729269216,0.0004322682399672,0.0003913105345539,0.0003431262349586,0.0004676010895105,0.000421965656684,0.0003779289493575,0.0003434269270395,0.0002583402811211,0.0004238186056367,0.000340299698424,0.0002955397146268,0.0002356045613043,0.0003289280469897,0.0003637942567448,0.0003748916328873,0.000364042040984,0.0002928017614953,0.0003787071883358,0.0003854194648509,0.0003158744457573,0.0003046958315266,0.0003171731648008,0.0002471024298405,0.0002819913287666,0.0003639052907133,0.0003045709064498,0.0002125047223271,0.000314821076688,0.0003411042367498,0.0002343457067866,0.0002578618563709,0.0001754283375241,0.0003403396354845,0.0002218848534392,0.0001875952632196,0.0001867849638104,0.0002224407605132,0.0002453586325345,0.000175670769555,0.0001758726213227,0.0001409459824522,0.0002346371336727,0.0001640785232932,0.0001989211453177,0.0001882264364029,0.0001895824446656,0.0001421733567129,0.0001303132256077,0.0001776830135039,0.0001539773534846,0.0001302761855132,0.0001776325138553,0.0001420925496139,0.0001775988633672,9.471042288203816e-05,0.000201240589043,0.0001302021684579,0.0001420252804999,0.0001301775147928,0.0001301651914611,0.0001774811869941,7.098575552505797e-05,9.463871669900156e-05,0.0001182872013248,0.0001537588115626,0.0001300913004399,0.0001419043564637
0,0,0,0,0,0,0,0,0,0,0,0,0,0,0,0,0,0,0,0,0.0,0.0,0.0,0.0,0.0,0.0,0.0,0.0,0.0,0.0,0.0,0.0,0.0,0.0,0.0,0.0,0.0,0.0,0.0,0.0,0.0,0.0,0.0,0.0,0.0,0.0,0.0,0.0,0.0,0.0,0.0,0.0,0.0,0.0,0.0,0.0,0.0,0.0,0.0,0.0,0.0,0.0,0.0,0.0,0.0,0.0,0.0,0.0,0.0,0.0,0.0,0.0,0.0,0.0,0.0,0.0,0.0,0.0,0.0,0.0,0.0,0.0,0.0,0.0,0.0,0.0,0.0,0.0,0.0,0.0,0.0,0.0,0.0,0.0,0.0,0.0,0.0,0.0,0.0,0.0,0.0,0.0,0.0,0.0,0.0,0.0,0.0,0.0,0.0,0.0,0.0,0.0,0.0,0.0,0.0,0.0,0.8148398416198402,0.0771017076374554,0.026861896995911,0.0141560584629891,0.0096970127517493,0.0077601785904113,0.0072704414450743,0.0059077347343896,0.0036594669336766,0.002083308672956,0.0018957345971563,0.0007721090455544,0.0007920932542028,0.000506168189095,0.0005541211285207,0.0005239779452919,0.000553279653435,0.0005563578683207,0.0004844560503834,0.0002017109837563,0.0005083823981461,0.0004034363282547,0.0003788416915281,0.0004368204195837,0.0003435530493294,0.0003171545364845,0.0002958824991419,0.0003668639053254,0.0003291368386406,0.0004005938214294,0.0003063147973609,0.0002121440693946,0.0004251901544857,0.0002852660105548,0.0002936443614409,0.0003890316648197,0.0002953511725441,0.0004010285202047,0.0003309262389051,0.0002475393410738,0.0005193701456597,0.0003890133207591,0.0004700352526439,0.0003406714752249,0.0003764484442091,0.0004019197579024,0.0003521333411585,0.0004367018388688,0.0004229124571213,0.0003776167661844,0.0003883403744542,0.000436212730338,0.0003784474194616,0.0004482876591126,0.0004743776757865,0.0003538987849475,0.0003076486179477,0.0003738536129446,0.0003913105345539,0.0003786220523681,0.0002571805992307,0.0002930317060305,0.0003306878306878,0.0002842153878947,0.0003640249415798,0.0004473640837277,0.000340299698424,0.0003782908347223,0.0003887475261521,0.0003994126284875,0.0003990001525588,0.000433468450526,0.000364042040984,0.0002693776205757,0.0004142109872423,0.0004087782202964,0.0002573791780244,0.0003046958315266,0.0003524146275564,0.0002588692122139,0.0002937409674652,0.0003404275300221,0.0001991425157556,0.0002361163581412,0.0002565208773014,0.0002470065162671,0.0001874765654293,0.0002344198694281,0.0002689901175369,0.0002464528394887,0.0002452411538012,0.0002579434869269,0.0001984590240485,0.0002458555774093,0.0001752561660961,0.000140536615644,0.0002344968284303,0.0001879279766029,0.0001407822802036,0.0001992382068561,0.000163817413791,0.0001999905886781,0.0001658846390824,0.0001895644756172,0.0001421598824811,0.0001303008765695,0.0001776661770976,0.0001539627646975,0.0001302638434939,0.0001776156870174,0.0001420790906938,0.0001775820429038,9.470145366731381e-05,0.0002012215330713,0.0001301898404582,0.0001420118343195,0.0001301651914611,0.0001301528704623,0.0001774643888126,7.097903752425118e-05,9.462976105985331e-05,0.0001182760088943,0.0001537442641562,0.000130078993425
0,0,0,0,0,0,0,0,0,0,0,0,0,0,0,0,0,0,0,0,0.0,0.0,0.0,0.0,0.0,0.0,0.0,0.0,0.0,0.0,0.0,0.0,0.0,0.0,0.0,0.0,0.0,0.0,0.0,0.0,0.0,0.0,0.0,0.0,0.0,0.0,0.0,0.0,0.0,0.0,0.0,0.0,0.0,0.0,0.0,0.0,0.0,0.0,0.0,0.0,0.0,0.0,0.0,0.0,0.0,0.0,0.0,0.0,0.0,0.0,0.0,0.0,0.0,0.0,0.0,0.0,0.0,0.0,0.0,0.0,0.0,0.0,0.0,0.0,0.0,0.0,0.0,0.0,0.0,0.0,0.0,0.0,0.0,0.0,0.0,0.0,0.0,0.0,0.0,0.0,0.0,0.0,0.0,0.0,0.0,0.0,0.0,0.0,0.0,0.0,0.0,0.0,0.0,0.0,0.0,0.0,0.0,0.8159363858134735,0.0785766621758963,0.0268623290900518,0.0140304763257912,0.0104650201386674,0.0074483478425884,0.0070369798043434,0.005483240356649,0.0037404860264438,0.0022748815165876,0.0016986399002197,0.000732981817322,0.0006238817214426,0.0004951720722951,0.0005716123039548,0.0006709987286339,0.0004379838537844,0.0004253760442391,0.0003084991516273,0.0004965595516776,0.000355973230813,0.0004261969029691,0.0004014025477255,0.0004264796474434,0.0002701686792275,0.0003905648988673,0.0004970414201183,0.0002703624031691,0.0004359403350849,0.000341658812441,0.0002828587591929,0.0004606226673595,0.0002733799267817,0.0003171359103562,0.0003772428264918,0.0003426073601512,0.0004364133896345,0.0003309262389051,0.0003772028054458,0.0002714889397766,0.0004243781681009,0.0003172737955346,0.0004463971054671,0.0004235044997353,0.0004373832659526,0.0003873466752743,0.0004012935816632,0.0004229124571213,0.0003304146704113,0.0003177330336443,0.0004480022635903,0.0005558446473343,0.0004364906154517,0.0006048315366278,0.000412881915772,0.0003904770920106,0.0004439511653718,0.0003438789546079,0.0003431262349586,0.0003507008171329,0.0002813104377893,0.0004251700680272,0.0004026384661842,0.0004109959017837,0.0003885003885003,0.0003520341707835,0.0003546476575522,0.0003416266138912,0.0002349486049926,0.0003872648539542,0.00025773799761,0.0005284481240091,0.0004333466070131,0.0004023763876068,0.0002686256876233,0.0002924763386642,0.0003281339724133,0.0002584373935414,0.0004118373830676,0.0002349927739722,0.000258255367603,0.0002811423751844,0.0003187570834907,0.0003264811165654,0.0002822931614481,0.0003046494188226,0.0002344198694281,0.0003976375650546,0.0002699245384877,0.0002102067032582,0.000211044671122,0.0002568293252393,0.0001990259436171,0.0002336748881281,0.0002810732312881,0.0002110471455873,0.0001761824780652,0.0002346371336727,0.0003281570465865,0.0003042323398977,0.0002235188932285,0.0002488269586236,0.0001658689161651,0.0001895465099748,0.0001421464108031,0.0001302885298716,0.0001776493438817,0.0001539481786746,0.0001302515038128,0.0001775988633672,0.000142065634323,0.0001775652256262,9.469248615122389e-05,0.0002012024807082,0.0001301775147928,0.0001419983906849,0.0001301528704623,0.0001301405517959,0.0001774475938106,7.097232079489e-05,9.462080711548467e-05,0.0001182648185817,0.0001537297195023
0,0,0,0,0,0,0,0,0,0,0,0,0,0,0,0,0,0,0,0,0.0,0.0,0.0,0.0,0.0,0.0,0.0,0.0,0.0,0.0,0.0,0.0,0.0,0.0,0.0,0.0,0.0,0.0,0.0,0.0,0.0,0.0,0.0,0.0,0.0,0.0,0.0,0.0,0.0,0.0,0.0,0.0,0.0,0.0,0.0,0.0,0.0,0.0,0.0,0.0,0.0,0.0,0.0,0.0,0.0,0.0,0.0,0.0,0.0,0.0,0.0,0.0,0.0,0.0,0.0,0.0,0.0,0.0,0.0,0.0,0.0,0.0,0.0,0.0,0.0,0.0,0.0,0.0,0.0,0.0,0.0,0.0,0.0,0.0,0.0,0.0,0.0,0.0,0.0,0.0,0.0,0.0,0.0,0.0,0.0,0.0,0.0,0.0,0.0,0.0,0.0,0.0,0.0,0.0,0.0,0.0,0.0,0.0,0.8159493252026756,0.0772984441301272,0.0268295859529475,0.0142565229202839,0.0092511326707308,0.0073698099302245,0.0068540504458112,0.0057054248884364,0.0034123222748815,0.0024351131436716,0.0019388551296904,0.0009652509652509,0.0007663377309329,0.0006192466626177,0.0005297358383952,0.0005208456639598,0.0004371920454679,0.0003796912635413,0.0005083823981461,0.0002847785846504,0.0004380357058294,0.0003069548894372,0.0003672463630763,0.0003523939294272,0.0004260707987643,0.0004260355029585,0.0003996661612065,0.0003534651365553,0.0004830348727615,0.0003064303224589,0.0002952709406151,0.0003446964294204,0.0001526950679493,0.0001886214132459,0.0003071652194459,0.0003538486942983,0.0003782014158915,0.0003300524547651,0.0003777237422979,0.0003890133207591,0.0003172737955346,0.0005051335667128,0.0003882124580907,0.0005437737901033,0.0002934444509654,0.0004248990864669,0.0004229124571213,0.0004838214816737,0.0002824293632394,0.0003654755308237,0.0004612327924688,0.0004364906154517,0.0003676426987345,0.000271322401793,0.0004496402877697,0.0003855365383492,0.0003557368495944,0.0004496136871871,0.0003507008171329,0.0003750805837191,0.0003306878306878,0.0002960576957237,0.0004579668619875,0.0003649549104094,0.0003637686431429,0.0004019340118925,0.0004240882103477,0.0003641703377386,0.0003168530623261,0.00025773799761,0.0004932182490752,0.0003513621137944,0.0004615493857842,0.0002803050653461,0.000269078231571,0.0003632911837433,0.0002819317020451,0.0003883038183208,0.0003642387996569,0.0004225996924413,0.0003397137033479,0.0002597279939554,0.0001515805184053,0.0002352443012068,0.0002929321334833,0.0002344198694281,0.0001286474475176,0.0001877735919914,0.0002569193039822,0.0002813928948294,0.0002918515059537,0.0002692703943055,0.0003154610989729,0.0002576504620141,0.0002227719870088,0.0002114189736783,0.0002463689903564,0.0002929973630237,0.0002340248768444,0.000129405675027,0.0002014313474572,0.0002488033742476,0.000165853196228,0.0001895285477375,0.0001421329416781,0.0001302761855132,0.0001776325138553,0.0001539335954151,0.0001302391664693,0.0001775820429038,0.0001420521805009,0.0001775484115335,9.4683520333286e-05,0.0002011834319526,0.0001301651914611,0.0001419849495953,0.0001301405517959,0.0001301282354611,0.0001774308019872,7.096560533661353e-05,9.461185486541464e-05,0.0001182536303864
0,0,0,0,0,0,0,0,0,0,0,0,0,0,0,0,0,0,0,0,0.0,0.0,0.0,0.0,0.0,0.0,0.0,0.0,0.0,0.0,0.0,0.0,0.0,0.0,0.0,0.0,0.0,0.0,0.0,0.0,0.0,0.0,0.0,0.0,0.0,0.0,0.0,0.0,0.0,0.0,0.0,0.0,0.0,0.0,0.0,0.0,0.0,0.0,0.0,0.0,0.0,0.0,0.0,0.0,0.0,0.0,0.0,0.0,0.0,0.0,0.0,0.0,0.0,0.0,0.0,0.0,0.0,0.0,0.0,0.0,0.0,0.0,0.0,0.0,0.0,0.0,0.0,0.0,0.0,0.0,0.0,0.0,0.0,0.0,0.0,0.0,0.0,0.0,0.0,0.0,0.0,0.0,0.0,0.0,0.0,0.0,0.0,0.0,0.0,0.0,0.0,0.0,0.0,0.0,0.0,0.0,0.0,0.0,0.0,0.8174799622819425,0.0781325850412626,0.0266704463579131,0.0145290224636477,0.0098898094547529,0.0071282124636437,0.0066878943194327,0.005781990521327,0.0036229732137554,0.0023644574752323,0.0019540446369714,0.0010964524457963,0.0007264239696092,0.0004591043932758,0.0006037074741352,0.000602616062672,0.0004864794314123,0.0005083823981461,0.0004271678769756,0.0003551640858076,0.0003777906331534,0.0002724731080888,0.0003641403937414,0.0002603765992449,0.0004023668639053,0.0003526466128292,0.0003652473077738,0.0003887841658812,0.0004007165755232,0.0002480275901166,0.0003209242618741,0.0003288816848138,0.0004951312097705,0.0003071652194459,0.000330258781345,0.0003309262389051,0.000388990393116,0.0002950966736702,0.0003300719085229,0.0003877790834312,0.0003406714752249,0.0003882124580907,0.0004728467740028,0.0004695111215446,0.0004485045912706,0.0005051454348949,0.0003186141464681,0.0003648045941843,0.0003890545973284,0.0003666209376034,0.0003067231351823,0.0003557832568399,0.0003067122802878,0.0004496402877697,0.0005257316432034,0.000320163164635,0.0003312942958221,0.0004208409805594,0.0003399167789954,0.0004015495086923,0.0003789538505263,0.000317053981376,0.0004473640837277,0.0004811133667374,0.0002600749488716,0.0004712091226086,0.0004229074889867,0.0003990001525588,0.0003748916328873,0.0004579883741412,0.0003279379728748,0.0003787071883358,0.0003153431985143,0.0003041753922107,0.0004218865359599,0.0003406674733045,0.0002235688650938,0.0003994877157527,0.0003404275300221,0.0003162851720825,0.0002125047223271,0.000244860837424,0.0003058175915688,0.0002812148481439,0.0002930248367851,0.0003157710075434,0.0002699245384877,0.0003153100548873,0.0002579434869269,0.0001984590240485,0.0002926852112016,0.0003388285877858,0.0002810732312881,0.0002344968284303,0.0002466554692913,0.0002229052769891,0.0002812774685027,0.0003042323398977,0.0002117547409533,0.0001540357362908,0.0002014122553433,0.000248779794342,0.0001658374792703,0.0001895105889041,0.0001421194751054,0.0001302638434939,0.0001776156870174,0.0001539190149183,0.0001302268314628,0.0001775652256262,0.0001420387292268,0.0001775316006249,9.467455621301776e-05,0.0002011643868036,0.0001301528704623,0.0001419715110501,0.0001301282354611,0.0001301159214572,0.0001774140133415,7.095889114906098e-05,9.460290430916229e-05
0,0,0,0,0,0,0,0,0,0,0,0,0,0,0,0,0,0,0,0,0.0,0.0,0.0,0.0,0.0,0.0,0.0,0.0,0.0,0.0,0.0,0.0,0.0,0.0,0.0,0.0,0.0,0.0,0.0,0.0,0.0,0.0,0.0,0.0,0.0,0.0,0.0,0.0,0.0,0.0,0.0,0.0,0.0,0.0,0.0,0.0,0.0,0.0,0.0,0.0,0.0,0.0,0.0,0.0,0.0,0.0,0.0,0.0,0.0,0.0,0.0,0.0,0.0,0.0,0.0,0.0,0.0,0.0,0.0,0.0,0.0,0.0,0.0,0.0,0.0,0.0,0.0,0.0,0.0,0.0,0.0,0.0,0.0,0.0,0.0,0.0,0.0,0.0,0.0,0.0,0.0,0.0,0.0,0.0,0.0,0.0,0.0,0.0,0.0,0.0,0.0,0.0,0.0,0.0,0.0,0.0,0.0,0.0,0.0,0.0,0.81621852022875,0.0773773667363547,0.0269824702896316,0.0138599973849061,0.0092976684308396,0.0076585267693327,0.0072748815165876,0.0052622201104709,0.0037713096729955,0.0020011300499105,0.0018863697992195,0.001083681659581,0.0006945425436737,0.000674731882857,0.00051990405407,0.0004983447833979,0.0004256224728665,0.0005102282974986,0.0004735521144101,0.0004840442487279,0.0004264796474434,0.0003993797866842,0.0004260707987643,0.0002603550295857,0.0003761563870179,0.0003770294789923,0.0003887841658812,0.000330001885725,0.0003661359663627,0.0002971520943279,0.0002936443614409,0.0004008205031476,0.0003898635477582,0.0003656436507749,0.0004018390043847,0.0003182648670949,0.0004249392100852,0.0003300719085229,0.0004112808460634,0.0002936823062284,0.0004470325274983,0.0002718868950516,0.0003990844533129,0.0004248990864669,0.0004933978666416,0.0004366193859007,0.0004354119349941,0.0004951603965998,0.0004612327924688,0.0004718817464343,0.0004625182338919,0.0004364751681019,0.0004614729269216,0.0003037560605175,0.0004031684295403,0.0004732775654602,0.0003273207626573,0.000421965656684,0.0003306878306878,0.0003197423113816,0.0003522822015289,0.0003885003885003,0.000469378894378,0.0005083283091581,0.0003887475261521,0.0004111600587371,0.0003051177637214,0.0003280301787764,0.0004345017908519,0.0003747862547141,0.0004733839854197,0.0004438163534646,0.000350971606397,0.0004336056064033,0.0001644601595263,0.000329469906454,0.0002467424126708,0.0002230387265662,0.0002577138439191,0.0002715338118624,0.0003031610368107,0.0002940553765085,0.0002694975628046,0.0001875358955425,0.0002105140050289,0.0002816603879871,0.0003153100548873,0.0003048423027318,0.00031519962643,0.0003746370703381,0.0003271448433794,0.0002225163081031,0.0002227719870088,0.000258400967829,0.0002463689903564,0.0001406387342513,0.0002223236330021,0.0002235188932285,0.0001066401251244,0.000154021136439,0.0002013931668483,0.0002487562189054,0.0001658217652911,0.0001894926334738,0.0001421060110842,0.0001302515038128,0.0001775988633672,0.0001539044371833,0.0001302144987925,0.0001775484115335,0.0001420252804999,0.0001775147928994,9.466559378993704e-05,0.00020114534526,0.0001301405517959,0.0001419580750485,0.0001301159214572,0.0001301036097837,0.0001773972278726,7.095217823187172e-05
0,0,0,0,0,0,0,0,0,0,0,0,0,0,0,0,0,0,0,0,0.0,0.0,0.0,0.0,0.0,0.0,0.0,0.0,0.0,0.0,0.0,0.0,0.0,0.0,0.0,0.0,0.0,0.0,0.0,0.0,0.0,0.0,0.0,0.0,0.0,0.0,0.0,0.0,0.0,0.0,0.0,0.0,0.0,0.0,0.0,0.0,0.0,0.0,0.0,0.0,0.0,0.0,0.0,0.0,0.0,0.0,0.0,0.0,0.0,0.0,0.0,0.0,0.0,0.0,0.0,0.0,0.0,0.0,0.0,0.0,0.0,0.0,0.0,0.0,0.0,0.0,0.0,0.0,0.0,0.0,0.0,0.0,0.0,0.0,0.0,0.0,0.0,0.0,0.0,0.0,0.0,0.0,0.0,0.0,0.0,0.0,0.0,0.0,0.0,0.0,0.0,0.0,0.0,0.0,0.0,0.0,0.0,0.0,0.0,0.0,0.0,0.8169330167841913,0.0769030054320753,0.0284450889726247,0.0145305869451199,0.0095287697825546,0.0077251184834123,0.0068777098057848,0.0058402099638238,0.0036726622092475,0.0018156309317487,0.0020244602431734,0.0009888402316711,0.0006155448755889,0.0005789840602143,0.0004152873194983,0.0005556737840202,0.0005576913949404,0.0005327461287114,0.000519462120586,0.0004501729611903,0.0004816050368838,0.0005089178985241,0.0003431952662721,0.0003644014999235,0.0003416829653368,0.0002945334590009,0.0002592871959268,0.0004251901544857,0.000404126848286,0.000387610557102,0.0004833423714427,0.0004134916415618,0.0003538486942983,0.0003309262389051,0.0003182648670949,0.0004249392100852,0.0003182836260756,0.0004347826086956,0.0002819350139792,0.0004823245691429,0.0005319526207532,0.0004108222313516,0.0004839128484762,0.0002466989333208,0.000495622005617,0.0005413229462089,0.0005069499298522,0.0005321916836179,0.0003775053971474,0.0005692532109438,0.0004482717942668,0.0005916319575918,0.0003621706875401,0.0004387421144998,0.0003431262349586,0.0004091509533217,0.0003281955107542,0.0003424981103552,0.0004263230818421,0.0004227386418346,0.0004826823008641,0.0003637686431429,0.0005319714863283,0.0003769672980868,0.0003876651982378,0.0003168530623261,0.0004217530869982,0.0005284481240091,0.0002928017614953,0.0003432033894293,0.0003737400871281,0.0002339810709313,0.0004101674655166,0.0003641617818083,0.000329469906454,0.0002937409674652,0.0002465164872574,0.0002811423751844,0.0002243105402342,0.000244860837424,0.0003646286668705,0.0001757592800899,0.0003516298041421,0.0002689901175369,0.0003755471839829,0.0002919537545252,0.0002462187829757,0.0002568293252393,0.000187318535169,0.0001986236549089,0.000199093538829,0.0001758726213227,0.000223164472216,0.0002111734203054,0.0003281570465865,0.000269128608371,0.0001764622841278,0.000177733541874,0.0001066300175347,0.0001540065393545,0.000201374081971,0.0002487326479367,0.0001658060542896,0.0001894746814456,0.0001420925496139,0.0001302391664693,0.0001775820429038,0.0001538898622093,0.0001302021684579,0.0001775316006249,0.0001420118343195,0.0001774979883561,9.465663306356192e-05,0.0002011263073209,0.0001301282354611,0.0001419446415897,0.0001301036097837,0.0001300913004399,0.0001773804455796
0,0,0,0,0,0,0,0,0,0,0,0,0,0,0,0,0,0,0,0,0.0,0.0,0.0,0.0,0.0,0.0,0.0,0.0,0.0,0.0,0.0,0.0,0.0,0.0,0.0,0.0,0.0,0.0,0.0,0.0,0.0,0.0,0.0,0.0,0.0,0.0,0.0,0.0,0.0,0.0,0.0,0.0,0.0,0.0,0.0,0.0,0.0,0.0,0.0,0.0,0.0,0.0,0.0,0.0,0.0,0.0,0.0,0.0,0.0,0.0,0.0,0.0,0.0,0.0,0.0,0.0,0.0,0.0,0.0,0.0,0.0,0.0,0.0,0.0,0.0,0.0,0.0,0.0,0.0,0.0,0.0,0.0,0.0,0.0,0.0,0.0,0.0,0.0,0.0,0.0,0.0,0.0,0.0,0.0,0.0,0.0,0.0,0.0,0.0,0.0,0.0,0.0,0.0,0.0,0.0,0.0,0.0,0.0,0.0,0.0,0.0,0.0,0.8162226913679816,0.078393381435211,0.02718972011634,0.014192540334513,0.0095379146919431,0.0074360040387242,0.0071643061499538,0.0052617948959412,0.0033129369598792,0.0023459921641479,0.0016951546828648,0.0010061791235587,0.0005553520577566,0.0006644597111973,0.0005793194769572,0.0004627652000569,0.0003670028886678,0.0004486263768697,0.0004027863336966,0.0004111262509984,0.0003550589989703,0.0002603550295857,0.0003408917257349,0.000506633362396,0.0002945334590009,0.0004832170469545,0.0002834601029905,0.0003446964294204,0.000387610557102,0.0003418763115082,0.0002835371256423,0.0003420537378217,0.0003545638273983,0.0003300524547651,0.0002596850728298,0.0002947070611811,0.0003407755581668,0.0003876606442215,0.0002941003470384,0.0004019197579024,0.0002699688948881,0.000330477067252,0.000317184342841,0.0003894172901276,0.0003530367040493,0.0005187394631046,0.000402100383178,0.000495475833756,0.0004506587919972,0.0003774920372773,0.0005206361226808,0.0004556340907763,0.0003557368495944,0.0004732775654602,0.000490981143986,0.0004336869249252,0.0004015495086923,0.0004144807740132,0.0005049378221914,0.0004238186056367,0.0003755031155024,0.0002600749488716,0.0004712091226086,0.0003641703377386,0.0003637942567448,0.0003514609058319,0.0004345017908519,0.0002576655501159,0.0004023763876068,0.0004671751089101,0.0003860687670367,0.0003164149019699,0.0003289203190527,0.0002588692122139,0.0001997438578763,0.0003286886496765,0.0003162851720825,0.0003305629013978,0.0003614612361974,0.0003058175915688,0.0002694975628046,0.0002578618563709,0.0002572948950353,0.0002581886889882,0.0003269882050683,0.0001875952632196,0.0002685033854774,0.0002926852112016,0.0002920936101601,0.0002810732312881,0.0003517452426455,0.0002701464663667,0.0001994415636218,0.0002695575739818,0.0002106223891599,0.0003058679591548,0.0001540357362908,0.0001777166958911,0.0001066199118608,0.0001539919450367,0.0002013550007106,0.0002487090814344,0.0001657903462649,0.0001894567328186,0.0001420790906938,0.0001302268314628,0.0001775652256262,0.0001538752899957,0.0001301898404582,0.0001775147928994,0.0001419983906849,0.0001774811869941,9.464767403341065e-05,0.0002011072729853,0.0001301159214572,0.0001419312106732,0.0001300913004399,0.000130078993425
0,0,0,0,0,0,0,0,0,0,0,0,0,0,0,0,0,0,0,0,0.0,0.0,0.0,0.0,0.0,0.0,0.0,0.0,0.0,0.0,0.0,0.0,0.0,0.0,0.0,0.0,0.0,0.0,0.0,0.0,0.0,0.0,0.0,0.0,0.0,0.0,0.0,0.0,0.0,0.0,0.0,0.0,0.0,0.0,0.0,0.0,0.0,0.0,0.0,0.0,0.0,0.0,0.0,0.0,0.0,0.0,0.0,0.0,0.0,0.0,0.0,0.0,0.0,0.0,0.0,0.0,0.0,0.0,0.0,0.0,0.0,0.0,0.0,0.0,0.0,0.0,0.0,0.0,0.0,0.0,0.0,0.0,0.0,0.0,0.0,0.0,0.0,0.0,0.0,0.0,0.0,0.0,0.0,0.0,0.0,0.0,0.0,0.0,0.0,0.0,0.0,0.0,0.0,0.0,0.0,0.0,0.0,0.0,0.0,0.0,0.0,0.0,0.0,0.8136864502478395,0.0784341772755447,0.0274262852002225,0.0152725118483412,0.009277187147354,0.007684486794505,0.0067449854035219,0.0056944788313939,0.0035130339513891,0.0022955219663794,0.0019768460427566,0.0009334640970802,0.0007475171750969,0.0006975479416424,0.0004508994256965,0.0005209073258512,0.0004604323341558,0.0004383263043169,0.0004228727153126,0.0004615766986614,0.0003313609467455,0.0004231759353951,0.0004241581638664,0.0002827521206409,0.000318216104092,0.0002716492653658,0.0002258355916892,0.0002701528125256,0.0004361870181312,0.0002953511725441,0.0004010285202047,0.0003782014158915,0.0003772028054458,0.0004839585448192,0.0003300719085229,0.0004935370152761,0.0002936823062284,0.0002823363331568,0.000330992741802,0.0002464933388109,0.0004603073436725,0.0004346600253747,0.0004248188619574,0.0004707156053991,0.0005658975961141,0.0004848857561852,0.0006370403576863,0.0004862371176812,0.0004836616727615,0.0004733055660734,0.0003504877621356,0.0004387421144998,0.0004496136871871,0.0004091509533217,0.0004102443884428,0.0003543083900226,0.0006394846227632,0.0003992531617327,0.0004591368227731,0.000340299698424,0.0004610419548178,0.0003887475261521,0.0002114537444933,0.0004576766455822,0.0004568991775814,0.000399271915918,0.0002810896910355,0.0003550379890648,0.0003503813316826,0.0003275734993039,0.0002812576906399,0.0003641617818083,0.0003765370359475,0.000328989883561,0.0003404275300221,0.0003045709064498,0.0003541745372119,0.0002565208773014,0.0003528664518102,0.0003280839895013,0.0003281878171993,0.0003157710075434,0.0002699245384877,0.0002452411538012,0.0002227693750732,0.0002801774457156,0.0003161000280977,0.0002336748881281,0.0002576504620141,0.0002462216698519,0.000223164472216,0.0002698327037236,0.0002578376794608,0.000269128608371,0.0001764622841278,0.000177733541874,0.000154021136439,0.0001776998531014,0.0001066098081023,0.0001539773534846,0.0002013359230659,0.0002486855193974,0.0001657746412163,0.0001894387875917,0.000142065634323,0.0001302144987925,0.0001775484115335,0.0001538607205415,0.0001301775147928,0.0001774979883561,0.0001419849495953,0.0001774643888126,9.463871669900156e-05,0.0002010882422521,0.0001301036097837,0.0001419177822981,0.000130078993425
0,0,0,0,0,0,0,0,0,0,0,0,0,0,0,0,0,0,0,0,0.0,0.0,0.0,0.0,0.0,0.0,0.0,0.0,0.0,0.0,0.0,0.0,0.0,0.0,0.0,0.0,0.0,0.0,0.0,0.0,0.0,0.0,0.0,0.0,0.0,0.0,0.0,0.0,0.0,0.0,0.0,0.0,0.0,0.0,0.0,0.0,0.0,0.0,0.0,0.0,0.0,0.0,0.0,0.0,0.0,0.0,0.0,0.0,0.0,0.0,0.0,0.0,0.0,0.0,0.0,0.0,0.0,0.0,0.0,0.0,0.0,0.0,0.0,0.0,0.0,0.0,0.0,0.0,0.0,0.0,0.0,0.0,0.0,0.0,0.0,0.0,0.0,0.0,0.0,0.0,0.0,0.0,0.0,0.0,0.0,0.0,0.0,0.0,0.0,0.0,0.0,0.0,0.0,0.0,0.0,0.0,0.0,0.0,0.0,0.0,0.0,0.0,0.0,0.0,0.8143327134887712,0.0772954865591079,0.0269075829383886,0.0144324998515174,0.0099898328328565,0.0080045201996421,0.0071799950482792,0.0052278708632536,0.0036257475161275,0.0023319680863656,0.0018669281941605,0.0009254974548819,0.0005911423234257,0.0005339598462195,0.0004853909172704,0.0004722382914418,0.0005449462161777,0.000340647465113,0.0004260707987643,0.0005917159763313,0.0004231759353951,0.0003063364516813,0.0003770028275212,0.0004360739204224,0.0003543251287381,0.0003922407645129,0.0003993563315597,0.0003536651498361,0.0003898635477582,0.0003538486942983,0.0003782014158915,0.0002946896917545,0.0004485469439788,0.0002947070611811,0.0003877790834312,0.0003641660597232,0.000352920416446,0.0003546350805021,0.0003169200070426,0.0004485045912706,0.0004229124571213,0.0005192230535035,0.0002824293632394,0.0004244231970856,0.0003902739013198,0.000578055139382,0.0004625182338919,0.0004600684204317,0.0004141423703142,0.0003738536129446,0.0004387421144998,0.0004141178697776,0.0003273207626573,0.0003868018519603,0.0003897392290249,0.0004500076975,0.0004227386418346,0.0002943184761366,0.0005397857285347,0.0005201498977432,0.0005065498068042,0.0004111600587371,0.0004928825413962,0.0004686145411092,0.0003522987493394,0.000445058677473,0.0004378801865132,0.0004087782202964,0.000350971606397,0.0003632911837433,0.0003759089360602,0.0003530034712008,0.0003759884383555,0.000316949769331,0.0003748565002459,0.0003187570834907,0.000314821076688,0.0002822931614481,0.0003515185601799,0.0003516298041421,0.0002105140050289,0.0003755471839829,0.0003036319047062,0.0002813928948294,0.0001751109035722,0.0003512222534419,0.0002219911437217,0.0002342276927401,0.0002462216698519,0.0001761824780652,0.0002932964170909,0.0002343978904189,0.0002925310960555,0.0001646981318526,0.0002488269586236,0.0001777166958911,0.0001540065393545,0.0001776830135039,0.0001065997062585,0.0001539627646975,0.000201316849036,0.0002486619618244,0.0001657589391427,0.000189420845764,0.0001420521805009,0.0001302021684579,0.0001775316006249,0.0001538461538461,0.0001301651914611,0.0001774811869941,0.0001419715110501,0.0001774475938106,9.462976105985331e-05,0.0002010692151204,0.0001300913004399,0.0001419043564637
0,0,0,0,0,0,0,0,0,0,0,0,0,0,0,0,0,0,0,0,0.0,0.0,0.0,0.0,0.0,0.0,0.0,0.0,0.0,0.0,0.0,0.0,0.0,0.0,0.0,0.0,0.0,0.0,0.0,0.0,0.0,0.0,0.0,0.0,0.0,0.0,0.0,0.0,0.0,0.0,0.0,0.0,0.0,0.0,0.0,0.0,0.0,0.0,0.0,0.0,0.0,0.0,0.0,0.0,0.0,0.0,0.0,0.0,0.0,0.0,0.0,0.0,0.0,0.0,0.0,0.0,0.0,0.0,0.0,0.0,0.0,0.0,0.0,0.0,0.0,0.0,0.0,0.0,0.0,0.0,0.0,0.0,0.0,0.0,0.0,0.0,0.0,0.0,0.0,0.0,0.0,0.0,0.0,0.0,0.0,0.0,0.0,0.0,0.0,0.0,0.0,0.0,0.0,0.0,0.0,0.0,0.0,0.0,0.0,0.0,0.0,0.0,0.0,0.0,0.0,0.8151300292373433,0.0786255924170616,0.0272257528063194,0.0143404345872839,0.0100527356624917,0.0071210459920536,0.0070022507234468,0.0056151998869896,0.0035630578375435,0.002516808261748,0.0019103216696923,0.0009694734104182,0.0005932887180217,0.0005327461287114,0.0005548799924441,0.0005330995593043,0.0005638302870835,0.0005325884984554,0.0004852071005917,0.0004231759353951,0.0002945542804628,0.0003652214891611,0.0003889307938902,0.0003425142911135,0.0003684685969666,0.0003758647826444,0.0003300874731803,0.0003780495008565,0.000330258781345,0.0002954698561652,0.0003654152177756,0.000436743077032,0.0003300719085229,0.0002937720329024,0.0003406714752249,0.0003176283748014,0.0002955292337518,0.0002699688948881,0.0003540825720558,0.0003406794793477,0.0003776167661844,0.0004001082645892,0.0005541080628617,0.0003784474194616,0.0005190699210777,0.0004506587919972,0.0003421021587825,0.0005797993184399,0.0004906828669898,0.0004268842195133,0.0004614456263236,0.0004208409805594,0.0004922932661313,0.000531462585034,0.0002723730800658,0.0005049378221914,0.0004591368227731,0.0003872375878618,0.0004728635434029,0.0003651870700216,0.0004816446402349,0.0005046178400009,0.0003748916328873,0.0002935822911161,0.0004684828183926,0.0003195341901583,0.0003270225762371,0.000350971606397,0.0003515721132999,0.0003406674733045,0.0004118373830676,0.0003407395222596,0.0003873830514045,0.0002811423751844,0.0004250094446543,0.000244860837424,0.0003293420216895,0.0005038432695913,0.0002461408628995,0.0002923805625402,0.0002464528394887,0.0003503445054303,0.0004103646382928,0.00031519962643,0.0003395148449939,0.0003271448433794,0.0002576504620141,0.0002462216698519,0.0002701464663667,0.0003050282737746,0.0001406387342513,0.0002457261206866,0.0002117547409533,0.000177733541874,0.0002488033742476,0.0001776998531014,0.0001539919450367,0.0001776661770976,0.000106589606329,0.0001539481786746,0.0002012977786198,0.0002486384087141,0.0001657432400435,0.0001894029073346,0.0001420387292268,0.0001301898404582,0.0001775147928994,0.0001538315899086,0.0001301528704623,0.0001774643888126,0.0001419580750485,0.0001774308019872,9.462080711548467e-05,0.000201050191589,0.000130078993425
0,0,0,0,0,0,0,0,0,0,0,0,0,0,0,0,0,0,0,0,0.0,0.0,0.0,0.0,0.0,0.0,0.0,0.0,0.0,0.0,0.0,0.0,0.0,0.0,0.0,0.0,0.0,0.0,0.0,0.0,0.0,0.0,0.0,0.0,0.0,0.0,0.0,0.0,0.0,0.0,0.0,0.0,0.0,0.0,0.0,0.0,0.0,0.0,0.0,0.0,0.0,0.0,0.0,0.0,0.0,0.0,0.0,0.0,0.0,0.0,0.0,0.0,0.0,0.0,0.0,0.0,0.0,0.0,0.0,0.0,0.0,0.0,0.0,0.0,0.0,0.0,0.0,0.0,0.0,0.0,0.0,0.0,0.0,0.0,0.0,0.0,0.0,0.0,0.0,0.0,0.0,0.0,0.0,0.0,0.0,0.0,0.0,0.0,0.0,0.0,0.0,0.0,0.0,0.0,0.0,0.0,0.0,0.0,0.0,0.0,0.0,0.0,0.0,0.0,0.0,0.0,0.8130094786729857,0.0769139395379224,0.027593218735961,0.0150555607872681,0.009573326731039,0.0071927881580984,0.0068159344540189,0.0058713511210019,0.0033793763514551,0.0025035892689756,0.0020689981319902,0.000984859271916,0.000745844580196,0.000531268077872,0.000497559588684,0.0003876333223699,0.0004852472985927,0.000378698224852,0.0004466857095837,0.0004830690199589,0.0003652214891611,0.0004125023571563,0.0003543251287381,0.0003922407645129,0.0003993563315597,0.0003065097965246,0.0003189792663476,0.0004246184331579,0.0003545638273983,0.0003064772794247,0.0002360773389362,0.0003300719085229,0.0004347826086956,0.0002819350139792,0.000329392388683,0.0004137409272525,0.0003990844533129,0.0002714633052427,0.0003289319110944,0.0003776167661844,0.000494251385669,0.0003536859975713,0.0003311414920289,0.0004718817464343,0.0003795021406292,0.000566238055916,0.0004969708443771,0.000560780419417,0.0005454631693781,0.0004732775654602,0.0004676010895105,0.0003868018519603,0.0003306878306878,0.0005092192366448,0.0004814523420895,0.0004826823008641,0.0005280512561752,0.0004373987776477,0.0005065498068042,0.0003876651982378,0.0003755295553495,0.0002811687246655,0.0002935822911161,0.0004567707479328,0.0003787071883358,0.0003854194648509,0.0004562630883161,0.0002578195497533,0.000399403244564,0.0004236041654409,0.0003759884383555,0.0002817331282942,0.0003162851720825,0.0003187570834907,0.0002681809171787,0.0004704886024136,0.0003046494188226,0.0003164668237279,0.0004210280100578,0.0003520754849839,0.0004204134065164,0.0002696681908781,0.0001984590240485,0.0002575629858574,0.0001869399105025,0.0003279187698361,0.0002813961941164,0.0001879279766029,0.0002229052769891,0.0002578376794608,0.0002106223891599,0.0002117547409533,0.000236978055832,0.0001777166958911,0.000248779794342,0.0001776830135039,0.0001539773534846,0.0001776493438817,0.0001065795083132,0.0001539335954151,0.0002012787118162,0.0002486148600653,0.0001657275439177,0.0001893849723024,0.0001420252804999,0.0001301775147928,0.0001774979883561,0.0001538170287282,0.0001301405517959,0.0001774475938106,0.0001419446415897,0.0001774140133415,9.461185486541464e-05,0.0002010311716569
0,0,0,0,0,0,0,0,0,0,0,0,0,0,0,0,0,0,0,0,0.0,0.0,0.0,0.0,0.0,0.0,0.0,0.0,0.0,0.0,0.0,0.0,0.0,0.0,0.0,0.0,0.0,0.0,0.0,0.0,0.0,0.0,0.0,0.0,0.0,0.0,0.0,0.0,0.0,0.0,0.0,0.0,0.0,0.0,0.0,0.0,0.0,0.0,0.0,0.0,0.0,0.0,0.0,0.0,0.0,0.0,0.0,0.0,0.0,0.0,0.0,0.0,0.0,0.0,0.0,0.0,0.0,0.0,0.0,0.0,0.0,0.0,0.0,0.0,0.0,0.0,0.0,0.0,0.0,0.0,0.0,0.0,0.0,0.0,0.0,0.0,0.0,0.0,0.0,0.0,0.0,0.0,0.0,0.0,0.0,0.0,0.0,0.0,0.0,0.0,0.0,0.0,0.0,0.0,0.0,0.0,0.0,0.0,0.0,0.0,0.0,0.0,0.0,0.0,0.0,0.0,0.0,0.8167369483874799,0.0776014943371243,0.0276979941614087,0.0144543085865195,0.0096459576292379,0.0079460375759288,0.0074338881128814,0.0055535205775661,0.0036070670036426,0.0020689981319902,0.0019697185438321,0.0010891698631434,0.0007083574371627,0.0004857129318106,0.0004346191796269,0.0004852472985927,0.0004378698224852,0.0004937052579609,0.0003181186228998,0.0004359095193213,0.0006010748632849,0.0004842443426087,0.0004278990158322,0.000387610557102,0.0003182986348525,0.0005198180636777,0.0004010285202047,0.0004018390043847,0.0003064772794247,0.0003895276092447,0.0003418601909701,0.0003407755581668,0.0003171768907266,0.000352920416446,0.0003900985885523,0.0003990844533129,0.0002242522956353,0.0004229124571213,0.000495622005617,0.0003177330336443,0.0004008441305808,0.0003311414920289,0.0002359408732171,0.0003913615825239,0.0003421021587825,0.0004378076486179,0.0004906828669898,0.0005573210643646,0.0004732775654602,0.0003507008171329,0.0005860634120611,0.000531462585034,0.0005447461601316,0.0003757676816308,0.0004591368227731,0.0004459099496591,0.0004019340118925,0.0003180661577608,0.0004346549192364,0.0003990001525588,0.0004217530869982,0.0003405554576947,0.0003513621137944,0.0004260455868777,0.0004204575980191,0.000269078231571,0.0004101674655166,0.0003759089360602,0.0004000706006942,0.0004464862705471,0.0003756441710589,0.0002459995782864,0.0004013978088401,0.0003731212760747,0.0003058175915688,0.0003632358455193,0.0001992568890139,0.0003157710075434,0.0003520754849839,0.0003153100548873,0.0002579434869269,0.0002801774457156,0.0001756111267209,0.0002920936101601,0.0002108049234661,0.0002696713526949,0.0004345834458943,0.0002815645604073,0.0002812774685027,0.0001989211453177,0.00031763211143,0.0002251291530404,0.0002369555945215,0.0001776998531014,0.0002487562189054,0.0001776661770976,0.0001539627646975,0.0001776325138553,0.0001065694122104,0.0001539190149183,0.0002012596486243,0.0002485913158766,0.0001657118507646,0.0001893670406665,0.0001420118343195,0.0001301651914611,0.0001774811869941,0.0001538024703042,0.0001301282354611,0.0001774308019872,0.0001419312106732,0.0001773972278726,9.460290430916229e-05
0,0,0,0,0,0,0,0,0,0,0,0,0,0,0,0,0,0,0,0,0.0,0.0,0.0,0.0,0.0,0.0,0.0,0.0,0.0,0.0,0.0,0.0,0.0,0.0,0.0,0.0,0.0,0.0,0.0,0.0,0.0,0.0,0.0,0.0,0.0,0.0,0.0,0.0,0.0,0.0,0.0,0.0,0.0,0.0,0.0,0.0,0.0,0.0,0.0,0.0,0.0,0.0,0.0,0.0,0.0,0.0,0.0,0.0,0.0,0.0,0.0,0.0,0.0,0.0,0.0,0.0,0.0,0.0,0.0,0.0,0.0,0.0,0.0,0.0,0.0,0.0,0.0,0.0,0.0,0.0,0.0,0.0,0.0,0.0,0.0,0.0,0.0,0.0,0.0,0.0,0.0,0.0,0.0,0.0,0.0,0.0,0.0,0.0,0.0,0.0,0.0,0.0,0.0,0.0,0.0,0.0,0.0,0.0,0.0,0.0,0.0,0.0,0.0,0.0,0.0,0.0,0.0,0.0,0.8125221667888302,0.0780205292400414,0.0270222473738195,0.0145642051611827,0.0093351226632763,0.0080257581855631,0.0069714407250298,0.0053275430415643,0.003759665176988,0.0024324837438891,0.0021428233177061,0.0011097599848883,0.000663412784912,0.0005050979655123,0.0006036002982495,0.0005798816568047,0.0005289699192439,0.0004241581638664,0.0004830348727615,0.0002946445408259,0.0003425142911135,0.0003922407645129,0.0004345936549326,0.0003536651498361,0.0004371197353653,0.0003656436507749,0.0004254765928779,0.0003300524547651,0.0003305082745107,0.0003182836260756,0.0004700352526439,0.0003289241829758,0.0004235044997353,0.0004373832659526,0.0003990844533129,0.0003422798196539,0.0003759221841078,0.0004248188619574,0.0003412688139143,0.0004597917968427,0.0003902739013198,0.0003421142661648,0.0004743776757865,0.0003656954111124,0.0004733055660734,0.0004556340907763,0.0004743157994592,0.0004614456263236,0.0005377412529371,0.0003750805837191,0.0004369803476946,0.0004026384661842,0.0004227386418346,0.0004355913446822,0.0005397857285347,0.0004373987776477,0.0003416266138912,0.0005286343612334,0.0005515590344196,0.0002928840881932,0.0004697316657859,0.0003396500433346,0.0004142109872423,0.0002219081767323,0.0004094668741298,0.0005039200290632,0.0004228975530677,0.000329469906454,0.0004699855479444,0.0003286886496765,0.0003279994377152,0.0003541745372119,0.000314821076688,0.0003763908819308,0.0002929321334833,0.0004453977519134,0.0003040757850418,0.0003755471839829,0.0002685974541632,0.0002696681908781,0.0003035255661919,0.0002926852112016,0.0003388285877858,0.000199093538829,0.0002579465112734,0.0003053829619798,0.0002111734203054,0.0002695575739818,0.0002457261206866,0.0002470471977789,0.0002132802502488,0.0002251078147955,0.0002369331374686,0.0001776830135039,0.0002487326479367,0.0001776493438817,0.0001539481786746,0.0001776156870174,0.0001065593180203,0.0001539044371833,0.000201240589043,0.0002485677761469,0.0001656961605832,0.000189349112426,0.0001419983906849,0.0001301528704623,0.0001774643888126,0.0001537879146358,0.0001301159214572,0.0001774140133415,0.0001419177822981,0.0001773804455796
0,0,0,0,0,0,0,0,0,0,0,0,0,0,0,0,0,0,0,0,0.0,0.0,0.0,0.0,0.0,0.0,0.0,0.0,0.0,0.0,0.0,0.0,0.0,0.0,0.0,0.0,0.0,0.0,0.0,0.0,0.0,0.0,0.0,0.0,0.0,0.0,0.0,0.0,0.0,0.0,0.0,0.0,0.0,0.0,0.0,0.0,0.0,0.0,0.0,0.0,0.0,0.0,0.0,0.0,0.0,0.0,0.0,0.0,0.0,0.0,0.0,0.0,0.0,0.0,0.0,0.0,0.0,0.0,0.0,0.0,0.0,0.0,0.0,0.0,0.0,0.0,0.0,0.0,0.0,0.0,0.0,0.0,0.0,0.0,0.0,0.0,0.0,0.0,0.0,0.0,0.0,0.0,0.0,0.0,0.0,0.0,0.0,0.0,0.0,0.0,0.0,0.0,0.0,0.0,0.0,0.0,0.0,0.0,0.0,0.0,0.0,0.0,0.0,0.0,0.0,0.0,0.0,0.0,0.0,0.8119761747810528,0.0790388945872976,0.0278422826384671,0.0147031124923482,0.0100854660384952,0.0079167208233389,0.0073446528791276,0.0054503322219857,0.0036190611799326,0.0024269545863522,0.0021250723114883,0.001101739089229,0.0005990696800263,0.0006272708981809,0.0005088757396449,0.0005759894676211,0.000506633362396,0.0004359095193213,0.0006717895530831,0.0004370009921103,0.0004754433509247,0.0004111021060173,0.0003300874731803,0.0002835371256423,0.0004364133896345,0.0002127382964389,0.0003300524547651,0.0003895276092447,0.0004597430154426,0.0003760282021151,0.0004111552287197,0.000329392388683,0.0003546350805021,0.0002699688948881,0.0003894908292613,0.0005991259809219,0.0003894172901276,0.0003412688139143,0.0005069499298522,0.000201050191589,0.0002949260915214,0.0005099560014705,0.0006016279344107,0.0003194812570995,0.0003738536129446,0.0003794526395674,0.0004732775654602,0.000444221035035,0.0006095059485436,0.0003543083900226,0.0005092192366448,0.0005519087823952,0.0004355913446822,0.0005163167838158,0.000484685131988,0.000329846385826,0.0004229074889867,0.0004928825413962,0.000433468450526,0.0004227584992073,0.0003864983251739,0.0004852185850552,0.0004438163534646,0.0002105829638382,0.0003164149019699,0.0003524146275564,0.0002353356474672,0.000481735186643,0.0003991219317501,0.0004334278284094,0.0002951454476766,0.0004314214754614,0.0003411042367498,0.0003866704161979,0.0003399088106707,0.0003157710075434,0.0003051320869861,0.0003269882050683,0.0004455387501465,0.0003852439878589,0.0004214667041303,0.0002336748881281,0.0002693618466511,0.0003048458769595,0.0002701464663667,0.0002111734203054,0.0003047172575446,0.0001989211453177,0.0001882264364029,0.0002251291530404,0.0002132600350694,0.0002250864805951,0.0002369106846718,0.0001776661770976,0.0002487090814344,0.0001776325138553,0.0001539335954151,0.0001775988633672,0.0001065492257422,0.0001538898622093,0.0002012215330713,0.0002485442408748,0.0001656804733727,0.0001893311875798,0.0001419849495953,0.0001301405517959,0.0001774475938106,0.0001537733617222,0.0001301036097837,0.0001773972278726,0.0001419043564637
0,0,0,0,0,0,0,0,0,0,0,0,0,0,0,0,0,0,0,0,0.0,0.0,0.0,0.0,0.0,0.0,0.0,0.0,0.0,0.0,0.0,0.0,0.0,0.0,0.0,0.0,0.0,0.0,0.0,0.0,0.0,0.0,0.0,0.0,0.0,0.0,0.0,0.0,0.0,0.0,0.0,0.0,0.0,0.0,0.0,0.0,0.0,0.0,0.0,0.0,0.0,0.0,0.0,0.0,0.0,0.0,0.0,0.0,0.0,0.0,0.0,0.0,0.0,0.0,0.0,0.0,0.0,0.0,0.0,0.0,0.0,0.0,0.0,0.0,0.0,0.0,0.0,0.0,0.0,0.0,0.0,0.0,0.0,0.0,0.0,0.0,0.0,0.0,0.0,0.0,0.0,0.0,0.0,0.0,0.0,0.0,0.0,0.0,0.0,0.0,0.0,0.0,0.0,0.0,0.0,0.0,0.0,0.0,0.0,0.0,0.0,0.0,0.0,0.0,0.0,0.0,0.0,0.0,0.0,0.0,0.8123415744113937,0.0775844616722041,0.0272166501859961,0.0135538246644096,0.0094409849818624,0.0075107678069269,0.0069281880305502,0.005541316626323,0.0037410617038405,0.002290355713493,0.002120551580344,0.0009632100737677,0.0008166356976317,0.0008520710059171,0.0005172150321496,0.0005891085609256,0.0005301602262016,0.0004596454836884,0.0004370009921103,0.0003565825131935,0.0004463394293902,0.0003182986348525,0.0002953511725441,0.0003066688683918,0.0002600134734254,0.0003182648670949,0.0003659198753511,0.0004008016032064,0.000364277320799,0.0005521227357094,0.0002470442915122,0.0002482445563515,0.0002934444509654,0.000330477067252,0.0002466989333208,0.0003068136225248,0.0003177330336443,0.0003301069310665,0.0003193150101707,0.0004246935717909,0.0004150804663132,0.0005898313082458,0.0003668118137069,0.0004205853145627,0.0005454631693781,0.0005324372611427,0.0003623908443706,0.0004454081931665,0.000531462585034,0.0004026384661842,0.0005519087823952,0.0004826823008641,0.0004107065325807,0.0005083283091581,0.0004240882103477,0.0005168869309838,0.0004459413469775,0.0006443449940251,0.0003875286242733,0.0004567707479328,0.0004142109872423,0.0004321369757419,0.000350971606397,0.0003984483950733,0.0004816333243271,0.0004471377301876,0.0002819913287666,0.0004225996924413,0.0003279994377152,0.000365980355119,0.0003381411564427,0.0004234397421722,0.0003515185601799,0.000433676758442,0.000385942342553,0.0003990188829818,0.0004087352563353,0.0003400164145855,0.0003735699276208,0.0003278074365458,0.0003505123321922,0.0003513415391101,0.000340020401224,0.0003053829619798,0.0003754194138764,0.0001640785232932,0.0001521161699488,0.0002823396546044,0.0003791648893312,0.0002251078147955,0.0002132398237217,0.0002250651504382,0.0002368882361301,0.0001776493438817,0.0002486855193974,0.0001776156870174,0.0001539190149183,0.0001775820429038,0.0001065391353757,0.0001538752899957,0.0002012024807082,0.0002485207100591,0.0001656647891323,0.0001893132661271,0.0001419715110501,0.0001301282354611,0.0001774308019872,0.0001537588115626,0.0001300913004399,0.0001773804455796
0,0,0,0,0,0,0,0,0,0,0,0,0,0,0,0,0,0,0,0,0.0,0.0,0.0,0.0,0.0,0.0,0.0,0.0,0.0,0.0,0.0,0.0,0.0,0.0,0.0,0.0,0.0,0.0,0.0,0.0,0.0,0.0,0.0,0.0,0.0,0.0,0.0,0.0,0.0,0.0,0.0,0.0,0.0,0.0,0.0,0.0,0.0,0.0,0.0,0.0,0.0,0.0,0.0,0.0,0.0,0.0,0.0,0.0,0.0,0.0,0.0,0.0,0.0,0.0,0.0,0.0,0.0,0.0,0.0,0.0,0.0,0.0,0.0,0.0,0.0,0.0,0.0,0.0,0.0,0.0,0.0,0.0,0.0,0.0,0.0,0.0,0.0,0.0,0.0,0.0,0.0,0.0,0.0,0.0,0.0,0.0,0.0,0.0,0.0,0.0,0.0,0.0,0.0,0.0,0.0,0.0,0.0,0.0,0.0,0.0,0.0,0.0,0.0,0.0,0.0,0.0,0.0,0.0,0.0,0.0,0.0,0.8138449263453728,0.0791896218863304,0.0288832595468642,0.0146636575250203,0.0094210894766193,0.0077321415904093,0.006905880677773,0.0051025240327698,0.0038487420752511,0.0023337914040657,0.0018207019687074,0.001136188796705,0.0007455621301775,0.0005994992418097,0.0006598015882366,0.0005183788878416,0.0005185743918536,0.0004606226673595,0.0003446964294204,0.0004698309783055,0.0005069200480984,0.0003898635477582,0.0003420537378217,0.0003663826216449,0.0004361407437967,0.0004839585448192,0.0002947070611811,0.0002350176263219,0.0003641660597232,0.0003176283748014,0.0002718868950516,0.0003403955631199,0.0002596605528409,0.0003289319110944,0.0002950130985815,0.0003530367040493,0.0003536859975713,0.0004257533468943,0.00041289652813,0.0003439238149452,0.000412881915772,0.0003786444528587,0.0003504877621356,0.0004861736944457,0.0005324372611427,0.0004208409805594,0.0004571294614077,0.000448790627362,0.0003197423113816,0.0004109959017837,0.0004473640837277,0.0004928478390969,0.0004610419548178,0.0005890114032607,0.0004698972099853,0.0004459413469775,0.0004451838140537,0.000364042040984,0.0003630741842542,0.0004142109872423,0.0004204575980191,0.0004562630883161,0.0004101674655166,0.000293678856297,0.0005177384244278,0.0004934848253416,0.0003639052907133,0.0004802848909401,0.0003305629013978,0.0004197614355841,0.0004116775271119,0.0003983877015373,0.000375071791085,0.000327466230045,0.0002581886889882,0.0003269882050683,0.0002696681908781,0.000233481204763,0.0002926852112016,0.0003855635654114,0.0002693618466511,0.0004103694497531,0.0004933109385827,0.0003284919871418,0.0002343978904189,0.0003159335837399,0.0001999905886781,0.0002251291530404,0.0003791289512345,0.0002250864805951,0.0002132196162046,0.0002250438243236,0.0002368657918423,0.0001776325138553,0.0002486619618244,0.0001775988633672,0.0001539044371833,0.0001775652256262,0.0001065290469201,0.0001538607205415,0.0002011834319526,0.0002484971836985,0.0001656491078612,0.0001892953480668,0.0001419580750485,0.0001301159214572,0.0001774140133415,0.0001537442641562,0.000130078993425
0,0,0,0,0,0,0,0,0,0,0,0,0,0,0,0,0,0,0,0,0.0,0.0,0.0,0.0,0.0,0.0,0.0,0.0,0.0,0.0,0.0,0.0,0.0,0.0,0.0,0.0,0.0,0.0,0.0,0.0,0.0,0.0,0.0,0.0,0.0,0.0,0.0,0.0,0.0,0.0,0.0,0.0,0.0,0.0,0.0,0.0,0.0,0.0,0.0,0.0,0.0,0.0,0.0,0.0,0.0,0.0,0.0,0.0,0.0,0.0,0.0,0.0,0.0,0.0,0.0,0.0,0.0,0.0,0.0,0.0,0.0,0.0,0.0,0.0,0.0,0.0,0.0,0.0,0.0,0.0,0.0,0.0,0.0,0.0,0.0,0.0,0.0,0.0,0.0,0.0,0.0,0.0,0.0,0.0,0.0,0.0,0.0,0.0,0.0,0.0,0.0,0.0,0.0,0.0,0.0,0.0,0.0,0.0,0.0,0.0,0.0,0.0,0.0,0.0,0.0,0.0,0.0,0.0,0.0,0.0,0.0,0.0,0.8110255685831332,0.0772035322805937,0.0268932187968947,0.0144282680145706,0.009446454328344,0.0074161089752717,0.0068901832646682,0.0056432475827302,0.0033999905226745,0.0023257999342198,0.0018581420946113,0.0010295857988165,0.0006817834514699,0.0006480194170181,0.0005890669180018,0.0005892890816518,0.0005314876931071,0.0005467598535634,0.0004815767527631,0.0004243981798033,0.0005080040167759,0.0004010285202047,0.0003900202101381,0.000259326928744,0.0004721546778724,0.0004008016032064,0.0003525264394829,0.0003289241829758,0.0004235044997353,0.0003782774192023,0.0003403955631199,0.0004248990864669,0.0003641746158545,0.0002950130985815,0.0002588935829695,0.0002711592648047,0.0004494063106107,0.0002831290478606,0.0002846266054719,0.0004600684204317,0.0004496402877697,0.000315438985922,0.0004150263245268,0.0004614456263236,0.0003974609260839,0.0004688507296489,0.0004724111866969,0.0004736923131579,0.0005519087823952,0.0005886369522733,0.0005515202008941,0.0004019340118925,0.000494769578739,0.0004933920704845,0.0004576766455822,0.0004920452681646,0.0004110152075626,0.0003513621137944,0.0004852185850552,0.0004321369757419,0.0003041753922107,0.0004336056064033,0.0003641617818083,0.0004118373830676,0.0004347366318485,0.0004578163334781,0.0004685706253074,0.0004013978088401,0.0004197614355841,0.0003646286668705,0.0003983877015373,0.0003516298041421,0.000385942342553,0.0002699245384877,0.0003503445054303,0.0004455387501465,0.0003385477469063,0.0002224407605132,0.0003271448433794,0.0003279187698361,0.0002110471455873,0.0002701464663667,0.0003519557005091,0.000222677995898,0.0003159335837399,0.0002235188932285,0.0003317692781648,0.0002251078147955,0.0003790930199497,0.0002250651504382,0.0002131994125171,0.0002250225022502,0.0002368433518071,0.0001776156870174,0.0002486384087141,0.0001775820429038,0.0001538898622093,0.0001775484115335,0.0001065189603749,0.0001538461538461,0.0002011643868036,0.0002484736617918,0.0001656334295584,0.000189277433398,0.0001419446415897,0.0001301036097837,0.0001773972278726,0.0001537297195023
0,0,0,0,0,0,0,0,0,0,0,0,0,0,0,0,0,0,0,0,0.0,0.0,0.0,0.0,0.0,0.0,0.0,0.0,0.0,0.0,0.0,0.0,0.0,0.0,0.0,0.0,0.0,0.0,0.0,0.0,0.0,0.0,0.0,0.0,0.0,0.0,0.0,0.0,0.0,0.0,0.0,0.0,0.0,0.0,0.0,0.0,0.0,0.0,0.0,0.0,0.0,0.0,0.0,0.0,0.0,0.0,0.0,0.0,0.0,0.0,0.0,0.0,0.0,0.0,0.0,0.0,0.0,0.0,0.0,0.0,0.0,0.0,0.0,0.0,0.0,0.0,0.0,0.0,0.0,0.0,0.0,0.0,0.0,0.0,0.0,0.0,0.0,0.0,0.0,0.0,0.0,0.0,0.0,0.0,0.0,0.0,0.0,0.0,0.0,0.0,0.0,0.0,0.0,0.0,0.0,0.0,0.0,0.0,0.0,0.0,0.0,0.0,0.0,0.0,0.0,0.0,0.0,0.0,0.0,0.0,0.0,0.0,0.0,0.8104595279244299,0.078789096194066,0.0264597349280366,0.0141874157622189,0.0105842707295078,0.007576833830563,0.0067412016103325,0.0052717623086764,0.0038176009021284,0.0019764950942681,0.0018698224852071,0.0010226751772049,0.0006362372457996,0.0007068803016022,0.000624646426551,0.0004133793168611,0.0004873294346978,0.0004698309783055,0.0005187088864263,0.0004843759229724,0.0004600033025878,0.0004136577986313,0.000518653857488,0.0004131353431384,0.0004951078627843,0.0004112808460634,0.0003406714752249,0.0004117404858537,0.0003664562498522,0.0004342977874288,0.0003068715624483,0.0004464075936281,0.0003304146704113,0.0003177330336443,0.0002947383313094,0.0003429679738871,0.000330317222504,0.0005336748852598,0.000412881915772,0.0003668118137069,0.0003504877621356,0.0004150263245268,0.0004851095045967,0.0005961913891259,0.0004688507296489,0.0004724111866969,0.0005802730836185,0.0004579668619875,0.0006121824303642,0.0004928478390969,0.000484685131988,0.0005772311751955,0.0003641703377386,0.0005163531386056,0.0004568991775814,0.0004932182490752,0.0003864983251739,0.0003905417879713,0.0004321369757419,0.0003743697134901,0.0004101674655166,0.0003524146275564,0.0003059363417073,0.0003524891609583,0.0003639052907133,0.0003279994377152,0.0003187570834907,0.0004430815153387,0.0005528241078359,0.0003398012748406,0.000433676758442,0.0003976375650546,0.0005281132274759,0.0002919537545252,0.0002462187829757,0.0003969180480971,0.0002224407605132,0.0002920936101601,0.0004216098469322,0.0003282955598025,0.0003171284605175,0.0002229052769891,0.0002461177849399,0.0003627385591088,0.0002588113500541,0.0003199203753732,0.0003317378323302,0.0002250864805951,0.000379057095475,0.0002250438243236,0.0002131792126581,0.0002250011842167,0.0002368209160233,0.0001775988633672,0.0002486148600653,0.0001775652256262,0.0001538752899957,0.0001775316006249,0.0001065088757396,0.0001538315899086,0.00020114534526,0.0002484501443377,0.0001656177542232,0.0001892595221197,0.0001419312106732,0.0001300913004399,0.0001773804455796
0,0,0,0,0,0,0,0,0,0,0,0,0,0,0,0,0,0,0,0,0.0,0.0,0.0,0.0,0.0,0.0,0.0,0.0,0.0,0.0,0.0,0.0,0.0,0.0,0.0,0.0,0.0,0.0,0.0,0.0,0.0,0.0,0.0,0.0,0.0,0.0,0.0,0.0,0.0,0.0,0.0,0.0,0.0,0.0,0.0,0.0,0.0,0.0,0.0,0.0,0.0,0.0,0.0,0.0,0.0,0.0,0.0,0.0,0.0,0.0,0.0,0.0,0.0,0.0,0.0,0.0,0.0,0.0,0.0,0.0,0.0,0.0,0.0,0.0,0.0,0.0,0.0,0.0,0.0,0.0,0.0,0.0,0.0,0.0,0.0,0.0,0.0,0.0,0.0,0.0,0.0,0.0,0.0,0.0,0.0,0.0,0.0,0.0,0.0,0.0,0.0,0.0,0.0,0.0,0.0,0.0,0.0,0.0,0.0,0.0,0.0,0.0,0.0,0.0,0.0,0.0,0.0,0.0,0.0,0.0,0.0,0.0,0.0,0.0,0.810849452328343,0.0771841146667615,0.0273344210352084,0.014274526555603,0.0097670123597101,0.0077565139369325,0.0068473676728427,0.0057205281210355,0.0035150840898062,0.002378698224852,0.0022451834350131,0.0009072271838254,0.0005655042412818,0.0006953611163492,0.0004488118297349,0.000606190272429,0.0004111021060173,0.0003418763115082,0.0006143304388918,0.0004010285202047,0.0004491141813712,0.0004715035068073,0.0004839585448192,0.0003890133207591,0.0004700352526439,0.0005521227357094,0.000329392388683,0.0002718868950516,0.0004225600093902,0.0003540825720558,0.0003406794793477,0.0004130183380142,0.0004589477152641,0.0003654755308237,0.000272009082738,0.0003421142661648,0.0004862371176812,0.0002949156541229,0.0002958159787959,0.000315438985922,0.0003320210596214,0.0004496136871871,0.0005260512256993,0.0003399167789954,0.0005432728647014,0.0004026384661842,0.0004462241219366,0.0004591368227731,0.0003637686431429,0.0003428260689671,0.0004712091226086,0.0004933920704845,0.0004342060483729,0.0004100377234705,0.0005401914156538,0.0004216345365533,0.0003195341901583,0.0005138926198012,0.0005030593025024,0.0002929767610833,0.0003524146275564,0.0005295052068012,0.0004699855479444,0.0003286886496765,0.0002811423751844,0.000377786173026,0.0003264811165654,0.0004469641722929,0.0002929321334833,0.000433676758442,0.0004327232325594,0.0002581886889882,0.0003503445054303,0.0003048423027318,0.0003268736866682,0.0002926852112016,0.0003271448433794,0.0003396301544731,0.0002696713526949,0.0001879279766029,0.0003519557005091,0.0002929973630237,0.0004095435344777,0.0003411604159804,0.0002132802502488,0.0003198900526041,0.000331706392456,0.0002250651504382,0.0003790211778083,0.0002250225022502,0.0002131590166264,0.0002249798702221,0.0002367984844896,0.0001775820429038,0.0002485913158766,0.0001775484115335,0.0001538607205415,0.0001775147928994,0.0001064987930136,0.0001538170287282,0.0002011263073209,0.0002484266313348,0.0001656020818547,0.0001892416142309,0.0001419177822981,0.000130078993425
0,0,0,0,0,0,0,0,0,0,0,0,0,0,0,0,0,0,0,0,0.0,0.0,0.0,0.0,0.0,0.0,0.0,0.0,0.0,0.0,0.0,0.0,0.0,0.0,0.0,0.0,0.0,0.0,0.0,0.0,0.0,0.0,0.0,0.0,0.0,0.0,0.0,0.0,0.0,0.0,0.0,0.0,0.0,0.0,0.0,0.0,0.0,0.0,0.0,0.0,0.0,0.0,0.0,0.0,0.0,0.0,0.0,0.0,0.0,0.0,0.0,0.0,0.0,0.0,0.0,0.0,0.0,0.0,0.0,0.0,0.0,0.0,0.0,0.0,0.0,0.0,0.0,0.0,0.0,0.0,0.0,0.0,0.0,0.0,0.0,0.0,0.0,0.0,0.0,0.0,0.0,0.0,0.0,0.0,0.0,0.0,0.0,0.0,0.0,0.0,0.0,0.0,0.0,0.0,0.0,0.0,0.0,0.0,0.0,0.0,0.0,0.0,0.0,0.0,0.0,0.0,0.0,0.0,0.0,0.0,0.0,0.0,0.0,0.0,0.0,0.8138682234008471,0.0768485020453524,0.0270420997674308,0.0140881754037031,0.0095746313589837,0.0074752404871345,0.0066132594089179,0.0056454380836282,0.0037514792899408,0.0022451834350131,0.0018969295661804,0.0011310084825636,0.0007778615877805,0.000625974394104,0.0006537346075215,0.0004111021060173,0.0005658642397378,0.0005080040167759,0.0003892335637281,0.0004254765928779,0.0004950786821476,0.0004721546778724,0.0004833195803371,0.0004347826086956,0.000352418767474,0.0003999764719722,0.0004255620966025,0.0003521333411585,0.0003422798196539,0.0003641746158545,0.0002596115267517,0.0004471798251291,0.0004126336638332,0.0004257533468943,0.0003657083534866,0.0003913615825239,0.0003421021587825,0.0003076486179477,0.0004089023891582,0.0004150263245268,0.0004022859306411,0.0005026711712238,0.0004805719978901,0.0004251700680272,0.0005565884679606,0.0005401660423443,0.0004002731275458,0.0004224410049402,0.0004965067205731,0.000329846385826,0.0004581497797356,0.0003872648539542,0.0004217530869982,0.0004579883741412,0.000503619029772,0.0004142109872423,0.0005839688861377,0.0005030593025024,0.0004687628177332,0.000399403244564,0.0002706359945872,0.0003172402448624,0.0004578163334781,0.0004334278284094,0.0004604268983755,0.0003964413558294,0.0003999153120515,0.0004101049868766,0.0003867927845564,0.0003391614525466,0.0003755471839829,0.0003853789559733,0.0004338140461953,0.0003618958673826,0.0002692703943055,0.0003972473098178,0.0003396301544731,0.0003634700840671,0.0002818919649044,0.0003402238438255,0.0003633167301494,0.0002808298522132,0.0003293962637052,0.0003910137921228,0.0002132600350694,0.0003198597355826,0.0003316749585406,0.0002250438243236,0.0003789852669477,0.0002250011842167,0.0002131388244209,0.0002249585602652,0.000236776057205,0.0001775652256262,0.0002485677761469,0.0001775316006249,0.0001538461538461,0.0001774979883561,0.0001064887121965,0.0001538024703042,0.0002011072729853,0.0002484031227821,0.000165586412452,0.0001892237097308,0.0001419043564637
0,0,0,0,0,0,0,0,0,0,0,0,0,0,0,0,0,0,0,0,0.0,0.0,0.0,0.0,0.0,0.0,0.0,0.0,0.0,0.0,0.0,0.0,0.0,0.0,0.0,0.0,0.0,0.0,0.0,0.0,0.0,0.0,0.0,0.0,0.0,0.0,0.0,0.0,0.0,0.0,0.0,0.0,0.0,0.0,0.0,0.0,0.0,0.0,0.0,0.0,0.0,0.0,0.0,0.0,0.0,0.0,0.0,0.0,0.0,0.0,0.0,0.0,0.0,0.0,0.0,0.0,0.0,0.0,0.0,0.0,0.0,0.0,0.0,0.0,0.0,0.0,0.0,0.0,0.0,0.0,0.0,0.0,0.0,0.0,0.0,0.0,0.0,0.0,0.0,0.0,0.0,0.0,0.0,0.0,0.0,0.0,0.0,0.0,0.0,0.0,0.0,0.0,0.0,0.0,0.0,0.0,0.0,0.0,0.0,0.0,0.0,0.0,0.0,0.0,0.0,0.0,0.0,0.0,0.0,0.0,0.0,0.0,0.0,0.0,0.0,0.0,0.813589179730912,0.0784209027481133,0.0272292465785859,0.0145331334191232,0.0090153058806804,0.0073767795893436,0.0072076976790976,0.0056686390532544,0.0035499759024814,0.0023093055588283,0.0020263901979264,0.0011550066000377,0.0007913261208484,0.0005705320211096,0.0006577633696277,0.0005069200480984,0.0005080040167759,0.0006251326932603,0.0004727517698644,0.0003654152177756,0.0005429778795533,0.0004833195803371,0.00048178613396,0.0005403754434602,0.0002823363331568,0.0003546350805021,0.000551675567815,0.0005075183532799,0.0002936892063342,0.0003422151943546,0.0004589477152641,0.0003890545973284,0.0003902739013198,0.0003067231351823,0.0003913615825239,0.0003185089064527,0.0003313138962514,0.000292073135113,0.0002845894796755,0.0003076304175491,0.0001987304630419,0.0003633593154779,0.0004015495086923,0.000686853854079,0.0004109959017837,0.0003649549104094,0.000574989145613,0.0005083283091581,0.0005418904909999,0.0004111600587371,0.0004694119441869,0.000562337449331,0.000364042040984,0.000445058677473,0.0003905417879713,0.0005255719975239,0.0004094668741298,0.0002929767610833,0.0003759089360602,0.0003177031240807,0.0004347366318485,0.0005399884958972,0.0004568563596748,0.000377786173026,0.0003731212760747,0.0004116775271119,0.0003280839895013,0.0003281878171993,0.0003742471200514,0.0004576981304791,0.0003386663552493,0.0004220893422441,0.0003618958673826,0.0004682963379226,0.0003621960765986,0.0003044960005621,0.0003517452426455,0.0003641104546682,0.0003636875571928,0.0004336360972751,0.0003627385591088,0.0003411604159804,0.000473956111664,0.0003909767309606,0.0002132398237217,0.000319829424307,0.0003316435305822,0.0002250225022502,0.0003789493628913,0.0002249798702221,0.0002131186360407,0.0002249372543448,0.0002367536341682,0.0001775484115335,0.0002485442408748,0.0001775147928994,0.0001538315899086,0.0001774811869941,0.0001064786332875,0.0001537879146358,0.0002010882422521,0.0002483796186781,0.0001655707460144,0.0001892058086183
0,0,0,0,0,0,0,0,0,0,0,0,0,0,0,0,0,0,0,0,0.0,0.0,0.0,0.0,0.0,0.0,0.0,0.0,0.0,0.0,0.0,0.0,0.0,0.0,0.0,0.0,0.0,0.0,0.0,0.0,0.0,0.0,0.0,0.0,0.0,0.0,0.0,0.0,0.0,0.0,0.0,0.0,0.0,0.0,0.0,0.0,0.0,0.0,0.0,0.0,0.0,0.0,0.0,0.0,0.0,0.0,0.0,0.0,0.0,0.0,0.0,0.0,0.0,0.0,0.0,0.0,0.0,0.0,0.0,0.0,0.0,0.0,0.0,0.0,0.0,0.0,0.0,0.0,0.0,0.0,0.0,0.0,0.0,0.0,0.0,0.0,0.0,0.0,0.0,0.0,0.0,0.0,0.0,0.0,0.0,0.0,0.0,0.0,0.0,0.0,0.0,0.0,0.0,0.0,0.0,0.0,0.0,0.0,0.0,0.0,0.0,0.0,0.0,0.0,0.0,0.0,0.0,0.0,0.0,0.0,0.0,0.0,0.0,0.0,0.0,0.0,0.0,0.8111324695049598,0.0798172088838376,0.0276849698357791,0.0143581481305975,0.0101019593102476,0.0073852271785828,0.0065562130177514,0.0056776104665514,0.0034403939958055,0.0021795475966069,0.0015910805204601,0.0010865970614635,0.0008201397803451,0.0006342718207124,0.0006719637846886,0.0006852147203024,0.0004953881720176,0.0003900202101381,0.000388990393116,0.0004131353431384,0.0004597430154426,0.0005640423031727,0.0005756173202076,0.0004470325274983,0.0003900985885523,0.0003169200070426,0.000330477067252,0.0004229124571213,0.0003304146704113,0.0003883403744542,0.0002711592648047,0.0002838355645962,0.0003657083534866,0.0004032210244185,0.0003067122802878,0.0003076486179477,0.0001635609556632,0.0004031684295403,0.0004022859306411,0.0003273207626573,0.0004454081931665,0.0004133597883597,0.0005210615444737,0.000305311241325,0.0003885003885003,0.0005867236179725,0.0005556146634984,0.000494769578739,0.0004816446402349,0.0005515590344196,0.0005506220858033,0.0005636779989431,0.0005504673116113,0.0002958649908873,0.0003503813316826,0.0005030593025024,0.0005156390995066,0.0004346447073196,0.0003765370359475,0.0004582359092457,0.0004108608120957,0.0005037134222055,0.0004368152625613,0.000314821076688,0.0004352019572325,0.0002460629921259,0.0003985137780278,0.0005145897900707,0.000504641528477,0.0002685974541632,0.0003282917106343,0.0003618958673826,0.0003863444787861,0.0003621960765986,0.0002342276927401,0.0004103694497531,0.0004110924488189,0.0002463689903564,0.0003867565191913,0.0003978422906354,0.0002117547409533,0.0002014313474572,0.0004739111890431,0.0003909396768232,0.0002132196162046,0.0003197991187757,0.0003316121085792,0.0002250011842167,0.0003789134656372,0.0002249585602652,0.0002130984514845,0.0002249159524598,0.000236731215378,0.0001775316006249,0.0002485207100591,0.0001774979883561,0.0001538170287282,0.0001774643888126,0.0001064685562863,0.0001537733617222,0.0002010692151204,0.0002483561190217,0.000165555082541
0,0,0,0,0,0,0,0,0,0,0,0,0,0,0,0,0,0,0,0,0.0,0.0,0.0,0.0,0.0,0.0,0.0,0.0,0.0,0.0,0.0,0.0,0.0,0.0,0.0,0.0,0.0,0.0,0.0,0.0,0.0,0.0,0.0,0.0,0.0,0.0,0.0,0.0,0.0,0.0,0.0,0.0,0.0,0.0,0.0,0.0,0.0,0.0,0.0,0.0,0.0,0.0,0.0,0.0,0.0,0.0,0.0,0.0,0.0,0.0,0.0,0.0,0.0,0.0,0.0,0.0,0.0,0.0,0.0,0.0,0.0,0.0,0.0,0.0,0.0,0.0,0.0,0.0,0.0,0.0,0.0,0.0,0.0,0.0,0.0,0.0,0.0,0.0,0.0,0.0,0.0,0.0,0.0,0.0,0.0,0.0,0.0,0.0,0.0,0.0,0.0,0.0,0.0,0.0,0.0,0.0,0.0,0.0,0.0,0.0,0.0,0.0,0.0,0.0,0.0,0.0,0.0,0.0,0.0,0.0,0.0,0.0,0.0,0.0,0.0,0.0,0.0,0.0,0.8085902353554008,0.0797610474245304,0.0270577642989148,0.0141779824272893,0.009432734072645,0.0079053254437869,0.0067590600792279,0.0054197987605155,0.0035697455230914,0.0023217989817084,0.0015944630793215,0.0011410640422193,0.0007752211142041,0.000542286563082,0.000555260204383,0.0006487226062135,0.0004963893583576,0.0005304414451582,0.0003541160084043,0.0003654367558646,0.00048178613396,0.0003759133519723,0.0004470325274983,0.0004255620966025,0.0002817066729268,0.0004367018388688,0.0004346600253747,0.0004366193859007,0.0003648045941843,0.0003890545973284,0.0003311414920289,0.000247737916878,0.0003083454892612,0.0003067122802878,0.0004733055660734,0.0003972194637537,0.0003438789546079,0.0003904539915046,0.0003390107898951,0.0005391783390962,0.0004842214663643,0.0004500076975,0.0005166805622423,0.0004002731275458,0.0005163167838158,0.0004610419548178,0.0005654509471303,0.0004933920704845,0.0005398237358149,0.0004803299046369,0.0004579883741412,0.0005270431706917,0.0005207223839617,0.0004788544866329,0.0004094668741298,0.0005039200290632,0.0003759089360602,0.0003883038183208,0.0004229869931499,0.0004578163334781,0.0005037134222055,0.0003541745372119,0.0004081013957067,0.0002587687313274,0.0003983877015373,0.0003516298041421,0.0004093327875562,0.0003403396354845,0.0003036319047062,0.0005041622699026,0.0003969180480971,0.0002341481689613,0.0003037773545665,0.0003279187698361,0.0002579465112734,0.0003758559532059,0.0003284919871418,0.000222677995898,0.0003861410467932,0.0002823396546044,0.0002843736669984,0.0002014122553433,0.0004738662749372,0.0003909026297085,0.0002131994125171,0.0003197688189871,0.0003315806925299,0.0002249798702221,0.0003788775751835,0.0002249372543448,0.0002130782707514,0.0002248946546091,0.0002367088008332,0.0001775147928994,0.0002484971836985,0.0001774811869941,0.0001538024703042,0.0001774475938106,0.0001064584811923,0.0001537588115626,0.000201050191589,0.0002483326238115
0,0,0,0,0,0,0,0,0,0,0,0,0,0,0,0,0,0,0,0,0.0,0.0,0.0,0.0,0.0,0.0,0.0,0.0,0.0,0.0,0.0,0.0,0.0,0.0,0.0,0.0,0.0,0.0,0.0,0.0,0.0,0.0,0.0,0.0,0.0,0.0,0.0,0.0,0.0,0.0,0.0,0.0,0.0,0.0,0.0,0.0,0.0,0.0,0.0,0.0,0.0,0.0,0.0,0.0,0.0,0.0,0.0,0.0,0.0,0.0,0.0,0.0,0.0,0.0,0.0,0.0,0.0,0.0,0.0,0.0,0.0,0.0,0.0,0.0,0.0,0.0,0.0,0.0,0.0,0.0,0.0,0.0,0.0,0.0,0.0,0.0,0.0,0.0,0.0,0.0,0.0,0.0,0.0,0.0,0.0,0.0,0.0,0.0,0.0,0.0,0.0,0.0,0.0,0.0,0.0,0.0,0.0,0.0,0.0,0.0,0.0,0.0,0.0,0.0,0.0,0.0,0.0,0.0,0.0,0.0,0.0,0.0,0.0,0.0,0.0,0.0,0.0,0.0,0.0,0.807952492827881,0.0802966402881106,0.0269816285298125,0.0147112778573372,0.0092071005917159,0.0077817352564328,0.0071989066145109,0.0058081998114985,0.0037125212144069,0.0023621675249208,0.002115722911615,0.0009866450544416,0.0007662744913116,0.0007088428141059,0.0005897478238305,0.0005554833295907,0.0006247421465197,0.0005665856134469,0.0005068961452316,0.0003995299647473,0.0003641660597232,0.0003882124580907,0.0004373832659526,0.0003873466752743,0.0004839128484762,0.0003524270476011,0.0003894172901276,0.0005530908363439,0.000282948798057,0.0003193150101707,0.0003421142661648,0.0003202049311559,0.0003774920372773,0.0002721507004922,0.0003738536129446,0.0003675947445809,0.0005442692002792,0.000490981143986,0.0003047529742718,0.0004369803476946,0.0004736923131579,0.0003875104216817,0.0004709095618186,0.0004928478390969,0.0004492203662328,0.0005654509471303,0.0005521292217327,0.0004811472427915,0.0003748916328873,0.0005871645822323,0.0005856035229907,0.0005325569835972,0.0004671751089101,0.0005381564631421,0.0003867293246299,0.0003641617818083,0.0004824380773077,0.0004699855479444,0.0005047718548604,0.0003279994377152,0.0004368152625613,0.0004780616349707,0.0004469641722929,0.0005038432695913,0.0003281878171993,0.0003976375650546,0.0005398490769754,0.0004437697068784,0.0004572634540977,0.0003735699276208,0.0003043926196497,0.0004206147986306,0.0004216098469322,0.0004103694497531,0.0003523649561305,0.0003402238438255,0.0003750366246703,0.0003978422906354,0.0003882170250811,0.0002725247642068,0.0002843467134259,0.0002013931668483,0.0004738213693437,0.0003908655896148,0.0002131792126581,0.0003197385249396,0.0003315492824326,0.0002249585602652,0.0003788416915281,0.0002249159524598,0.0002130580938402,0.0002248733607915,0.0002366863905325,0.0001774979883561,0.0002484736617918,0.0001774643888126,0.0001537879146358,0.0001774308019872,0.0001064484080049,0.0001537442641562,0.0002010311716569
0,0,0,0,0,0,0,0,0,0,0,0,0,0,0,0,0,0,0,0,0.0,0.0,0.0,0.0,0.0,0.0,0.0,0.0,0.0,0.0,0.0,0.0,0.0,0.0,0.0,0.0,0.0,0.0,0.0,0.0,0.0,0.0,0.0,0.0,0.0,0.0,0.0,0.0,0.0,0.0,0.0,0.0,0.0,0.0,0.0,0.0,0.0,0.0,0.0,0.0,0.0,0.0,0.0,0.0,0.0,0.0,0.0,0.0,0.0,0.0,0.0,0.0,0.0,0.0,0.0,0.0,0.0,0.0,0.0,0.0,0.0,0.0,0.0,0.0,0.0,0.0,0.0,0.0,0.0,0.0,0.0,0.0,0.0,0.0,0.0,0.0,0.0,0.0,0.0,0.0,0.0,0.0,0.0,0.0,0.0,0.0,0.0,0.0,0.0,0.0,0.0,0.0,0.0,0.0,0.0,0.0,0.0,0.0,0.0,0.0,0.0,0.0,0.0,0.0,0.0,0.0,0.0,0.0,0.0,0.0,0.0,0.0,0.0,0.0,0.0,0.0,0.0,0.0,0.0,0.0,0.8093754442496327,0.0798054785509561,0.028487567017386,0.0140710059171597,0.0096037427560508,0.0069986097037962,0.0067860508953817,0.0056925325287573,0.0035786838002551,0.0024604193410355,0.0018440865898493,0.0010374177728526,0.0007679130486148,0.000754877214503,0.0006027585065771,0.0005893793835091,0.0005901933473405,0.0003418601909701,0.0004347826086956,0.0004463971054671,0.0004235044997353,0.0004019197579024,0.0004460355654674,0.0004485045912706,0.0003641746158545,0.0004484199098439,0.0002353578026995,0.0005187394631046,0.0003193150101707,0.0003893024408083,0.0003795021406292,0.0003538987849475,0.0003194812570995,0.0002453414334949,0.000320163164635,0.0003431262349586,0.0003507008171329,0.000421965656684,0.0003897392290249,0.0003434269270395,0.0005636515224462,0.000506227778955,0.0002581583919079,0.0005319714863283,0.0004476486664781,0.0004933920704845,0.0005163531386056,0.0005154759952201,0.0005284481240091,0.0003513621137944,0.0005325569835972,0.0006540451524742,0.0005264574095955,0.0005859535221666,0.0006108520210978,0.000294169559334,0.0004464862705471,0.0005282496155516,0.0004334278284094,0.000365980355119,0.0004314214754614,0.0005292996777153,0.0004686914135733,0.0003516298041421,0.0003391614525466,0.000328603785985,0.0002919537545252,0.0004220893422441,0.0004319402288115,0.00036292966189,0.0002920936101601,0.0003981870776581,0.0003751949254886,0.0003288739590551,0.0004106149839273,0.0003047172575446,0.0003159335837399,0.0004470377864571,0.0002843736669984,0.0002724989336998,0.0002843197649623,0.000201374081971,0.0004737764722603,0.0003908285565398,0.0002131590166264,0.0003197082366314,0.0003315178782855,0.0002249372543448,0.0003788058146692,0.0002248946546091,0.0002130379207498,0.0002248520710059,0.0002366639844748,0.0001774811869941,0.0002484501443377,0.0001774475938106,0.0001537733617222,0.0001774140133415,0.0001064383367235,0.0001537297195023
0,0,0,0,0,0,0,0,0,0,0,0,0,0,0,0,0,0,0,0,0.0,0.0,0.0,0.0,0.0,0.0,0.0,0.0,0.0,0.0,0.0,0.0,0.0,0.0,0.0,0.0,0.0,0.0,0.0,0.0,0.0,0.0,0.0,0.0,0.0,0.0,0.0,0.0,0.0,0.0,0.0,0.0,0.0,0.0,0.0,0.0,0.0,0.0,0.0,0.0,0.0,0.0,0.0,0.0,0.0,0.0,0.0,0.0,0.0,0.0,0.0,0.0,0.0,0.0,0.0,0.0,0.0,0.0,0.0,0.0,0.0,0.0,0.0,0.0,0.0,0.0,0.0,0.0,0.0,0.0,0.0,0.0,0.0,0.0,0.0,0.0,0.0,0.0,0.0,0.0,0.0,0.0,0.0,0.0,0.0,0.0,0.0,0.0,0.0,0.0,0.0,0.0,0.0,0.0,0.0,0.0,0.0,0.0,0.0,0.0,0.0,0.0,0.0,0.0,0.0,0.0,0.0,0.0,0.0,0.0,0.0,0.0,0.0,0.0,0.0,0.0,0.0,0.0,0.0,0.0,0.0,0.8105060376826575,0.0791781567703833,0.0273136094674556,0.0145172855614721,0.0101091029054834,0.0076343072573044,0.0075546860267772,0.0058699862994283,0.0031854704511957,0.0022669344703243,0.0019333694857708,0.0009923799397483,0.0008964166922224,0.0008745907742492,0.0006129545588495,0.0006138010812342,0.0006129906872568,0.0004347826086956,0.0004463971054671,0.0004470325274983,0.0004255620966025,0.0004108222313516,0.0004130963340651,0.0004816502983882,0.0003776167661844,0.0005413229462089,0.000436212730338,0.0004494063106107,0.0002595349605388,0.0002727671635772,0.0003774920372773,0.0004141423703142,0.0003271219113265,0.0003320210596214,0.0003667901132316,0.0004208409805594,0.000316474242513,0.0003779289493575,0.0003789538505263,0.0005871370025481,0.0004473640837277,0.0005045823114563,0.0005792578406686,0.0005301102629346,0.0003759177679882,0.0004694119441869,0.0005506220858033,0.0004462450824966,0.0004567707479328,0.0004970531846907,0.0005956482638605,0.0003743697134901,0.0004570437472899,0.0005051276328309,0.0003765370359475,0.0004347366318485,0.0005517273762428,0.0004802848909401,0.0004132036267472,0.0004780616349707,0.0005175374626549,0.0003398012748406,0.0003281878171993,0.0003976375650546,0.0003520754849839,0.0005955856592315,0.0003986399343416,0.0003852439878589,0.0004097592956823,0.0004206147986306,0.0003396301544731,0.0003282955598025,0.0002701464663667,0.0002932964170909,0.0004219162027541,0.0003393360714243,0.0004235094819067,0.000355467083748,0.0002843467134259,0.0002724731080888,0.0002842928216062,0.0002013550007106,0.0004737315836846,0.0003907915304817,0.0002131388244209,0.000319677954061,0.0003314864800871,0.0002249159524598,0.0003787699446048,0.0002248733607915,0.0002130177514792,0.0002248307852511,0.0002366415826589,0.0001774643888126,0.0002484266313348,0.0001774308019872,0.0001537588115626,0.0001773972278726,0.0001064282673478
0,0,0,0,0,0,0,0,0,0,0,0,0,0,0,0,0,0,0,0,0.0,0.0,0.0,0.0,0.0,0.0,0.0,0.0,0.0,0.0,0.0,0.0,0.0,0.0,0.0,0.0,0.0,0.0,0.0,0.0,0.0,0.0,0.0,0.0,0.0,0.0,0.0,0.0,0.0,0.0,0.0,0.0,0.0,0.0,0.0,0.0,0.0,0.0,0.0,0.0,0.0,0.0,0.0,0.0,0.0,0.0,0.0,0.0,0.0,0.0,0.0,0.0,0.0,0.0,0.0,0.0,0.0,0.0,0.0,0.0,0.0,0.0,0.0,0.0,0.0,0.0,0.0,0.0,0.0,0.0,0.0,0.0,0.0,0.0,0.0,0.0,0.0,0.0,0.0,0.0,0.0,0.0,0.0,0.0,0.0,0.0,0.0,0.0,0.0,0.0,0.0,0.0,0.0,0.0,0.0,0.0,0.0,0.0,0.0,0.0,0.0,0.0,0.0,0.0,0.0,0.0,0.0,0.0,0.0,0.0,0.0,0.0,0.0,0.0,0.0,0.0,0.0,0.0,0.0,0.0,0.0,0.0,0.8081379522564,0.0811834319526627,0.0276827591070987,0.0142682093456182,0.0098491988689915,0.0073189703941165,0.0069802050361411,0.0057172062948699,0.0039935633155972,0.0024167118572135,0.0017602929883631,0.0011087259088013,0.0007091276547966,0.0005540166204986,0.0006138010812342,0.0006247789697041,0.0004935370152761,0.0005403754434602,0.0004705605552614,0.0005319526207532,0.0004225600093902,0.0004721100960744,0.000411164888868,0.0005428241013901,0.0003883403744542,0.0004833708633475,0.000402100383178,0.0004836787900952,0.0003083454892612,0.0003421021587825,0.0004259750094661,0.0003621706875401,0.0003083052696485,0.0003076304175491,0.0003507008171329,0.0003750805837191,0.0003188775510204,0.0003671115426974,0.0004227386418346,0.0004238186056367,0.0004459099496591,0.0005319714863283,0.0005301102629346,0.0004816446402349,0.0003990001525588,0.0004803299046369,0.0004579883741412,0.0006207397343702,0.0005680607825037,0.0005372513752467,0.0005381564631421,0.0005390772403932,0.0004816333243271,0.0005295052068012,0.0004347366318485,0.0004812940941692,0.000409999297144,0.0004132036267472,0.0003381411564427,0.0004469641722929,0.0004804086989126,0.0003633507976136,0.0004795041225659,0.0004459622809797,0.0004904823076024,0.0004103646382928,0.0005136586504786,0.0004097592956823,0.000432298543037,0.0003630529237471,0.0003751949254886,0.0003288739590551,0.0004223468406109,0.0003633167301494,0.0002808298522132,0.0002941038068796,0.0003910137921228,0.0003554333917823,0.0002843197649623,0.0002724472873726,0.0002842658833562,0.0002013359230659,0.0004736867036142,0.0003907545114384,0.0002131186360407,0.0003196476772268,0.0003314550878355,0.0002248946546091,0.0003787340813331,0.0002248520710059,0.0002129975860273,0.0002248095035259,0.0002366191850835,0.0001774475938106,0.0002484031227821,0.0001774140133415,0.0001537442641562,0.0001773804455796
0,0,0,0,0,0,0,0,0,0,0,0,0,0,0,0,0,0,0,0,0.0,0.0,0.0,0.0,0.0,0.0,0.0,0.0,0.0,0.0,0.0,0.0,0.0,0.0,0.0,0.0,0.0,0.0,0.0,0.0,0.0,0.0,0.0,0.0,0.0,0.0,0.0,0.0,0.0,0.0,0.0,0.0,0.0,0.0,0.0,0.0,0.0,0.0,0.0,0.0,0.0,0.0,0.0,0.0,0.0,0.0,0.0,0.0,0.0,0.0,0.0,0.0,0.0,0.0,0.0,0.0,0.0,0.0,0.0,0.0,0.0,0.0,0.0,0.0,0.0,0.0,0.0,0.0,0.0,0.0,0.0,0.0,0.0,0.0,0.0,0.0,0.0,0.0,0.0,0.0,0.0,0.0,0.0,0.0,0.0,0.0,0.0,0.0,0.0,0.0,0.0,0.0,0.0,0.0,0.0,0.0,0.0,0.0,0.0,0.0,0.0,0.0,0.0,0.0,0.0,0.0,0.0,0.0,0.0,0.0,0.0,0.0,0.0,0.0,0.0,0.0,0.0,0.0,0.0,0.0,0.0,0.0,0.0,0.8077633136094674,0.0792867134511173,0.0275938449937554,0.0144321394910461,0.0096996982839901,0.0078069636698634,0.0064898017401226,0.0057319379353277,0.003560229175017,0.002020202020202,0.0020051426010238,0.0010636914821949,0.0008487063122531,0.0006728204159682,0.0006719320994931,0.0005875440658049,0.0005756173202076,0.000505852596906,0.0005437737901033,0.0004225600093902,0.0005075183532799,0.000411164888868,0.0003894172901276,0.0003530367040493,0.0004244231970856,0.0004257533468943,0.00041289652813,0.0003795021406292,0.000424678541937,0.0003313138962514,0.0003621706875401,0.0004031684295403,0.0003194623566856,0.0004676010895105,0.0003985231202016,0.0004842214663643,0.0004263230818421,0.0005049378221914,0.0004591368227731,0.0003637686431429,0.0005319714863283,0.0004829893506738,0.0005051395007342,0.0005750296316289,0.0003514609058319,0.0005519347072984,0.0006090276639104,0.0005443915832327,0.0004321369757419,0.000432864981223,0.0005039200290632,0.0003406674733045,0.0004942048596811,0.0005287337414374,0.0003873830514045,0.0005271419534709,0.0004250094446543,0.0004547415552161,0.0006116351831376,0.0004101049868766,0.0004688397388562,0.0004327232325594,0.0002464528394887,0.0004320915566974,0.0003634658224879,0.0003852439878589,0.0005151259717149,0.0004206147986306,0.0003279187698361,0.0003282955598025,0.0003053829619798,0.0003402238438255,0.0002929973630237,0.0005148547290576,0.0003529245682556,0.0002725247642068,0.0003909767309606,0.0003553997062029,0.0002842928216062,0.0002724214715497,0.0002842389502108,0.000201316849036,0.0004736418320466,0.000390717499408,0.0002130984514845,0.0003196174061271,0.0003314237015292,0.0002248733607915,0.000378698224852,0.0002248307852511,0.000212977424393,0.0002247882258293,0.0002365967917475,0.0001774308019872,0.0002483796186781,0.0001773972278726,0.0001537297195023
0,0,0,0,0,0,0,0,0,0,0,0,0,0,0,0,0,0,0,0,0.0,0.0,0.0,0.0,0.0,0.0,0.0,0.0,0.0,0.0,0.0,0.0,0.0,0.0,0.0,0.0,0.0,0.0,0.0,0.0,0.0,0.0,0.0,0.0,0.0,0.0,0.0,0.0,0.0,0.0,0.0,0.0,0.0,0.0,0.0,0.0,0.0,0.0,0.0,0.0,0.0,0.0,0.0,0.0,0.0,0.0,0.0,0.0,0.0,0.0,0.0,0.0,0.0,0.0,0.0,0.0,0.0,0.0,0.0,0.0,0.0,0.0,0.0,0.0,0.0,0.0,0.0,0.0,0.0,0.0,0.0,0.0,0.0,0.0,0.0,0.0,0.0,0.0,0.0,0.0,0.0,0.0,0.0,0.0,0.0,0.0,0.0,0.0,0.0,0.0,0.0,0.0,0.0,0.0,0.0,0.0,0.0,0.0,0.0,0.0,0.0,0.0,0.0,0.0,0.0,0.0,0.0,0.0,0.0,0.0,0.0,0.0,0.0,0.0,0.0,0.0,0.0,0.0,0.0,0.0,0.0,0.0,0.0,0.0,0.8081132230724923,0.0787755967669722,0.0269910461828463,0.0150268715821233,0.0093778050739358,0.0081538534683592,0.0071296850957867,0.0056940089123617,0.0038159371492704,0.0024297610341817,0.0021628393471298,0.0010726704779866,0.0007554474845959,0.0005658375574678,0.0005875440658049,0.0007870685806921,0.0004940885830245,0.0005674161288034,0.0005047244556605,0.0004248990864669,0.0004581551618814,0.0005782256732198,0.0004001082645892,0.0003418964643189,0.0003311414920289,0.0003539113098257,0.0003320643730506,0.0003892886634422,0.0002721507004922,0.0004556340907763,0.0004150263245268,0.0002603026610031,0.000292250680944,0.0003516380472367,0.0002598261526832,0.0003552692348684,0.0003640249415798,0.0003649549104094,0.0004224410049402,0.0003782908347223,0.0005301102629346,0.0004581497797356,0.0005515590344196,0.0005506220858033,0.0003757853326287,0.0003864983251739,0.0006509029799521,0.0005489307529694,0.0006200498379681,0.0004570437472899,0.0005756105583422,0.0004706712949344,0.000481735186643,0.0003756441710589,0.0005622847503689,0.0004368152625613,0.0006413021932535,0.0003763908819308,0.0005624296962879,0.000433676758442,0.0004444184550611,0.0004224905819807,0.0005021604577834,0.0003751905264392,0.0004202661685734,0.0003043926196497,0.0002804098657537,0.0003513415391101,0.0005041681811253,0.0004228379473566,0.0002932964170909,0.0003984764137122,0.000269128608371,0.0003882170250811,0.0003910137921228,0.0002724989336998,0.0003909396768232,0.0003553660270078,0.0002842658833562,0.0002723956606186,0.0002842120221685,0.0002012977786198,0.0004735969689793,0.0003906804943884,0.0002130782707514,0.0003195871407603,0.0003313923211665,0.0002248520710059,0.0003786623751597,0.0002248095035259,0.0002129572665751,0.0002247669521601,0.0002365744026496,0.0001774140133415,0.0002483561190217,0.0001773804455796
0,0,0,0,0,0,0,0,0,0,0,0,0,0,0,0,0,0,0,0,0.0,0.0,0.0,0.0,0.0,0.0,0.0,0.0,0.0,0.0,0.0,0.0,0.0,0.0,0.0,0.0,0.0,0.0,0.0,0.0,0.0,0.0,0.0,0.0,0.0,0.0,0.0,0.0,0.0,0.0,0.0,0.0,0.0,0.0,0.0,0.0,0.0,0.0,0.0,0.0,0.0,0.0,0.0,0.0,0.0,0.0,0.0,0.0,0.0,0.0,0.0,0.0,0.0,0.0,0.0,0.0,0.0,0.0,0.0,0.0,0.0,0.0,0.0,0.0,0.0,0.0,0.0,0.0,0.0,0.0,0.0,0.0,0.0,0.0,0.0,0.0,0.0,0.0,0.0,0.0,0.0,0.0,0.0,0.0,0.0,0.0,0.0,0.0,0.0,0.0,0.0,0.0,0.0,0.0,0.0,0.0,0.0,0.0,0.0,0.0,0.0,0.0,0.0,0.0,0.0,0.0,0.0,0.0,0.0,0.0,0.0,0.0,0.0,0.0,0.0,0.0,0.0,0.0,0.0,0.0,0.0,0.0,0.0,0.0,0.0,0.8088931828357329,0.0799010367577756,0.0278733735621346,0.0141611943119005,0.0101982598773356,0.0077639569164992,0.0073208686016079,0.0057179987004548,0.003632846594796,0.0025646783515145,0.0019213767902398,0.0011331712268939,0.000766238359071,0.000599294947121,0.0004463971054671,0.0007293688606552,0.0005437737901033,0.0004929866776219,0.0004012935816632,0.000540388139655,0.0004602204337872,0.0002824293632394,0.0004715813300951,0.0003902739013198,0.00041289652813,0.0003439238149452,0.0003774920372773,0.0004141423703142,0.0004906828669898,0.0005217473794052,0.0004732775654602,0.0003507008171329,0.0003516380472367,0.0003306878306878,0.0002368461565789,0.0005049378221914,0.0002943184761366,0.0003989720602213,0.0003664692461372,0.0004123079822825,0.0003759177679882,0.0004342060483729,0.0005037606316924,0.0004110152075626,0.0005504673116113,0.0003668725887003,0.0005138926198012,0.0005264574095955,0.0004570437472899,0.0004228975530677,0.0005765723362946,0.0005287337414374,0.0004930329745148,0.0005271419534709,0.0003423687193048,0.0004314214754614,0.0005057752475946,0.0004218222722159,0.000433676758442,0.0004678089000643,0.0004224905819807,0.0004554478570594,0.0004338140461953,0.0004202661685734,0.0004682963379226,0.0004790335206627,0.0004567440008432,0.0004455439740177,0.0003993469502813,0.0002346371336727,0.0004336360972751,0.0003978422906354,0.0003411604159804,0.0004265605004976,0.0003909767309606,0.0002724731080888,0.0003909026297085,0.0003553323541952,0.0002842389502108,0.0002723698545781,0.0002841850992279,0.0002012787118162,0.0004735521144101,0.0003906434963776,0.0002130580938402,0.0003195568811248,0.0003313609467455,0.0002248307852511,0.0003786265322542,0.0002247882258293,0.0002129371125727,0.0002247456825171,0.0002365520177887,0.0001773972278726,0.0002483326238115
0,0,0,0,0,0,0,0,0,0,0,0,0,0,0,0,0,0,0,0,0.0,0.0,0.0,0.0,0.0,0.0,0.0,0.0,0.0,0.0,0.0,0.0,0.0,0.0,0.0,0.0,0.0,0.0,0.0,0.0,0.0,0.0,0.0,0.0,0.0,0.0,0.0,0.0,0.0,0.0,0.0,0.0,0.0,0.0,0.0,0.0,0.0,0.0,0.0,0.0,0.0,0.0,0.0,0.0,0.0,0.0,0.0,0.0,0.0,0.0,0.0,0.0,0.0,0.0,0.0,0.0,0.0,0.0,0.0,0.0,0.0,0.0,0.0,0.0,0.0,0.0,0.0,0.0,0.0,0.0,0.0,0.0,0.0,0.0,0.0,0.0,0.0,0.0,0.0,0.0,0.0,0.0,0.0,0.0,0.0,0.0,0.0,0.0,0.0,0.0,0.0,0.0,0.0,0.0,0.0,0.0,0.0,0.0,0.0,0.0,0.0,0.0,0.0,0.0,0.0,0.0,0.0,0.0,0.0,0.0,0.0,0.0,0.0,0.0,0.0,0.0,0.0,0.0,0.0,0.0,0.0,0.0,0.0,0.0,0.0,0.0,0.8075636192271441,0.0790825947576843,0.027283034912836,0.0146317691247087,0.0095728061829756,0.0084879635960672,0.0064740977021678,0.0057205538911561,0.0036047322452163,0.0024989685860788,0.0019948535140111,0.001096310267594,0.0006698002350176,0.0007635739961938,0.0006823128051291,0.0005437737901033,0.0005986266799694,0.0004957156008781,0.0005286405714017,0.0004484199098439,0.000482483495534,0.0004597917968427,0.0003666209376034,0.0004836787900952,0.0004387993501025,0.0004010852896071,0.0005206361226808,0.0004439511653718,0.0004268842195133,0.0003549581740951,0.0003039407081818,0.0003868018519603,0.0004015495086923,0.0003789538505263,0.0003992531617327,0.0003767276494549,0.0003872375878618,0.0003664692461372,0.0004358684384129,0.0004581497797356,0.0003051177637214,0.0004451838140537,0.0005636779989431,0.000445058677473,0.0004260455868777,0.0004671751089101,0.0005498555166886,0.0005390772403932,0.000493380478579,0.0004353709478143,0.000540483380136,0.0006221606583164,0.0005271419534709,0.0004958443520967,0.0004780616349707,0.0003881530969912,0.0003749531308586,0.0003633507976136,0.0005613706800771,0.0004929056789775,0.0005839075090505,0.0003869152303904,0.0003735699276208,0.0004097592956823,0.0003621960765986,0.0004098984622951,0.0003751949254886,0.0003758559532059,0.0003050282737746,0.000445355991796,0.0004095435344777,0.0003529245682556,0.0003791648893312,0.0004265200701388,0.0003909396768232,0.0002724472873726,0.0003908655896148,0.0003552986877635,0.0002842120221685,0.0002723440534267,0.0002841581813876,0.0002012596486243,0.0004735072683365,0.0003906065053737,0.0002130379207498,0.0003195266272189,0.0003313295782647,0.0002248095035259,0.0003785906961336,0.0002247669521601,0.0002129169623846,0.0002247244168992,0.0002365296371635,0.0001773804455796
0,0,0,0,0,0,0,0,0,0,0,0,0,0,0,0,0,0,0,0,0.0,0.0,0.0,0.0,0.0,0.0,0.0,0.0,0.0,0.0,0.0,0.0,0.0,0.0,0.0,0.0,0.0,0.0,0.0,0.0,0.0,0.0,0.0,0.0,0.0,0.0,0.0,0.0,0.0,0.0,0.0,0.0,0.0,0.0,0.0,0.0,0.0,0.0,0.0,0.0,0.0,0.0,0.0,0.0,0.0,0.0,0.0,0.0,0.0,0.0,0.0,0.0,0.0,0.0,0.0,0.0,0.0,0.0,0.0,0.0,0.0,0.0,0.0,0.0,0.0,0.0,0.0,0.0,0.0,0.0,0.0,0.0,0.0,0.0,0.0,0.0,0.0,0.0,0.0,0.0,0.0,0.0,0.0,0.0,0.0,0.0,0.0,0.0,0.0,0.0,0.0,0.0,0.0,0.0,0.0,0.0,0.0,0.0,0.0,0.0,0.0,0.0,0.0,0.0,0.0,0.0,0.0,0.0,0.0,0.0,0.0,0.0,0.0,0.0,0.0,0.0,0.0,0.0,0.0,0.0,0.0,0.0,0.0,0.0,0.0,0.0,0.0,0.8062417499528569,0.0792270987858458,0.0278728664479627,0.0139657258301326,0.0101973451536085,0.0076436883454427,0.0074308225802646,0.0058030279750859,0.0034301880120233,0.0024788120588304,0.0019214900389013,0.0013983548766157,0.0007400794116956,0.0005411446385506,0.0006501643142539,0.0004460355654674,0.0007907844109246,0.0006461162539354,0.0005192230535035,0.0004471798251291,0.0005776871293665,0.0005440181654761,0.0004836787900952,0.0005218154433652,0.0003892886634422,0.0003904770920106,0.0003388048367311,0.0003557368495944,0.0003786220523681,0.0001987304630419,0.0003750805837191,0.0004133597883597,0.0002960576957237,0.0003287967214269,0.000506227778955,0.0003637686431429,0.0002600749488716,0.0003887475261521,0.00031718061674,0.0003403236595355,0.0002811687246655,0.0003405554576947,0.0005856035229907,0.0004615493857842,0.0005255719975239,0.0005498555166886,0.0004804818881766,0.0005403690955865,0.0005059716420544,0.0004934848253416,0.0005399884958972,0.0005037134222055,0.0004604268983755,0.0004780616349707,0.0005292996777153,0.0005741469816272,0.000492281725799,0.0003976375650546,0.0004224905819807,0.0005138386079644,0.0004455387501465,0.000548680831193,0.0004565889294745,0.0004206147986306,0.0004918781547542,0.0004338191325962,0.0003641104546682,0.0003636875571928,0.0003515968356284,0.0004446472660043,0.0003999811773563,0.000414711597706,0.0003791289512345,0.0004264796474434,0.0003909026297085,0.0002724214715497,0.0003908285565398,0.0003552650277106,0.0002841850992279,0.0002723182571631,0.0002841312686461,0.000201240589043,0.0004734624307561,0.0003905695213748,0.0002130177514792,0.000319496379041,0.0003312982157224,0.0002247882258293,0.000378554866796,0.0002247456825171,0.0002128968160098,0.0002247031553053,0.0002365072607729
0,0,0,0,0,0,0,0,0,0,0,0,0,0,0,0,0,0,0,0,0.0,0.0,0.0,0.0,0.0,0.0,0.0,0.0,0.0,0.0,0.0,0.0,0.0,0.0,0.0,0.0,0.0,0.0,0.0,0.0,0.0,0.0,0.0,0.0,0.0,0.0,0.0,0.0,0.0,0.0,0.0,0.0,0.0,0.0,0.0,0.0,0.0,0.0,0.0,0.0,0.0,0.0,0.0,0.0,0.0,0.0,0.0,0.0,0.0,0.0,0.0,0.0,0.0,0.0,0.0,0.0,0.0,0.0,0.0,0.0,0.0,0.0,0.0,0.0,0.0,0.0,0.0,0.0,0.0,0.0,0.0,0.0,0.0,0.0,0.0,0.0,0.0,0.0,0.0,0.0,0.0,0.0,0.0,0.0,0.0,0.0,0.0,0.0,0.0,0.0,0.0,0.0,0.0,0.0,0.0,0.0,0.0,0.0,0.0,0.0,0.0,0.0,0.0,0.0,0.0,0.0,0.0,0.0,0.0,0.0,0.0,0.0,0.0,0.0,0.0,0.0,0.0,0.0,0.0,0.0,0.0,0.0,0.0,0.0,0.0,0.0,0.0,0.0,0.8075305900694477,0.0763324299909665,0.0267098911166707,0.0144295381133143,0.00949849370902,0.007843646056946,0.0072331020789259,0.0052454765132315,0.0035883755518307,0.0026641518330779,0.0020916568742655,0.0010924981791697,0.0007999529439444,0.0007447336690545,0.0006338400140853,0.0007081651441116,0.0005521357079084,0.0005192230535035,0.000506019275804,0.0004480022635903,0.0004848857561852,0.000495475833756,0.0004625182338919,0.000271322401793,0.0003904770920106,0.0003855365383492,0.0002845894796755,0.0003786220523681,0.0003623908443706,0.0003750805837191,0.0003897392290249,0.0004144807740132,0.0004814523420895,0.0004002731275458,0.0002698928642673,0.0002600749488716,0.0002945057016303,0.0003876651982378,0.0003285883609308,0.0003631762693596,0.000399271915918,0.0004801948888524,0.0004497147861487,0.0006540451524742,0.0006668460521543,0.0005742344517232,0.0005168747870828,0.000458904512561,0.0005287337414374,0.0006691161796987,0.0004217135627767,0.0005194559879108,0.0005713419539894,0.0005410618927756,0.0004569741282339,0.0004102347714992,0.0003625518975498,0.0004811698294781,0.0005955856592315,0.0005041622699026,0.0004085921083352,0.0003980518872342,0.0005374522426947,0.0003396301544731,0.0005862420710759,0.0003171284605175,0.0004927379807128,0.000445355991796,0.0003159335837399,0.0004235094819067,0.0003673159865396,0.0004146722904127,0.0003790930199497,0.0004264392324093,0.0003908655896148,0.0002723956606186,0.0003907915304817,0.0003552313740349,0.0002841581813876,0.0002722924657858,0.0002841043610019,0.0002012215330713,0.0004734176016664,0.0003905325443786,0.0002129975860273,0.0003194661365895,0.0003312668591169,0.0002247669521601,0.0003785190442394,0.0002247244168992,0.0002128766734471,0.0002246818977342
0,0,0,0,0,0,0,0,0,0,0,0,0,0,0,0,0,0,0,0,0.0,0.0,0.0,0.0,0.0,0.0,0.0,0.0,0.0,0.0,0.0,0.0,0.0,0.0,0.0,0.0,0.0,0.0,0.0,0.0,0.0,0.0,0.0,0.0,0.0,0.0,0.0,0.0,0.0,0.0,0.0,0.0,0.0,0.0,0.0,0.0,0.0,0.0,0.0,0.0,0.0,0.0,0.0,0.0,0.0,0.0,0.0,0.0,0.0,0.0,0.0,0.0,0.0,0.0,0.0,0.0,0.0,0.0,0.0,0.0,0.0,0.0,0.0,0.0,0.0,0.0,0.0,0.0,0.0,0.0,0.0,0.0,0.0,0.0,0.0,0.0,0.0,0.0,0.0,0.0,0.0,0.0,0.0,0.0,0.0,0.0,0.0,0.0,0.0,0.0,0.0,0.0,0.0,0.0,0.0,0.0,0.0,0.0,0.0,0.0,0.0,0.0,0.0,0.0,0.0,0.0,0.0,0.0,0.0,0.0,0.0,0.0,0.0,0.0,0.0,0.0,0.0,0.0,0.0,0.0,0.0,0.0,0.0,0.0,0.0,0.0,0.0,0.0,0.0,0.8087410260067512,0.0791430282955706,0.0272322165373824,0.0147675586272077,0.0101318676134085,0.0077531290257767,0.0075086933459067,0.0055832290658419,0.0039608629022751,0.0023501762632197,0.0019735450978549,0.0010587612493382,0.0006856278223041,0.0006690533482011,0.0007317706489153,0.0004581551618814,0.0006136272450496,0.0004589477152641,0.0004951603965998,0.000473059274327,0.0003775053971474,0.0004862371176812,0.0005072549250914,0.0004614729269216,0.0003972194637537,0.0003794526395674,0.0003904539915046,0.0004676010895105,0.0003868018519603,0.0003897392290249,0.0003789538505263,0.0004814523420895,0.0002590002590002,0.0002816273366268,0.0004373987776477,0.0004123079822825,0.0003289280469897,0.0004224707497682,0.0002694533611377,0.0004697316657859,0.000503619029772,0.0006035645814102,0.0004321369757419,0.0005147583560489,0.0005742344517232,0.0007400707178685,0.0005412719891745,0.0004347366318485,0.0004578163334781,0.0005505704847363,0.0005312618058179,0.0004780616349707,0.000658684043379,0.0004101049868766,0.000492281725799,0.0003508566750482,0.0004224905819807,0.0005138386079644,0.0003869152303904,0.0006187251926219,0.0004097592956823,0.0003621960765986,0.0005270123086652,0.0004689936568607,0.0003171284605175,0.0004106149839273,0.0005391151479636,0.0003978422906354,0.0003999811773563,0.00029622256979,0.0003672811715084,0.00041463299057,0.000379057095475,0.0004263988250343,0.0003908285565398,0.0002723698545781,0.0003907545114384,0.0003551977267345,0.0002841312686461,0.0002722666792935,0.0002840774584536,0.0002012024807082,0.000473372781065,0.0003904955743834,0.000212977424393,0.0003194358998627,0.0003312355084465,0.0002247456825171,0.0003784832284619,0.0002247031553053,0.0002128565346956
0,0,0,0,0,0,0,0,0,0,0,0,0,0,0,0,0,0,0,0,0.0,0.0,0.0,0.0,0.0,0.0,0.0,0.0,0.0,0.0,0.0,0.0,0.0,0.0,0.0,0.0,0.0,0.0,0.0,0.0,0.0,0.0,0.0,0.0,0.0,0.0,0.0,0.0,0.0,0.0,0.0,0.0,0.0,0.0,0.0,0.0,0.0,0.0,0.0,0.0,0.0,0.0,0.0,0.0,0.0,0.0,0.0,0.0,0.0,0.0,0.0,0.0,0.0,0.0,0.0,0.0,0.0,0.0,0.0,0.0,0.0,0.0,0.0,0.0,0.0,0.0,0.0,0.0,0.0,0.0,0.0,0.0,0.0,0.0,0.0,0.0,0.0,0.0,0.0,0.0,0.0,0.0,0.0,0.0,0.0,0.0,0.0,0.0,0.0,0.0,0.0,0.0,0.0,0.0,0.0,0.0,0.0,0.0,0.0,0.0,0.0,0.0,0.0,0.0,0.0,0.0,0.0,0.0,0.0,0.0,0.0,0.0,0.0,0.0,0.0,0.0,0.0,0.0,0.0,0.0,0.0,0.0,0.0,0.0,0.0,0.0,0.0,0.0,0.0,0.0,0.8072988242479768,0.0791031051800155,0.0279520349695788,0.0138826637729706,0.0097150488707142,0.0077326575116402,0.0066927925588422,0.0053754567959448,0.0037485311398354,0.0021732490660902,0.0018116581377566,0.0011466534269569,0.0007746933505487,0.000672756886906,0.0005873784126685,0.0005900261971631,0.0006590018475587,0.0004126336638332,0.0005676711291924,0.0004600847027734,0.0003202049311559,0.0003421021587825,0.0004378076486179,0.0003388048367311,0.0004624579044727,0.0003904539915046,0.0003156307354196,0.000316474242513,0.0004369803476946,0.0003671115426974,0.0003405394614779,0.0004120458665913,0.0003050962813457,0.0004610419548178,0.0003534068419564,0.0003289280469897,0.0004576766455822,0.0004686145411092,0.0003757853326287,0.0004216345365533,0.0004142109872423,0.0004905338643557,0.0004796611954092,0.0004804818881766,0.0006460934838535,0.000623639465788,0.0004699855479444,0.0005634662565884,0.0004685706253074,0.0004722327162825,0.0005130417546028,0.0004587263873532,0.0005038432695913,0.0004805607323276,0.0005613706800771,0.0005398490769754,0.0004087352563353,0.000468988158049,0.0003735699276208,0.0006322000561955,0.0005374522426947,0.0005621464625762,0.0004572688154392,0.0004228379473566,0.0004223468406109,0.0004922355698798,0.0004095435344777,0.00031763211143,0.0003080714725816,0.0002961944931519,0.0003672463630763,0.0004145936981757,0.0003790211778083,0.0004263584253162,0.0003907915304817,0.0002723440534267,0.000390717499408,0.0003551640858076,0.0002841043610019,0.0002722408976847,0.0002840505609998,0.0002011834319526,0.0004733279689496,0.0003904586113871,0.0002129572665751,0.0003194056688591,0.0003312041637094,0.0002247244168992,0.0003784474194616,0.0002246818977342
0,0,0,0,0,0,0,0,0,0,0,0,0,0,0,0,0,0,0,0,0.0,0.0,0.0,0.0,0.0,0.0,0.0,0.0,0.0,0.0,0.0,0.0,0.0,0.0,0.0,0.0,0.0,0.0,0.0,0.0,0.0,0.0,0.0,0.0,0.0,0.0,0.0,0.0,0.0,0.0,0.0,0.0,0.0,0.0,0.0,0.0,0.0,0.0,0.0,0.0,0.0,0.0,0.0,0.0,0.0,0.0,0.0,0.0,0.0,0.0,0.0,0.0,0.0,0.0,0.0,0.0,0.0,0.0,0.0,0.0,0.0,0.0,0.0,0.0,0.0,0.0,0.0,0.0,0.0,0.0,0.0,0.0,0.0,0.0,0.0,0.0,0.0,0.0,0.0,0.0,0.0,0.0,0.0,0.0,0.0,0.0,0.0,0.0,0.0,0.0,0.0,0.0,0.0,0.0,0.0,0.0,0.0,0.0,0.0,0.0,0.0,0.0,0.0,0.0,0.0,0.0,0.0,0.0,0.0,0.0,0.0,0.0,0.0,0.0,0.0,0.0,0.0,0.0,0.0,0.0,0.0,0.0,0.0,0.0,0.0,0.0,0.0,0.0,0.0,0.0,0.0,0.8050715582486501,0.0801464941815819,0.0278007124153711,0.0141352779189467,0.0100783874580067,0.0072593781722892,0.0067900506896145,0.0055934195064629,0.0035359349669901,0.002435150873478,0.0021750951604132,0.0010211866893597,0.0007789816585227,0.0005286405714017,0.0006018267211064,0.0005648587264789,0.0005069499298522,0.0006977624296324,0.0004600847027734,0.0005218154433652,0.000412881915772,0.0004259750094661,0.0005257316432034,0.0003794526395674,0.0005797650176887,0.0003390107898951,0.0003868018519603,0.0003779289493575,0.0004736923131579,0.0004109959017837,0.0003767276494549,0.0003520341707835,0.0002837181260417,0.0002945057016303,0.0003994126284875,0.0004459413469775,0.0005740528128587,0.0005284481240091,0.0004333466070131,0.0004970531846907,0.0003503813316826,0.0005147583560489,0.0004922009586199,0.0004463918615715,0.0006589398129081,0.0007167279606152,0.0005634662565884,0.0005271419534709,0.000554873441632,0.0005946620337441,0.000729257333741,0.0004218222722159,0.0005391656996847,0.0003625518975498,0.0004224905819807,0.0004788041574214,0.0005158869738539,0.0004786364697641,0.0005736630139552,0.0005257684982883,0.0005035895393912,0.0005041681811253,0.0005755294283465,0.0003754194138764,0.0005039554644008,0.0004095435344777,0.0003999811773563,0.0004265605004976,0.000308042272878,0.0002961664218357,0.0003672115612414,0.0004145544132278,0.0003789852669477,0.0004263180332528,0.0003907545114384,0.0002723182571631,0.0003906804943884,0.0003551304512524,0.0002840774584536,0.0002722151209581,0.000284023668639,0.0002011643868036,0.0004732831653178,0.0003904216553878,0.0002129371125727,0.000319375443577,0.0003311728249041,0.0002247031553053,0.0003784116172366
0,0,0,0,0,0,0,0,0,0,0,0,0,0,0,0,0,0,0,0,0.0,0.0,0.0,0.0,0.0,0.0,0.0,0.0,0.0,0.0,0.0,0.0,0.0,0.0,0.0,0.0,0.0,0.0,0.0,0.0,0.0,0.0,0.0,0.0,0.0,0.0,0.0,0.0,0.0,0.0,0.0,0.0,0.0,0.0,0.0,0.0,0.0,0.0,0.0,0.0,0.0,0.0,0.0,0.0,0.0,0.0,0.0,0.0,0.0,0.0,0.0,0.0,0.0,0.0,0.0,0.0,0.0,0.0,0.0,0.0,0.0,0.0,0.0,0.0,0.0,0.0,0.0,0.0,0.0,0.0,0.0,0.0,0.0,0.0,0.0,0.0,0.0,0.0,0.0,0.0,0.0,0.0,0.0,0.0,0.0,0.0,0.0,0.0,0.0,0.0,0.0,0.0,0.0,0.0,0.0,0.0,0.0,0.0,0.0,0.0,0.0,0.0,0.0,0.0,0.0,0.0,0.0,0.0,0.0,0.0,0.0,0.0,0.0,0.0,0.0,0.0,0.0,0.0,0.0,0.0,0.0,0.0,0.0,0.0,0.0,0.0,0.0,0.0,0.0,0.0,0.0,0.0,0.8053753913403036,0.0780590219622089,0.0277505288910425,0.0146991218247185,0.0095847399608111,0.0077920546976305,0.0069565217391304,0.0055329746493433,0.0039762366919592,0.0026479419344161,0.002054111156758,0.0011448669829804,0.0008575724824961,0.0007434330084255,0.0007060734080986,0.0004833708633475,0.0005321916836179,0.0006724314886689,0.0004743776757865,0.0003774920372773,0.0004969708443771,0.0004673170161808,0.0004031684295403,0.0004969414437332,0.0003390107898951,0.0003281955107542,0.0004251700680272,0.000461850005329,0.000293568501274,0.0003767276494549,0.0004459099496591,0.0003664692461372,0.0004240882103477,0.0003524229074889,0.0003403236595355,0.0003163148152487,0.0005167048323645,0.0004567707479328,0.0004970531846907,0.0003503813316826,0.0003977678205833,0.0004570437472899,0.0003759089360602,0.0004353709478143,0.000481735186643,0.0005517273762428,0.0004919991565728,0.0004132036267472,0.0005946620337441,0.0005645863228963,0.0005155605549306,0.0005743286800989,0.0004444184550611,0.0005633207759743,0.0004554478570594,0.0004103646382928,0.0005136586504786,0.0004214667041303,0.0004673497762562,0.0003981870776581,0.0004807184982823,0.0005285474341958,0.00038715127056,0.0005156753589217,0.0003627385591088,0.0004588019387322,0.0003199203753732,0.0004265200701388,0.0003080130787091,0.0002961383558398,0.0003671767660018,0.000414515135724,0.0003789493628913,0.0004262776488419,0.000390717499408,0.0002722924657858,0.0003906434963776,0.000355096823067,0.0002840505609998,0.0002721893491124,0.0002839967813698,0.00020114534526,0.000473238370167,0.0003903847063833,0.0002129169623846,0.0003193452240147,0.0003311414920289,0.0002246818977342
0,0,0,0,0,0,0,0,0,0,0,0,0,0,0,0,0,0,0,0,0.0,0.0,0.0,0.0,0.0,0.0,0.0,0.0,0.0,0.0,0.0,0.0,0.0,0.0,0.0,0.0,0.0,0.0,0.0,0.0,0.0,0.0,0.0,0.0,0.0,0.0,0.0,0.0,0.0,0.0,0.0,0.0,0.0,0.0,0.0,0.0,0.0,0.0,0.0,0.0,0.0,0.0,0.0,0.0,0.0,0.0,0.0,0.0,0.0,0.0,0.0,0.0,0.0,0.0,0.0,0.0,0.0,0.0,0.0,0.0,0.0,0.0,0.0,0.0,0.0,0.0,0.0,0.0,0.0,0.0,0.0,0.0,0.0,0.0,0.0,0.0,0.0,0.0,0.0,0.0,0.0,0.0,0.0,0.0,0.0,0.0,0.0,0.0,0.0,0.0,0.0,0.0,0.0,0.0,0.0,0.0,0.0,0.0,0.0,0.0,0.0,0.0,0.0,0.0,0.0,0.0,0.0,0.0,0.0,0.0,0.0,0.0,0.0,0.0,0.0,0.0,0.0,0.0,0.0,0.0,0.0,0.0,0.0,0.0,0.0,0.0,0.0,0.0,0.0,0.0,0.0,0.0,0.0,0.8051355240499162,0.0780158608218789,0.0267696115989862,0.0138105243277697,0.0094777790875869,0.007391304347826,0.0066607147052604,0.0057878948297158,0.0036409201598222,0.002511884500264,0.0021008899275311,0.0011160189840702,0.0008024356281418,0.0006354660672887,0.0007073719951427,0.000804200766356,0.0004482876591126,0.0005455343271545,0.000554441429751,0.0004969708443771,0.0006425608972486,0.0004980315894322,0.0004022859306411,0.0004325310077972,0.000421965656684,0.00036611866969,0.0004381653896711,0.000305311241325,0.0003885003885003,0.0004576444220185,0.0003901124233074,0.0003651870700216,0.0004581497797356,0.0003168530623261,0.0004568991775814,0.0003875286242733,0.000445058677473,0.0005207223839617,0.0005839688861377,0.0003977678205833,0.0003515721132999,0.000493380478579,0.0004942048596811,0.0005757322962318,0.0006573772993531,0.0004451420940421,0.0006847374386097,0.0005480218742348,0.0004822508174739,0.0005155605549306,0.0006798176213415,0.00065493246009,0.0005633207759743,0.0006773327104986,0.0005041622699026,0.0005603548914312,0.0004448815210265,0.0005491359871011,0.0005504350779392,0.0004689936568607,0.0005050564371204,0.0003284919871418,0.0004219162027541,0.0004212447783199,0.000505858547833,0.0003910137921228,0.0003198900526041,0.0004264796474434,0.0003079838900734,0.0002961102951627,0.0003671419773556,0.0004144758656624,0.0003789134656372,0.0004262372720814,0.0003906804943884,0.0002722666792935,0.0003906065053737,0.0003550632012498,0.000284023668639,0.000272163582146,0.0002839698991906,0.0002011263073209,0.000473193583495,0.0003903477643718,0.0002128968160098,0.0003193150101707,0.000331110165082
0,0,0,0,0,0,0,0,0,0,0,0,0,0,0,0,0,0,0,0,0.0,0.0,0.0,0.0,0.0,0.0,0.0,0.0,0.0,0.0,0.0,0.0,0.0,0.0,0.0,0.0,0.0,0.0,0.0,0.0,0.0,0.0,0.0,0.0,0.0,0.0,0.0,0.0,0.0,0.0,0.0,0.0,0.0,0.0,0.0,0.0,0.0,0.0,0.0,0.0,0.0,0.0,0.0,0.0,0.0,0.0,0.0,0.0,0.0,0.0,0.0,0.0,0.0,0.0,0.0,0.0,0.0,0.0,0.0,0.0,0.0,0.0,0.0,0.0,0.0,0.0,0.0,0.0,0.0,0.0,0.0,0.0,0.0,0.0,0.0,0.0,0.0,0.0,0.0,0.0,0.0,0.0,0.0,0.0,0.0,0.0,0.0,0.0,0.0,0.0,0.0,0.0,0.0,0.0,0.0,0.0,0.0,0.0,0.0,0.0,0.0,0.0,0.0,0.0,0.0,0.0,0.0,0.0,0.0,0.0,0.0,0.0,0.0,0.0,0.0,0.0,0.0,0.0,0.0,0.0,0.0,0.0,0.0,0.0,0.0,0.0,0.0,0.0,0.0,0.0,0.0,0.0,0.0,0.0,0.8059117608821547,0.0791418636176106,0.0277508911919544,0.014770717906401,0.0097884841363102,0.0073655522402086,0.0076230809952355,0.0051067451592311,0.0034274311872762,0.0024313669947831,0.0020088341713265,0.0012626560619291,0.0008472880897183,0.0006955824618903,0.0005203652017597,0.0005308669647386,0.0007115665136798,0.0004482717942668,0.000354979174555,0.0005257316432034,0.0004743157994592,0.0006862524699172,0.0004325310077972,0.0004571294614077,0.0004960317460317,0.0004855346209869,0.0004109959017837,0.0003414094323185,0.0003168307537051,0.0004610419548178,0.0003887475261521,0.0003524229074889,0.0003990001525588,0.0003045994517209,0.0004345017908519,0.0003864983251739,0.0003195341901583,0.0002803050653461,0.0004445640347695,0.0003632911837433,0.0005638634040903,0.000588339118668,0.0005522330188346,0.0005399884958972,0.0004919991565728,0.0006139025311673,0.0005596819141121,0.0005645863228963,0.0006327334083239,0.000492281725799,0.0005496754575755,0.000504641528477,0.0005255167581455,0.0005158869738539,0.0005370067709549,0.0005151259717149,0.0004907172650691,0.0005621464625762,0.0005158930225468,0.0004933109385827,0.0005162016940801,0.0005273952534427,0.0004329460221621,0.0005176227001082,0.0004621072088724,0.0003909767309606,0.0003198597355826,0.0004264392324093,0.0003079547069692,0.0002960822398029,0.000367107195301,0.0004144366030407,0.0003788775751835,0.0004261969029691,0.0003906434963776,0.0002722408976847,0.0003905695213748,0.0003550295857988,0.0002839967813698,0.0002721378200577,0.0002839430221002,0.0002011072729853,0.0004731488052992,0.0003903108293513,0.0002128766734471,0.0003192848020434
0,0,0,0,0,0,0,0,0,0,0,0,0,0,0,0,0,0,0,0,0.0,0.0,0.0,0.0,0.0,0.0,0.0,0.0,0.0,0.0,0.0,0.0,0.0,0.0,0.0,0.0,0.0,0.0,0.0,0.0,0.0,0.0,0.0,0.0,0.0,0.0,0.0,0.0,0.0,0.0,0.0,0.0,0.0,0.0,0.0,0.0,0.0,0.0,0.0,0.0,0.0,0.0,0.0,0.0,0.0,0.0,0.0,0.0,0.0,0.0,0.0,0.0,0.0,0.0,0.0,0.0,0.0,0.0,0.0,0.0,0.0,0.0,0.0,0.0,0.0,0.0,0.0,0.0,0.0,0.0,0.0,0.0,0.0,0.0,0.0,0.0,0.0,0.0,0.0,0.0,0.0,0.0,0.0,0.0,0.0,0.0,0.0,0.0,0.0,0.0,0.0,0.0,0.0,0.0,0.0,0.0,0.0,0.0,0.0,0.0,0.0,0.0,0.0,0.0,0.0,0.0,0.0,0.0,0.0,0.0,0.0,0.0,0.0,0.0,0.0,0.0,0.0,0.0,0.0,0.0,0.0,0.0,0.0,0.0,0.0,0.0,0.0,0.0,0.0,0.0,0.0,0.0,0.0,0.0,0.0,0.8052336889255614,0.0804079416416818,0.0288577154308617,0.0138660399529964,0.009808989028029,0.0075054408564202,0.0064543584651393,0.0059980045777334,0.0036706559969784,0.0026432028570085,0.0019824880224681,0.0010002706614731,0.0007663196614046,0.0009815979942286,0.0006960255759906,0.0006166909785225,0.0005426448035861,0.0005206361226808,0.0004906828669898,0.0004387421144998,0.0004141178697776,0.0004208409805594,0.0005626208755787,0.0004606009070294,0.0003671115426974,0.0004814523420895,0.0003885003885003,0.0003755031155024,0.0003664692461372,0.0004123079822825,0.000446402349486,0.0003872648539542,0.0004100377234705,0.0003405554576947,0.0002693776205757,0.0003550379890648,0.0004204575980191,0.0004913602489558,0.0003632911837433,0.0004346447073196,0.0004118373830676,0.0004582359092457,0.000575205136934,0.0004802848909401,0.0005666792595391,0.0005130417546028,0.0005175374626549,0.0006210161229846,0.0006915386148129,0.0006081515700836,0.0004224905819807,0.0006189419595936,0.0004338140461953,0.0005953770721456,0.0004448815210265,0.0004556660318498,0.0005270123086652,0.000609691753919,0.0003523649561305,0.0005865928341819,0.0004922355698798,0.0004095435344777,0.0004117453296315,0.00059244513958,0.000462063409317,0.0003909396768232,0.000319829424307,0.0004263988250343,0.000307925529395,0.0002960541897588,0.0003670724198361,0.0004143973478569,0.0003788416915281,0.0004261565415029,0.0003906065053737,0.0002722151209581,0.0003905325443786,0.0003549959767122,0.0002839698991906,0.000272112062846,0.000283916150097,0.0002010882422521,0.0004731040355774,0.0003902739013198,0.0002128565346956
0,0,0,0,0,0,0,0,0,0,0,0,0,0,0,0,0,0,0,0,0.0,0.0,0.0,0.0,0.0,0.0,0.0,0.0,0.0,0.0,0.0,0.0,0.0,0.0,0.0,0.0,0.0,0.0,0.0,0.0,0.0,0.0,0.0,0.0,0.0,0.0,0.0,0.0,0.0,0.0,0.0,0.0,0.0,0.0,0.0,0.0,0.0,0.0,0.0,0.0,0.0,0.0,0.0,0.0,0.0,0.0,0.0,0.0,0.0,0.0,0.0,0.0,0.0,0.0,0.0,0.0,0.0,0.0,0.0,0.0,0.0,0.0,0.0,0.0,0.0,0.0,0.0,0.0,0.0,0.0,0.0,0.0,0.0,0.0,0.0,0.0,0.0,0.0,0.0,0.0,0.0,0.0,0.0,0.0,0.0,0.0,0.0,0.0,0.0,0.0,0.0,0.0,0.0,0.0,0.0,0.0,0.0,0.0,0.0,0.0,0.0,0.0,0.0,0.0,0.0,0.0,0.0,0.0,0.0,0.0,0.0,0.0,0.0,0.0,0.0,0.0,0.0,0.0,0.0,0.0,0.0,0.0,0.0,0.0,0.0,0.0,0.0,0.0,0.0,0.0,0.0,0.0,0.0,0.0,0.0,0.0,0.8049174909700418,0.0798538252976541,0.0290834312573443,0.0137913211004863,0.0091053467443091,0.0078256141097477,0.0073243734960971,0.0059603899629393,0.0036534937267985,0.0020886927379575,0.0018946303117314,0.001155374258733,0.0009461185486541,0.0006252433140255,0.0005811126528385,0.0006488144390704,0.0005679666792881,0.0003738536129446,0.0006047526443105,0.0004851095045967,0.0005961913891259,0.0005860634120611,0.00036611866969,0.0004263230818421,0.0003757676816308,0.0004002731275458,0.000469378894378,0.0003782908347223,0.0005183300348694,0.000446402349486,0.0004342060483729,0.000386606996415,0.0004579883741412,0.000316225902415,0.0003195341901583,0.0003153431985143,0.0004445640347695,0.0004570437472899,0.0004228975530677,0.0003883038183208,0.000481735186643,0.0004108608120957,0.0003865707658786,0.0004368152625613,0.0005713419539894,0.0005763485379566,0.0005624296962879,0.000492281725799,0.0004795041225659,0.0004342264314802,0.0005255167581455,0.0005393363817563,0.000466962409526,0.0006322000561955,0.0003855635654114,0.0004567440008432,0.0004103694497531,0.0006225114224973,0.0003754194138764,0.0005039554644008,0.0003861410467932,0.0004352736341819,0.0005213517228304,0.0005923889863039,0.0004620196180637,0.0003909026297085,0.0003197991187757,0.0004263584253162,0.0003078963573492,0.0002960261450291,0.000367037650959,0.0004143581001089,0.0003788058146692,0.0004261161876805,0.0003905695213748,0.0002721893491124,0.0003904955743834,0.0003549623739883,0.0002839430221002,0.0002720863105096,0.0002838892831795,0.0002010692151204,0.000473059274327,0.0003902369802752
0,0,0,0,0,0,0,0,0,0,0,0,0,0,0,0,0,0,0,0,0.0,0.0,0.0,0.0,0.0,0.0,0.0,0.0,0.0,0.0,0.0,0.0,0.0,0.0,0.0,0.0,0.0,0.0,0.0,0.0,0.0,0.0,0.0,0.0,0.0,0.0,0.0,0.0,0.0,0.0,0.0,0.0,0.0,0.0,0.0,0.0,0.0,0.0,0.0,0.0,0.0,0.0,0.0,0.0,0.0,0.0,0.0,0.0,0.0,0.0,0.0,0.0,0.0,0.0,0.0,0.0,0.0,0.0,0.0,0.0,0.0,0.0,0.0,0.0,0.0,0.0,0.0,0.0,0.0,0.0,0.0,0.0,0.0,0.0,0.0,0.0,0.0,0.0,0.0,0.0,0.0,0.0,0.0,0.0,0.0,0.0,0.0,0.0,0.0,0.0,0.0,0.0,0.0,0.0,0.0,0.0,0.0,0.0,0.0,0.0,0.0,0.0,0.0,0.0,0.0,0.0,0.0,0.0,0.0,0.0,0.0,0.0,0.0,0.0,0.0,0.0,0.0,0.0,0.0,0.0,0.0,0.0,0.0,0.0,0.0,0.0,0.0,0.0,0.0,0.0,0.0,0.0,0.0,0.0,0.0,0.0,0.0,0.8017918189319815,0.0795887191539365,0.0276061367854709,0.0139403564496206,0.0097997493912097,0.0078408357297963,0.0064443028114156,0.0055918424886048,0.0035047556111491,0.0024712569283453,0.0019570625198948,0.0010170774398032,0.0009201694055469,0.0008064420488371,0.0008257638315441,0.0005443014009844,0.0005490974940125,0.0005691789593511,0.0005087733828697,0.0005961913891259,0.000421965656684,0.0004251700680272,0.0005092192366448,0.0003875104216817,0.0004944550399095,0.0003989720602213,0.0006383657835939,0.0003062859296955,0.0004229074889867,0.0003755295553495,0.000386606996415,0.0006106511655216,0.0002342414091963,0.0003787071883358,0.0003620607094054,0.0003743697134901,0.0003867293246299,0.0004228975530677,0.0004471377301876,0.0003994877157527,0.0003286886496765,0.0005622847503689,0.0004250094446543,0.0004664015950934,0.0005645863228963,0.0005155605549306,0.0006212126539845,0.0007484942401029,0.0005985283244727,0.0004904823076024,0.0006448587173173,0.000548680831193,0.0007024445068839,0.0005024010094755,0.0005621464625762,0.0004455439740177,0.0004815654400451,0.0004106149839273,0.0005742748315265,0.0005031534852154,0.0004352736341819,0.0005095028200388,0.0005213023079474,0.0005923328436715,0.0004619758351101,0.0003908655896148,0.0003197688189871,0.0004263180332528,0.0003078671908302,0.0002959981056121,0.0003670028886678,0.0004143188597944,0.0003787699446048,0.0004260758414997,0.0003905325443786,0.000272163582146,0.0003904586113871,0.0003549287776252,0.000283916150097,0.000272060563047,0.0002838624213464,0.000201050191589,0.0004730145215458
0,0,0,0,0,0,0,0,0,0,0,0,0,0,0,0,0,0,0,0,0.0,0.0,0.0,0.0,0.0,0.0,0.0,0.0,0.0,0.0,0.0,0.0,0.0,0.0,0.0,0.0,0.0,0.0,0.0,0.0,0.0,0.0,0.0,0.0,0.0,0.0,0.0,0.0,0.0,0.0,0.0,0.0,0.0,0.0,0.0,0.0,0.0,0.0,0.0,0.0,0.0,0.0,0.0,0.0,0.0,0.0,0.0,0.0,0.0,0.0,0.0,0.0,0.0,0.0,0.0,0.0,0.0,0.0,0.0,0.0,0.0,0.0,0.0,0.0,0.0,0.0,0.0,0.0,0.0,0.0,0.0,0.0,0.0,0.0,0.0,0.0,0.0,0.0,0.0,0.0,0.0,0.0,0.0,0.0,0.0,0.0,0.0,0.0,0.0,0.0,0.0,0.0,0.0,0.0,0.0,0.0,0.0,0.0,0.0,0.0,0.0,0.0,0.0,0.0,0.0,0.0,0.0,0.0,0.0,0.0,0.0,0.0,0.0,0.0,0.0,0.0,0.0,0.0,0.0,0.0,0.0,0.0,0.0,0.0,0.0,0.0,0.0,0.0,0.0,0.0,0.0,0.0,0.0,0.0,0.0,0.0,0.0,0.0,0.8027262044653349,0.0779667786575194,0.0270807599552967,0.0146109653166891,0.00950760021128,0.0081202936524797,0.0068253371552088,0.0055698473012201,0.0035656707108982,0.0024758019829994,0.0016557074601447,0.0010853280167989,0.0008183014907318,0.0006488144390704,0.0007336236274138,0.000560780419417,0.0005573210643646,0.0005206053220062,0.000490981143986,0.0004571294614077,0.0005196523053665,0.0002842153878947,0.0005519087823952,0.0004826823008641,0.0004576444220185,0.0003782908347223,0.0004476486664781,0.0003054331864904,0.0003520589581401,0.0003631762693596,0.0003170688744054,0.0004333466070131,0.0004260455868777,0.0003620607094054,0.000350971606397,0.0002812576906399,0.000293678856297,0.0004942048596811,0.0004347366318485,0.0004578163334781,0.0004802848909401,0.0004486210804684,0.0004897216748481,0.0004587263873532,0.0005975815523059,0.0005040027192704,0.000596456347582,0.0005633207759743,0.0006422982599556,0.0004807128620002,0.0005953770721456,0.0005853704224032,0.0005140847538819,0.0005035895393912,0.0004924433397038,0.0004933109385827,0.0004458105539782,0.0006211544096103,0.0004680497536888,0.0003999811773563,0.0004858050144556,0.0005094545282214,0.0005212529024309,0.0005922767116796,0.0004619320604538,0.0003908285565398,0.0003197385249396,0.0004262776488419,0.0003078380298366,0.0002959700715063,0.0003669681329608,0.0004142796269116,0.0003787340813331,0.0004260355029585,0.0003904955743834,0.0002721378200577,0.0003904216553878,0.0003548951876212,0.0002838892831795,0.000272034820457,0.0002838355645962,0.0002010311716569
0,0,0,0,0,0,0,0,0,0,0,0,0,0,0,0,0,0,0,0,0.0,0.0,0.0,0.0,0.0,0.0,0.0,0.0,0.0,0.0,0.0,0.0,0.0,0.0,0.0,0.0,0.0,0.0,0.0,0.0,0.0,0.0,0.0,0.0,0.0,0.0,0.0,0.0,0.0,0.0,0.0,0.0,0.0,0.0,0.0,0.0,0.0,0.0,0.0,0.0,0.0,0.0,0.0,0.0,0.0,0.0,0.0,0.0,0.0,0.0,0.0,0.0,0.0,0.0,0.0,0.0,0.0,0.0,0.0,0.0,0.0,0.0,0.0,0.0,0.0,0.0,0.0,0.0,0.0,0.0,0.0,0.0,0.0,0.0,0.0,0.0,0.0,0.0,0.0,0.0,0.0,0.0,0.0,0.0,0.0,0.0,0.0,0.0,0.0,0.0,0.0,0.0,0.0,0.0,0.0,0.0,0.0,0.0,0.0,0.0,0.0,0.0,0.0,0.0,0.0,0.0,0.0,0.0,0.0,0.0,0.0,0.0,0.0,0.0,0.0,0.0,0.0,0.0,0.0,0.0,0.0,0.0,0.0,0.0,0.0,0.0,0.0,0.0,0.0,0.0,0.0,0.0,0.0,0.0,0.0,0.0,0.0,0.0,0.0,0.8062284143504922,0.0798541262278689,0.028039813698371,0.0145900581020012,0.0094185964166843,0.0081410647995864,0.0067971017913195,0.0058486413970839,0.0036901239079944,0.0026609584180897,0.0021588589899371,0.0011978036313611,0.0008139672053792,0.0006152972358954,0.0007477072258893,0.0006877579092159,0.0005561011394157,0.0006663315525525,0.0006563910215085,0.0004251700680272,0.000461850005329,0.0003757676816308,0.0004591368227731,0.0004928478390969,0.0004492203662328,0.0005536707190651,0.0005638766519823,0.0004224707497682,0.0003045994517209,0.0004345017908519,0.0003630741842542,0.0003668725887003,0.0005372513752467,0.0003977678205833,0.0003867293246299,0.0003171731648008,0.0004353709478143,0.0003407395222596,0.0004108608120957,0.0004334278284094,0.0005666792595391,0.0004780616349707,0.0005175374626549,0.0006210161229846,0.0004571187453848,0.0005730659025787,0.0005867924749733,0.0005488730585075,0.0005393363817563,0.0007237917347653,0.0006204926477474,0.0004439822874434,0.0005621464625762,0.0005276178639683,0.0005872749268842,0.0003754194138764,0.000457075886317,0.0004563485098465,0.0005411510046586,0.000533200625622,0.0004857589687692,0.0005094062455575,0.0005212035062781,0.0005922205903254,0.0004618882940925,0.0003907915304817,0.0003197082366314,0.0004262372720814,0.0003078088743666,0.0002959420427103,0.0003669333838359,0.0004142404014581,0.000378698224852,0.0004259951720547,0.0003904586113871,0.000272112062846,0.0003903847063833,0.0003548616039744,0.0002838624213464,0.000272009082738,0.0002838087129274
0,0,0,0,0,0,0,0,0,0,0,0,0,0,0,0,0,0,0,0,0.0,0.0,0.0,0.0,0.0,0.0,0.0,0.0,0.0,0.0,0.0,0.0,0.0,0.0,0.0,0.0,0.0,0.0,0.0,0.0,0.0,0.0,0.0,0.0,0.0,0.0,0.0,0.0,0.0,0.0,0.0,0.0,0.0,0.0,0.0,0.0,0.0,0.0,0.0,0.0,0.0,0.0,0.0,0.0,0.0,0.0,0.0,0.0,0.0,0.0,0.0,0.0,0.0,0.0,0.0,0.0,0.0,0.0,0.0,0.0,0.0,0.0,0.0,0.0,0.0,0.0,0.0,0.0,0.0,0.0,0.0,0.0,0.0,0.0,0.0,0.0,0.0,0.0,0.0,0.0,0.0,0.0,0.0,0.0,0.0,0.0,0.0,0.0,0.0,0.0,0.0,0.0,0.0,0.0,0.0,0.0,0.0,0.0,0.0,0.0,0.0,0.0,0.0,0.0,0.0,0.0,0.0,0.0,0.0,0.0,0.0,0.0,0.0,0.0,0.0,0.0,0.0,0.0,0.0,0.0,0.0,0.0,0.0,0.0,0.0,0.0,0.0,0.0,0.0,0.0,0.0,0.0,0.0,0.0,0.0,0.0,0.0,0.0,0.0,0.0,0.8043173930945238,0.080171170532189,0.0276424672809437,0.0144347661874749,0.0094567924439641,0.0078355478983266,0.0070960377513915,0.0058593980264321,0.0035361180755948,0.0026189436927106,0.0018382134936729,0.0011088828595021,0.0006626277925028,0.0007009755242712,0.0006759000142294,0.0005087733828697,0.0006312614708392,0.0005977846803024,0.0005196523053665,0.0004144807740132,0.000317053981376,0.0004355913446822,0.0005280512561752,0.0004373987776477,0.0004829893506738,0.0003054331864904,0.0003520589581401,0.0003397455423041,0.0004814749574305,0.0004216345365533,0.0003432033894293,0.0003153431985143,0.0003626706599436,0.0003984483950733,0.0003406674733045,0.000458904512561,0.0004347366318485,0.0002934720086398,0.0004334278284094,0.0006020967132602,0.0004897216748481,0.0005410618927756,0.0005741469816272,0.0005274447062132,0.0005613706800771,0.0005750566254738,0.0005722293588695,0.0005158869738539,0.0004319402288115,0.0004917111548187,0.0005491359871011,0.0005035895393912,0.0004924433397038,0.0003876014517436,0.000551397264131,0.0004687957808379,0.0003978422906354,0.0006117359183097,0.000414711597706,0.0005331500876735,0.0004857129318106,0.0005093579720445,0.0005211541194864,0.0005921644796058,0.0004618445360238,0.0003907545114384,0.000319677954061,0.0004261969029691,0.0003077797244187,0.0002959140192225,0.0003668986412914,0.0004142011834319,0.0003786623751597,0.000425954848786,0.0003904216553878,0.0002720863105096,0.0003903477643718,0.000354828026683,0.0002838355645962,0.0002719833498888
0,0,0,0,0,0,0,0,0,0,0,0,0,0,0,0,0,0,0,0,0.0,0.0,0.0,0.0,0.0,0.0,0.0,0.0,0.0,0.0,0.0,0.0,0.0,0.0,0.0,0.0,0.0,0.0,0.0,0.0,0.0,0.0,0.0,0.0,0.0,0.0,0.0,0.0,0.0,0.0,0.0,0.0,0.0,0.0,0.0,0.0,0.0,0.0,0.0,0.0,0.0,0.0,0.0,0.0,0.0,0.0,0.0,0.0,0.0,0.0,0.0,0.0,0.0,0.0,0.0,0.0,0.0,0.0,0.0,0.0,0.0,0.0,0.0,0.0,0.0,0.0,0.0,0.0,0.0,0.0,0.0,0.0,0.0,0.0,0.0,0.0,0.0,0.0,0.0,0.0,0.0,0.0,0.0,0.0,0.0,0.0,0.0,0.0,0.0,0.0,0.0,0.0,0.0,0.0,0.0,0.0,0.0,0.0,0.0,0.0,0.0,0.0,0.0,0.0,0.0,0.0,0.0,0.0,0.0,0.0,0.0,0.0,0.0,0.0,0.0,0.0,0.0,0.0,0.0,0.0,0.0,0.0,0.0,0.0,0.0,0.0,0.0,0.0,0.0,0.0,0.0,0.0,0.0,0.0,0.0,0.0,0.0,0.0,0.0,0.0,0.0,0.802125446249143,0.0768824461529432,0.0282439864976512,0.0139678586532587,0.0105732694531637,0.0075785212469256,0.0066021386213319,0.0055702729552012,0.0035391130982575,0.0021821373086182,0.0022177657190043,0.0010176069670579,0.000876219405339,0.0006640421192429,0.0005797650176887,0.0005377412529371,0.0005743421438199,0.0004369803476946,0.0005565884679606,0.0004931950821404,0.0006004096913187,0.0003872375878618,0.0005201498977432,0.0004358684384129,0.0004346549192364,0.0005046178400009,0.0006209142669697,0.000364042040984,0.0004919069593122,0.0003905417879713,0.0005138926198012,0.0003977678205833,0.0003632911837433,0.0003406674733045,0.0003883038183208,0.0005052344640402,0.0003873830514045,0.0003865707658786,0.0004840385341896,0.0004314214754614,0.0004234397421722,0.0003866704161979,0.0004571187453848,0.0005379802350739,0.0005985283244727,0.0005488730585075,0.00057451049361,0.0006070511323838,0.0004682963379226,0.000689340919978,0.0005153009240282,0.0005276178639683,0.0005168019356581,0.0004223468406109,0.0004805156753589,0.0004563485098465,0.0004588019387322,0.0006279918479548,0.0004146722904127,0.0005330995593043,0.0004856669035773,0.0005093097076799,0.0005211047420531,0.0005921083795177,0.0004618007862454,0.000390717499408,0.0003196476772268,0.0004261565415029,0.0003077505799914,0.0002958860010415,0.0003668639053254,0.0004141619728309,0.0003786265322542,0.0004259145331503,0.0003903847063833,0.000272060563047,0.0003903108293513,0.0003547944557453,0.0002838087129274
0,0,0,0,0,0,0,0,0,0,0,0,0,0,0,0,0,0,0,0,0.0,0.0,0.0,0.0,0.0,0.0,0.0,0.0,0.0,0.0,0.0,0.0,0.0,0.0,0.0,0.0,0.0,0.0,0.0,0.0,0.0,0.0,0.0,0.0,0.0,0.0,0.0,0.0,0.0,0.0,0.0,0.0,0.0,0.0,0.0,0.0,0.0,0.0,0.0,0.0,0.0,0.0,0.0,0.0,0.0,0.0,0.0,0.0,0.0,0.0,0.0,0.0,0.0,0.0,0.0,0.0,0.0,0.0,0.0,0.0,0.0,0.0,0.0,0.0,0.0,0.0,0.0,0.0,0.0,0.0,0.0,0.0,0.0,0.0,0.0,0.0,0.0,0.0,0.0,0.0,0.0,0.0,0.0,0.0,0.0,0.0,0.0,0.0,0.0,0.0,0.0,0.0,0.0,0.0,0.0,0.0,0.0,0.0,0.0,0.0,0.0,0.0,0.0,0.0,0.0,0.0,0.0,0.0,0.0,0.0,0.0,0.0,0.0,0.0,0.0,0.0,0.0,0.0,0.0,0.0,0.0,0.0,0.0,0.0,0.0,0.0,0.0,0.0,0.0,0.0,0.0,0.0,0.0,0.0,0.0,0.0,0.0,0.0,0.0,0.0,0.0,0.0,0.8056810845706907,0.0795269456837334,0.0275480475541562,0.0142550329234618,0.0096143662402767,0.0079343558788507,0.007225980415346,0.0057333632191772,0.0035815514521886,0.0025716645039518,0.0020470465732677,0.0011682925404521,0.0007707631741213,0.0006389247133712,0.0006429514980769,0.0005743421438199,0.0006849962207105,0.0005210615444737,0.000622365222701,0.000506227778955,0.0004224410049402,0.0004373987776477,0.0005065498068042,0.0004581497797356,0.0004576766455822,0.0004568991775814,0.0002935822911161,0.0003747862547141,0.0005443915832327,0.0003620607094054,0.0003743697134901,0.0002695386201966,0.000493380478579,0.0004000706006942,0.0004229869931499,0.0003052108889854,0.0004451420940421,0.0004250094446543,0.0004897216748481,0.0003999153120515,0.0004921259842519,0.0004453977519134,0.0005730659025787,0.0005515849264749,0.0006072638094125,0.0006096846054637,0.0004786364697641,0.000550248197059,0.0006659734311652,0.0004684553854802,0.0005158930225468,0.0004815654400451,0.0005162016940801,0.000457075886317,0.0004095435344777,0.0006352642228601,0.0004858050144556,0.0006279323254822,0.00041463299057,0.0005330490405117,0.0004856208840668,0.000509261452461,0.0005210553739756,0.0005920522900582,0.0004617570447549,0.0003906804943884,0.0003196174061271,0.0004261161876805,0.0003077214410831,0.0002958579881656,0.000366829175936,0.000414122769653,0.0003785906961336,0.0004258742251455,0.0003903477643718,0.000272034820457,0.0003902739013198,0.0003547608911593
0,0,0,0,0,0,0,0,0,0,0,0,0,0,0,0,0,0,0,0,0.0,0.0,0.0,0.0,0.0,0.0,0.0,0.0,0.0,0.0,0.0,0.0,0.0,0.0,0.0,0.0,0.0,0.0,0.0,0.0,0.0,0.0,0.0,0.0,0.0,0.0,0.0,0.0,0.0,0.0,0.0,0.0,0.0,0.0,0.0,0.0,0.0,0.0,0.0,0.0,0.0,0.0,0.0,0.0,0.0,0.0,0.0,0.0,0.0,0.0,0.0,0.0,0.0,0.0,0.0,0.0,0.0,0.0,0.0,0.0,0.0,0.0,0.0,0.0,0.0,0.0,0.0,0.0,0.0,0.0,0.0,0.0,0.0,0.0,0.0,0.0,0.0,0.0,0.0,0.0,0.0,0.0,0.0,0.0,0.0,0.0,0.0,0.0,0.0,0.0,0.0,0.0,0.0,0.0,0.0,0.0,0.0,0.0,0.0,0.0,0.0,0.0,0.0,0.0,0.0,0.0,0.0,0.0,0.0,0.0,0.0,0.0,0.0,0.0,0.0,0.0,0.0,0.0,0.0,0.0,0.0,0.0,0.0,0.0,0.0,0.0,0.0,0.0,0.0,0.0,0.0,0.0,0.0,0.0,0.0,0.0,0.0,0.0,0.0,0.0,0.0,0.0,0.0,0.8008993697330217,0.0779686104976269,0.0280970475089093,0.0143450580745378,0.009655627733698,0.007829130990113,0.0066653296683851,0.0054197649458616,0.0035625811018048,0.0022600340780007,0.0021847070506454,0.0011027842337428,0.0008164038004188,0.0006312614708392,0.000738439899197,0.0006141345427059,0.0004855346209869,0.0005636515224462,0.0006121824303642,0.0004341754772996,0.0004610419548178,0.0004240882103477,0.0003994126284875,0.0003637942567448,0.0003748916328873,0.0004932182490752,0.0002810896910355,0.0005562261828682,0.0004905338643557,0.0003860687670367,0.0003750102541866,0.0003876560903121,0.0003883038183208,0.0003994877157527,0.0003756441710589,0.0004685706253074,0.000377786173026,0.0003964413558294,0.0004116775271119,0.0004452568428946,0.0004102347714992,0.0005613706800771,0.0004929056789775,0.0005488730585075,0.0005041622699026,0.0005019845902404,0.0005736630139552,0.0005491359871011,0.0005153009240282,0.0006214165953405,0.0005520384312712,0.0004692742673455,0.0006094345150893,0.0005148547290576,0.0005764434614841,0.0004621072088724,0.0004857589687692,0.0006278728142918,0.0004145936981757,0.0005329985312929,0.0004855748732768,0.0005092132063852,0.0005210060152512,0.0005919962112242,0.0004617133115499,0.0003906434963776,0.0003195871407603,0.0004260758414997,0.0003076923076923,0.0002958299805935,0.0003667944531213,0.0004140835738961,0.000378554866796,0.0004258339247693,0.0003903108293513,0.000272009082738,0.0003902369802752
0,0,0,0,0,0,0,0,0,0,0,0,0,0,0,0,0,0,0,0,0.0,0.0,0.0,0.0,0.0,0.0,0.0,0.0,0.0,0.0,0.0,0.0,0.0,0.0,0.0,0.0,0.0,0.0,0.0,0.0,0.0,0.0,0.0,0.0,0.0,0.0,0.0,0.0,0.0,0.0,0.0,0.0,0.0,0.0,0.0,0.0,0.0,0.0,0.0,0.0,0.0,0.0,0.0,0.0,0.0,0.0,0.0,0.0,0.0,0.0,0.0,0.0,0.0,0.0,0.0,0.0,0.0,0.0,0.0,0.0,0.0,0.0,0.0,0.0,0.0,0.0,0.0,0.0,0.0,0.0,0.0,0.0,0.0,0.0,0.0,0.0,0.0,0.0,0.0,0.0,0.0,0.0,0.0,0.0,0.0,0.0,0.0,0.0,0.0,0.0,0.0,0.0,0.0,0.0,0.0,0.0,0.0,0.0,0.0,0.0,0.0,0.0,0.0,0.0,0.0,0.0,0.0,0.0,0.0,0.0,0.0,0.0,0.0,0.0,0.0,0.0,0.0,0.0,0.0,0.0,0.0,0.0,0.0,0.0,0.0,0.0,0.0,0.0,0.0,0.0,0.0,0.0,0.0,0.0,0.0,0.0,0.0,0.0,0.0,0.0,0.0,0.0,0.0,0.0,0.8045674545369108,0.0781902716480611,0.0282311684338115,0.0145129154336779,0.0100879890250248,0.0083759009992095,0.0069733518340626,0.005957296213283,0.0035616243847027,0.0025001460365675,0.0020158421477019,0.0010412106440124,0.0007715417976923,0.0005743421438199,0.0006023242630385,0.0006631692384211,0.0005519087823952,0.0005297732570459,0.0004576444220185,0.0005792578406686,0.0005536707190651,0.0004346549192364,0.0004928825413962,0.0004217530869982,0.000364042040984,0.0004801948888524,0.0004023763876068,0.0003503813316826,0.000432864981223,0.0004570437472899,0.0004463918615715,0.0003765370359475,0.0003054906061638,0.0004812940941692,0.0003865707658786,0.0003541745372119,0.0004547415552161,0.0005057752475946,0.0005272778402699,0.0004688397388562,0.0005847611250804,0.0005281132274759,0.0005138386079644,0.00057451049361,0.000466962409526,0.000550248197059,0.0005608197315075,0.0006089920011242,0.0004572688154392,0.0005637839298089,0.0005279335507637,0.0005625549370055,0.0004914522413732,0.0005764434614841,0.0004621072088724,0.000462063409317,0.0004857129318106,0.0006278133143804,0.0004145544132278,0.0005329480316452,0.0004855288712045,0.0005091649694501,0.0005209566658773,0.0005919401430127,0.0004616695866281,0.0003906065053737,0.0003195568811248,0.0004260355029585,0.0003076631798172,0.0002958019783236,0.0003667597368794,0.0004140443855581,0.0003785190442394,0.0004257936320196,0.0003902739013198,0.0002719833498888
0,0,0,0,0,0,0,0,0,0,0,0,0,0,0,0,0,0,0,0,0.0,0.0,0.0,0.0,0.0,0.0,0.0,0.0,0.0,0.0,0.0,0.0,0.0,0.0,0.0,0.0,0.0,0.0,0.0,0.0,0.0,0.0,0.0,0.0,0.0,0.0,0.0,0.0,0.0,0.0,0.0,0.0,0.0,0.0,0.0,0.0,0.0,0.0,0.0,0.0,0.0,0.0,0.0,0.0,0.0,0.0,0.0,0.0,0.0,0.0,0.0,0.0,0.0,0.0,0.0,0.0,0.0,0.0,0.0,0.0,0.0,0.0,0.0,0.0,0.0,0.0,0.0,0.0,0.0,0.0,0.0,0.0,0.0,0.0,0.0,0.0,0.0,0.0,0.0,0.0,0.0,0.0,0.0,0.0,0.0,0.0,0.0,0.0,0.0,0.0,0.0,0.0,0.0,0.0,0.0,0.0,0.0,0.0,0.0,0.0,0.0,0.0,0.0,0.0,0.0,0.0,0.0,0.0,0.0,0.0,0.0,0.0,0.0,0.0,0.0,0.0,0.0,0.0,0.0,0.0,0.0,0.0,0.0,0.0,0.0,0.0,0.0,0.0,0.0,0.0,0.0,0.0,0.0,0.0,0.0,0.0,0.0,0.0,0.0,0.0,0.0,0.0,0.0,0.0,0.0,0.8032380637700313,0.0797156877743389,0.0273752962120229,0.0143928284214012,0.0103578043342338,0.0081592960235291,0.0074672643623923,0.0062003029155622,0.0039254629359191,0.0024901579471612,0.0020587574097518,0.0011105525875875,0.0008556525816093,0.0008503401360544,0.0005565884679606,0.0006693361829049,0.0004473640837277,0.0004576444220185,0.0005201498977432,0.0004476486664781,0.0005521292217327,0.0003637942567448,0.000386606996415,0.000598907873877,0.0004567707479328,0.0004733839854197,0.0003387019539598,0.0004679621418627,0.0003515721132999,0.0004463918615715,0.000458904512561,0.0004347366318485,0.0003639052907133,0.0003865707658786,0.000365980355119,0.0003614612361974,0.0003881530969912,0.0003046494188226,0.0003281878171993,0.0004444184550611,0.0004576981304791,0.0005605512086885,0.000468988158049,0.0005370067709549,0.0004331741125784,0.0005024010094755,0.0005504350779392,0.0005510675468114,0.0005872749268842,0.0005044698373964,0.0005508350424846,0.0005031534852154,0.0005411510046586,0.0005805962367884,0.000462063409317,0.0004620196180637,0.0004856669035773,0.000627753825745,0.000414515135724,0.000532897541566,0.0004854828778477,0.0005091167416528,0.0005209073258512,0.0005918840854207,0.0004616258699872,0.0003905695213748,0.0003195266272189,0.0004259951720547,0.0003076340574565,0.0002957739813544,0.0003667250272086,0.0004140052046368,0.0003784832284619,0.0004257533468943,0.0003902369802752
0,0,0,0,0,0,0,0,0,0,0,0,0,0,0,0,0,0,0,0,0.0,0.0,0.0,0.0,0.0,0.0,0.0,0.0,0.0,0.0,0.0,0.0,0.0,0.0,0.0,0.0,0.0,0.0,0.0,0.0,0.0,0.0,0.0,0.0,0.0,0.0,0.0,0.0,0.0,0.0,0.0,0.0,0.0,0.0,0.0,0.0,0.0,0.0,0.0,0.0,0.0,0.0,0.0,0.0,0.0,0.0,0.0,0.0,0.0,0.0,0.0,0.0,0.0,0.0,0.0,0.0,0.0,0.0,0.0,0.0,0.0,0.0,0.0,0.0,0.0,0.0,0.0,0.0,0.0,0.0,0.0,0.0,0.0,0.0,0.0,0.0,0.0,0.0,0.0,0.0,0.0,0.0,0.0,0.0,0.0,0.0,0.0,0.0,0.0,0.0,0.0,0.0,0.0,0.0,0.0,0.0,0.0,0.0,0.0,0.0,0.0,0.0,0.0,0.0,0.0,0.0,0.0,0.0,0.0,0.0,0.0,0.0,0.0,0.0,0.0,0.0,0.0,0.0,0.0,0.0,0.0,0.0,0.0,0.0,0.0,0.0,0.0,0.0,0.0,0.0,0.0,0.0,0.0,0.0,0.0,0.0,0.0,0.0,0.0,0.0,0.0,0.0,0.0,0.0,0.0,0.0,0.8018404980171105,0.0786833449263743,0.0286910449879369,0.0144513784845517,0.0095824290508888,0.0078093665211749,0.0068865959863687,0.0057363163736199,0.0037470948157283,0.0022362364967994,0.0021275849572729,0.0011721268241223,0.0006849962207105,0.0006750115462501,0.0006810789229558,0.0007416825598643,0.0004811133667374,0.0005319714863283,0.0003180661577608,0.0004933920704845,0.000645441423257,0.0004803299046369,0.0003757853326287,0.0004684828183926,0.0003432033894293,0.0003854194648509,0.0001988839102916,0.0002695386201966,0.0004228975530677,0.0003530034712008,0.0004229869931499,0.0003991219317501,0.0003982850315113,0.0004013978088401,0.0003731212760747,0.0003646286668705,0.0003866704161979,0.0002695828498423,0.0004795041225659,0.0004224905819807,0.0004087352563353,0.0004572634540977,0.0005253327107167,0.00072585932378,0.0005608197315075,0.0006675489243093,0.0005862420710759,0.0005050564371204,0.0004223468406109,0.0005391151479636,0.000585062192111,0.0005529151569337,0.0004976539172472,0.0005805412065778,0.0004620196180637,0.0004619758351101,0.0004856208840668,0.0006276943483822,0.0004144758656624,0.0005328470610524,0.0004854368932038,0.0005090685229909,0.0005208579951702,0.0005918280384451,0.0004615821616247,0.0003905325443786,0.000319496379041,0.000425954848786,0.0003076049406085,0.0002957459896843,0.0003666903241069,0.0004139660311302,0.0003784474194616,0.0004257130693912
0,0,0,0,0,0,0,0,0,0,0,0,0,0,0,0,0,0,0,0,0.0,0.0,0.0,0.0,0.0,0.0,0.0,0.0,0.0,0.0,0.0,0.0,0.0,0.0,0.0,0.0,0.0,0.0,0.0,0.0,0.0,0.0,0.0,0.0,0.0,0.0,0.0,0.0,0.0,0.0,0.0,0.0,0.0,0.0,0.0,0.0,0.0,0.0,0.0,0.0,0.0,0.0,0.0,0.0,0.0,0.0,0.0,0.0,0.0,0.0,0.0,0.0,0.0,0.0,0.0,0.0,0.0,0.0,0.0,0.0,0.0,0.0,0.0,0.0,0.0,0.0,0.0,0.0,0.0,0.0,0.0,0.0,0.0,0.0,0.0,0.0,0.0,0.0,0.0,0.0,0.0,0.0,0.0,0.0,0.0,0.0,0.0,0.0,0.0,0.0,0.0,0.0,0.0,0.0,0.0,0.0,0.0,0.0,0.0,0.0,0.0,0.0,0.0,0.0,0.0,0.0,0.0,0.0,0.0,0.0,0.0,0.0,0.0,0.0,0.0,0.0,0.0,0.0,0.0,0.0,0.0,0.0,0.0,0.0,0.0,0.0,0.0,0.0,0.0,0.0,0.0,0.0,0.0,0.0,0.0,0.0,0.0,0.0,0.0,0.0,0.0,0.0,0.0,0.0,0.0,0.0,0.0,0.8016293134954787,0.0795330904962391,0.0274163294678353,0.0144210813439119,0.0100861153710038,0.0079278682317304,0.0070564869443308,0.0059882369681734,0.0033484387756309,0.0024081456109792,0.0020512219422141,0.000980253212396,0.0007934346245396,0.0007045644030578,0.0005768642132278,0.0006101925626914,0.000650187372179,0.0005065498068042,0.0005991189427312,0.0004928825413962,0.000433468450526,0.0004814749574305,0.0005270431706917,0.0004615493857842,0.0004905338643557,0.0003158744457573,0.0004804818881766,0.000293678856297,0.0003530034712008,0.000481735186643,0.0004812940941692,0.0003162851720825,0.0005076501700037,0.0003847813159521,0.0003411042367498,0.0004101049868766,0.0003985137780278,0.0003742471200514,0.0003755471839829,0.0004087352563353,0.0005862351975612,0.0005019845902404,0.0005736630139552,0.0005841872203203,0.0004918781547542,0.0005862420710759,0.0005637839298089,0.00038715127056,0.0005273952534427,0.000690373386691,0.000505858547833,0.0006398407507464,0.0004976067484953,0.000580486186798,0.0004619758351101,0.0004619320604538,0.0004855748732768,0.0006276348822888,0.0004144366030407,0.0005327965901018,0.0004853909172704,0.0005090203134618,0.0005208086738317,0.000591772002083,0.0004615384615384,0.0003904955743834,0.0003194661365895,0.0004259145331503,0.0003075758292717,0.000295718003312,0.0003666556275725,0.0004139268650361,0.0003784116172366
0,0,0,0,0,0,0,0,0,0,0,0,0,0,0,0,0,0,0,0,0.0,0.0,0.0,0.0,0.0,0.0,0.0,0.0,0.0,0.0,0.0,0.0,0.0,0.0,0.0,0.0,0.0,0.0,0.0,0.0,0.0,0.0,0.0,0.0,0.0,0.0,0.0,0.0,0.0,0.0,0.0,0.0,0.0,0.0,0.0,0.0,0.0,0.0,0.0,0.0,0.0,0.0,0.0,0.0,0.0,0.0,0.0,0.0,0.0,0.0,0.0,0.0,0.0,0.0,0.0,0.0,0.0,0.0,0.0,0.0,0.0,0.0,0.0,0.0,0.0,0.0,0.0,0.0,0.0,0.0,0.0,0.0,0.0,0.0,0.0,0.0,0.0,0.0,0.0,0.0,0.0,0.0,0.0,0.0,0.0,0.0,0.0,0.0,0.0,0.0,0.0,0.0,0.0,0.0,0.0,0.0,0.0,0.0,0.0,0.0,0.0,0.0,0.0,0.0,0.0,0.0,0.0,0.0,0.0,0.0,0.0,0.0,0.0,0.0,0.0,0.0,0.0,0.0,0.0,0.0,0.0,0.0,0.0,0.0,0.0,0.0,0.0,0.0,0.0,0.0,0.0,0.0,0.0,0.0,0.0,0.0,0.0,0.0,0.0,0.0,0.0,0.0,0.0,0.0,0.0,0.0,0.0,0.0,0.8000733241875208,0.0796182476671346,0.0282254717093013,0.0149345287247847,0.0104363877319197,0.007687364916175,0.0069012948821325,0.0053362045505637,0.0038343289339864,0.0024966301353806,0.0020195578231292,0.0012789692455265,0.0008454772836693,0.0006121824303642,0.000704068341567,0.0006620089607641,0.0007774950523042,0.0004698972099853,0.0005515590344196,0.0004803299046369,0.000364042040984,0.000445058677473,0.0004970531846907,0.0005489307529694,0.0003626706599436,0.0004453246768466,0.0003289203190527,0.0004942048596811,0.0004699855479444,0.0003991219317501,0.0003514279689806,0.0004840385341896,0.000314821076688,0.0002940553765085,0.0003866704161979,0.0004102347714992,0.0002806853400385,0.0003520754849839,0.0004671260072404,0.0005627857896588,0.0004903105300023,0.000550248197059,0.0004790335206627,0.0008080855399533,0.0005276178639683,0.0005637839298089,0.0005396654074473,0.0005273952534427,0.0006786721428487,0.0003529245682556,0.0004858050144556,0.0006397801052082,0.000497559588684,0.0005804311774461,0.0004619320604538,0.0004618882940925,0.0004855288712045,0.0006275754274617,0.0004143973478569,0.0005327461287114,0.0004853449500449,0.0005089721130628,0.000520759361833,0.0005917159763313,0.0004614947697259,0.0003904586113871,0.0003194358998627,0.0004258742251455,0.0003075467234445,0.0002956900222358,0.0003666209376034,0.0004138877063525
0,0,0,0,0,0,0,0,0,0,0,0,0,0,0,0,0,0,0,0,0.0,0.0,0.0,0.0,0.0,0.0,0.0,0.0,0.0,0.0,0.0,0.0,0.0,0.0,0.0,0.0,0.0,0.0,0.0,0.0,0.0,0.0,0.0,0.0,0.0,0.0,0.0,0.0,0.0,0.0,0.0,0.0,0.0,0.0,0.0,0.0,0.0,0.0,0.0,0.0,0.0,0.0,0.0,0.0,0.0,0.0,0.0,0.0,0.0,0.0,0.0,0.0,0.0,0.0,0.0,0.0,0.0,0.0,0.0,0.0,0.0,0.0,0.0,0.0,0.0,0.0,0.0,0.0,0.0,0.0,0.0,0.0,0.0,0.0,0.0,0.0,0.0,0.0,0.0,0.0,0.0,0.0,0.0,0.0,0.0,0.0,0.0,0.0,0.0,0.0,0.0,0.0,0.0,0.0,0.0,0.0,0.0,0.0,0.0,0.0,0.0,0.0,0.0,0.0,0.0,0.0,0.0,0.0,0.0,0.0,0.0,0.0,0.0,0.0,0.0,0.0,0.0,0.0,0.0,0.0,0.0,0.0,0.0,0.0,0.0,0.0,0.0,0.0,0.0,0.0,0.0,0.0,0.0,0.0,0.0,0.0,0.0,0.0,0.0,0.0,0.0,0.0,0.0,0.0,0.0,0.0,0.0,0.0,0.0,0.8004294123892552,0.0792447907401477,0.0276159018520703,0.0139743468383188,0.0099188036684385,0.007873642271024,0.0071583231775855,0.005283892311469,0.0039149035925687,0.0023856764928193,0.0021908269483556,0.0011390457849434,0.0007181370817734,0.0006923338692075,0.0008156896123701,0.0005065498068042,0.0006226138032305,0.0006102355274429,0.0006794910846083,0.000399271915918,0.0004684828183926,0.0004852185850552,0.0004438163534646,0.0003743697134901,0.0005625153812799,0.0003289203190527,0.0003647702535741,0.0004582359092457,0.0003404275300221,0.0004217135627767,0.0004486210804684,0.0003731212760747,0.0003175798066291,0.0003280839895013,0.0004102347714992,0.0003625518975498,0.0003051320869861,0.0004554478570594,0.000468988158049,0.0003035255661919,0.0005268333801629,0.0005140847538819,0.0006207033857612,0.0005862420710759,0.0006225114224973,0.0006335202609164,0.0003984764137122,0.0007020746305332,0.0005529151569337,0.0004384094032892,0.0004857589687692,0.0006397194711652,0.0004975124378109,0.0005803761785189,0.0004618882940925,0.0004618445360238,0.0004854828778477,0.0006275159838977,0.0004143581001089,0.0005326956768786,0.000485298991525,0.0005089239217914,0.0005207100591715,0.0005916599611871,0.0004614510861848,0.0003904216553878,0.0003194056688591,0.0004258339247693,0.0003075176231253,0.0002956620464544,0.000366586254198
0,0,0,0,0,0,0,0,0,0,0,0,0,0,0,0,0,0,0,0,0.0,0.0,0.0,0.0,0.0,0.0,0.0,0.0,0.0,0.0,0.0,0.0,0.0,0.0,0.0,0.0,0.0,0.0,0.0,0.0,0.0,0.0,0.0,0.0,0.0,0.0,0.0,0.0,0.0,0.0,0.0,0.0,0.0,0.0,0.0,0.0,0.0,0.0,0.0,0.0,0.0,0.0,0.0,0.0,0.0,0.0,0.0,0.0,0.0,0.0,0.0,0.0,0.0,0.0,0.0,0.0,0.0,0.0,0.0,0.0,0.0,0.0,0.0,0.0,0.0,0.0,0.0,0.0,0.0,0.0,0.0,0.0,0.0,0.0,0.0,0.0,0.0,0.0,0.0,0.0,0.0,0.0,0.0,0.0,0.0,0.0,0.0,0.0,0.0,0.0,0.0,0.0,0.0,0.0,0.0,0.0,0.0,0.0,0.0,0.0,0.0,0.0,0.0,0.0,0.0,0.0,0.0,0.0,0.0,0.0,0.0,0.0,0.0,0.0,0.0,0.0,0.0,0.0,0.0,0.0,0.0,0.0,0.0,0.0,0.0,0.0,0.0,0.0,0.0,0.0,0.0,0.0,0.0,0.0,0.0,0.0,0.0,0.0,0.0,0.0,0.0,0.0,0.0,0.0,0.0,0.0,0.0,0.0,0.0,0.0,0.7999074963532216,0.0776335967913176,0.0285521582733812,0.0144868275016064,0.009521889674145,0.0084598364826011,0.0064412050080076,0.0060012893395065,0.0037084278155706,0.0024395154127636,0.0021489214293263,0.0011066374702738,0.0009974301505532,0.0006265441950089,0.0006479125435868,0.0004346549192364,0.0005046178400009,0.0006443449940251,0.0004697316657859,0.0004919069593122,0.0005917299817747,0.0004788544866329,0.0004796611954092,0.0004922009586199,0.0005403690955865,0.0003412366888274,0.0004347366318485,0.0003404275300221,0.0004568563596748,0.0004132036267472,0.0003731212760747,0.0003763908819308,0.0003280839895013,0.0004219557649706,0.0003391614525466,0.0003520754849839,0.0003620226556113,0.0003634658224879,0.0004436142890497,0.0004331741125784,0.0005140847538819,0.0005270123086652,0.0005510675468114,0.0006577479181103,0.0006217884042328,0.0005742748315265,0.0005733609482688,0.0005646793092089,0.0005805962367884,0.0004383678498649,0.0004857129318106,0.000639658848614,0.0004974652958734,0.0005803211900137,0.0004618445360238,0.0004618007862454,0.0004854368932038,0.0006274565515935,0.0004143188597944,0.0005326452346006,0.000485253041708,0.0005088757396449,0.0005206607658446,0.0005916039566472,0.0004614074109128,0.0003903847063833,0.000319375443577,0.0004257936320196,0.0003074885283125,0.0002956340759661
0,0,0,0,0,0,0,0,0,0,0,0,0,0,0,0,0,0,0,0,0.0,0.0,0.0,0.0,0.0,0.0,0.0,0.0,0.0,0.0,0.0,0.0,0.0,0.0,0.0,0.0,0.0,0.0,0.0,0.0,0.0,0.0,0.0,0.0,0.0,0.0,0.0,0.0,0.0,0.0,0.0,0.0,0.0,0.0,0.0,0.0,0.0,0.0,0.0,0.0,0.0,0.0,0.0,0.0,0.0,0.0,0.0,0.0,0.0,0.0,0.0,0.0,0.0,0.0,0.0,0.0,0.0,0.0,0.0,0.0,0.0,0.0,0.0,0.0,0.0,0.0,0.0,0.0,0.0,0.0,0.0,0.0,0.0,0.0,0.0,0.0,0.0,0.0,0.0,0.0,0.0,0.0,0.0,0.0,0.0,0.0,0.0,0.0,0.0,0.0,0.0,0.0,0.0,0.0,0.0,0.0,0.0,0.0,0.0,0.0,0.0,0.0,0.0,0.0,0.0,0.0,0.0,0.0,0.0,0.0,0.0,0.0,0.0,0.0,0.0,0.0,0.0,0.0,0.0,0.0,0.0,0.0,0.0,0.0,0.0,0.0,0.0,0.0,0.0,0.0,0.0,0.0,0.0,0.0,0.0,0.0,0.0,0.0,0.0,0.0,0.0,0.0,0.0,0.0,0.0,0.0,0.0,0.0,0.0,0.0,0.0,0.8012150524949864,0.0788172093903824,0.0278637770897832,0.0147037897832376,0.0097850136658897,0.0076218977590217,0.0072671863095586,0.0053618669690098,0.0038132231209218,0.0023250625300907,0.0022603658967295,0.0011851817083044,0.000803868023785,0.0008128357364998,0.0005991189427312,0.0007275885134897,0.0003748916328873,0.0004579883741412,0.000503619029772,0.0005443915832327,0.0005372513752467,0.0004913602489558,0.0004218865359599,0.0004346447073196,0.0004706712949344,0.0005522330188346,0.0004695552138237,0.0003631422346133,0.0003187570834907,0.0003964413558294,0.0004940130325342,0.0003632358455193,0.0004102347714992,0.0003742471200514,0.0004107547324813,0.0003153100548873,0.0004338140461953,0.0005019845902404,0.0002926852112016,0.0002336748881281,0.0003396301544731,0.0005158930225468,0.0005520384312712,0.0006452521176001,0.000445355991796,0.0006084646797954,0.0004823302432826,0.0006635385563296,0.0005805412065778,0.0004383263043169,0.0004856669035773,0.0006395982375515,0.0004974181628689,0.0005802662119274,0.0004618007862454,0.0004617570447549,0.0004853909172704,0.0006273971305459,0.0004142796269116,0.0005325948018747,0.0004852071005917,0.0005088275666209,0.0005206114818495,0.0005915479627088,0.0004613637439076,0.0003903477643718,0.0003193452240147,0.0004257533468943,0.0003074594390047
0,0,0,0,0,0,0,0,0,0,0,0,0,0,0,0,0,0,0,0,0.0,0.0,0.0,0.0,0.0,0.0,0.0,0.0,0.0,0.0,0.0,0.0,0.0,0.0,0.0,0.0,0.0,0.0,0.0,0.0,0.0,0.0,0.0,0.0,0.0,0.0,0.0,0.0,0.0,0.0,0.0,0.0,0.0,0.0,0.0,0.0,0.0,0.0,0.0,0.0,0.0,0.0,0.0,0.0,0.0,0.0,0.0,0.0,0.0,0.0,0.0,0.0,0.0,0.0,0.0,0.0,0.0,0.0,0.0,0.0,0.0,0.0,0.0,0.0,0.0,0.0,0.0,0.0,0.0,0.0,0.0,0.0,0.0,0.0,0.0,0.0,0.0,0.0,0.0,0.0,0.0,0.0,0.0,0.0,0.0,0.0,0.0,0.0,0.0,0.0,0.0,0.0,0.0,0.0,0.0,0.0,0.0,0.0,0.0,0.0,0.0,0.0,0.0,0.0,0.0,0.0,0.0,0.0,0.0,0.0,0.0,0.0,0.0,0.0,0.0,0.0,0.0,0.0,0.0,0.0,0.0,0.0,0.0,0.0,0.0,0.0,0.0,0.0,0.0,0.0,0.0,0.0,0.0,0.0,0.0,0.0,0.0,0.0,0.0,0.0,0.0,0.0,0.0,0.0,0.0,0.0,0.0,0.0,0.0,0.0,0.0,0.0,0.7994012684589171,0.0802850633798703,0.0291941374567186,0.0150857223990439,0.0101235635879031,0.0072554650413174,0.006542894935752,0.0061816846867117,0.0039690461372256,0.0024958206776388,0.0019713913563876,0.0010875861498268,0.0008599566487607,0.0007518355359765,0.0006689120204663,0.0006091989034419,0.0007163407903235,0.0005856035229907,0.0005917299817747,0.0004438163534646,0.0004796611954092,0.0005039200290632,0.000599104866846,0.0004824380773077,0.0003524891609583,0.0004343385727869,0.0005154276878382,0.0004840385341896,0.0003264811165654,0.0003999153120515,0.0003983877015373,0.0003516298041421,0.0004093327875562,0.0004576981304791,0.0005138386079644,0.000468988158049,0.0003969180480971,0.0005034185632668,0.0003855635654114,0.0003630529237471,0.0003869197669101,0.0004815654400451,0.0006452521176001,0.0005625549370055,0.0004680497536888,0.0005764434614841,0.0004976539172472,0.0006634756646604,0.000580486186798,0.0004382847666429,0.0004856208840668,0.0006395376379743,0.0004973710387949,0.000580211244257,0.0004617570447549,0.0004617133115499,0.0004853449500449,0.0006273377207518,0.0004142404014581,0.0005325443786982,0.0004851611681734,0.0005087794027166,0.0005205622071837,0.0005914919793687,0.0004613200851667,0.0003903108293513,0.0003193150101707,0.0004257130693912
0,0,0,0,0,0,0,0,0,0,0,0,0,0,0,0,0,0,0,0,0.0,0.0,0.0,0.0,0.0,0.0,0.0,0.0,0.0,0.0,0.0,0.0,0.0,0.0,0.0,0.0,0.0,0.0,0.0,0.0,0.0,0.0,0.0,0.0,0.0,0.0,0.0,0.0,0.0,0.0,0.0,0.0,0.0,0.0,0.0,0.0,0.0,0.0,0.0,0.0,0.0,0.0,0.0,0.0,0.0,0.0,0.0,0.0,0.0,0.0,0.0,0.0,0.0,0.0,0.0,0.0,0.0,0.0,0.0,0.0,0.0,0.0,0.0,0.0,0.0,0.0,0.0,0.0,0.0,0.0,0.0,0.0,0.0,0.0,0.0,0.0,0.0,0.0,0.0,0.0,0.0,0.0,0.0,0.0,0.0,0.0,0.0,0.0,0.0,0.0,0.0,0.0,0.0,0.0,0.0,0.0,0.0,0.0,0.0,0.0,0.0,0.0,0.0,0.0,0.0,0.0,0.0,0.0,0.0,0.0,0.0,0.0,0.0,0.0,0.0,0.0,0.0,0.0,0.0,0.0,0.0,0.0,0.0,0.0,0.0,0.0,0.0,0.0,0.0,0.0,0.0,0.0,0.0,0.0,0.0,0.0,0.0,0.0,0.0,0.0,0.0,0.0,0.0,0.0,0.0,0.0,0.0,0.0,0.0,0.0,0.0,0.0,0.0,0.7994509025059874,0.0771711805720248,0.0284913094407042,0.0142501432028336,0.0095645548848385,0.0078302154195011,0.0068803808486197,0.0054251459035451,0.0036730945821854,0.0026167873361574,0.0024234256599401,0.0014607482800867,0.000798825256975,0.0007393238120943,0.0006443449940251,0.0008690035817039,0.0004801948888524,0.0007692489763071,0.0005138926198012,0.0005615545702352,0.0004804818881766,0.000399403244564,0.000458904512561,0.0005287337414374,0.0004695552138237,0.0003865707658786,0.0004013978088401,0.0003847813159521,0.0004469641722929,0.0003866704161979,0.000492281725799,0.0005379802350739,0.0004694339799786,0.0003737008057923,0.0003517411185367,0.0002218071445248,0.0002926852112016,0.0003388285877858,0.0005387236933022,0.0005745172296544,0.0005285474341958,0.0005279335507637,0.000679753882215,0.0005382572167421,0.0005529151569337,0.0006279918479548,0.0004976067484953,0.000663412784912,0.0005804311774461,0.0004382432368408,0.0004855748732768,0.0006394770498792,0.0004973239236489,0.0005801562869997,0.0004617133115499,0.0004616695866281,0.000485298991525,0.000627278322208,0.0004142011834319,0.0005324939650683,0.0004851152444507,0.0005087312479295,0.0005205129418445,0.000591436006624,0.0004612764346879,0.0003902739013198,0.0003192848020434
0,0,0,0,0,0,0,0,0,0,0,0,0,0,0,0,0,0,0,0,0.0,0.0,0.0,0.0,0.0,0.0,0.0,0.0,0.0,0.0,0.0,0.0,0.0,0.0,0.0,0.0,0.0,0.0,0.0,0.0,0.0,0.0,0.0,0.0,0.0,0.0,0.0,0.0,0.0,0.0,0.0,0.0,0.0,0.0,0.0,0.0,0.0,0.0,0.0,0.0,0.0,0.0,0.0,0.0,0.0,0.0,0.0,0.0,0.0,0.0,0.0,0.0,0.0,0.0,0.0,0.0,0.0,0.0,0.0,0.0,0.0,0.0,0.0,0.0,0.0,0.0,0.0,0.0,0.0,0.0,0.0,0.0,0.0,0.0,0.0,0.0,0.0,0.0,0.0,0.0,0.0,0.0,0.0,0.0,0.0,0.0,0.0,0.0,0.0,0.0,0.0,0.0,0.0,0.0,0.0,0.0,0.0,0.0,0.0,0.0,0.0,0.0,0.0,0.0,0.0,0.0,0.0,0.0,0.0,0.0,0.0,0.0,0.0,0.0,0.0,0.0,0.0,0.0,0.0,0.0,0.0,0.0,0.0,0.0,0.0,0.0,0.0,0.0,0.0,0.0,0.0,0.0,0.0,0.0,0.0,0.0,0.0,0.0,0.0,0.0,0.0,0.0,0.0,0.0,0.0,0.0,0.0,0.0,0.0,0.0,0.0,0.0,0.0,0.0,0.8003249063226296,0.0787060591360318,0.0275300141449329,0.0141241282306745,0.0100269274376417,0.0076382885496725,0.0067051045691001,0.0058510513055967,0.0037550311550241,0.0026953221973968,0.0020026387710866,0.0010455212922173,0.0007980003051177,0.0007263525387192,0.0006928542070342,0.0005738914525309,0.0006864067788586,0.0006774039079197,0.0005030593025024,0.0006562679448266,0.0006225991753497,0.0005059716420544,0.0004229869931499,0.0005634662565884,0.0005271419534709,0.0004250094446543,0.0004780616349707,0.0004822508174739,0.0005155605549306,0.0003281878171993,0.0004444184550611,0.0002699245384877,0.0002685974541632,0.0003986399343416,0.0004552883492878,0.0004214667041303,0.0003505123321922,0.0004450326162062,0.0004807184982823,0.0005168019356581,0.0004340786972946,0.000445355991796,0.0006786721428487,0.0004940943955578,0.0005687473339968,0.0006279323254822,0.000497559588684,0.0006633499170812,0.0005803761785189,0.0004382017149083,0.0004855288712045,0.0006394164732629,0.0004972768174283,0.0005801013401524,0.0004616695866281,0.0004616258699872,0.000485253041708,0.0006272189349112,0.0004141619728309,0.0005324435609825,0.0004850693294212,0.0005086831022571,0.0005204636858291,0.0005913800444717,0.0004612327924688,0.0003902369802752
0,0,0,0,0,0,0,0,0,0,0,0,0,0,0,0,0,0,0,0,0.0,0.0,0.0,0.0,0.0,0.0,0.0,0.0,0.0,0.0,0.0,0.0,0.0,0.0,0.0,0.0,0.0,0.0,0.0,0.0,0.0,0.0,0.0,0.0,0.0,0.0,0.0,0.0,0.0,0.0,0.0,0.0,0.0,0.0,0.0,0.0,0.0,0.0,0.0,0.0,0.0,0.0,0.0,0.0,0.0,0.0,0.0,0.0,0.0,0.0,0.0,0.0,0.0,0.0,0.0,0.0,0.0,0.0,0.0,0.0,0.0,0.0,0.0,0.0,0.0,0.0,0.0,0.0,0.0,0.0,0.0,0.0,0.0,0.0,0.0,0.0,0.0,0.0,0.0,0.0,0.0,0.0,0.0,0.0,0.0,0.0,0.0,0.0,0.0,0.0,0.0,0.0,0.0,0.0,0.0,0.0,0.0,0.0,0.0,0.0,0.0,0.0,0.0,0.0,0.0,0.0,0.0,0.0,0.0,0.0,0.0,0.0,0.0,0.0,0.0,0.0,0.0,0.0,0.0,0.0,0.0,0.0,0.0,0.0,0.0,0.0,0.0,0.0,0.0,0.0,0.0,0.0,0.0,0.0,0.0,0.0,0.0,0.0,0.0,0.0,0.0,0.0,0.0,0.0,0.0,0.0,0.0,0.0,0.0,0.0,0.0,0.0,0.0,0.0,0.0,0.7993776400014198,0.0783933226564417,0.0272871124655687,0.0141841458805744,0.0099475385763177,0.0076210382930753,0.0070283252101433,0.0056090777878172,0.003676514049958,0.0023796060691734,0.0021380323054331,0.0011852651590719,0.0010075212633848,0.0007163407903235,0.0008432690731067,0.0006390683803166,0.0007007626633652,0.0004679621418627,0.0005976725926099,0.0004463918615715,0.0006354062481614,0.0005639826575332,0.0004812940941692,0.0003748565002459,0.0004604268983755,0.0005946620337441,0.0004940130325342,0.0005507124109486,0.0002930248367851,0.0004678089000643,0.0003990188829818,0.0003620226556113,0.0004220893422441,0.0004319402288115,0.0003395148449939,0.0003271448433794,0.0004098984622951,0.0004924433397038,0.0005050564371204,0.0004927379807128,0.000457075886317,0.0004563485098465,0.0005176227001082,0.000710934167496,0.0005686934268518,0.0006278728142918,0.0004975124378109,0.0006632870611645,0.0005803211900137,0.0004381602008431,0.0004854828778477,0.0006393559081221,0.0004972297201307,0.0005800464037122,0.0004616258699872,0.0004615821616247,0.0004852071005917,0.0006271595588583,0.000414122769653,0.0005323931664379,0.0004850234230823,0.0005086349656967,0.0005204144391351,0.0005913240929088,0.0004611891585071
0,0,0,0,0,0,0,0,0,0,0,0,0,0,0,0,0,0,0,0,0.0,0.0,0.0,0.0,0.0,0.0,0.0,0.0,0.0,0.0,0.0,0.0,0.0,0.0,0.0,0.0,0.0,0.0,0.0,0.0,0.0,0.0,0.0,0.0,0.0,0.0,0.0,0.0,0.0,0.0,0.0,0.0,0.0,0.0,0.0,0.0,0.0,0.0,0.0,0.0,0.0,0.0,0.0,0.0,0.0,0.0,0.0,0.0,0.0,0.0,0.0,0.0,0.0,0.0,0.0,0.0,0.0,0.0,0.0,0.0,0.0,0.0,0.0,0.0,0.0,0.0,0.0,0.0,0.0,0.0,0.0,0.0,0.0,0.0,0.0,0.0,0.0,0.0,0.0,0.0,0.0,0.0,0.0,0.0,0.0,0.0,0.0,0.0,0.0,0.0,0.0,0.0,0.0,0.0,0.0,0.0,0.0,0.0,0.0,0.0,0.0,0.0,0.0,0.0,0.0,0.0,0.0,0.0,0.0,0.0,0.0,0.0,0.0,0.0,0.0,0.0,0.0,0.0,0.0,0.0,0.0,0.0,0.0,0.0,0.0,0.0,0.0,0.0,0.0,0.0,0.0,0.0,0.0,0.0,0.0,0.0,0.0,0.0,0.0,0.0,0.0,0.0,0.0,0.0,0.0,0.0,0.0,0.0,0.0,0.0,0.0,0.0,0.0,0.0,0.0,0.0,0.8024969898179862,0.0797866729180097,0.0289115646258503,0.0153713155619767,0.0096525323218919,0.0075345529890984,0.0073927175864537,0.00559161140074,0.0038756950334558,0.0026079295154185,0.0020419419572131,0.001171536352773,0.0009512066232164,0.0007964207912674,0.0008165873748491,0.0005022132420784,0.0006434479450612,0.0005039200290632,0.0005756105583422,0.0005059716420544,0.000481735186643,0.0004108608120957,0.0004451420940421,0.0005312618058179,0.0005830019938668,0.0004940130325342,0.0004804086989126,0.0004453977519134,0.0003742471200514,0.0004459622809797,0.0004087352563353,0.0004455387501465,0.0003735699276208,0.0004448815210265,0.0004556660318498,0.0004098984622951,0.0004924433397038,0.000446328944432,0.0004340786972946,0.0004219162027541,0.0006201659236376,0.0004823302432826,0.0006398407507464,0.0007108667835647,0.0005686395299246,0.0006278133143804,0.0004974652958734,0.0006632242171585,0.0005802662119274,0.0004381186946431,0.0004854368932038,0.0006392953544537,0.0004971826317533,0.0005799914776762,0.0004615821616247,0.0004615384615384,0.0004851611681734,0.000627100194046,0.0004140835738961,0.0005323427814318,0.0004849775254317,0.0005085868382457,0.0005203652017597,0.0005912681519322
0,0,0,0,0,0,0,0,0,0,0,0,0,0,0,0,0,0,0,0,0.0,0.0,0.0,0.0,0.0,0.0,0.0,0.0,0.0,0.0,0.0,0.0,0.0,0.0,0.0,0.0,0.0,0.0,0.0,0.0,0.0,0.0,0.0,0.0,0.0,0.0,0.0,0.0,0.0,0.0,0.0,0.0,0.0,0.0,0.0,0.0,0.0,0.0,0.0,0.0,0.0,0.0,0.0,0.0,0.0,0.0,0.0,0.0,0.0,0.0,0.0,0.0,0.0,0.0,0.0,0.0,0.0,0.0,0.0,0.0,0.0,0.0,0.0,0.0,0.0,0.0,0.0,0.0,0.0,0.0,0.0,0.0,0.0,0.0,0.0,0.0,0.0,0.0,0.0,0.0,0.0,0.0,0.0,0.0,0.0,0.0,0.0,0.0,0.0,0.0,0.0,0.0,0.0,0.0,0.0,0.0,0.0,0.0,0.0,0.0,0.0,0.0,0.0,0.0,0.0,0.0,0.0,0.0,0.0,0.0,0.0,0.0,0.0,0.0,0.0,0.0,0.0,0.0,0.0,0.0,0.0,0.0,0.0,0.0,0.0,0.0,0.0,0.0,0.0,0.0,0.0,0.0,0.0,0.0,0.0,0.0,0.0,0.0,0.0,0.0,0.0,0.0,0.0,0.0,0.0,0.0,0.0,0.0,0.0,0.0,0.0,0.0,0.0,0.0,0.0,0.0,0.0,0.7996131981480396,0.0791524943310657,0.0278057387823739,0.0147371387639591,0.0098302371029643,0.0080498480385829,0.007187525859725,0.0053600037696729,0.0032187958883994,0.0022649126307018,0.002214203706741,0.0010568962480183,0.0009603897777049,0.0008165873748491,0.0005372513752467,0.0005381564631421,0.0005976725926099,0.0006343463296016,0.0006354062481614,0.000540483380136,0.0004695552138237,0.0004334278284094,0.0004013978088401,0.0006646222730081,0.0004587263873532,0.0005624296962879,0.0004219557649706,0.0003976375650546,0.0003755471839829,0.0003853789559733,0.000468988158049,0.0002918515059537,0.0005034185632668,0.0003271448433794,0.0004567440008432,0.0004572688154392,0.0003876014517436,0.0003636875571928,0.0005039554644008,0.0006084646797954,0.0005176227001082,0.0003791648893312,0.0006397801052082,0.0007107994124058,0.0005685856432125,0.000627753825745,0.0004974181628689,0.0006631613850599,0.000580211244257,0.0004380771963059,0.0004853909172704,0.0006392348122543,0.0004971355522939,0.0005799365620413,0.0004615384615384,0.0004614947697259,0.0004851152444507,0.0006270408404713,0.0004140443855581,0.0005322924059616,0.0004849316364668,0.0005085387199016,0.0005203159737003
0,0,0,0,0,0,0,0,0,0,0,0,0,0,0,0,0,0,0,0,0.0,0.0,0.0,0.0,0.0,0.0,0.0,0.0,0.0,0.0,0.0,0.0,0.0,0.0,0.0,0.0,0.0,0.0,0.0,0.0,0.0,0.0,0.0,0.0,0.0,0.0,0.0,0.0,0.0,0.0,0.0,0.0,0.0,0.0,0.0,0.0,0.0,0.0,0.0,0.0,0.0,0.0,0.0,0.0,0.0,0.0,0.0,0.0,0.0,0.0,0.0,0.0,0.0,0.0,0.0,0.0,0.0,0.0,0.0,0.0,0.0,0.0,0.0,0.0,0.0,0.0,0.0,0.0,0.0,0.0,0.0,0.0,0.0,0.0,0.0,0.0,0.0,0.0,0.0,0.0,0.0,0.0,0.0,0.0,0.0,0.0,0.0,0.0,0.0,0.0,0.0,0.0,0.0,0.0,0.0,0.0,0.0,0.0,0.0,0.0,0.0,0.0,0.0,0.0,0.0,0.0,0.0,0.0,0.0,0.0,0.0,0.0,0.0,0.0,0.0,0.0,0.0,0.0,0.0,0.0,0.0,0.0,0.0,0.0,0.0,0.0,0.0,0.0,0.0,0.0,0.0,0.0,0.0,0.0,0.0,0.0,0.0,0.0,0.0,0.0,0.0,0.0,0.0,0.0,0.0,0.0,0.0,0.0,0.0,0.0,0.0,0.0,0.0,0.0,0.0,0.0,0.0,1.17212682412237e-05,0.7986465419501134,0.0788224009094892,0.0286875139445038,0.0152810152810152,0.010267663314519,0.007672210991713,0.0069267741023466,0.0054155653450807,0.0037787661507047,0.0025422338855174,0.0021607656626152,0.0011946311869012,0.000982271769746,0.0007007626633652,0.000701943212794,0.0005859535221666,0.0004698861700752,0.0005177384244278,0.000481735186643,0.0004695552138237,0.0004919991565728,0.0006257083490744,0.0005480218742348,0.0005410618927756,0.0004101049868766,0.0003985137780278,0.0005262850125723,0.0004811698294781,0.0005021604577834,0.0004220893422441,0.0003385477469063,0.0003863444787861,0.0003154610989729,0.0003747643083841,0.0003634700840671,0.0003876014517436,0.0002932964170909,0.0003633167301494,0.0004212447783199,0.0004823302432826,0.0005213517228304,0.0003791289512345,0.0006397194711652,0.0007107320540156,0.0005685317667124,0.0006276943483822,0.0004973710387949,0.0006630985648652,0.0005801562869997,0.0004380357058294,0.0004853449500449,0.0006391742815207,0.0004970884817497,0.0005798816568047,0.0004614947697259,0.0004614510861848,0.0004850693294212,0.0006269814981308,0.0004140052046368,0.0005322420400246,0.0004848857561852,0.0005084906106617
0,0,0,0,0,0,0,0,0,0,0,0,0,0,0,0,0,0,0,0,0.0,0.0,0.0,0.0,0.0,0.0,0.0,0.0,0.0,0.0,0.0,0.0,0.0,0.0,0.0,0.0,0.0,0.0,0.0,0.0,0.0,0.0,0.0,0.0,0.0,0.0,0.0,0.0,0.0,0.0,0.0,0.0,0.0,0.0,0.0,0.0,0.0,0.0,0.0,0.0,0.0,0.0,0.0,0.0,0.0,0.0,0.0,0.0,0.0,0.0,0.0,0.0,0.0,0.0,0.0,0.0,0.0,0.0,0.0,0.0,0.0,0.0,0.0,0.0,0.0,0.0,0.0,0.0,0.0,0.0,0.0,0.0,0.0,0.0,0.0,0.0,0.0,0.0,0.0,0.0,0.0,0.0,0.0,0.0,0.0,0.0,0.0,0.0,0.0,0.0,0.0,0.0,0.0,0.0,0.0,0.0,0.0,0.0,0.0,0.0,0.0,0.0,0.0,0.0,0.0,0.0,0.0,0.0,0.0,0.0,0.0,0.0,0.0,0.0,0.0,0.0,0.0,0.0,0.0,0.0,0.0,0.0,0.0,0.0,0.0,0.0,0.0,0.0,0.0,0.0,0.0,0.0,0.0,0.0,0.0,0.0,0.0,0.0,0.0,0.0,0.0,0.0,0.0,0.0,0.0,0.0,0.0,0.0,0.0,0.0,0.0,0.0,0.0,0.0,0.0,0.0,0.0,0.0,0.0,0.7975202207406179,0.0778778520179898,0.0283369828824374,0.0153369553738016,0.0098710264685368,0.0080105550843464,0.0069309838472834,0.0058207081079178,0.0036317626935963,0.0025365509952439,0.002225293387365,0.0011952945631849,0.0009927471064341,0.0006083507844215,0.0006562679448266,0.0005873577125941,0.0006942401600282,0.0004934848253416,0.0005869440172796,0.0003865707658786,0.0003895919909331,0.0005363618343574,0.0004116775271119,0.0003632358455193,0.0004571187453848,0.0004327232325594,0.0003520754849839,0.0003036319047062,0.0005510610857075,0.0004085921083352,0.0003863444787861,0.0003271448433794,0.0004216098469322,0.000340020401224,0.0004580744429697,0.0003754194138764,0.0003867565191913,0.0004680497536888,0.000505858547833,0.0005095028200388,0.0005213023079474,0.0003790930199497,0.000639658848614,0.0007106647083905,0.0005684779004216,0.0006276348822888,0.0004973239236489,0.0006630357565711,0.0005801013401524,0.0004379942232113,0.000485298991525,0.0006391137622496,0.0004970414201183,0.0005798267619633,0.0004614510861848,0.0004614074109128,0.0004850234230823,0.0006269221670215,0.0004139660311302,0.0005321916836179,0.0004848398845844
0,0,0,0,0,0,0,0,0,0,0,0,0,0,0,0,0,0,0,0,0.0,0.0,0.0,0.0,0.0,0.0,0.0,0.0,0.0,0.0,0.0,0.0,0.0,0.0,0.0,0.0,0.0,0.0,0.0,0.0,0.0,0.0,0.0,0.0,0.0,0.0,0.0,0.0,0.0,0.0,0.0,0.0,0.0,0.0,0.0,0.0,0.0,0.0,0.0,0.0,0.0,0.0,0.0,0.0,0.0,0.0,0.0,0.0,0.0,0.0,0.0,0.0,0.0,0.0,0.0,0.0,0.0,0.0,0.0,0.0,0.0,0.0,0.0,0.0,0.0,0.0,0.0,0.0,0.0,0.0,0.0,0.0,0.0,0.0,0.0,0.0,0.0,0.0,0.0,0.0,0.0,0.0,0.0,0.0,0.0,0.0,0.0,0.0,0.0,0.0,0.0,0.0,0.0,0.0,0.0,0.0,0.0,0.0,0.0,0.0,0.0,0.0,0.0,0.0,0.0,0.0,0.0,0.0,0.0,0.0,0.0,0.0,0.0,0.0,0.0,0.0,0.0,0.0,0.0,0.0,0.0,0.0,0.0,0.0,0.0,0.0,0.0,0.0,0.0,0.0,0.0,0.0,0.0,0.0,0.0,0.0,0.0,0.0,0.0,0.0,0.0,0.0,0.0,0.0,0.0,0.0,0.0,0.0,0.0,0.0,0.0,0.0,0.0,0.0,0.0,0.0,0.0,0.0,0.0,0.0,0.7987294355264857,0.0790421699512608,0.0284678299440265,0.0147060561998321,0.0097186881538026,0.0074361233480176,0.0069355614753617,0.0057873895826987,0.0038165697845105,0.00254151928978,0.0020947241354824,0.0014132047044533,0.000865729962446,0.0007851777197032,0.0007165764093648,0.0006589398129081,0.000481735186643,0.0005869440172796,0.0006442846097978,0.0005430676237249,0.0004780616349707,0.0003999153120515,0.0004804086989126,0.0004805607323276,0.0005145897900707,0.0003755471839829,0.0003853789559733,0.0004924375659514,0.0002918515059537,0.0003278074365458,0.0003271448433794,0.0003981870776581,0.0004338191325962,0.0003523649561305,0.0005162016940801,0.0004336360972751,0.0004563485098465,0.0004235094819067,0.0004502583060808,0.0005094545282214,0.0005212529024309,0.000379057095475,0.0006395982375515,0.000710597375527,0.000568424044337,0.0006275754274617,0.0004972768174283,0.0006629729601742,0.0005800464037122,0.0004379527484494,0.000485253041708,0.0006390532544378,0.0004969943673971,0.0005797718775143,0.0004614074109128,0.0004613637439076,0.0004849775254317,0.00062686284714,0.0004139268650361,0.000532141336739
0,0,0,0,0,0,0,0,0,0,0,0,0,0,0,0,0,0,0,0,0.0,0.0,0.0,0.0,0.0,0.0,0.0,0.0,0.0,0.0,0.0,0.0,0.0,0.0,0.0,0.0,0.0,0.0,0.0,0.0,0.0,0.0,0.0,0.0,0.0,0.0,0.0,0.0,0.0,0.0,0.0,0.0,0.0,0.0,0.0,0.0,0.0,0.0,0.0,0.0,0.0,0.0,0.0,0.0,0.0,0.0,0.0,0.0,0.0,0.0,0.0,0.0,0.0,0.0,0.0,0.0,0.0,0.0,0.0,0.0,0.0,0.0,0.0,0.0,0.0,0.0,0.0,0.0,0.0,0.0,0.0,0.0,0.0,0.0,0.0,0.0,0.0,0.0,0.0,0.0,0.0,0.0,0.0,0.0,0.0,0.0,0.0,0.0,0.0,0.0,0.0,0.0,0.0,0.0,0.0,0.0,0.0,0.0,0.0,0.0,0.0,0.0,0.0,0.0,0.0,0.0,0.0,0.0,0.0,0.0,0.0,0.0,0.0,0.0,0.0,0.0,0.0,0.0,0.0,0.0,0.0,0.0,0.0,0.0,0.0,0.0,0.0,0.0,0.0,0.0,0.0,0.0,0.0,0.0,0.0,0.0,0.0,0.0,0.0,0.0,0.0,0.0,0.0,0.0,0.0,0.0,0.0,0.0,0.0,0.0,0.0,0.0,0.0,0.0,0.0,0.0,0.0,0.0,0.0,0.0,0.0,0.7963433872524781,0.0806862319435806,0.0277334468205837,0.0145132409763453,0.0102907488986784,0.0078626500651309,0.0070292181166381,0.0054841171980506,0.0036307418425429,0.0026272811190797,0.0020438911014821,0.0012050025152965,0.0009726828467965,0.0007518178721204,0.0008707418956286,0.0005757322962318,0.0005399884958972,0.0008434271255534,0.0004604268983755,0.0004897216748481,0.0004822508174739,0.0006913198350206,0.0005391656996847,0.0005028945675691,0.0003403396354845,0.0004554478570594,0.0003869152303904,0.0004903105300023,0.0003863444787861,0.0004790335206627,0.0003630529237471,0.0003986446083316,0.0003993469502813,0.0005044698373964,0.0003633167301494,0.0003627385591088,0.0003882170250811,0.0004621072088724,0.000450215629591,0.0005094062455575,0.0005212035062781,0.0003790211778083,0.0006395376379743,0.0007105300554213,0.0005683701984559,0.0006275159838977,0.0004972297201307,0.0006629101756711,0.0005799914776762,0.0004379112815414,0.0004852071005917,0.000638992758082,0.0004969473235837,0.0005797170034546,0.0004613637439076,0.0004613200851667,0.0004849316364668,0.0006268035384833,0.0004138877063525
0,0,0,0,0,0,0,0,0,0,0,0,0,0,0,0,0,0,0,0,0.0,0.0,0.0,0.0,0.0,0.0,0.0,0.0,0.0,0.0,0.0,0.0,0.0,0.0,0.0,0.0,0.0,0.0,0.0,0.0,0.0,0.0,0.0,0.0,0.0,0.0,0.0,0.0,0.0,0.0,0.0,0.0,0.0,0.0,0.0,0.0,0.0,0.0,0.0,0.0,0.0,0.0,0.0,0.0,0.0,0.0,0.0,0.0,0.0,0.0,0.0,0.0,0.0,0.0,0.0,0.0,0.0,0.0,0.0,0.0,0.0,0.0,0.0,0.0,0.0,0.0,0.0,0.0,0.0,0.0,0.0,0.0,0.0,0.0,0.0,0.0,0.0,0.0,0.0,0.0,0.0,0.0,0.0,0.0,0.0,0.0,0.0,0.0,0.0,0.0,0.0,0.0,0.0,0.0,0.0,0.0,0.0,0.0,0.0,0.0,0.0,0.0,0.0,0.0,0.0,0.0,0.0,0.0,0.0,0.0,0.0,0.0,0.0,0.0,0.0,0.0,0.0,0.0,0.0,0.0,0.0,0.0,0.0,0.0,0.0,0.0,0.0,0.0,0.0,0.0,0.0,0.0,0.0,0.0,0.0,0.0,0.0,0.0,0.0,0.0,0.0,0.0,0.0,0.0,0.0,0.0,0.0,0.0,0.0,0.0,0.0,0.0,0.0,0.0,0.0,0.0,0.0,0.0,0.0,0.0,0.0,0.0,0.7939074619509733,0.0799966899551961,0.0280251625671473,0.0149309838472834,0.0096112095572271,0.0075681248389137,0.0068815689037637,0.0054461127638143,0.004000094676797,0.0025811424767288,0.0021994220667547,0.0012773786783232,0.0009045308773949,0.0008236747661352,0.0007989754315054,0.0005634662565884,0.0007145702035939,0.0005076501700037,0.0004547415552161,0.0005057752475946,0.0004921259842519,0.0005508866931561,0.0004678089000643,0.0004576981304791,0.0004087352563353,0.0004924375659514,0.0003735699276208,0.0004682963379226,0.0003505123321922,0.0003981870776581,0.0004807184982823,0.000446328944432,0.0003988831272437,0.0004687957808379,0.000479750997531,0.0004823302432826,0.000414711597706,0.000462063409317,0.0004501729611903,0.0005093579720445,0.0005211541194864,0.0003789852669477,0.0006394770498792,0.0007104627480699,0.0005683163627752,0.0006274565515935,0.0004971826317533,0.0006628474030585,0.0005799365620413,0.0004378698224852,0.0004851611681734,0.000638932273179,0.0004969002886754,0.0005796621397813,0.0004613200851667,0.0004612764346879,0.0004848857561852,0.0006267442410482
0,0,0,0,0,0,0,0,0,0,0,0,0,0,0,0,0,0,0,0,0.0,0.0,0.0,0.0,0.0,0.0,0.0,0.0,0.0,0.0,0.0,0.0,0.0,0.0,0.0,0.0,0.0,0.0,0.0,0.0,0.0,0.0,0.0,0.0,0.0,0.0,0.0,0.0,0.0,0.0,0.0,0.0,0.0,0.0,0.0,0.0,0.0,0.0,0.0,0.0,0.0,0.0,0.0,0.0,0.0,0.0,0.0,0.0,0.0,0.0,0.0,0.0,0.0,0.0,0.0,0.0,0.0,0.0,0.0,0.0,0.0,0.0,0.0,0.0,0.0,0.0,0.0,0.0,0.0,0.0,0.0,0.0,0.0,0.0,0.0,0.0,0.0,0.0,0.0,0.0,0.0,0.0,0.0,0.0,0.0,0.0,0.0,0.0,0.0,0.0,0.0,0.0,0.0,0.0,0.0,0.0,0.0,0.0,0.0,0.0,0.0,0.0,0.0,0.0,0.0,0.0,0.0,0.0,0.0,0.0,0.0,0.0,0.0,0.0,0.0,0.0,0.0,0.0,0.0,0.0,0.0,0.0,0.0,0.0,0.0,0.0,0.0,0.0,0.0,0.0,0.0,0.0,0.0,0.0,0.0,0.0,0.0,0.0,0.0,0.0,0.0,0.0,0.0,0.0,0.0,0.0,0.0,0.0,0.0,0.0,0.0,0.0,0.0,0.0,0.0,0.0,0.0,0.0,0.0,0.0,0.0,0.0,0.0,0.7947890437516993,0.0802115728960512,0.0277944199706314,0.014246652506073,0.0099580589985707,0.0082555340261875,0.0073434681783045,0.0056332694264953,0.0037957977598953,0.0023632088164067,0.0019805229049231,0.0011864625794401,0.0009413425898688,0.0006579797671221,0.0008099827438458,0.0007262844692266,0.0006375141669814,0.0006529622331308,0.0004822508174739,0.0005741469816272,0.0005508866931561,0.0005379802350739,0.0004929056789775,0.0004204134065164,0.0004220893422441,0.0004903105300023,0.0004331741125784,0.0003505123321922,0.0003981870776581,0.0003751949254886,0.000446328944432,0.0004458105539782,0.000457075886317,0.0003276348275821,0.0003764528728059,0.000414711597706,0.0004146722904127,0.0004620196180637,0.0004501303008765,0.0005093097076799,0.0005211047420531,0.0003789493628913,0.0006394164732629,0.000710395453469,0.0005682625372922,0.0006273971305459,0.0004971355522939,0.000662784642333,0.0005798816568047,0.0004378283712784,0.0004851152444507,0.0006388717997255,0.0004968532626697,0.0005796072864916,0.0004612764346879,0.0004612327924688,0.0004848398845844
0,0,0,0,0,0,0,0,0,0,0,0,0,0,0,0,0,0,0,0,0.0,0.0,0.0,0.0,0.0,0.0,0.0,0.0,0.0,0.0,0.0,0.0,0.0,0.0,0.0,0.0,0.0,0.0,0.0,0.0,0.0,0.0,0.0,0.0,0.0,0.0,0.0,0.0,0.0,0.0,0.0,0.0,0.0,0.0,0.0,0.0,0.0,0.0,0.0,0.0,0.0,0.0,0.0,0.0,0.0,0.0,0.0,0.0,0.0,0.0,0.0,0.0,0.0,0.0,0.0,0.0,0.0,0.0,0.0,0.0,0.0,0.0,0.0,0.0,0.0,0.0,0.0,0.0,0.0,0.0,0.0,0.0,0.0,0.0,0.0,0.0,0.0,0.0,0.0,0.0,0.0,0.0,0.0,0.0,0.0,0.0,0.0,0.0,0.0,0.0,0.0,0.0,0.0,0.0,0.0,0.0,0.0,0.0,0.0,0.0,0.0,0.0,0.0,0.0,0.0,0.0,0.0,0.0,0.0,0.0,0.0,0.0,0.0,0.0,0.0,0.0,0.0,0.0,0.0,0.0,0.0,0.0,0.0,0.0,0.0,0.0,0.0,0.0,0.0,0.0,0.0,0.0,0.0,0.0,0.0,0.0,0.0,0.0,0.0,0.0,0.0,0.0,0.0,0.0,0.0,0.0,0.0,0.0,0.0,0.0,0.0,0.0,0.0,0.0,0.0,0.0,0.0,0.0,0.0,0.0,0.0,0.0,0.0,0.0,0.7959900103666006,0.0793538913362701,0.027308039853074,0.0146559197731905,0.0104280429804474,0.0074957250942821,0.007112594380932,0.0056878569509816,0.0035331141710635,0.0025313192157598,0.0023846723131321,0.0012708124963228,0.001022218566779,0.0007512883421179,0.0006091418128997,0.0006729316207026,0.0007112624325175,0.0005763485379566,0.0007264716910386,0.0005040027192704,0.0005730659025787,0.0005515849264749,0.0004554478570594,0.0004455387501465,0.0003852439878589,0.0004214667041303,0.000432298543037,0.0003981870776581,0.0003517452426455,0.0003641104546682,0.000551397264131,0.0004101963082332,0.0003627385591088,0.0003529245682556,0.0004265605004976,0.0004146722904127,0.00041463299057,0.0004619758351101,0.0004500876486473,0.000509261452461,0.0005210553739756,0.0003789134656372,0.0006393559081221,0.0007103281716152,0.0005682087220038,0.0006273377207518,0.0004970884817497,0.0006627218934911,0.0005798267619633,0.0004377869279189,0.0004850693294212,0.0006388113377182,0.0004968062455642,0.0005795524435823,0.0004612327924688,0.0004611891585071
0,0,0,0,0,0,0,0,0,0,0,0,0,0,0,0,0,0,0,0,0.0,0.0,0.0,0.0,0.0,0.0,0.0,0.0,0.0,0.0,0.0,0.0,0.0,0.0,0.0,0.0,0.0,0.0,0.0,0.0,0.0,0.0,0.0,0.0,0.0,0.0,0.0,0.0,0.0,0.0,0.0,0.0,0.0,0.0,0.0,0.0,0.0,0.0,0.0,0.0,0.0,0.0,0.0,0.0,0.0,0.0,0.0,0.0,0.0,0.0,0.0,0.0,0.0,0.0,0.0,0.0,0.0,0.0,0.0,0.0,0.0,0.0,0.0,0.0,0.0,0.0,0.0,0.0,0.0,0.0,0.0,0.0,0.0,0.0,0.0,0.0,0.0,0.0,0.0,0.0,0.0,0.0,0.0,0.0,0.0,0.0,0.0,0.0,0.0,0.0,0.0,0.0,0.0,0.0,0.0,0.0,0.0,0.0,0.0,0.0,0.0,0.0,0.0,0.0,0.0,0.0,0.0,0.0,0.0,0.0,0.0,0.0,0.0,0.0,0.0,0.0,0.0,0.0,0.0,0.0,0.0,0.0,0.0,0.0,0.0,0.0,0.0,0.0,0.0,0.0,0.0,0.0,0.0,0.0,0.0,0.0,0.0,0.0,0.0,0.0,0.0,0.0,0.0,0.0,0.0,0.0,0.0,0.0,0.0,0.0,0.0,0.0,0.0,0.0,0.0,0.0,0.0,0.0,0.0,0.0,0.0,0.0,0.0,0.0,0.0,0.7978032305433187,0.0786969124429371,0.0284800487359122,0.0142798426398919,0.0098381391862453,0.0067220525929607,0.0069141916118709,0.0057793324520046,0.0039962030211763,0.0026431097066735,0.0019768194387244,0.0011984631472582,0.0011738880345592,0.0008317128599208,0.0008146014355874,0.0006179821134988,0.00069397068856,0.0007850581177352,0.0006094916605131,0.0005145897900707,0.0004694339799786,0.0006773327104986,0.0004572634540977,0.0003502218071445,0.0004800037463707,0.0004907172650691,0.0005035895393912,0.0003634700840671,0.0004815654400451,0.0004340786972946,0.0004219162027541,0.0004329460221621,0.0004588019387322,0.0004621072088724,0.0004265200701388,0.00041463299057,0.0004145936981757,0.0004619320604538,0.0004500450045004,0.0005092132063852,0.0005210060152512,0.0003788775751835,0.0006392953544537,0.0007102609025048,0.0005681549169073,0.000627278322208,0.0004970414201183,0.0006626591565295,0.0005797718775143,0.0004377454924045,0.0004850234230823,0.000638750887154,0.0004967592373562,0.0005794976110506,0.0004611891585071
0,0,0,0,0,0,0,0,0,0,0,0,0,0,0,0,0,0,0,0,0.0,0.0,0.0,0.0,0.0,0.0,0.0,0.0,0.0,0.0,0.0,0.0,0.0,0.0,0.0,0.0,0.0,0.0,0.0,0.0,0.0,0.0,0.0,0.0,0.0,0.0,0.0,0.0,0.0,0.0,0.0,0.0,0.0,0.0,0.0,0.0,0.0,0.0,0.0,0.0,0.0,0.0,0.0,0.0,0.0,0.0,0.0,0.0,0.0,0.0,0.0,0.0,0.0,0.0,0.0,0.0,0.0,0.0,0.0,0.0,0.0,0.0,0.0,0.0,0.0,0.0,0.0,0.0,0.0,0.0,0.0,0.0,0.0,0.0,0.0,0.0,0.0,0.0,0.0,0.0,0.0,0.0,0.0,0.0,0.0,0.0,0.0,0.0,0.0,0.0,0.0,0.0,0.0,0.0,0.0,0.0,0.0,0.0,0.0,0.0,0.0,0.0,0.0,0.0,0.0,0.0,0.0,0.0,0.0,0.0,0.0,0.0,0.0,0.0,0.0,0.0,0.0,0.0,0.0,0.0,0.0,0.0,0.0,0.0,0.0,0.0,0.0,0.0,0.0,0.0,0.0,0.0,0.0,0.0,0.0,0.0,0.0,0.0,0.0,0.0,0.0,0.0,0.0,0.0,0.0,0.0,0.0,0.0,0.0,0.0,0.0,0.0,0.0,0.0,0.0,0.0,0.0,0.0,0.0,0.0,0.0,0.0,0.0,0.0,0.0,0.0,0.7977069226526468,0.0796410412615103,0.0287828078210322,0.014312150101895,0.009337499112405,0.0076383130306817,0.0069960340208477,0.0059767259260995,0.003394927578794,0.0025063246455256,0.0019739393013664,0.0013147545987063,0.0008199985942881,0.0009444654325651,0.0007812226717815,0.0006822084734997,0.0005272778402699,0.0007032596082843,0.0007017133500964,0.0004459622809797,0.0005955856592315,0.0005979599015124,0.000548680831193,0.0004917111548187,0.0004673497762562,0.0005270123086652,0.0004338191325962,0.0003171284605175,0.0003636875571928,0.0004922355698798,0.0003627385591088,0.0004470377864571,0.0004976539172472,0.000462063409317,0.0004264796474434,0.0004145936981757,0.0004145544132278,0.0004618882940925,0.0004500023684335,0.0005091649694501,0.0005209566658773,0.0003788416915281,0.0006392348122543,0.0007101936461341,0.0005681011219997,0.0006272189349112,0.0004969943673971,0.0006625964314449,0.0005797170034546,0.0004377040647328,0.0004849775254317,0.0006386904480295,0.0004967122380434,0.0005794427888936
0,0,0,0,0,0,0,0,0,0,0,0,0,0,0,0,0,0,0,0,0.0,0.0,0.0,0.0,0.0,0.0,0.0,0.0,0.0,0.0,0.0,0.0,0.0,0.0,0.0,0.0,0.0,0.0,0.0,0.0,0.0,0.0,0.0,0.0,0.0,0.0,0.0,0.0,0.0,0.0,0.0,0.0,0.0,0.0,0.0,0.0,0.0,0.0,0.0,0.0,0.0,0.0,0.0,0.0,0.0,0.0,0.0,0.0,0.0,0.0,0.0,0.0,0.0,0.0,0.0,0.0,0.0,0.0,0.0,0.0,0.0,0.0,0.0,0.0,0.0,0.0,0.0,0.0,0.0,0.0,0.0,0.0,0.0,0.0,0.0,0.0,0.0,0.0,0.0,0.0,0.0,0.0,0.0,0.0,0.0,0.0,0.0,0.0,0.0,0.0,0.0,0.0,0.0,0.0,0.0,0.0,0.0,0.0,0.0,0.0,0.0,0.0,0.0,0.0,0.0,0.0,0.0,0.0,0.0,0.0,0.0,0.0,0.0,0.0,0.0,0.0,0.0,0.0,0.0,0.0,0.0,0.0,0.0,0.0,0.0,0.0,0.0,0.0,0.0,0.0,0.0,0.0,0.0,0.0,0.0,0.0,0.0,0.0,0.0,0.0,0.0,0.0,0.0,0.0,0.0,0.0,0.0,0.0,0.0,0.0,0.0,0.0,0.0,0.0,0.0,0.0,0.0,0.0,0.0,0.0,0.0,0.0,0.0,0.0,0.0,0.0,0.0,0.7953911759881908,0.0795842874757794,0.0278395914829823,0.014509219153116,0.0103596080400836,0.0082244346432373,0.0070314422659994,0.0054271852643697,0.0037183032299817,0.0025144226815025,0.0022773427870449,0.0011714265632687,0.0009680770683792,0.0007229224723948,0.0005763485379566,0.0008436445444319,0.0005274447062132,0.0006783229050932,0.0006689434214695,0.0004671260072404,0.0005041622699026,0.0005603548914312,0.0006556148730916,0.0004673497762562,0.0004333212315692,0.0005627923882329,0.0004228379473566,0.0004810061240291,0.0004805156753589,0.0003042323398977,0.0005646793092089,0.0004858050144556,0.0004976067484953,0.0004620196180637,0.0004264392324093,0.0004145544132278,0.000414515135724,0.0004618445360238,0.0004499597404442,0.0005091167416528,0.0005209073258512,0.0003788058146692,0.0006391742815207,0.0007101264024996,0.0005680473372781,0.0006271595588583,0.0004969473235837,0.0006625337182338,0.0005796621397813,0.0004376626449018,0.0004849316364668,0.0006386300203415,0.0004966652476231
0,0,0,0,0,0,0,0,0,0,0,0,0,0,0,0,0,0,0,0,0.0,0.0,0.0,0.0,0.0,0.0,0.0,0.0,0.0,0.0,0.0,0.0,0.0,0.0,0.0,0.0,0.0,0.0,0.0,0.0,0.0,0.0,0.0,0.0,0.0,0.0,0.0,0.0,0.0,0.0,0.0,0.0,0.0,0.0,0.0,0.0,0.0,0.0,0.0,0.0,0.0,0.0,0.0,0.0,0.0,0.0,0.0,0.0,0.0,0.0,0.0,0.0,0.0,0.0,0.0,0.0,0.0,0.0,0.0,0.0,0.0,0.0,0.0,0.0,0.0,0.0,0.0,0.0,0.0,0.0,0.0,0.0,0.0,0.0,0.0,0.0,0.0,0.0,0.0,0.0,0.0,0.0,0.0,0.0,0.0,0.0,0.0,0.0,0.0,0.0,0.0,0.0,0.0,0.0,0.0,0.0,0.0,0.0,0.0,0.0,0.0,0.0,0.0,0.0,0.0,0.0,0.0,0.0,0.0,0.0,0.0,0.0,0.0,0.0,0.0,0.0,0.0,0.0,0.0,0.0,0.0,0.0,0.0,0.0,0.0,0.0,0.0,0.0,0.0,0.0,0.0,0.0,0.0,0.0,0.0,0.0,0.0,0.0,0.0,0.0,0.0,0.0,0.0,0.0,0.0,0.0,0.0,0.0,0.0,0.0,0.0,0.0,0.0,0.0,0.0,0.0,0.0,0.0,0.0,0.0,0.0,0.0,0.0,0.0,0.0,0.0,0.0,0.0,0.7932123774293934,0.0808835585954885,0.0278823167412246,0.0147160159306712,0.0102249727997005,0.0078869344083627,0.0068133494660918,0.0059892922280402,0.0039008800479385,0.002535598154648,0.0022608532671086,0.0012750283339629,0.0008511829110455,0.0006351596132583,0.0007147544056992,0.0005626076866275,0.0006432372375884,0.0004811698294781,0.0004554478570594,0.0005627857896588,0.0004552883492878,0.0005151259717149,0.0004089310542242,0.0003747643083841,0.0004572688154392,0.0004933109385827,0.0004340786972946,0.0003867565191913,0.0004563485098465,0.0004470377864571,0.0004384094032892,0.0004857589687692,0.000497559588684,0.0004619758351101,0.0004263988250343,0.000414515135724,0.0004144758656624,0.0004618007862454,0.0004499171205304,0.0005090685229909,0.0005208579951702,0.0003787699446048,0.0006391137622496,0.0007100591715976,0.0005679935627396,0.000627100194046,0.0004969002886754,0.000662471016893,0.0005796072864916,0.0004376212329091,0.0004848857561852,0.0006385696040868
0,0,0,0,0,0,0,0,0,0,0,0,0,0,0,0,0,0,0,0,0.0,0.0,0.0,0.0,0.0,0.0,0.0,0.0,0.0,0.0,0.0,0.0,0.0,0.0,0.0,0.0,0.0,0.0,0.0,0.0,0.0,0.0,0.0,0.0,0.0,0.0,0.0,0.0,0.0,0.0,0.0,0.0,0.0,0.0,0.0,0.0,0.0,0.0,0.0,0.0,0.0,0.0,0.0,0.0,0.0,0.0,0.0,0.0,0.0,0.0,0.0,0.0,0.0,0.0,0.0,0.0,0.0,0.0,0.0,0.0,0.0,0.0,0.0,0.0,0.0,0.0,0.0,0.0,0.0,0.0,0.0,0.0,0.0,0.0,0.0,0.0,0.0,0.0,0.0,0.0,0.0,0.0,0.0,0.0,0.0,0.0,0.0,0.0,0.0,0.0,0.0,0.0,0.0,0.0,0.0,0.0,0.0,0.0,0.0,0.0,0.0,0.0,0.0,0.0,0.0,0.0,0.0,0.0,0.0,0.0,0.0,0.0,0.0,0.0,0.0,0.0,0.0,0.0,0.0,0.0,0.0,0.0,0.0,0.0,0.0,0.0,0.0,0.0,0.0,0.0,0.0,0.0,0.0,0.0,0.0,0.0,0.0,0.0,0.0,0.0,0.0,0.0,0.0,0.0,0.0,0.0,0.0,0.0,0.0,0.0,0.0,0.0,0.0,0.0,0.0,0.0,0.0,0.0,0.0,0.0,0.0,0.0,0.0,0.0,0.0,0.0,0.0,0.0,0.0,0.7948396617554051,0.0789249449691116,0.0276217283143154,0.0148928951647811,0.0105823206103291,0.007894087657265,0.0071895040301229,0.0056868251301272,0.0040499137192294,0.0026239955017219,0.0020778239516433,0.001282604386507,0.0008704039144651,0.0007499062617172,0.0006094916605131,0.0007367990176013,0.0007510943679658,0.0007006890108606,0.0005041622699026,0.0006770954938127,0.000538540788611,0.0005140847538819,0.0005504350779392,0.0003751949254886,0.0004933109385827,0.0003754194138764,0.0004922355698798,0.0004680497536888,0.0003293962637052,0.0004976539172472,0.0004383678498649,0.0004857129318106,0.0004975124378109,0.0004619320604538,0.0004263584253162,0.0004144758656624,0.0004144366030407,0.0004617570447549,0.0004498745086896,0.0005090203134618,0.0005208086738317,0.0003787340813331,0.0006390532544378,0.0007099919534245,0.0005679397983813,0.0006270408404713,0.0004968532626697,0.0006624083274189,0.0005795524435823,0.0004375798287525,0.0004848398845844
0,0,0,0,0,0,0,0,0,0,0,0,0,0,0,0,0,0,0,0,0.0,0.0,0.0,0.0,0.0,0.0,0.0,0.0,0.0,0.0,0.0,0.0,0.0,0.0,0.0,0.0,0.0,0.0,0.0,0.0,0.0,0.0,0.0,0.0,0.0,0.0,0.0,0.0,0.0,0.0,0.0,0.0,0.0,0.0,0.0,0.0,0.0,0.0,0.0,0.0,0.0,0.0,0.0,0.0,0.0,0.0,0.0,0.0,0.0,0.0,0.0,0.0,0.0,0.0,0.0,0.0,0.0,0.0,0.0,0.0,0.0,0.0,0.0,0.0,0.0,0.0,0.0,0.0,0.0,0.0,0.0,0.0,0.0,0.0,0.0,0.0,0.0,0.0,0.0,0.0,0.0,0.0,0.0,0.0,0.0,0.0,0.0,0.0,0.0,0.0,0.0,0.0,0.0,0.0,0.0,0.0,0.0,0.0,0.0,0.0,0.0,0.0,0.0,0.0,0.0,0.0,0.0,0.0,0.0,0.0,0.0,0.0,0.0,0.0,0.0,0.0,0.0,0.0,0.0,0.0,0.0,0.0,0.0,0.0,0.0,0.0,0.0,0.0,0.0,0.0,0.0,0.0,0.0,0.0,0.0,0.0,0.0,0.0,0.0,0.0,0.0,0.0,0.0,0.0,0.0,0.0,0.0,0.0,0.0,0.0,0.0,0.0,0.0,0.0,0.0,0.0,0.0,0.0,0.0,0.0,0.0,0.0,0.0,0.0,0.0,0.0,0.0,0.0,0.0,0.0,0.7947880423205282,0.0798051879795844,0.0287445745639177,0.0143441422226389,0.0095504364067804,0.0081896805318585,0.0066972940582077,0.0056581403265756,0.0036197080805004,0.0029868719304873,0.0019472266595151,0.0011174104307323,0.0009842519685039,0.0006680966278701,0.0007367990176013,0.0007393585184663,0.0007357234614037,0.0006214093094149,0.0006420733130982,0.0005736630139552,0.0005257684982883,0.0005153009240282,0.0004572688154392,0.0004815654400451,0.0005865928341819,0.0005391151479636,0.000374439802951,0.0003764528728059,0.0006042940423716,0.0004976067484953,0.0004383263043169,0.0004856669035773,0.0004974652958734,0.0004618882940925,0.0004263180332528,0.0004144366030407,0.0004143973478569,0.0004617133115499,0.0004498319049197,0.0005089721130628,0.000520759361833,0.000378698224852,0.000638992758082,0.0007099247479767,0.0005678860442004,0.0006269814981308,0.0004968062455642,0.0006623456498083,0.0005794976110506,0.0004375384324298
0,0,0,0,0,0,0,0,0,0,0,0,0,0,0,0,0,0,0,0,0.0,0.0,0.0,0.0,0.0,0.0,0.0,0.0,0.0,0.0,0.0,0.0,0.0,0.0,0.0,0.0,0.0,0.0,0.0,0.0,0.0,0.0,0.0,0.0,0.0,0.0,0.0,0.0,0.0,0.0,0.0,0.0,0.0,0.0,0.0,0.0,0.0,0.0,0.0,0.0,0.0,0.0,0.0,0.0,0.0,0.0,0.0,0.0,0.0,0.0,0.0,0.0,0.0,0.0,0.0,0.0,0.0,0.0,0.0,0.0,0.0,0.0,0.0,0.0,0.0,0.0,0.0,0.0,0.0,0.0,0.0,0.0,0.0,0.0,0.0,0.0,0.0,0.0,0.0,0.0,0.0,0.0,0.0,0.0,0.0,0.0,0.0,0.0,0.0,0.0,0.0,0.0,0.0,0.0,0.0,0.0,0.0,0.0,0.0,0.0,0.0,0.0,0.0,0.0,0.0,0.0,0.0,0.0,0.0,0.0,0.0,0.0,0.0,0.0,0.0,0.0,0.0,0.0,0.0,0.0,0.0,0.0,0.0,0.0,0.0,0.0,0.0,0.0,0.0,0.0,0.0,0.0,0.0,0.0,0.0,0.0,0.0,0.0,0.0,0.0,0.0,0.0,0.0,0.0,0.0,0.0,0.0,0.0,0.0,0.0,0.0,0.0,0.0,0.0,0.0,0.0,0.0,0.0,0.0,0.0,0.0,0.0,0.0,0.0,0.0,0.0,0.0,0.0,0.0,0.0,1.1834599635494332e-05,0.7940458532369395,0.0792493887244521,0.0283249932615344,0.0144020111128079,0.0100841324939695,0.0082129974503284,0.0067029006773333,0.0060094182695686,0.003848696637703,0.0027867495306833,0.0021995342162836,0.0014880952380952,0.0009376794777125,0.0007601894626045,0.0007628302174652,0.0005955856592315,0.0005862351975612,0.000548680831193,0.0006556148730916,0.0005257684982883,0.0005855692318502,0.0004220942911747,0.0005520384312712,0.0005162016940801,0.0004687957808379,0.000479750997531,0.0004823302432826,0.0005568984312052,0.00060423676603,0.000497559588684,0.0004382847666429,0.0004856208840668,0.0004974181628689,0.0004618445360238,0.0004262776488419,0.0004143973478569,0.0004143581001089,0.0004616695866281,0.0004497893092183,0.0005089239217914,0.0005207100591715,0.0003786623751597,0.000638932273179,0.0007098575552505,0.000567832300194,0.0006269221670215,0.0004967592373562,0.0006622829840579,0.0005794427888936
0,0,0,0,0,0,0,0,0,0,0,0,0,0,0,0,0,0,0,0,0.0,0.0,0.0,0.0,0.0,0.0,0.0,0.0,0.0,0.0,0.0,0.0,0.0,0.0,0.0,0.0,0.0,0.0,0.0,0.0,0.0,0.0,0.0,0.0,0.0,0.0,0.0,0.0,0.0,0.0,0.0,0.0,0.0,0.0,0.0,0.0,0.0,0.0,0.0,0.0,0.0,0.0,0.0,0.0,0.0,0.0,0.0,0.0,0.0,0.0,0.0,0.0,0.0,0.0,0.0,0.0,0.0,0.0,0.0,0.0,0.0,0.0,0.0,0.0,0.0,0.0,0.0,0.0,0.0,0.0,0.0,0.0,0.0,0.0,0.0,0.0,0.0,0.0,0.0,0.0,0.0,0.0,0.0,0.0,0.0,0.0,0.0,0.0,0.0,0.0,0.0,0.0,0.0,0.0,0.0,0.0,0.0,0.0,0.0,0.0,0.0,0.0,0.0,0.0,0.0,0.0,0.0,0.0,0.0,0.0,0.0,0.0,0.0,0.0,0.0,0.0,0.0,0.0,0.0,0.0,0.0,0.0,0.0,0.0,0.0,0.0,0.0,0.0,0.0,0.0,0.0,0.0,0.0,0.0,0.0,0.0,0.0,0.0,0.0,0.0,0.0,0.0,0.0,0.0,0.0,0.0,0.0,0.0,0.0,0.0,0.0,0.0,0.0,0.0,0.0,0.0,0.0,0.0,0.0,0.0,0.0,0.0,0.0,0.0,0.0,0.0,0.0,0.0,0.0,0.0,0.0,0.0,0.793733986920458,0.0805803283683538,0.0279699742737321,0.0146261104900864,0.0098226979520379,0.0078063554298191,0.0065599887543049,0.0055723460521344,0.0039993936779263,0.0027876449693006,0.0020036557930258,0.0012424253079691,0.0009590082451318,0.0007041509699679,0.0008758612635758,0.0008441786844882,0.0005720289516693,0.0005151259717149,0.0006309221979459,0.0005035895393912,0.0005510675468114,0.0004933109385827,0.000680447687651,0.000457075886317,0.0004212447783199,0.000505858547833,0.0003791648893312,0.0005568456471257,0.0006041795005449,0.0004975124378109,0.0004382432368408,0.0004855748732768,0.0004973710387949,0.0004618007862454,0.0004262372720814,0.0004143581001089,0.0004143188597944,0.0004616258699872,0.0004497467215831,0.0005088757396449,0.0005206607658446,0.0003786265322542,0.0006388717997255,0.0007097903752425,0.0005677785663591,0.00062686284714,0.0004967122380434,0.0006622203301641
0,0,0,0,0,0,0,0,0,0,0,0,0,0,0,0,0,0,0,0,0.0,0.0,0.0,0.0,0.0,0.0,0.0,0.0,0.0,0.0,0.0,0.0,0.0,0.0,0.0,0.0,0.0,0.0,0.0,0.0,0.0,0.0,0.0,0.0,0.0,0.0,0.0,0.0,0.0,0.0,0.0,0.0,0.0,0.0,0.0,0.0,0.0,0.0,0.0,0.0,0.0,0.0,0.0,0.0,0.0,0.0,0.0,0.0,0.0,0.0,0.0,0.0,0.0,0.0,0.0,0.0,0.0,0.0,0.0,0.0,0.0,0.0,0.0,0.0,0.0,0.0,0.0,0.0,0.0,0.0,0.0,0.0,0.0,0.0,0.0,0.0,0.0,0.0,0.0,0.0,0.0,0.0,0.0,0.0,0.0,0.0,0.0,0.0,0.0,0.0,0.0,0.0,0.0,0.0,0.0,0.0,0.0,0.0,0.0,0.0,0.0,0.0,0.0,0.0,0.0,0.0,0.0,0.0,0.0,0.0,0.0,0.0,0.0,0.0,0.0,0.0,0.0,0.0,0.0,0.0,0.0,0.0,0.0,0.0,0.0,0.0,0.0,0.0,0.0,0.0,0.0,0.0,0.0,0.0,0.0,0.0,0.0,0.0,0.0,0.0,0.0,0.0,0.0,0.0,0.0,0.0,0.0,0.0,0.0,0.0,0.0,0.0,0.0,0.0,0.0,0.0,0.0,0.0,0.0,0.0,0.0,0.0,0.0,0.0,0.0,0.0,0.0,0.0,0.0,0.0,0.0,0.0,0.0,0.7917403991515392,0.0809378927954702,0.0273695358004353,0.0146987980119611,0.0101541314989376,0.0075908441299814,0.0066584812995844,0.0057250795797721,0.0042461596367827,0.0026715410573678,0.0020160108770819,0.001578855037717,0.0008097736154631,0.0007707579119467,0.0007269316449759,0.0008405323371468,0.0006322000561955,0.0005374522426947,0.0005621464625762,0.0005510675468114,0.0004228379473566,0.0005983246908655,0.0004922355698798,0.0005382572167421,0.0005411510046586,0.0004265605004976,0.0003791289512345,0.0005567928730512,0.0006041222459132,0.0004974652958734,0.0004382017149083,0.0004855288712045,0.0004973239236489,0.0004617570447549,0.0004261969029691,0.0004143188597944,0.0004142796269116,0.0004615821616247,0.0004497041420118,0.0005088275666209,0.0005206114818495,0.0003785906961336,0.0006388113377182,0.0007097232079488,0.0005677248426929,0.0006268035384833,0.0004966652476231
0,0,0,0,0,0,0,0,0,0,0,0,0,0,0,0,0,0,0,0,0.0,0.0,0.0,0.0,0.0,0.0,0.0,0.0,0.0,0.0,0.0,0.0,0.0,0.0,0.0,0.0,0.0,0.0,0.0,0.0,0.0,0.0,0.0,0.0,0.0,0.0,0.0,0.0,0.0,0.0,0.0,0.0,0.0,0.0,0.0,0.0,0.0,0.0,0.0,0.0,0.0,0.0,0.0,0.0,0.0,0.0,0.0,0.0,0.0,0.0,0.0,0.0,0.0,0.0,0.0,0.0,0.0,0.0,0.0,0.0,0.0,0.0,0.0,0.0,0.0,0.0,0.0,0.0,0.0,0.0,0.0,0.0,0.0,0.0,0.0,0.0,0.0,0.0,0.0,0.0,0.0,0.0,0.0,0.0,0.0,0.0,0.0,0.0,0.0,0.0,0.0,0.0,0.0,0.0,0.0,0.0,0.0,0.0,0.0,0.0,0.0,0.0,0.0,0.0,0.0,0.0,0.0,0.0,0.0,0.0,0.0,0.0,0.0,0.0,0.0,0.0,0.0,0.0,0.0,0.0,0.0,0.0,0.0,0.0,0.0,0.0,0.0,0.0,0.0,0.0,0.0,0.0,0.0,0.0,0.0,0.0,0.0,0.0,0.0,0.0,0.0,0.0,0.0,0.0,0.0,0.0,0.0,0.0,0.0,0.0,0.0,0.0,0.0,0.0,0.0,0.0,0.0,0.0,0.0,0.0,0.0,0.0,0.0,0.0,0.0,0.0,0.0,0.0,0.0,0.0,0.0,0.0,0.0,1.1719070443332436e-05,0.7940723859645001,0.0796022827557804,0.0289041111985806,0.014837944756829,0.0102382681629688,0.0074376652814506,0.0065762624908177,0.0059634430355924,0.0035972065991751,0.0024614086289953,0.0023507397228232,0.0013144151439401,0.0009926427653859,0.0009965998358541,0.0007354657950035,0.0005151259717149,0.0005024010094755,0.0007261058474943,0.0007152153267127,0.0006460024195726,0.0005279335507637,0.0004336360972751,0.0004680497536888,0.0004470377864571,0.0005213517228304,0.0004265200701388,0.0003790930199497,0.0005567401089789,0.0006040650021319,0.0004974181628689,0.0004381602008431,0.0004854828778477,0.0004972768174283,0.0004617133115499,0.0004261565415029,0.0004142796269116,0.0004142404014581,0.0004615384615384,0.0004496615705022,0.0005087794027166,0.0005205622071837,0.000378554866796,0.000638750887154,0.0007096560533661,0.0005676711291924,0.0006267442410482
0,0,0,0,0,0,0,0,0,0,0,0,0,0,0,0,0,0,0,0,0.0,0.0,0.0,0.0,0.0,0.0,0.0,0.0,0.0,0.0,0.0,0.0,0.0,0.0,0.0,0.0,0.0,0.0,0.0,0.0,0.0,0.0,0.0,0.0,0.0,0.0,0.0,0.0,0.0,0.0,0.0,0.0,0.0,0.0,0.0,0.0,0.0,0.0,0.0,0.0,0.0,0.0,0.0,0.0,0.0,0.0,0.0,0.0,0.0,0.0,0.0,0.0,0.0,0.0,0.0,0.0,0.0,0.0,0.0,0.0,0.0,0.0,0.0,0.0,0.0,0.0,0.0,0.0,0.0,0.0,0.0,0.0,0.0,0.0,0.0,0.0,0.0,0.0,0.0,0.0,0.0,0.0,0.0,0.0,0.0,0.0,0.0,0.0,0.0,0.0,0.0,0.0,0.0,0.0,0.0,0.0,0.0,0.0,0.0,0.0,0.0,0.0,0.0,0.0,0.0,0.0,0.0,0.0,0.0,0.0,0.0,0.0,0.0,0.0,0.0,0.0,0.0,0.0,0.0,0.0,0.0,0.0,0.0,0.0,0.0,0.0,0.0,0.0,0.0,0.0,0.0,0.0,0.0,0.0,0.0,0.0,0.0,0.0,0.0,0.0,0.0,0.0,0.0,0.0,0.0,0.0,0.0,0.0,0.0,0.0,0.0,0.0,0.0,0.0,0.0,0.0,0.0,0.0,0.0,0.0,0.0,0.0,0.0,0.0,0.0,0.0,0.0,0.0,0.0,0.0,0.0,0.0,0.0,0.0,0.0,0.792516326410543,0.0799445417053425,0.0278446241797457,0.0145725464470632,0.0101766150358896,0.007940487156466,0.0071631889717471,0.0057766216722909,0.0036100659891932,0.0027834629553827,0.0021124529099038,0.0012378839191872,0.0011138468753663,0.0007938360961942,0.0008429334082607,0.0007243921531972,0.0006792603089463,0.0006214165953405,0.0006225114224973,0.0006452521176001,0.0005859947260474,0.0004680497536888,0.000505858547833,0.0005450495284136,0.0005213023079474,0.0004264796474434,0.000379057095475,0.0005566873549059,0.0006040077691979,0.0004973710387949,0.0004381186946431,0.0004854368932038,0.0004972297201307,0.0004616695866281,0.0004261161876805,0.0004142404014581,0.0004142011834319,0.0004614947697259,0.0004496190070519,0.0005087312479295,0.0005205129418445,0.0003785190442394,0.0006386904480295,0.0007095889114906,0.0005676174258549
0,0,0,0,0,0,0,0,0,0,0,0,0,0,0,0,0,0,0,0,0.0,0.0,0.0,0.0,0.0,0.0,0.0,0.0,0.0,0.0,0.0,0.0,0.0,0.0,0.0,0.0,0.0,0.0,0.0,0.0,0.0,0.0,0.0,0.0,0.0,0.0,0.0,0.0,0.0,0.0,0.0,0.0,0.0,0.0,0.0,0.0,0.0,0.0,0.0,0.0,0.0,0.0,0.0,0.0,0.0,0.0,0.0,0.0,0.0,0.0,0.0,0.0,0.0,0.0,0.0,0.0,0.0,0.0,0.0,0.0,0.0,0.0,0.0,0.0,0.0,0.0,0.0,0.0,0.0,0.0,0.0,0.0,0.0,0.0,0.0,0.0,0.0,0.0,0.0,0.0,0.0,0.0,0.0,0.0,0.0,0.0,0.0,0.0,0.0,0.0,0.0,0.0,0.0,0.0,0.0,0.0,0.0,0.0,0.0,0.0,0.0,0.0,0.0,0.0,0.0,0.0,0.0,0.0,0.0,0.0,0.0,0.0,0.0,0.0,0.0,0.0,0.0,0.0,0.0,0.0,0.0,0.0,0.0,0.0,0.0,0.0,0.0,0.0,0.0,0.0,0.0,0.0,0.0,0.0,0.0,0.0,0.0,0.0,0.0,0.0,0.0,0.0,0.0,0.0,0.0,0.0,0.0,0.0,0.0,0.0,0.0,0.0,0.0,0.0,0.0,0.0,0.0,0.0,0.0,0.0,0.0,0.0,0.0,0.0,0.0,0.0,0.0,0.0,0.0,0.0,0.0,0.0,0.0,0.0,0.0,0.0,0.7909621779130291,0.080340897085236,0.0280088091277557,0.0142378163959199,0.0098410736564719,0.0074454821331953,0.0067960254968128,0.0058136127618176,0.0038126425355242,0.0026640378363787,0.0019502510802288,0.0013248915464884,0.0009455988792902,0.0007492741406762,0.0007711271308228,0.0008783538477754,0.0005627923882329,0.0008809123903264,0.0007625706844365,0.0003398769411075,0.0006786721428487,0.0004823302432826,0.0005687473339968,0.0005449978673996,0.0005212529024309,0.0004264392324093,0.0003790211778083,0.0005566346108295,0.0006039505471081,0.0004973239236489,0.0004380771963059,0.0004853909172704,0.0004971826317533,0.0004616258699872,0.0004260758414997,0.0004142011834319,0.0004141619728309,0.0004614510861848,0.0004495764516587,0.0005086831022571,0.0005204636858291,0.0003784832284619,0.0006386300203415,0.0007095217823187
0,0,0,0,0,0,0,0,0,0,0,0,0,0,0,0,0,0,0,0,0.0,0.0,0.0,0.0,0.0,0.0,0.0,0.0,0.0,0.0,0.0,0.0,0.0,0.0,0.0,0.0,0.0,0.0,0.0,0.0,0.0,0.0,0.0,0.0,0.0,0.0,0.0,0.0,0.0,0.0,0.0,0.0,0.0,0.0,0.0,0.0,0.0,0.0,0.0,0.0,0.0,0.0,0.0,0.0,0.0,0.0,0.0,0.0,0.0,0.0,0.0,0.0,0.0,0.0,0.0,0.0,0.0,0.0,0.0,0.0,0.0,0.0,0.0,0.0,0.0,0.0,0.0,0.0,0.0,0.0,0.0,0.0,0.0,0.0,0.0,0.0,0.0,0.0,0.0,0.0,0.0,0.0,0.0,0.0,0.0,0.0,0.0,0.0,0.0,0.0,0.0,0.0,0.0,0.0,0.0,0.0,0.0,0.0,0.0,0.0,0.0,0.0,0.0,0.0,0.0,0.0,0.0,0.0,0.0,0.0,0.0,0.0,0.0,0.0,0.0,0.0,0.0,0.0,0.0,0.0,0.0,0.0,0.0,0.0,0.0,0.0,0.0,0.0,0.0,0.0,0.0,0.0,0.0,0.0,0.0,0.0,0.0,0.0,0.0,0.0,0.0,0.0,0.0,0.0,0.0,0.0,0.0,0.0,0.0,0.0,0.0,0.0,0.0,0.0,0.0,0.0,0.0,0.0,0.0,0.0,0.0,0.0,0.0,0.0,0.0,0.0,0.0,0.0,0.0,0.0,0.0,0.0,0.0,0.0,0.0,0.0,0.0,0.790930541044995,0.0806527188810533,0.0282159047978843,0.0150181313620092,0.0107389023500905,0.0078388638920134,0.0069505491285441,0.0055903163557686,0.0038024152378269,0.0026509400910895,0.0020987220072693,0.001470931590007,0.0008195185913646,0.0008178621084485,0.0007495286167683,0.0007972892166633,0.0006225114224973,0.0005631291208146,0.0004922355698798,0.0004563485098465,0.0006823208319608,0.0004502583060808,0.0005686934268518,0.0005449462161777,0.0005212035062781,0.0004263988250343,0.0003789852669477,0.0005565818767467,0.0006038933358594,0.0004972768174283,0.0004380357058294,0.0004853449500449,0.0004971355522939,0.0004615821616247,0.0004260355029585,0.0004141619728309,0.000414122769653,0.0004614074109128,0.0004495339043202,0.0005086349656967,0.0005204144391351,0.0003784474194616,0.0006385696040868
0,0,0,0,0,0,0,0,0,0,0,0,0,0,0,0,0,0,0,0,0.0,0.0,0.0,0.0,0.0,0.0,0.0,0.0,0.0,0.0,0.0,0.0,0.0,0.0,0.0,0.0,0.0,0.0,0.0,0.0,0.0,0.0,0.0,0.0,0.0,0.0,0.0,0.0,0.0,0.0,0.0,0.0,0.0,0.0,0.0,0.0,0.0,0.0,0.0,0.0,0.0,0.0,0.0,0.0,0.0,0.0,0.0,0.0,0.0,0.0,0.0,0.0,0.0,0.0,0.0,0.0,0.0,0.0,0.0,0.0,0.0,0.0,0.0,0.0,0.0,0.0,0.0,0.0,0.0,0.0,0.0,0.0,0.0,0.0,0.0,0.0,0.0,0.0,0.0,0.0,0.0,0.0,0.0,0.0,0.0,0.0,0.0,0.0,0.0,0.0,0.0,0.0,0.0,0.0,0.0,0.0,0.0,0.0,0.0,0.0,0.0,0.0,0.0,0.0,0.0,0.0,0.0,0.0,0.0,0.0,0.0,0.0,0.0,0.0,0.0,0.0,0.0,0.0,0.0,0.0,0.0,0.0,0.0,0.0,0.0,0.0,0.0,0.0,0.0,0.0,0.0,0.0,0.0,0.0,0.0,0.0,0.0,0.0,0.0,0.0,0.0,0.0,0.0,0.0,0.0,0.0,0.0,0.0,0.0,0.0,0.0,0.0,0.0,0.0,0.0,0.0,0.0,0.0,0.0,0.0,0.0,0.0,0.0,0.0,0.0,0.0,0.0,0.0,0.0,0.0,0.0,0.0,0.0,0.0,0.0,0.0,0.0,0.0,0.7915095002694281,0.0799135814129202,0.0285670976994741,0.0142205180079512,0.009936257967754,0.0080874854952705,0.0069118764984503,0.0053632832212559,0.0038421114095527,0.0023918396060499,0.0021130049031053,0.0014517186475601,0.0007711271308228,0.0008900652324124,0.0006565911196051,0.0006107659239596,0.0005748609774982,0.0006563140931731,0.0006552696551643,0.0005999717660345,0.0005687473339968,0.000450215629591,0.0005686395299246,0.0005448945747453,0.0005211541194864,0.0004263584253162,0.0003789493628913,0.0005565291526547,0.0006038361354487,0.0004972297201307,0.0004379942232113,0.000485298991525,0.0004970884817497,0.0004615384615384,0.0004259951720547,0.000414122769653,0.0004140835738961,0.0004613637439076,0.0004494913650343,0.0005085868382457,0.0005203652017597,0.0003784116172366
0,0,0,0,0,0,0,0,0,0,0,0,0,0,0,0,0,0,0,0,0.0,0.0,0.0,0.0,0.0,0.0,0.0,0.0,0.0,0.0,0.0,0.0,0.0,0.0,0.0,0.0,0.0,0.0,0.0,0.0,0.0,0.0,0.0,0.0,0.0,0.0,0.0,0.0,0.0,0.0,0.0,0.0,0.0,0.0,0.0,0.0,0.0,0.0,0.0,0.0,0.0,0.0,0.0,0.0,0.0,0.0,0.0,0.0,0.0,0.0,0.0,0.0,0.0,0.0,0.0,0.0,0.0,0.0,0.0,0.0,0.0,0.0,0.0,0.0,0.0,0.0,0.0,0.0,0.0,0.0,0.0,0.0,0.0,0.0,0.0,0.0,0.0,0.0,0.0,0.0,0.0,0.0,0.0,0.0,0.0,0.0,0.0,0.0,0.0,0.0,0.0,0.0,0.0,0.0,0.0,0.0,0.0,0.0,0.0,0.0,0.0,0.0,0.0,0.0,0.0,0.0,0.0,0.0,0.0,0.0,0.0,0.0,0.0,0.0,0.0,0.0,0.0,0.0,0.0,0.0,0.0,0.0,0.0,0.0,0.0,0.0,0.0,0.0,0.0,0.0,0.0,0.0,0.0,0.0,0.0,0.0,0.0,0.0,0.0,0.0,0.0,0.0,0.0,0.0,0.0,0.0,0.0,0.0,0.0,0.0,0.0,0.0,0.0,0.0,0.0,0.0,0.0,0.0,0.0,0.0,0.0,0.0,0.0,0.0,0.0,0.0,0.0,0.0,0.0,0.0,0.0,0.0,0.0,0.0,0.0,0.0,0.0,0.0,0.0,0.7923828862863618,0.0796847125217168,0.0280175962737302,0.0149512560929883,0.0100683333919383,0.0076720659610549,0.0067950568601908,0.0058507532406866,0.0037753546722945,0.0026033154331076,0.0018731853516905,0.0014254168175816,0.0008549310785014,0.0007972892166633,0.0007282209093364,0.000680447687651,0.0005742748315265,0.0006201659236376,0.0005882076137593,0.0004976539172472,0.0005686934268518,0.0004501729611903,0.0005685856432125,0.0005448429430994,0.0005211047420531,0.0004263180332528,0.0003789134656372,0.0005564764385507,0.0006037789458729,0.0004971826317533,0.0004379527484494,0.000485253041708,0.0004970414201183,0.0004614947697259,0.000425954848786,0.0004140835738961,0.0004140443855581,0.0004613200851667,0.0004494488337985,0.0005085387199016,0.0005203159737003
0,0,0,0,0,0,0,0,0,0,0,0,0,0,0,0,0,0,0,0,0.0,0.0,0.0,0.0,0.0,0.0,0.0,0.0,0.0,0.0,0.0,0.0,0.0,0.0,0.0,0.0,0.0,0.0,0.0,0.0,0.0,0.0,0.0,0.0,0.0,0.0,0.0,0.0,0.0,0.0,0.0,0.0,0.0,0.0,0.0,0.0,0.0,0.0,0.0,0.0,0.0,0.0,0.0,0.0,0.0,0.0,0.0,0.0,0.0,0.0,0.0,0.0,0.0,0.0,0.0,0.0,0.0,0.0,0.0,0.0,0.0,0.0,0.0,0.0,0.0,0.0,0.0,0.0,0.0,0.0,0.0,0.0,0.0,0.0,0.0,0.0,0.0,0.0,0.0,0.0,0.0,0.0,0.0,0.0,0.0,0.0,0.0,0.0,0.0,0.0,0.0,0.0,0.0,0.0,0.0,0.0,0.0,0.0,0.0,0.0,0.0,0.0,0.0,0.0,0.0,0.0,0.0,0.0,0.0,0.0,0.0,0.0,0.0,0.0,0.0,0.0,0.0,0.0,0.0,0.0,0.0,0.0,0.0,0.0,0.0,0.0,0.0,0.0,0.0,0.0,0.0,0.0,0.0,0.0,0.0,0.0,0.0,0.0,0.0,0.0,0.0,0.0,0.0,0.0,0.0,0.0,0.0,0.0,0.0,0.0,0.0,0.0,0.0,0.0,0.0,0.0,0.0,0.0,0.0,0.0,0.0,0.0,0.0,0.0,0.0,0.0,0.0,0.0,0.0,0.0,0.0,0.0,0.0,0.0,0.0,0.0,0.0,0.0,0.0,0.0,0.7912852861956788,0.0790656096356065,0.0282972440944881,0.0146746838262011,0.0107011285889714,0.0079451701111384,0.0065397641013663,0.0058506272716613,0.0035839364931123,0.0024702631825419,0.002009604037902,0.0012062726176115,0.0010552357279367,0.000892657888864,0.0008329618245383,0.0007500732493407,0.000690373386691,0.0004823302432826,0.00059244513958,0.0004976067484953,0.0005686395299246,0.0004501303008765,0.0005685317667124,0.0005447913212373,0.0005210553739756,0.0004262776488419,0.0003788775751835,0.0005564237344319,0.0006037217671291,0.0004971355522939,0.0004379112815414,0.0004852071005917,0.0004969943673971,0.0004614510861848,0.0004259145331503,0.0004140443855581,0.0004140052046368,0.0004612764346879,0.0004494063106107,0.0005084906106617
0,0,0,0,0,0,0,0,0,0,0,0,0,0,0,0,0,0,0,0,0.0,0.0,0.0,0.0,0.0,0.0,0.0,0.0,0.0,0.0,0.0,0.0,0.0,0.0,0.0,0.0,0.0,0.0,0.0,0.0,0.0,0.0,0.0,0.0,0.0,0.0,0.0,0.0,0.0,0.0,0.0,0.0,0.0,0.0,0.0,0.0,0.0,0.0,0.0,0.0,0.0,0.0,0.0,0.0,0.0,0.0,0.0,0.0,0.0,0.0,0.0,0.0,0.0,0.0,0.0,0.0,0.0,0.0,0.0,0.0,0.0,0.0,0.0,0.0,0.0,0.0,0.0,0.0,0.0,0.0,0.0,0.0,0.0,0.0,0.0,0.0,0.0,0.0,0.0,0.0,0.0,0.0,0.0,0.0,0.0,0.0,0.0,0.0,0.0,0.0,0.0,0.0,0.0,0.0,0.0,0.0,0.0,0.0,0.0,0.0,0.0,0.0,0.0,0.0,0.0,0.0,0.0,0.0,0.0,0.0,0.0,0.0,0.0,0.0,0.0,0.0,0.0,0.0,0.0,0.0,0.0,0.0,0.0,0.0,0.0,0.0,0.0,0.0,0.0,0.0,0.0,0.0,0.0,0.0,0.0,0.0,0.0,0.0,0.0,0.0,0.0,0.0,0.0,0.0,0.0,0.0,0.0,0.0,0.0,0.0,0.0,0.0,0.0,0.0,0.0,0.0,0.0,0.0,0.0,0.0,0.0,0.0,0.0,0.0,0.0,0.0,0.0,0.0,0.0,0.0,0.0,0.0,0.0,0.0,0.0,0.0,0.0,0.0,0.0,0.0,0.0,0.7911030605283585,0.0802165354330708,0.0286695500310606,0.0139991813344248,0.0098698494290509,0.0078243606212775,0.007445187009028,0.0054050898902638,0.0035941743935562,0.0025353725361903,0.002131472003935,0.0011724841421519,0.0010688403669293,0.0009033529646401,0.0007266334602988,0.0006669708990065,0.0005764434614841,0.0006042940423716,0.0005923889863039,0.000497559588684,0.0005685856432125,0.0004500876486473,0.0005684779004216,0.0005447397091563,0.0005210060152512,0.0004262372720814,0.0003788416915281,0.0005563710402954,0.000603664599214,0.0004970884817497,0.0004378698224852,0.0004851611681734,0.0004969473235837,0.0004614074109128,0.0004258742251455,0.0004140052046368,0.0004139660311302,0.0004612327924688,0.0004493637954685
0,0,0,0,0,0,0,0,0,0,0,0,0,0,0,0,0,0,0,0,0.0,0.0,0.0,0.0,0.0,0.0,0.0,0.0,0.0,0.0,0.0,0.0,0.0,0.0,0.0,0.0,0.0,0.0,0.0,0.0,0.0,0.0,0.0,0.0,0.0,0.0,0.0,0.0,0.0,0.0,0.0,0.0,0.0,0.0,0.0,0.0,0.0,0.0,0.0,0.0,0.0,0.0,0.0,0.0,0.0,0.0,0.0,0.0,0.0,0.0,0.0,0.0,0.0,0.0,0.0,0.0,0.0,0.0,0.0,0.0,0.0,0.0,0.0,0.0,0.0,0.0,0.0,0.0,0.0,0.0,0.0,0.0,0.0,0.0,0.0,0.0,0.0,0.0,0.0,0.0,0.0,0.0,0.0,0.0,0.0,0.0,0.0,0.0,0.0,0.0,0.0,0.0,0.0,0.0,0.0,0.0,0.0,0.0,0.0,0.0,0.0,0.0,0.0,0.0,0.0,0.0,0.0,0.0,0.0,0.0,0.0,0.0,0.0,0.0,0.0,0.0,0.0,0.0,0.0,0.0,0.0,0.0,0.0,0.0,0.0,0.0,0.0,0.0,0.0,0.0,0.0,0.0,0.0,0.0,0.0,0.0,0.0,0.0,0.0,0.0,0.0,0.0,0.0,0.0,0.0,0.0,0.0,0.0,0.0,0.0,0.0,0.0,0.0,0.0,0.0,0.0,0.0,0.0,0.0,0.0,0.0,0.0,0.0,0.0,0.0,0.0,0.0,0.0,0.0,0.0,0.0,0.0,0.0,0.0,0.0,0.0,0.0,0.0,0.0,0.0,0.0,0.0,0.7894052305961755,0.0797848025598649,0.0276241155487983,0.014834113767325,0.0095060142473432,0.0077852034236135,0.0070744805043194,0.0059005338578252,0.0036102770215798,0.0023774110813121,0.0021104714558735,0.0013154958362207,0.0008212299678547,0.0008203926164664,0.0007839833374287,0.000694084984236,0.0006990852647044,0.00060423676603,0.0005923328436715,0.0004975124378109,0.0005685317667124,0.0004500450045004,0.000568424044337,0.0005446881068535,0.0005209566658773,0.0004261969029691,0.0003788058146692,0.0005563183561384,0.0006036074421246,0.0004970414201183,0.0004378283712784,0.0004851152444507,0.0004969002886754,0.0004613637439076,0.0004258339247693,0.0004139660311302,0.0004139268650361,0.0004611891585071
0,0,0,0,0,0,0,0,0,0,0,0,0,0,0,0,0,0,0,0,0.0,0.0,0.0,0.0,0.0,0.0,0.0,0.0,0.0,0.0,0.0,0.0,0.0,0.0,0.0,0.0,0.0,0.0,0.0,0.0,0.0,0.0,0.0,0.0,0.0,0.0,0.0,0.0,0.0,0.0,0.0,0.0,0.0,0.0,0.0,0.0,0.0,0.0,0.0,0.0,0.0,0.0,0.0,0.0,0.0,0.0,0.0,0.0,0.0,0.0,0.0,0.0,0.0,0.0,0.0,0.0,0.0,0.0,0.0,0.0,0.0,0.0,0.0,0.0,0.0,0.0,0.0,0.0,0.0,0.0,0.0,0.0,0.0,0.0,0.0,0.0,0.0,0.0,0.0,0.0,0.0,0.0,0.0,0.0,0.0,0.0,0.0,0.0,0.0,0.0,0.0,0.0,0.0,0.0,0.0,0.0,0.0,0.0,0.0,0.0,0.0,0.0,0.0,0.0,0.0,0.0,0.0,0.0,0.0,0.0,0.0,0.0,0.0,0.0,0.0,0.0,0.0,0.0,0.0,0.0,0.0,0.0,0.0,0.0,0.0,0.0,0.0,0.0,0.0,0.0,0.0,0.0,0.0,0.0,0.0,0.0,0.0,0.0,0.0,0.0,0.0,0.0,0.0,0.0,0.0,0.0,0.0,0.0,0.0,0.0,0.0,0.0,0.0,0.0,0.0,0.0,0.0,0.0,0.0,0.0,0.0,0.0,0.0,0.0,0.0,0.0,0.0,0.0,0.0,0.0,0.0,0.0,0.0,0.0,0.0,0.0,0.0,0.0,0.0,0.0,0.0,0.0,0.0,0.7914483631632617,0.0791883515583883,0.0290110199626799,0.0147845381291603,0.0096963301676632,0.0080784496848003,0.0071883487871124,0.005421257404573,0.0040287163151299,0.0027318880512141,0.0023608452060747,0.0012905042352002,0.0011251098740111,0.0007956845812709,0.0006470283751352,0.0009123655149533,0.0006990190038386,0.0006041795005449,0.0005922767116796,0.0004974652958734,0.0005684779004216,0.0004500023684335,0.0005683701984559,0.0005446365143263,0.0005209073258512,0.0004261565415029,0.0003787699446048,0.000556265681958,0.0006035502958579,0.0004969943673971,0.0004377869279189,0.0004850693294212,0.0004968532626697,0.0004613200851667,0.0004257936320196,0.0004139268650361,0.0004138877063525
0,0,0,0,0,0,0,0,0,0,0,0,0,0,0,0,0,0,0,0,0.0,0.0,0.0,0.0,0.0,0.0,0.0,0.0,0.0,0.0,0.0,0.0,0.0,0.0,0.0,0.0,0.0,0.0,0.0,0.0,0.0,0.0,0.0,0.0,0.0,0.0,0.0,0.0,0.0,0.0,0.0,0.0,0.0,0.0,0.0,0.0,0.0,0.0,0.0,0.0,0.0,0.0,0.0,0.0,0.0,0.0,0.0,0.0,0.0,0.0,0.0,0.0,0.0,0.0,0.0,0.0,0.0,0.0,0.0,0.0,0.0,0.0,0.0,0.0,0.0,0.0,0.0,0.0,0.0,0.0,0.0,0.0,0.0,0.0,0.0,0.0,0.0,0.0,0.0,0.0,0.0,0.0,0.0,0.0,0.0,0.0,0.0,0.0,0.0,0.0,0.0,0.0,0.0,0.0,0.0,0.0,0.0,0.0,0.0,0.0,0.0,0.0,0.0,0.0,0.0,0.0,0.0,0.0,0.0,0.0,0.0,0.0,0.0,0.0,0.0,0.0,0.0,0.0,0.0,0.0,0.0,0.0,0.0,0.0,0.0,0.0,0.0,0.0,0.0,0.0,0.0,0.0,0.0,0.0,0.0,0.0,0.0,0.0,0.0,0.0,0.0,0.0,0.0,0.0,0.0,0.0,0.0,0.0,0.0,0.0,0.0,0.0,0.0,0.0,0.0,0.0,0.0,0.0,0.0,0.0,0.0,0.0,0.0,0.0,0.0,0.0,0.0,0.0,0.0,0.0,0.0,0.0,0.0,0.0,0.0,0.0,0.0,0.0,0.0,0.0,0.0,0.0,0.0,0.0,0.790749079001228,0.0787123425929185,0.028891743547822,0.0143510376362996,0.0103432173710016,0.0077268895757235,0.0069284604329995,0.0059376720109618,0.0038105734619939,0.0025252821856023,0.002205589056524,0.0014063873425139,0.0008073858251132,0.0009293680297397,0.0006279918479548,0.0009122790389081,0.0006989527555323,0.0006041222459132,0.0005922205903254,0.0004974181628689,0.000568424044337,0.0004499597404442,0.0005683163627752,0.0005445849315717,0.0005208579951702,0.0004261161876805,0.0003787340813331,0.0005562130177514,0.0006034931604108,0.0004969473235837,0.0004377454924045,0.0004850234230823,0.0004968062455642,0.0004612764346879,0.0004257533468943,0.0004138877063525
0,0,0,0,0,0,0,0,0,0,0,0,0,0,0,0,0,0,0,0,0.0,0.0,0.0,0.0,0.0,0.0,0.0,0.0,0.0,0.0,0.0,0.0,0.0,0.0,0.0,0.0,0.0,0.0,0.0,0.0,0.0,0.0,0.0,0.0,0.0,0.0,0.0,0.0,0.0,0.0,0.0,0.0,0.0,0.0,0.0,0.0,0.0,0.0,0.0,0.0,0.0,0.0,0.0,0.0,0.0,0.0,0.0,0.0,0.0,0.0,0.0,0.0,0.0,0.0,0.0,0.0,0.0,0.0,0.0,0.0,0.0,0.0,0.0,0.0,0.0,0.0,0.0,0.0,0.0,0.0,0.0,0.0,0.0,0.0,0.0,0.0,0.0,0.0,0.0,0.0,0.0,0.0,0.0,0.0,0.0,0.0,0.0,0.0,0.0,0.0,0.0,0.0,0.0,0.0,0.0,0.0,0.0,0.0,0.0,0.0,0.0,0.0,0.0,0.0,0.0,0.0,0.0,0.0,0.0,0.0,0.0,0.0,0.0,0.0,0.0,0.0,0.0,0.0,0.0,0.0,0.0,0.0,0.0,0.0,0.0,0.0,0.0,0.0,0.0,0.0,0.0,0.0,0.0,0.0,0.0,0.0,0.0,0.0,0.0,0.0,0.0,0.0,0.0,0.0,0.0,0.0,0.0,0.0,0.0,0.0,0.0,0.0,0.0,0.0,0.0,0.0,0.0,0.0,0.0,0.0,0.0,0.0,0.0,0.0,0.0,0.0,0.0,0.0,0.0,0.0,0.0,0.0,0.0,0.0,0.0,0.0,0.0,0.0,0.0,0.0,0.0,0.0,0.0,0.0,0.0,0.7907380675750214,0.0801821791428237,0.029464181029429,0.0149544711650712,0.0098927601386157,0.0078397924966993,0.0072376357056694,0.0054989506266927,0.0038642690188985,0.0024284943335132,0.002308819220627,0.0011350206526953,0.0011411227706931,0.0007227830702876,0.0006279323254822,0.0009121925792541,0.000698886519782,0.0006040650021319,0.0005921644796058,0.0004973710387949,0.0005683701984559,0.0004499171205304,0.0005682625372922,0.000544533358587,0.0005208086738317,0.0004260758414997,0.000378698224852,0.0005561603635158,0.0006034360357802,0.0004969002886754,0.0004377040647328,0.0004849775254317,0.0004967592373562,0.0004612327924688,0.0004257130693912
0,0,0,0,0,0,0,0,0,0,0,0,0,0,0,0,0,0,0,0,0.0,0.0,0.0,0.0,0.0,0.0,0.0,0.0,0.0,0.0,0.0,0.0,0.0,0.0,0.0,0.0,0.0,0.0,0.0,0.0,0.0,0.0,0.0,0.0,0.0,0.0,0.0,0.0,0.0,0.0,0.0,0.0,0.0,0.0,0.0,0.0,0.0,0.0,0.0,0.0,0.0,0.0,0.0,0.0,0.0,0.0,0.0,0.0,0.0,0.0,0.0,0.0,0.0,0.0,0.0,0.0,0.0,0.0,0.0,0.0,0.0,0.0,0.0,0.0,0.0,0.0,0.0,0.0,0.0,0.0,0.0,0.0,0.0,0.0,0.0,0.0,0.0,0.0,0.0,0.0,0.0,0.0,0.0,0.0,0.0,0.0,0.0,0.0,0.0,0.0,0.0,0.0,0.0,0.0,0.0,0.0,0.0,0.0,0.0,0.0,0.0,0.0,0.0,0.0,0.0,0.0,0.0,0.0,0.0,0.0,0.0,0.0,0.0,0.0,0.0,0.0,0.0,0.0,0.0,0.0,0.0,0.0,0.0,0.0,0.0,0.0,0.0,0.0,0.0,0.0,0.0,0.0,0.0,0.0,0.0,0.0,0.0,0.0,0.0,0.0,0.0,0.0,0.0,0.0,0.0,0.0,0.0,0.0,0.0,0.0,0.0,0.0,0.0,0.0,0.0,0.0,0.0,0.0,0.0,0.0,0.0,0.0,0.0,0.0,0.0,0.0,0.0,0.0,0.0,0.0,0.0,0.0,0.0,0.0,0.0,0.0,0.0,0.0,0.0,0.0,0.0,0.0,0.0,0.0,0.0,0.0,0.7888473665771341,0.0797748856841364,0.0278076114872752,0.0149620679966282,0.0106322074098307,0.0081159895534449,0.0072576768399207,0.0054146748258729,0.0041648091226917,0.0027424553179021,0.001965808965493,0.0014234624252976,0.0008531210009953,0.0007227145632908,0.0006278728142918,0.0009121061359867,0.000698820296584,0.0006040077691979,0.0005921083795177,0.0004973239236489,0.0005683163627752,0.0004498745086896,0.0005682087220038,0.0005444817953695,0.000520759361833,0.0004260355029585,0.0003786623751597,0.0005561077192484,0.0006033789219629,0.0004968532626697,0.0004376626449018,0.0004849316364668,0.0004967122380434,0.0004611891585071
0,0,0,0,0,0,0,0,0,0,0,0,0,0,0,0,0,0,0,0,0.0,0.0,0.0,0.0,0.0,0.0,0.0,0.0,0.0,0.0,0.0,0.0,0.0,0.0,0.0,0.0,0.0,0.0,0.0,0.0,0.0,0.0,0.0,0.0,0.0,0.0,0.0,0.0,0.0,0.0,0.0,0.0,0.0,0.0,0.0,0.0,0.0,0.0,0.0,0.0,0.0,0.0,0.0,0.0,0.0,0.0,0.0,0.0,0.0,0.0,0.0,0.0,0.0,0.0,0.0,0.0,0.0,0.0,0.0,0.0,0.0,0.0,0.0,0.0,0.0,0.0,0.0,0.0,0.0,0.0,0.0,0.0,0.0,0.0,0.0,0.0,0.0,0.0,0.0,0.0,0.0,0.0,0.0,0.0,0.0,0.0,0.0,0.0,0.0,0.0,0.0,0.0,0.0,0.0,0.0,0.0,0.0,0.0,0.0,0.0,0.0,0.0,0.0,0.0,0.0,0.0,0.0,0.0,0.0,0.0,0.0,0.0,0.0,0.0,0.0,0.0,0.0,0.0,0.0,0.0,0.0,0.0,0.0,0.0,0.0,0.0,0.0,0.0,0.0,0.0,0.0,0.0,0.0,0.0,0.0,0.0,0.0,0.0,0.0,0.0,0.0,0.0,0.0,0.0,0.0,0.0,0.0,0.0,0.0,0.0,0.0,0.0,0.0,0.0,0.0,0.0,0.0,0.0,0.0,0.0,0.0,0.0,0.0,0.0,0.0,0.0,0.0,0.0,0.0,0.0,0.0,0.0,0.0,0.0,0.0,0.0,0.0,0.0,0.0,0.0,0.0,0.0,0.0,0.0,0.0,0.0,0.0,0.7879587290420916,0.0804342750408592,0.028952421092067,0.0145345780415707,0.0103177298652019,0.0077501201796245,0.0070120626269982,0.0057603416316666,0.0035980076179314,0.002550871157604,0.0023175379982118,0.0014337172377837,0.0008530401402777,0.0007226460692792,0.0006278133143804,0.0009120197091012,0.0006987540859349,0.0006039505471081,0.0005920522900582,0.0004972768174283,0.0005682625372922,0.0004498319049197,0.0005681549169073,0.0005444302419163,0.0005207100591715,0.0004259951720547,0.0003786265322542,0.0005560550849462,0.0006033218189561,0.0004968062455642,0.0004376212329091,0.0004848857561852,0.0004966652476231
0,0,0,0,0,0,0,0,0,0,0,0,0,0,0,0,0,0,0,0,0.0,0.0,0.0,0.0,0.0,0.0,0.0,0.0,0.0,0.0,0.0,0.0,0.0,0.0,0.0,0.0,0.0,0.0,0.0,0.0,0.0,0.0,0.0,0.0,0.0,0.0,0.0,0.0,0.0,0.0,0.0,0.0,0.0,0.0,0.0,0.0,0.0,0.0,0.0,0.0,0.0,0.0,0.0,0.0,0.0,0.0,0.0,0.0,0.0,0.0,0.0,0.0,0.0,0.0,0.0,0.0,0.0,0.0,0.0,0.0,0.0,0.0,0.0,0.0,0.0,0.0,0.0,0.0,0.0,0.0,0.0,0.0,0.0,0.0,0.0,0.0,0.0,0.0,0.0,0.0,0.0,0.0,0.0,0.0,0.0,0.0,0.0,0.0,0.0,0.0,0.0,0.0,0.0,0.0,0.0,0.0,0.0,0.0,0.0,0.0,0.0,0.0,0.0,0.0,0.0,0.0,0.0,0.0,0.0,0.0,0.0,0.0,0.0,0.0,0.0,0.0,0.0,0.0,0.0,0.0,0.0,0.0,0.0,0.0,0.0,0.0,0.0,0.0,0.0,0.0,0.0,0.0,0.0,0.0,0.0,0.0,0.0,0.0,0.0,0.0,0.0,0.0,0.0,0.0,0.0,0.0,0.0,0.0,0.0,0.0,0.0,0.0,0.0,0.0,0.0,0.0,0.0,0.0,0.0,0.0,0.0,0.0,0.0,0.0,0.0,0.0,0.0,0.0,0.0,0.0,0.0,0.0,0.0,0.0,0.0,0.0,0.0,0.0,0.0,0.0,0.0,0.0,0.0,0.0,0.0,0.0,0.0,0.0,0.7884310063039925,0.0827947925447223,0.0283564476743506,0.0143581575649689,0.0103413101337804,0.0076580650465709,0.0069452591567141,0.0054731907412833,0.0034752694211394,0.0025410568914404,0.0021328025024882,0.0014335813468555,0.0008529592948869,0.0007225775882492,0.000627753825745,0.000911933298593,0.0006986878878309,0.0006038933358594,0.0005919962112242,0.0004972297201307,0.0005682087220038,0.0004497893092183,0.0005681011219997,0.0005443786982248,0.0005206607658446,0.000425954848786,0.0003785906961336,0.0005560024606066,0.0006032647267565,0.0004967592373562,0.0004375798287525,0.0004848398845844
0,0,0,0,0,0,0,0,0,0,0,0,0,0,0,0,0,0,0,0,0.0,0.0,0.0,0.0,0.0,0.0,0.0,0.0,0.0,0.0,0.0,0.0,0.0,0.0,0.0,0.0,0.0,0.0,0.0,0.0,0.0,0.0,0.0,0.0,0.0,0.0,0.0,0.0,0.0,0.0,0.0,0.0,0.0,0.0,0.0,0.0,0.0,0.0,0.0,0.0,0.0,0.0,0.0,0.0,0.0,0.0,0.0,0.0,0.0,0.0,0.0,0.0,0.0,0.0,0.0,0.0,0.0,0.0,0.0,0.0,0.0,0.0,0.0,0.0,0.0,0.0,0.0,0.0,0.0,0.0,0.0,0.0,0.0,0.0,0.0,0.0,0.0,0.0,0.0,0.0,0.0,0.0,0.0,0.0,0.0,0.0,0.0,0.0,0.0,0.0,0.0,0.0,0.0,0.0,0.0,0.0,0.0,0.0,0.0,0.0,0.0,0.0,0.0,0.0,0.0,0.0,0.0,0.0,0.0,0.0,0.0,0.0,0.0,0.0,0.0,0.0,0.0,0.0,0.0,0.0,0.0,0.0,0.0,0.0,0.0,0.0,0.0,0.0,0.0,0.0,0.0,0.0,0.0,0.0,0.0,0.0,0.0,0.0,0.0,0.0,0.0,0.0,0.0,0.0,0.0,0.0,0.0,0.0,0.0,0.0,0.0,0.0,0.0,0.0,0.0,0.0,0.0,0.0,0.0,0.0,0.0,0.0,0.0,0.0,0.0,0.0,0.0,0.0,0.0,0.0,0.0,0.0,0.0,0.0,0.0,0.0,0.0,0.0,0.0,0.0,0.0,0.0,0.0,0.0,0.0,0.0,0.0,0.0,0.0,0.785871499484874,0.0792742057974739,0.0280839003595395,0.0144801791555769,0.0097135272906658,0.0075083882775288,0.0062818634632288,0.0058506219211102,0.0037645287280598,0.0028081899616095,0.0021326003506942,0.001433445481685,0.0008528784648187,0.000722509120197,0.0006276943483822,0.0009118469044573,0.0006986217022687,0.0006038361354487,0.0005919401430127,0.0004971826317533,0.0005681549169073,0.0004497467215831,0.0005680473372781,0.0005443271642921,0.0005206114818495,0.0004259145331503,0.000378554866796,0.0005559498462266,0.0006032076453612,0.0004967122380434,0.0004375384324298
0,0,0,0,0,0,0,0,0,0,0,0,0,0,0,0,0,0,0,0,0.0,0.0,0.0,0.0,0.0,0.0,0.0,0.0,0.0,0.0,0.0,0.0,0.0,0.0,0.0,0.0,0.0,0.0,0.0,0.0,0.0,0.0,0.0,0.0,0.0,0.0,0.0,0.0,0.0,0.0,0.0,0.0,0.0,0.0,0.0,0.0,0.0,0.0,0.0,0.0,0.0,0.0,0.0,0.0,0.0,0.0,0.0,0.0,0.0,0.0,0.0,0.0,0.0,0.0,0.0,0.0,0.0,0.0,0.0,0.0,0.0,0.0,0.0,0.0,0.0,0.0,0.0,0.0,0.0,0.0,0.0,0.0,0.0,0.0,0.0,0.0,0.0,0.0,0.0,0.0,0.0,0.0,0.0,0.0,0.0,0.0,0.0,0.0,0.0,0.0,0.0,0.0,0.0,0.0,0.0,0.0,0.0,0.0,0.0,0.0,0.0,0.0,0.0,0.0,0.0,0.0,0.0,0.0,0.0,0.0,0.0,0.0,0.0,0.0,0.0,0.0,0.0,0.0,0.0,0.0,0.0,0.0,0.0,0.0,0.0,0.0,0.0,0.0,0.0,0.0,0.0,0.0,0.0,0.0,0.0,0.0,0.0,0.0,0.0,0.0,0.0,0.0,0.0,0.0,0.0,0.0,0.0,0.0,0.0,0.0,0.0,0.0,0.0,0.0,0.0,0.0,0.0,0.0,0.0,0.0,0.0,0.0,0.0,0.0,0.0,0.0,0.0,0.0,0.0,0.0,0.0,0.0,0.0,0.0,0.0,0.0,0.0,0.0,0.0,0.0,0.0,0.0,0.0,0.0,0.0,0.0,0.0,0.0,0.0,0.0,0.790311839138207,0.0810193589188049,0.0279168474246385,0.0149872561340866,0.0098195640442056,0.0072546147084676,0.0065058915762745,0.0056938497011905,0.00392198682402,0.0028079237950808,0.0021323982372174,0.0014333096422648,0.0008527976500686,0.0007224406651191,0.0006276348822888,0.0009117605266897,0.0006985555292446,0.0006037789458729,0.0005918840854207,0.0004971355522939,0.0005681011219997,0.0004497041420118,0.0005679935627396,0.0005442756401154,0.0005205622071837,0.0004258742251455,0.0003785190442394,0.0005558972418034,0.000603150574767,0.0004966652476231
0,0,0,0,0,0,0,0,0,0,0,0,0,0,0,0,0,0,0,0,0.0,0.0,0.0,0.0,0.0,0.0,0.0,0.0,0.0,0.0,0.0,0.0,0.0,0.0,0.0,0.0,0.0,0.0,0.0,0.0,0.0,0.0,0.0,0.0,0.0,0.0,0.0,0.0,0.0,0.0,0.0,0.0,0.0,0.0,0.0,0.0,0.0,0.0,0.0,0.0,0.0,0.0,0.0,0.0,0.0,0.0,0.0,0.0,0.0,0.0,0.0,0.0,0.0,0.0,0.0,0.0,0.0,0.0,0.0,0.0,0.0,0.0,0.0,0.0,0.0,0.0,0.0,0.0,0.0,0.0,0.0,0.0,0.0,0.0,0.0,0.0,0.0,0.0,0.0,0.0,0.0,0.0,0.0,0.0,0.0,0.0,0.0,0.0,0.0,0.0,0.0,0.0,0.0,0.0,0.0,0.0,0.0,0.0,0.0,0.0,0.0,0.0,0.0,0.0,0.0,0.0,0.0,0.0,0.0,0.0,0.0,0.0,0.0,0.0,0.0,0.0,0.0,0.0,0.0,0.0,0.0,0.0,0.0,0.0,0.0,0.0,0.0,0.0,0.0,0.0,0.0,0.0,0.0,0.0,0.0,0.0,0.0,0.0,0.0,0.0,0.0,0.0,0.0,0.0,0.0,0.0,0.0,0.0,0.0,0.0,0.0,0.0,0.0,0.0,0.0,0.0,0.0,0.0,0.0,0.0,0.0,0.0,0.0,0.0,0.0,0.0,0.0,0.0,0.0,0.0,0.0,0.0,0.0,0.0,0.0,0.0,0.0,0.0,0.0,0.0,0.0,0.0,0.0,0.0,0.0,0.0,0.0,0.0,0.0,0.0,0.0,0.7864546125288393,0.081839393122208,0.0283183969743595,0.0148759942748539,0.0100556694989745,0.0078866383496565,0.00723495364924,0.0060666382292999,0.0039216150893322,0.0028076576790029,0.0021321961620469,0.0014331738285876,0.0008527168506324,0.0007223722230117,0.0006275754274617,0.0009116741652853,0.000698489368755,0.0006037217671291,0.0005918280384451,0.0004970884817497,0.0005680473372781,0.0004496615705022,0.0005679397983813,0.0005442241256921,0.0005205129418445,0.0004258339247693,0.0003784832284619,0.0005558446473343,0.0006030935149709
0,0,0,0,0,0,0,0,0,0,0,0,0,0,0,0,0,0,0,0,0.0,0.0,0.0,0.0,0.0,0.0,0.0,0.0,0.0,0.0,0.0,0.0,0.0,0.0,0.0,0.0,0.0,0.0,0.0,0.0,0.0,0.0,0.0,0.0,0.0,0.0,0.0,0.0,0.0,0.0,0.0,0.0,0.0,0.0,0.0,0.0,0.0,0.0,0.0,0.0,0.0,0.0,0.0,0.0,0.0,0.0,0.0,0.0,0.0,0.0,0.0,0.0,0.0,0.0,0.0,0.0,0.0,0.0,0.0,0.0,0.0,0.0,0.0,0.0,0.0,0.0,0.0,0.0,0.0,0.0,0.0,0.0,0.0,0.0,0.0,0.0,0.0,0.0,0.0,0.0,0.0,0.0,0.0,0.0,0.0,0.0,0.0,0.0,0.0,0.0,0.0,0.0,0.0,0.0,0.0,0.0,0.0,0.0,0.0,0.0,0.0,0.0,0.0,0.0,0.0,0.0,0.0,0.0,0.0,0.0,0.0,0.0,0.0,0.0,0.0,0.0,0.0,0.0,0.0,0.0,0.0,0.0,0.0,0.0,0.0,0.0,0.0,0.0,0.0,0.0,0.0,0.0,0.0,0.0,0.0,0.0,0.0,0.0,0.0,0.0,0.0,0.0,0.0,0.0,0.0,0.0,0.0,0.0,0.0,0.0,0.0,0.0,0.0,0.0,0.0,0.0,0.0,0.0,0.0,0.0,0.0,0.0,0.0,0.0,0.0,0.0,0.0,0.0,0.0,0.0,0.0,0.0,0.0,0.0,0.0,0.0,0.0,0.0,0.0,0.0,0.0,0.0,0.0,0.0,0.0,0.0,0.0,0.0,0.0,0.0,0.0,0.0,0.7863264899342236,0.0791881511410751,0.0287899763016494,0.0148608262525637,0.0106247294087361,0.0075055291515693,0.0068842125219204,0.0060660632197526,0.0039212434251054,0.0028073916133617,0.0021319941251717,0.0014330380406461,0.0008526360665056,0.000722303793871,0.0006275159838977,0.0009115878202396,0.0006984232207964,0.000603664599214,0.000591772002083,0.0004970414201183,0.0005679935627396,0.0004496190070519,0.0005678860442004,0.0005441726210192,0.0005204636858291,0.0004257936320196,0.0003784474194616,0.0005557920628163
0,0,0,0,0,0,0,0,0,0,0,0,0,0,0,0,0,0,0,0,0.0,0.0,0.0,0.0,0.0,0.0,0.0,0.0,0.0,0.0,0.0,0.0,0.0,0.0,0.0,0.0,0.0,0.0,0.0,0.0,0.0,0.0,0.0,0.0,0.0,0.0,0.0,0.0,0.0,0.0,0.0,0.0,0.0,0.0,0.0,0.0,0.0,0.0,0.0,0.0,0.0,0.0,0.0,0.0,0.0,0.0,0.0,0.0,0.0,0.0,0.0,0.0,0.0,0.0,0.0,0.0,0.0,0.0,0.0,0.0,0.0,0.0,0.0,0.0,0.0,0.0,0.0,0.0,0.0,0.0,0.0,0.0,0.0,0.0,0.0,0.0,0.0,0.0,0.0,0.0,0.0,0.0,0.0,0.0,0.0,0.0,0.0,0.0,0.0,0.0,0.0,0.0,0.0,0.0,0.0,0.0,0.0,0.0,0.0,0.0,0.0,0.0,0.0,0.0,0.0,0.0,0.0,0.0,0.0,0.0,0.0,0.0,0.0,0.0,0.0,0.0,0.0,0.0,0.0,0.0,0.0,0.0,0.0,0.0,0.0,0.0,0.0,0.0,0.0,0.0,0.0,0.0,0.0,0.0,0.0,0.0,0.0,0.0,0.0,0.0,0.0,0.0,0.0,0.0,0.0,0.0,0.0,0.0,0.0,0.0,0.0,0.0,0.0,0.0,0.0,0.0,0.0,0.0,0.0,0.0,0.0,0.0,0.0,0.0,0.0,0.0,0.0,0.0,0.0,0.0,0.0,0.0,0.0,0.0,0.0,0.0,0.0,0.0,0.0,0.0,0.0,0.0,0.0,0.0,0.0,0.0,0.0,0.0,0.0,0.0,0.0,0.0,0.0,0.7888159362924159,0.0795771838851216,0.0285145033694696,0.0139712851476111,0.0101759917180367,0.0079624626759562,0.006883560020852,0.0060654883191963,0.0039208718313195,0.0028071255981427,0.002131792126581,0.001432902278433,0.0008525552976838,0.0007222353776935,0.0006274565515935,0.0009115014915478,0.0006983570853652,0.0006036074421246,0.0005917159763313,0.0004969943673971,0.0005679397983813,0.0004495764516587,0.000567832300194,0.0005441211260941,0.0005204144391351,0.0004257533468943,0.0003784116172366
0,0,0,0,0,0,0,0,0,0,0,0,0,0,0,0,0,0,0,0,0.0,0.0,0.0,0.0,0.0,0.0,0.0,0.0,0.0,0.0,0.0,0.0,0.0,0.0,0.0,0.0,0.0,0.0,0.0,0.0,0.0,0.0,0.0,0.0,0.0,0.0,0.0,0.0,0.0,0.0,0.0,0.0,0.0,0.0,0.0,0.0,0.0,0.0,0.0,0.0,0.0,0.0,0.0,0.0,0.0,0.0,0.0,0.0,0.0,0.0,0.0,0.0,0.0,0.0,0.0,0.0,0.0,0.0,0.0,0.0,0.0,0.0,0.0,0.0,0.0,0.0,0.0,0.0,0.0,0.0,0.0,0.0,0.0,0.0,0.0,0.0,0.0,0.0,0.0,0.0,0.0,0.0,0.0,0.0,0.0,0.0,0.0,0.0,0.0,0.0,0.0,0.0,0.0,0.0,0.0,0.0,0.0,0.0,0.0,0.0,0.0,0.0,0.0,0.0,0.0,0.0,0.0,0.0,0.0,0.0,0.0,0.0,0.0,0.0,0.0,0.0,0.0,0.0,0.0,0.0,0.0,0.0,0.0,0.0,0.0,0.0,0.0,0.0,0.0,0.0,0.0,0.0,0.0,0.0,0.0,0.0,0.0,0.0,0.0,0.0,0.0,0.0,0.0,0.0,0.0,0.0,0.0,0.0,0.0,0.0,0.0,0.0,0.0,0.0,0.0,0.0,0.0,0.0,0.0,0.0,0.0,0.0,0.0,0.0,0.0,0.0,0.0,0.0,0.0,0.0,0.0,0.0,0.0,0.0,0.0,0.0,0.0,0.0,0.0,0.0,0.0,0.0,0.0,0.0,0.0,0.0,0.0,0.0,0.0,0.0,0.0,0.0,0.0,0.0,0.7882751824303714,0.0798945209493114,0.0287850598518622,0.0149169450849371,0.0101426607896108,0.0079617079759253,0.006882907643463,0.0060649135276,0.0039205003079547,0.0028068596333317,0.002131590166264,0.0014327665419409,0.0008524745441629,0.0007221669744755,0.0006273971305459,0.0009114151792055,0.0006982909624579,0.0006035502958579,0.0005916599611871,0.0004969473235837,0.0005678860442004,0.0004495339043202,0.0005677785663591,0.000544069640914,0.0005203652017597,0.0004257130693912
0,0,0,0,0,0,0,0,0,0,0,0,0,0,0,0,0,0,0,0,0.0,0.0,0.0,0.0,0.0,0.0,0.0,0.0,0.0,0.0,0.0,0.0,0.0,0.0,0.0,0.0,0.0,0.0,0.0,0.0,0.0,0.0,0.0,0.0,0.0,0.0,0.0,0.0,0.0,0.0,0.0,0.0,0.0,0.0,0.0,0.0,0.0,0.0,0.0,0.0,0.0,0.0,0.0,0.0,0.0,0.0,0.0,0.0,0.0,0.0,0.0,0.0,0.0,0.0,0.0,0.0,0.0,0.0,0.0,0.0,0.0,0.0,0.0,0.0,0.0,0.0,0.0,0.0,0.0,0.0,0.0,0.0,0.0,0.0,0.0,0.0,0.0,0.0,0.0,0.0,0.0,0.0,0.0,0.0,0.0,0.0,0.0,0.0,0.0,0.0,0.0,0.0,0.0,0.0,0.0,0.0,0.0,0.0,0.0,0.0,0.0,0.0,0.0,0.0,0.0,0.0,0.0,0.0,0.0,0.0,0.0,0.0,0.0,0.0,0.0,0.0,0.0,0.0,0.0,0.0,0.0,0.0,0.0,0.0,0.0,0.0,0.0,0.0,0.0,0.0,0.0,0.0,0.0,0.0,0.0,0.0,0.0,0.0,0.0,0.0,0.0,0.0,0.0,0.0,0.0,0.0,0.0,0.0,0.0,0.0,0.0,0.0,0.0,0.0,0.0,0.0,0.0,0.0,0.0,0.0,0.0,0.0,0.0,0.0,0.0,0.0,0.0,0.0,0.0,0.0,0.0,0.0,0.0,0.0,0.0,0.0,0.0,0.0,0.0,0.0,0.0,0.0,0.0,0.0,0.0,0.0,0.0,0.0,0.0,0.0,0.0,0.0,0.0,0.0,0.0,0.7886785818927629,0.0797205742970477,0.028492776810503,0.0148703730034598,0.0101416994455239,0.0079609534189451,0.006882255389718,0.0060643388449329,0.0039201288549907,0.0028065937189143,0.0021313882442097,0.0014326308311626,0.0008523938059383,0.0007220985842132,0.0006273377207518,0.0009113288832078,0.000698224852071,0.0006034931604108,0.0005916039566472,0.0004969002886754,0.000567832300194,0.0004494913650343,0.0005677248426929,0.0005440181654761,0.0005203159737003
0,0,0,0,0,0,0,0,0,0,0,0,0,0,0,0,0,0,0,0,0.0,0.0,0.0,0.0,0.0,0.0,0.0,0.0,0.0,0.0,0.0,0.0,0.0,0.0,0.0,0.0,0.0,0.0,0.0,0.0,0.0,0.0,0.0,0.0,0.0,0.0,0.0,0.0,0.0,0.0,0.0,0.0,0.0,0.0,0.0,0.0,0.0,0.0,0.0,0.0,0.0,0.0,0.0,0.0,0.0,0.0,0.0,0.0,0.0,0.0,0.0,0.0,0.0,0.0,0.0,0.0,0.0,0.0,0.0,0.0,0.0,0.0,0.0,0.0,0.0,0.0,0.0,0.0,0.0,0.0,0.0,0.0,0.0,0.0,0.0,0.0,0.0,0.0,0.0,0.0,0.0,0.0,0.0,0.0,0.0,0.0,0.0,0.0,0.0,0.0,0.0,0.0,0.0,0.0,0.0,0.0,0.0,0.0,0.0,0.0,0.0,0.0,0.0,0.0,0.0,0.0,0.0,0.0,0.0,0.0,0.0,0.0,0.0,0.0,0.0,0.0,0.0,0.0,0.0,0.0,0.0,0.0,0.0,0.0,0.0,0.0,0.0,0.0,0.0,0.0,0.0,0.0,0.0,0.0,0.0,0.0,0.0,0.0,0.0,0.0,0.0,0.0,0.0,0.0,0.0,0.0,0.0,0.0,0.0,0.0,0.0,0.0,0.0,0.0,0.0,0.0,0.0,0.0,0.0,0.0,0.0,0.0,0.0,0.0,0.0,0.0,0.0,0.0,0.0,0.0,0.0,0.0,0.0,0.0,0.0,0.0,0.0,0.0,0.0,0.0,0.0,0.0,0.0,0.0,0.0,0.0,0.0,0.0,0.0,0.0,0.0,0.0,0.0,0.0,0.0,0.0,0.7883362001380747,0.0799844713189967,0.0273117209346414,0.0148689635562295,0.0101407382836563,0.0079601990049751,0.0068816032595821,0.0060637642711639,0.0039197574724077,0.0028063278548761,0.0021311863604072,0.0014324951460908,0.0008523130830058,0.000722030206903,0.000627278322208,0.0009112426035502,0.0006981587542007,0.0006034360357802,0.0005915479627088,0.0004968532626697,0.0005677785663591,0.0004494488337985,0.0005676711291924,0.0005439666997776
0,0,0,0,0,0,0,0,0,0,0,0,0,0,0,0,0,0,0,0,0.0,0.0,0.0,0.0,0.0,0.0,0.0,0.0,0.0,0.0,0.0,0.0,0.0,0.0,0.0,0.0,0.0,0.0,0.0,0.0,0.0,0.0,0.0,0.0,0.0,0.0,0.0,0.0,0.0,0.0,0.0,0.0,0.0,0.0,0.0,0.0,0.0,0.0,0.0,0.0,0.0,0.0,0.0,0.0,0.0,0.0,0.0,0.0,0.0,0.0,0.0,0.0,0.0,0.0,0.0,0.0,0.0,0.0,0.0,0.0,0.0,0.0,0.0,0.0,0.0,0.0,0.0,0.0,0.0,0.0,0.0,0.0,0.0,0.0,0.0,0.0,0.0,0.0,0.0,0.0,0.0,0.0,0.0,0.0,0.0,0.0,0.0,0.0,0.0,0.0,0.0,0.0,0.0,0.0,0.0,0.0,0.0,0.0,0.0,0.0,0.0,0.0,0.0,0.0,0.0,0.0,0.0,0.0,0.0,0.0,0.0,0.0,0.0,0.0,0.0,0.0,0.0,0.0,0.0,0.0,0.0,0.0,0.0,0.0,0.0,0.0,0.0,0.0,0.0,0.0,0.0,0.0,0.0,0.0,0.0,0.0,0.0,0.0,0.0,0.0,0.0,0.0,0.0,0.0,0.0,0.0,0.0,0.0,0.0,0.0,0.0,0.0,0.0,0.0,0.0,0.0,0.0,0.0,0.0,0.0,0.0,0.0,0.0,0.0,0.0,0.0,0.0,0.0,0.0,0.0,0.0,0.0,0.0,0.0,0.0,0.0,0.0,0.0,0.0,0.0,0.0,0.0,0.0,0.0,0.0,0.0,0.0,0.0,0.0,0.0,0.0,0.0,0.0,0.0,0.0,0.0,0.0,0.7866335701849325,0.0809280060666382,0.0273091322686128,0.014867554376155,0.0101397773039564,0.0079594447339745,0.00688095125302,0.0060631898062621,0.0039193861601856,0.0028060620412029,0.0021309845148458,0.0014323594867181,0.000852232375361,0.0007219618425413,0.0006272189349112,0.0009111563402281,0.0006980926688437,0.0006033789219629,0.0005914919793687,0.0004968062455642,0.0005677248426929,0.0004494063106107,0.0005676174258549
0,0,0,0,0,0,0,0,0,0,0,0,0,0,0,0,0,0,0,0,0.0,0.0,0.0,0.0,0.0,0.0,0.0,0.0,0.0,0.0,0.0,0.0,0.0,0.0,0.0,0.0,0.0,0.0,0.0,0.0,0.0,0.0,0.0,0.0,0.0,0.0,0.0,0.0,0.0,0.0,0.0,0.0,0.0,0.0,0.0,0.0,0.0,0.0,0.0,0.0,0.0,0.0,0.0,0.0,0.0,0.0,0.0,0.0,0.0,0.0,0.0,0.0,0.0,0.0,0.0,0.0,0.0,0.0,0.0,0.0,0.0,0.0,0.0,0.0,0.0,0.0,0.0,0.0,0.0,0.0,0.0,0.0,0.0,0.0,0.0,0.0,0.0,0.0,0.0,0.0,0.0,0.0,0.0,0.0,0.0,0.0,0.0,0.0,0.0,0.0,0.0,0.0,0.0,0.0,0.0,0.0,0.0,0.0,0.0,0.0,0.0,0.0,0.0,0.0,0.0,0.0,0.0,0.0,0.0,0.0,0.0,0.0,0.0,0.0,0.0,0.0,0.0,0.0,0.0,0.0,0.0,0.0,0.0,0.0,0.0,0.0,0.0,0.0,0.0,0.0,0.0,0.0,0.0,0.0,0.0,0.0,0.0,0.0,0.0,0.0,0.0,0.0,0.0,0.0,0.0,0.0,0.0,0.0,0.0,0.0,0.0,0.0,0.0,0.0,0.0,0.0,0.0,0.0,0.0,0.0,0.0,0.0,0.0,0.0,0.0,0.0,0.0,0.0,0.0,0.0,0.0,0.0,0.0,0.0,0.0,0.0,0.0,0.0,0.0,0.0,0.0,0.0,0.0,0.0,0.0,0.0,0.0,0.0,0.0,0.0,0.0,0.0,0.0,0.0,0.0,0.0,0.0,0.0,0.7854637660552632,0.0809203355291218,0.0273065440932568,0.0148661454631603,0.0101388165063722,0.0079586906059026,0.0068802993699966,0.0060626154501965,0.0039190149183045,0.0028057962778803,0.0021307827075145,0.0014322238530372,0.0008521516829995,0.0007218934911242,0.0006271595588583,0.0009110700932367,0.0006980265959964,0.0006033218189561,0.000591436006624,0.0004967592373562,0.0005676711291924,0.0004493637954685
0,0,0,0,0,0,0,0,0,0,0,0,0,0,0,0,0,0,0,0,0.0,0.0,0.0,0.0,0.0,0.0,0.0,0.0,0.0,0.0,0.0,0.0,0.0,0.0,0.0,0.0,0.0,0.0,0.0,0.0,0.0,0.0,0.0,0.0,0.0,0.0,0.0,0.0,0.0,0.0,0.0,0.0,0.0,0.0,0.0,0.0,0.0,0.0,0.0,0.0,0.0,0.0,0.0,0.0,0.0,0.0,0.0,0.0,0.0,0.0,0.0,0.0,0.0,0.0,0.0,0.0,0.0,0.0,0.0,0.0,0.0,0.0,0.0,0.0,0.0,0.0,0.0,0.0,0.0,0.0,0.0,0.0,0.0,0.0,0.0,0.0,0.0,0.0,0.0,0.0,0.0,0.0,0.0,0.0,0.0,0.0,0.0,0.0,0.0,0.0,0.0,0.0,0.0,0.0,0.0,0.0,0.0,0.0,0.0,0.0,0.0,0.0,0.0,0.0,0.0,0.0,0.0,0.0,0.0,0.0,0.0,0.0,0.0,0.0,0.0,0.0,0.0,0.0,0.0,0.0,0.0,0.0,0.0,0.0,0.0,0.0,0.0,0.0,0.0,0.0,0.0,0.0,0.0,0.0,0.0,0.0,0.0,0.0,0.0,0.0,0.0,0.0,0.0,0.0,0.0,0.0,0.0,0.0,0.0,0.0,0.0,0.0,0.0,0.0,0.0,0.0,0.0,0.0,0.0,0.0,0.0,0.0,0.0,0.0,0.0,0.0,0.0,0.0,0.0,0.0,0.0,0.0,0.0,0.0,0.0,0.0,0.0,0.0,0.0,0.0,0.0,0.0,0.0,0.0,0.0,0.0,0.0,0.0,0.0,0.0,0.0,0.0,0.0,0.0,0.0,0.0,0.0,0.0,0.0,0.785389318041799,0.080912666445529,0.027303956408434,0.0148647368171696,0.0101378558908522,0.007957936620719,0.0068796476104769,0.0060620412029363,0.0039186437467443,0.0028055305648941,0.0021305809384025,0.0014320882450409,0.0008520710059171,0.0007218251526482,0.000627100194046,0.0009109838625715,0.0006979605356551,0.0006032647267565,0.0005913800444717,0.0004967122380434,0.0005676174258549
0,0,0,0,0,0,0,0,0,0,0,0,0,0,0,0,0,0,0,0,0.0,0.0,0.0,0.0,0.0,0.0,0.0,0.0,0.0,0.0,0.0,0.0,0.0,0.0,0.0,0.0,0.0,0.0,0.0,0.0,0.0,0.0,0.0,0.0,0.0,0.0,0.0,0.0,0.0,0.0,0.0,0.0,0.0,0.0,0.0,0.0,0.0,0.0,0.0,0.0,0.0,0.0,0.0,0.0,0.0,0.0,0.0,0.0,0.0,0.0,0.0,0.0,0.0,0.0,0.0,0.0,0.0,0.0,0.0,0.0,0.0,0.0,0.0,0.0,0.0,0.0,0.0,0.0,0.0,0.0,0.0,0.0,0.0,0.0,0.0,0.0,0.0,0.0,0.0,0.0,0.0,0.0,0.0,0.0,0.0,0.0,0.0,0.0,0.0,0.0,0.0,0.0,0.0,0.0,0.0,0.0,0.0,0.0,0.0,0.0,0.0,0.0,0.0,0.0,0.0,0.0,0.0,0.0,0.0,0.0,0.0,0.0,0.0,0.0,0.0,0.0,0.0,0.0,0.0,0.0,0.0,0.0,0.0,0.0,0.0,0.0,0.0,0.0,0.0,0.0,0.0,0.0,0.0,0.0,0.0,0.0,0.0,0.0,0.0,0.0,0.0,0.0,0.0,0.0,0.0,0.0,0.0,0.0,0.0,0.0,0.0,0.0,0.0,0.0,0.0,0.0,0.0,0.0,0.0,0.0,0.0,0.0,0.0,0.0,0.0,0.0,0.0,0.0,0.0,0.0,0.0,0.0,0.0,0.0,0.0,0.0,0.0,0.0,0.0,0.0,0.0,0.0,0.0,0.0,0.0,0.0,0.0,0.0,0.0,0.0,0.0,0.0,0.0,0.0,0.0,0.0,0.0,0.0,0.0,0.0,0.7853148841396957,0.0809049988154465,0.0273013692140048,0.0148633284381069,0.0101368954573445,0.0079571827783829,0.0068789959744257,0.0060614670644504,0.0039182726454851,0.00280526490223,0.0021303792074989,0.0014319526627218,0.0008519903441094,0.0007217568271096,0.0006270408404713,0.0009108976482278,0.0006978944878164,0.0006032076453612,0.0005913240929088,0.0004966652476231
0,0,0,0,0,0,0,0,0,0,0,0,0,0,0,0,0,0,0,0,0.0,0.0,0.0,0.0,0.0,0.0,0.0,0.0,0.0,0.0,0.0,0.0,0.0,0.0,0.0,0.0,0.0,0.0,0.0,0.0,0.0,0.0,0.0,0.0,0.0,0.0,0.0,0.0,0.0,0.0,0.0,0.0,0.0,0.0,0.0,0.0,0.0,0.0,0.0,0.0,0.0,0.0,0.0,0.0,0.0,0.0,0.0,0.0,0.0,0.0,0.0,0.0,0.0,0.0,0.0,0.0,0.0,0.0,0.0,0.0,0.0,0.0,0.0,0.0,0.0,0.0,0.0,0.0,0.0,0.0,0.0,0.0,0.0,0.0,0.0,0.0,0.0,0.0,0.0,0.0,0.0,0.0,0.0,0.0,0.0,0.0,0.0,0.0,0.0,0.0,0.0,0.0,0.0,0.0,0.0,0.0,0.0,0.0,0.0,0.0,0.0,0.0,0.0,0.0,0.0,0.0,0.0,0.0,0.0,0.0,0.0,0.0,0.0,0.0,0.0,0.0,0.0,0.0,0.0,0.0,0.0,0.0,0.0,0.0,0.0,0.0,0.0,0.0,0.0,0.0,0.0,0.0,0.0,0.0,0.0,0.0,0.0,0.0,0.0,0.0,0.0,0.0,0.0,0.0,0.0,0.0,0.0,0.0,0.0,0.0,0.0,0.0,0.0,0.0,0.0,0.0,0.0,0.0,0.0,0.0,0.0,0.0,0.0,0.0,0.0,0.0,0.0,0.0,0.0,0.0,0.0,0.0,0.0,0.0,0.0,0.0,0.0,0.0,0.0,0.0,0.0,0.0,0.0,0.0,0.0,0.0,0.0,0.0,0.0,0.0,0.0,0.0,0.0,0.0,0.0,0.0,0.0,0.0,0.0,0.0,0.0,0.7852404643449419,0.0808973326384611,0.0272987825098299,0.0148619203258964,0.0101359352057973,0.0079564290788538,0.006878344461808,0.006060893034708,0.0039179016145068,0.0028049992898735,0.0021301775147928,0.0014318171060727,0.000851909697572,0.0007216885145047,0.0006269814981308,0.000910811450201,0.0006978284524766,0.000603150574767,0.0005912681519322
0,0,0,0,0,0,0,0,0,0,0,0,0,0,0,0,0,0,0,0,0.0,0.0,0.0,0.0,0.0,0.0,0.0,0.0,0.0,0.0,0.0,0.0,0.0,0.0,0.0,0.0,0.0,0.0,0.0,0.0,0.0,0.0,0.0,0.0,0.0,0.0,0.0,0.0,0.0,0.0,0.0,0.0,0.0,0.0,0.0,0.0,0.0,0.0,0.0,0.0,0.0,0.0,0.0,0.0,0.0,0.0,0.0,0.0,0.0,0.0,0.0,0.0,0.0,0.0,0.0,0.0,0.0,0.0,0.0,0.0,0.0,0.0,0.0,0.0,0.0,0.0,0.0,0.0,0.0,0.0,0.0,0.0,0.0,0.0,0.0,0.0,0.0,0.0,0.0,0.0,0.0,0.0,0.0,0.0,0.0,0.0,0.0,0.0,0.0,0.0,0.0,0.0,0.0,0.0,0.0,0.0,0.0,0.0,0.0,0.0,0.0,0.0,0.0,0.0,0.0,0.0,0.0,0.0,0.0,0.0,0.0,0.0,0.0,0.0,0.0,0.0,0.0,0.0,0.0,0.0,0.0,0.0,0.0,0.0,0.0,0.0,0.0,0.0,0.0,0.0,0.0,0.0,0.0,0.0,0.0,0.0,0.0,0.0,0.0,0.0,0.0,0.0,0.0,0.0,0.0,0.0,0.0,0.0,0.0,0.0,0.0,0.0,0.0,0.0,0.0,0.0,0.0,0.0,0.0,0.0,0.0,0.0,0.0,0.0,0.0,0.0,0.0,0.0,0.0,0.0,0.0,0.0,0.0,0.0,0.0,0.0,0.0,0.0,0.0,0.0,0.0,0.0,0.0,0.0,0.0,0.0,0.0,0.0,0.0,0.0,0.0,0.0,0.0,0.0,0.0,0.0,0.0,0.0,0.0,0.0,0.0,0.0,0.7851660586535272,0.0808896679141598,0.0272961962957699,0.0148605124804622,0.0101349751361591,0.0079556755220912,0.0068776930725886,0.0060603191136783,0.0039175306537897,0.0028047337278106,0.0021299758602735,0.0014316815750863,0.0008518290663006,0.0007216202148298,0.0006269221670215,0.0009107252684865,0.0006977624296324,0.0006030935149709
0,0,0,0,0,0,0,0,0,0,0,0,0,0,0,0,0,0,0,0,0.0,0.0,0.0,0.0,0.0,0.0,0.0,0.0,0.0,0.0,0.0,0.0,0.0,0.0,0.0,0.0,0.0,0.0,0.0,0.0,0.0,0.0,0.0,0.0,0.0,0.0,0.0,0.0,0.0,0.0,0.0,0.0,0.0,0.0,0.0,0.0,0.0,0.0,0.0,0.0,0.0,0.0,0.0,0.0,0.0,0.0,0.0,0.0,0.0,0.0,0.0,0.0,0.0,0.0,0.0,0.0,0.0,0.0,0.0,0.0,0.0,0.0,0.0,0.0,0.0,0.0,0.0,0.0,0.0,0.0,0.0,0.0,0.0,0.0,0.0,0.0,0.0,0.0,0.0,0.0,0.0,0.0,0.0,0.0,0.0,0.0,0.0,0.0,0.0,0.0,0.0,0.0,0.0,0.0,0.0,0.0,0.0,0.0,0.0,0.0,0.0,0.0,0.0,0.0,0.0,0.0,0.0,0.0,0.0,0.0,0.0,0.0,0.0,0.0,0.0,0.0,0.0,0.0,0.0,0.0,0.0,0.0,0.0,0.0,0.0,0.0,0.0,0.0,0.0,0.0,0.0,0.0,0.0,0.0,0.0,0.0,0.0,0.0,0.0,0.0,0.0,0.0,0.0,0.0,0.0,0.0,0.0,0.0,0.0,0.0,0.0,0.0,0.0,0.0,0.0,0.0,0.0,0.0,0.0,0.0,0.0,0.0,0.0,0.0,0.0,0.0,0.0,0.0,0.0,0.0,0.0,0.0,0.0,0.0,0.0,0.0,0.0,0.0,0.0,0.0,0.0,0.0,0.0,0.0,0.0,0.0,0.0,0.0,0.0,0.0,0.0,0.0,0.0,0.0,0.0,0.0,0.0,0.0,0.0,0.0,0.0,0.0,0.0,0.785091667061443,0.0808820046421296,0.0272936105716856,0.0148591049017286,0.010134015248378,0.0079549221080543,0.0068770418067326,0.0060597453013303,0.0039171597633136,0.0028044682160268,0.0021297742439301,0.0014315460697553,0.000851748450291,0.0007215519280813,0.00062686284714,0.0009106391030796,0.00069769641928
0,0,0,0,0,0,0,0,0,0,0,0,0,0,0,0,0,0,0,0,0.0,0.0,0.0,0.0,0.0,0.0,0.0,0.0,0.0,0.0,0.0,0.0,0.0,0.0,0.0,0.0,0.0,0.0,0.0,0.0,0.0,0.0,0.0,0.0,0.0,0.0,0.0,0.0,0.0,0.0,0.0,0.0,0.0,0.0,0.0,0.0,0.0,0.0,0.0,0.0,0.0,0.0,0.0,0.0,0.0,0.0,0.0,0.0,0.0,0.0,0.0,0.0,0.0,0.0,0.0,0.0,0.0,0.0,0.0,0.0,0.0,0.0,0.0,0.0,0.0,0.0,0.0,0.0,0.0,0.0,0.0,0.0,0.0,0.0,0.0,0.0,0.0,0.0,0.0,0.0,0.0,0.0,0.0,0.0,0.0,0.0,0.0,0.0,0.0,0.0,0.0,0.0,0.0,0.0,0.0,0.0,0.0,0.0,0.0,0.0,0.0,0.0,0.0,0.0,0.0,0.0,0.0,0.0,0.0,0.0,0.0,0.0,0.0,0.0,0.0,0.0,0.0,0.0,0.0,0.0,0.0,0.0,0.0,0.0,0.0,0.0,0.0,0.0,0.0,0.0,0.0,0.0,0.0,0.0,0.0,0.0,0.0,0.0,0.0,0.0,0.0,0.0,0.0,0.0,0.0,0.0,0.0,0.0,0.0,0.0,0.0,0.0,0.0,0.0,0.0,0.0,0.0,0.0,0.0,0.0,0.0,0.0,0.0,0.0,0.0,0.0,0.0,0.0,0.0,0.0,0.0,0.0,0.0,0.0,0.0,0.0,0.0,0.0,0.0,0.0,0.0,0.0,0.0,0.0,0.0,0.0,0.0,0.0,0.0,0.0,0.0,0.0,0.0,0.0,0.0,0.0,0.0,0.0,0.0,0.0,0.0,0.0,0.0,0.0,0.7850172895646819,0.080874342821958,0.0272910253374378,0.0148576975896197,0.0101330555424025,0.0079541688367028,0.0068763906642048,0.0060591715976331,0.0039167889430586,0.002804202754508,0.0021295726657517,0.0014314105900723,0.0008516678495386,0.0007214836542555,0.0006268035384833,0.0009105529539756
0,0,0,0,0,0,0,0,0,0,0,0,0,0,0,0,0,0,0,0,0.0,0.0,0.0,0.0,0.0,0.0,0.0,0.0,0.0,0.0,0.0,0.0,0.0,0.0,0.0,0.0,0.0,0.0,0.0,0.0,0.0,0.0,0.0,0.0,0.0,0.0,0.0,0.0,0.0,0.0,0.0,0.0,0.0,0.0,0.0,0.0,0.0,0.0,0.0,0.0,0.0,0.0,0.0,0.0,0.0,0.0,0.0,0.0,0.0,0.0,0.0,0.0,0.0,0.0,0.0,0.0,0.0,0.0,0.0,0.0,0.0,0.0,0.0,0.0,0.0,0.0,0.0,0.0,0.0,0.0,0.0,0.0,0.0,0.0,0.0,0.0,0.0,0.0,0.0,0.0,0.0,0.0,0.0,0.0,0.0,0.0,0.0,0.0,0.0,0.0,0.0,0.0,0.0,0.0,0.0,0.0,0.0,0.0,0.0,0.0,0.0,0.0,0.0,0.0,0.0,0.0,0.0,0.0,0.0,0.0,0.0,0.0,0.0,0.0,0.0,0.0,0.0,0.0,0.0,0.0,0.0,0.0,0.0,0.0,0.0,0.0,0.0,0.0,0.0,0.0,0.0,0.0,0.0,0.0,0.0,0.0,0.0,0.0,0.0,0.0,0.0,0.0,0.0,0.0,0.0,0.0,0.0,0.0,0.0,0.0,0.0,0.0,0.0,0.0,0.0,0.0,0.0,0.0,0.0,0.0,0.0,0.0,0.0,0.0,0.0,0.0,0.0,0.0,0.0,0.0,0.0,0.0,0.0,0.0,0.0,0.0,0.0,0.0,0.0,0.0,0.0,0.0,0.0,0.0,0.0,0.0,0.0,0.0,0.0,0.0,0.0,0.0,0.0,0.0,0.0,0.0,0.0,0.0,0.0,0.0,0.0,0.0,0.0,0.0,0.0,0.7849429261592383,0.0808666824532322,0.0272884405928872,0.0148562905440598,0.0101320960181809,0.007953415707996,0.0068757396449704,0.0060585980025559,0.0039164181930048,0.0028039373432397,0.0021293711257275,0.0014312751360302,0.0008515872640393,0.0007214153933487,0.0006267442410482
0,0,0,0,0,0,0,0,0,0,0,0,0,0,0,0,0,0,0,0,0.0,0.0,0.0,0.0,0.0,0.0,0.0,0.0,0.0,0.0,0.0,0.0,0.0,0.0,0.0,0.0,0.0,0.0,0.0,0.0,0.0,0.0,0.0,0.0,0.0,0.0,0.0,0.0,0.0,0.0,0.0,0.0,0.0,0.0,0.0,0.0,0.0,0.0,0.0,0.0,0.0,0.0,0.0,0.0,0.0,0.0,0.0,0.0,0.0,0.0,0.0,0.0,0.0,0.0,0.0,0.0,0.0,0.0,0.0,0.0,0.0,0.0,0.0,0.0,0.0,0.0,0.0,0.0,0.0,0.0,0.0,0.0,0.0,0.0,0.0,0.0,0.0,0.0,0.0,0.0,0.0,0.0,0.0,0.0,0.0,0.0,0.0,0.0,0.0,0.0,0.0,0.0,0.0,0.0,0.0,0.0,0.0,0.0,0.0,0.0,0.0,0.0,0.0,0.0,0.0,0.0,0.0,0.0,0.0,0.0,0.0,0.0,0.0,0.0,0.0,0.0,0.0,0.0,0.0,0.0,0.0,0.0,0.0,0.0,0.0,0.0,0.0,0.0,0.0,0.0,0.0,0.0,0.0,0.0,0.0,0.0,0.0,0.0,0.0,0.0,0.0,0.0,0.0,0.0,0.0,0.0,0.0,0.0,0.0,0.0,0.0,0.0,0.0,0.0,0.0,0.0,0.0,0.0,0.0,0.0,0.0,0.0,0.0,0.0,0.0,0.0,0.0,0.0,0.0,0.0,0.0,0.0,0.0,0.0,0.0,0.0,0.0,0.0,0.0,0.0,0.0,0.0,0.0,0.0,0.0,0.0,0.0,0.0,0.0,0.0,0.0,0.0,0.0,0.0,0.0,0.0,0.0,0.0,0.0,0.0,0.0,0.0,0.0,0.0,0.0,0.0,0.7848685768411082,0.08085902353554,0.0272858563378947,0.0148548837649732,0.0101311366756616,0.0079526627218934,0.0068750887489941,0.0060580245160679,0.0039160475131323,0.0028036719822079,0.0021291696238466,0.0014311397076217,0.0008515066937887,0.0007213471453573
0,0,0,0,0,0,0,0,0,0,0,0,0,0,0,0,0,0,0,0,0.0,0.0,0.0,0.0,0.0,0.0,0.0,0.0,0.0,0.0,0.0,0.0,0.0,0.0,0.0,0.0,0.0,0.0,0.0,0.0,0.0,0.0,0.0,0.0,0.0,0.0,0.0,0.0,0.0,0.0,0.0,0.0,0.0,0.0,0.0,0.0,0.0,0.0,0.0,0.0,0.0,0.0,0.0,0.0,0.0,0.0,0.0,0.0,0.0,0.0,0.0,0.0,0.0,0.0,0.0,0.0,0.0,0.0,0.0,0.0,0.0,0.0,0.0,0.0,0.0,0.0,0.0,0.0,0.0,0.0,0.0,0.0,0.0,0.0,0.0,0.0,0.0,0.0,0.0,0.0,0.0,0.0,0.0,0.0,0.0,0.0,0.0,0.0,0.0,0.0,0.0,0.0,0.0,0.0,0.0,0.0,0.0,0.0,0.0,0.0,0.0,0.0,0.0,0.0,0.0,0.0,0.0,0.0,0.0,0.0,0.0,0.0,0.0,0.0,0.0,0.0,0.0,0.0,0.0,0.0,0.0,0.0,0.0,0.0,0.0,0.0,0.0,0.0,0.0,0.0,0.0,0.0,0.0,0.0,0.0,0.0,0.0,0.0,0.0,0.0,0.0,0.0,0.0,0.0,0.0,0.0,0.0,0.0,0.0,0.0,0.0,0.0,0.0,0.0,0.0,0.0,0.0,0.0,0.0,0.0,0.0,0.0,0.0,0.0,0.0,0.0,0.0,0.0,0.0,0.0,0.0,0.0,0.0,0.0,0.0,0.0,0.0,0.0,0.0,0.0,0.0,0.0,0.0,0.0,0.0,0.0,0.0,0.0,0.0,0.0,0.0,0.0,0.0,0.0,0.0,0.0,0.0,0.0,0.0,0.0,0.0,0.0,0.0,0.0,0.0,0.0,0.0,0.7847942416062887,0.0808513660684691,0.0272832725723213,0.0148534772522842,0.0101301775147929,0.0079519098783547,0.0068744379762411,0.0060574511381382,0.0039156769034211,0.0028034066713981,0.0021289681600984,0.0014310043048393,0.0008514261387824
0,0,0,0,0,0,0,0,0,0,0,0,0,0,0,0,0,0,0,0,0.0,0.0,0.0,0.0,0.0,0.0,0.0,0.0,0.0,0.0,0.0,0.0,0.0,0.0,0.0,0.0,0.0,0.0,0.0,0.0,0.0,0.0,0.0,0.0,0.0,0.0,0.0,0.0,0.0,0.0,0.0,0.0,0.0,0.0,0.0,0.0,0.0,0.0,0.0,0.0,0.0,0.0,0.0,0.0,0.0,0.0,0.0,0.0,0.0,0.0,0.0,0.0,0.0,0.0,0.0,0.0,0.0,0.0,0.0,0.0,0.0,0.0,0.0,0.0,0.0,0.0,0.0,0.0,0.0,0.0,0.0,0.0,0.0,0.0,0.0,0.0,0.0,0.0,0.0,0.0,0.0,0.0,0.0,0.0,0.0,0.0,0.0,0.0,0.0,0.0,0.0,0.0,0.0,0.0,0.0,0.0,0.0,0.0,0.0,0.0,0.0,0.0,0.0,0.0,0.0,0.0,0.0,0.0,0.0,0.0,0.0,0.0,0.0,0.0,0.0,0.0,0.0,0.0,0.0,0.0,0.0,0.0,0.0,0.0,0.0,0.0,0.0,0.0,0.0,0.0,0.0,0.0,0.0,0.0,0.0,0.0,0.0,0.0,0.0,0.0,0.0,0.0,0.0,0.0,0.0,0.0,0.0,0.0,0.0,0.0,0.0,0.0,0.0,0.0,0.0,0.0,0.0,0.0,0.0,0.0,0.0,0.0,0.0,0.0,0.0,0.0,0.0,0.0,0.0,0.0,0.0,0.0,0.0,0.0,0.0,0.0,0.0,0.0,0.0,0.0,0.0,0.0,0.0,0.0,0.0,0.0,0.0,0.0,0.0,0.0,0.0,0.0,0.0,0.0,0.0,0.0,0.0,0.0,0.0,0.0,0.0,0.0,0.0,0.0,0.0,0.0,0.0,0.0,0.7847199204507788,0.0808437100516073,0.027280689296028,0.0148520710059171,0.0101292185355232,0.0079511571773392,0.0068737873266764,0.0060568778687361,0.0039153063638514,0.0028031414107962,0.0021287667344718,0.001430868927676
0,0,0,0,0,0,0,0,0,0,0,0,0,0,0,0,0,0,0,0,0.0,0.0,0.0,0.0,0.0,0.0,0.0,0.0,0.0,0.0,0.0,0.0,0.0,0.0,0.0,0.0,0.0,0.0,0.0,0.0,0.0,0.0,0.0,0.0,0.0,0.0,0.0,0.0,0.0,0.0,0.0,0.0,0.0,0.0,0.0,0.0,0.0,0.0,0.0,0.0,0.0,0.0,0.0,0.0,0.0,0.0,0.0,0.0,0.0,0.0,0.0,0.0,0.0,0.0,0.0,0.0,0.0,0.0,0.0,0.0,0.0,0.0,0.0,0.0,0.0,0.0,0.0,0.0,0.0,0.0,0.0,0.0,0.0,0.0,0.0,0.0,0.0,0.0,0.0,0.0,0.0,0.0,0.0,0.0,0.0,0.0,0.0,0.0,0.0,0.0,0.0,0.0,0.0,0.0,0.0,0.0,0.0,0.0,0.0,0.0,0.0,0.0,0.0,0.0,0.0,0.0,0.0,0.0,0.0,0.0,0.0,0.0,0.0,0.0,0.0,0.0,0.0,0.0,0.0,0.0,0.0,0.0,0.0,0.0,0.0,0.0,0.0,0.0,0.0,0.0,0.0,0.0,0.0,0.0,0.0,0.0,0.0,0.0,0.0,0.0,0.0,0.0,0.0,0.0,0.0,0.0,0.0,0.0,0.0,0.0,0.0,0.0,0.0,0.0,0.0,0.0,0.0,0.0,0.0,0.0,0.0,0.0,0.0,0.0,0.0,0.0,0.0,0.0,0.0,0.0,0.0,0.0,0.0,0.0,0.0,0.0,0.0,0.0,0.0,0.0,0.0,0.0,0.0,0.0,0.0,0.0,0.0,0.0,0.0,0.0,0.0,0.0,0.0,0.0,0.0,0.0,0.0,0.0,0.0,0.0,0.0,0.0,0.0,0.0,0.0,0.0,0.0,0.0,0.0,0.784645613370579,0.0808360554845429,0.0272781065088757,0.0148506650257963,0.0101282597378011,0.0079504046188064,0.0068731368002649,0.0060563047078306,0.0039149358944031,0.0028028762003879,0.0021285653469561
0,0,0,0,0,0,0,0,0,0,0,0,0,0,0,0,0,0,0,0,0.0,0.0,0.0,0.0,0.0,0.0,0.0,0.0,0.0,0.0,0.0,0.0,0.0,0.0,0.0,0.0,0.0,0.0,0.0,0.0,0.0,0.0,0.0,0.0,0.0,0.0,0.0,0.0,0.0,0.0,0.0,0.0,0.0,0.0,0.0,0.0,0.0,0.0,0.0,0.0,0.0,0.0,0.0,0.0,0.0,0.0,0.0,0.0,0.0,0.0,0.0,0.0,0.0,0.0,0.0,0.0,0.0,0.0,0.0,0.0,0.0,0.0,0.0,0.0,0.0,0.0,0.0,0.0,0.0,0.0,0.0,0.0,0.0,0.0,0.0,0.0,0.0,0.0,0.0,0.0,0.0,0.0,0.0,0.0,0.0,0.0,0.0,0.0,0.0,0.0,0.0,0.0,0.0,0.0,0.0,0.0,0.0,0.0,0.0,0.0,0.0,0.0,0.0,0.0,0.0,0.0,0.0,0.0,0.0,0.0,0.0,0.0,0.0,0.0,0.0,0.0,0.0,0.0,0.0,0.0,0.0,0.0,0.0,0.0,0.0,0.0,0.0,0.0,0.0,0.0,0.0,0.0,0.0,0.0,0.0,0.0,0.0,0.0,0.0,0.0,0.0,0.0,0.0,0.0,0.0,0.0,0.0,0.0,0.0,0.0,0.0,0.0,0.0,0.0,0.0,0.0,0.0,0.0,0.0,0.0,0.0,0.0,0.0,0.0,0.0,0.0,0.0,0.0,0.0,0.0,0.0,0.0,0.0,0.0,0.0,0.0,0.0,0.0,0.0,0.0,0.0,0.0,0.0,0.0,0.0,0.0,0.0,0.0,0.0,0.0,0.0,0.0,0.0,0.0,0.0,0.0,0.0,0.0,0.0,0.0,0.0,0.0,0.0,0.0,0.0,0.0,0.0,0.0,0.0,0.0,0.784571320361691,0.0808284023668639,0.0272755242107256,0.0148492593118462,0.0101273011215749,0.0079496522027161,0.0068724863969718,0.006055731655391,0.0039145654950565,0.0028026110401589
0,0,0,0,0,0,0,0,0,0,0,0,0,0,0,0,0,0,0,0,0.0,0.0,0.0,0.0,0.0,0.0,0.0,0.0,0.0,0.0,0.0,0.0,0.0,0.0,0.0,0.0,0.0,0.0,0.0,0.0,0.0,0.0,0.0,0.0,0.0,0.0,0.0,0.0,0.0,0.0,0.0,0.0,0.0,0.0,0.0,0.0,0.0,0.0,0.0,0.0,0.0,0.0,0.0,0.0,0.0,0.0,0.0,0.0,0.0,0.0,0.0,0.0,0.0,0.0,0.0,0.0,0.0,0.0,0.0,0.0,0.0,0.0,0.0,0.0,0.0,0.0,0.0,0.0,0.0,0.0,0.0,0.0,0.0,0.0,0.0,0.0,0.0,0.0,0.0,0.0,0.0,0.0,0.0,0.0,0.0,0.0,0.0,0.0,0.0,0.0,0.0,0.0,0.0,0.0,0.0,0.0,0.0,0.0,0.0,0.0,0.0,0.0,0.0,0.0,0.0,0.0,0.0,0.0,0.0,0.0,0.0,0.0,0.0,0.0,0.0,0.0,0.0,0.0,0.0,0.0,0.0,0.0,0.0,0.0,0.0,0.0,0.0,0.0,0.0,0.0,0.0,0.0,0.0,0.0,0.0,0.0,0.0,0.0,0.0,0.0,0.0,0.0,0.0,0.0,0.0,0.0,0.0,0.0,0.0,0.0,0.0,0.0,0.0,0.0,0.0,0.0,0.0,0.0,0.0,0.0,0.0,0.0,0.0,0.0,0.0,0.0,0.0,0.0,0.0,0.0,0.0,0.0,0.0,0.0,0.0,0.0,0.0,0.0,0.0,0.0,0.0,0.0,0.0,0.0,0.0,0.0,0.0,0.0,0.0,0.0,0.0,0.0,0.0,0.0,0.0,0.0,0.0,0.0,0.0,0.0,0.0,0.0,0.0,0.0,0.0,0.0,0.0,0.0,0.0,0.0,0.0,0.7844970414201183,0.0808207506981587,0.0272729424014387,0.0148478538639912,0.0101263426867931,0.0079488999290276,0.006871836116762,0.0060551587113865,0.0039141951657915
0,0,0,0,0,0,0,0,0,0,0,0,0,0,0,0,0,0,0,0,0.0,0.0,0.0,0.0,0.0,0.0,0.0,0.0,0.0,0.0,0.0,0.0,0.0,0.0,0.0,0.0,0.0,0.0,0.0,0.0,0.0,0.0,0.0,0.0,0.0,0.0,0.0,0.0,0.0,0.0,0.0,0.0,0.0,0.0,0.0,0.0,0.0,0.0,0.0,0.0,0.0,0.0,0.0,0.0,0.0,0.0,0.0,0.0,0.0,0.0,0.0,0.0,0.0,0.0,0.0,0.0,0.0,0.0,0.0,0.0,0.0,0.0,0.0,0.0,0.0,0.0,0.0,0.0,0.0,0.0,0.0,0.0,0.0,0.0,0.0,0.0,0.0,0.0,0.0,0.0,0.0,0.0,0.0,0.0,0.0,0.0,0.0,0.0,0.0,0.0,0.0,0.0,0.0,0.0,0.0,0.0,0.0,0.0,0.0,0.0,0.0,0.0,0.0,0.0,0.0,0.0,0.0,0.0,0.0,0.0,0.0,0.0,0.0,0.0,0.0,0.0,0.0,0.0,0.0,0.0,0.0,0.0,0.0,0.0,0.0,0.0,0.0,0.0,0.0,0.0,0.0,0.0,0.0,0.0,0.0,0.0,0.0,0.0,0.0,0.0,0.0,0.0,0.0,0.0,0.0,0.0,0.0,0.0,0.0,0.0,0.0,0.0,0.0,0.0,0.0,0.0,0.0,0.0,0.0,0.0,0.0,0.0,0.0,0.0,0.0,0.0,0.0,0.0,0.0,0.0,0.0,0.0,0.0,0.0,0.0,0.0,0.0,0.0,0.0,0.0,0.0,0.0,0.0,0.0,0.0,0.0,0.0,0.0,0.0,0.0,0.0,0.0,0.0,0.0,0.0,0.0,0.0,0.0,0.0,0.0,0.0,0.0,0.0,0.0,0.0,0.0,0.0,0.0,0.0,0.0,0.0,0.0,0.7844227765418658,0.080813100478016,0.0272703610808764,0.0148464486821558,0.0101253844334043,0.0079481477977007,0.0068711859596007,0.0060545858757863
0,0,0,0,0,0,0,0,0,0,0,0,0,0,0,0,0,0,0,0,0.0,0.0,0.0,0.0,0.0,0.0,0.0,0.0,0.0,0.0,0.0,0.0,0.0,0.0,0.0,0.0,0.0,0.0,0.0,0.0,0.0,0.0,0.0,0.0,0.0,0.0,0.0,0.0,0.0,0.0,0.0,0.0,0.0,0.0,0.0,0.0,0.0,0.0,0.0,0.0,0.0,0.0,0.0,0.0,0.0,0.0,0.0,0.0,0.0,0.0,0.0,0.0,0.0,0.0,0.0,0.0,0.0,0.0,0.0,0.0,0.0,0.0,0.0,0.0,0.0,0.0,0.0,0.0,0.0,0.0,0.0,0.0,0.0,0.0,0.0,0.0,0.0,0.0,0.0,0.0,0.0,0.0,0.0,0.0,0.0,0.0,0.0,0.0,0.0,0.0,0.0,0.0,0.0,0.0,0.0,0.0,0.0,0.0,0.0,0.0,0.0,0.0,0.0,0.0,0.0,0.0,0.0,0.0,0.0,0.0,0.0,0.0,0.0,0.0,0.0,0.0,0.0,0.0,0.0,0.0,0.0,0.0,0.0,0.0,0.0,0.0,0.0,0.0,0.0,0.0,0.0,0.0,0.0,0.0,0.0,0.0,0.0,0.0,0.0,0.0,0.0,0.0,0.0,0.0,0.0,0.0,0.0,0.0,0.0,0.0,0.0,0.0,0.0,0.0,0.0,0.0,0.0,0.0,0.0,0.0,0.0,0.0,0.0,0.0,0.0,0.0,0.0,0.0,0.0,0.0,0.0,0.0,0.0,0.0,0.0,0.0,0.0,0.0,0.0,0.0,0.0,0.0,0.0,0.0,0.0,0.0,0.0,0.0,0.0,0.0,0.0,0.0,0.0,0.0,0.0,0.0,0.0,0.0,0.0,0.0,0.0,0.0,0.0,0.0,0.0,0.0,0.0,0.0,0.0,0.0,0.0,0.0,0.0,0.78434852572294,0.0808054517060243,0.0272677802488998,0.0148450437662644,0.0101244263613568,0.0079473958086948,0.0068705359254529
0,0,0,0,0,0,0,0,0,0,0,0,0,0,0,0,0,0,0,0,0.0,0.0,0.0,0.0,0.0,0.0,0.0,0.0,0.0,0.0,0.0,0.0,0.0,0.0,0.0,0.0,0.0,0.0,0.0,0.0,0.0,0.0,0.0,0.0,0.0,0.0,0.0,0.0,0.0,0.0,0.0,0.0,0.0,0.0,0.0,0.0,0.0,0.0,0.0,0.0,0.0,0.0,0.0,0.0,0.0,0.0,0.0,0.0,0.0,0.0,0.0,0.0,0.0,0.0,0.0,0.0,0.0,0.0,0.0,0.0,0.0,0.0,0.0,0.0,0.0,0.0,0.0,0.0,0.0,0.0,0.0,0.0,0.0,0.0,0.0,0.0,0.0,0.0,0.0,0.0,0.0,0.0,0.0,0.0,0.0,0.0,0.0,0.0,0.0,0.0,0.0,0.0,0.0,0.0,0.0,0.0,0.0,0.0,0.0,0.0,0.0,0.0,0.0,0.0,0.0,0.0,0.0,0.0,0.0,0.0,0.0,0.0,0.0,0.0,0.0,0.0,0.0,0.0,0.0,0.0,0.0,0.0,0.0,0.0,0.0,0.0,0.0,0.0,0.0,0.0,0.0,0.0,0.0,0.0,0.0,0.0,0.0,0.0,0.0,0.0,0.0,0.0,0.0,0.0,0.0,0.0,0.0,0.0,0.0,0.0,0.0,0.0,0.0,0.0,0.0,0.0,0.0,0.0,0.0,0.0,0.0,0.0,0.0,0.0,0.0,0.0,0.0,0.0,0.0,0.0,0.0,0.0,0.0,0.0,0.0,0.0,0.0,0.0,0.0,0.0,0.0,0.0,0.0,0.0,0.0,0.0,0.0,0.0,0.0,0.0,0.0,0.0,0.0,0.0,0.0,0.0,0.0,0.0,0.0,0.0,0.0,0.0,0.0,0.0,0.0,0.0,0.0,0.0,0.0,0.0,0.0,0.0,0.0,0.0,0.7842742889593488,0.0807978043817725,0.0272651999053702,0.0148436391162416,0.0101234684705993,0.0079466439619696
0,0,0,0,0,0,0,0,0,0,0,0,0,0,0,0,0,0,0,0,0.0,0.0,0.0,0.0,0.0,0.0,0.0,0.0,0.0,0.0,0.0,0.0,0.0,0.0,0.0,0.0,0.0,0.0,0.0,0.0,0.0,0.0,0.0,0.0,0.0,0.0,0.0,0.0,0.0,0.0,0.0,0.0,0.0,0.0,0.0,0.0,0.0,0.0,0.0,0.0,0.0,0.0,0.0,0.0,0.0,0.0,0.0,0.0,0.0,0.0,0.0,0.0,0.0,0.0,0.0,0.0,0.0,0.0,0.0,0.0,0.0,0.0,0.0,0.0,0.0,0.0,0.0,0.0,0.0,0.0,0.0,0.0,0.0,0.0,0.0,0.0,0.0,0.0,0.0,0.0,0.0,0.0,0.0,0.0,0.0,0.0,0.0,0.0,0.0,0.0,0.0,0.0,0.0,0.0,0.0,0.0,0.0,0.0,0.0,0.0,0.0,0.0,0.0,0.0,0.0,0.0,0.0,0.0,0.0,0.0,0.0,0.0,0.0,0.0,0.0,0.0,0.0,0.0,0.0,0.0,0.0,0.0,0.0,0.0,0.0,0.0,0.0,0.0,0.0,0.0,0.0,0.0,0.0,0.0,0.0,0.0,0.0,0.0,0.0,0.0,0.0,0.0,0.0,0.0,0.0,0.0,0.0,0.0,0.0,0.0,0.0,0.0,0.0,0.0,0.0,0.0,0.0,0.0,0.0,0.0,0.0,0.0,0.0,0.0,0.0,0.0,0.0,0.0,0.0,0.0,0.0,0.0,0.0,0.0,0.0,0.0,0.0,0.0,0.0,0.0,0.0,0.0,0.0,0.0,0.0,0.0,0.0,0.0,0.0,0.0,0.0,0.0,0.0,0.0,0.0,0.0,0.0,0.0,0.0,0.0,0.0,0.0,0.0,0.0,0.0,0.0,0.0,0.0,0.0,0.0,0.0,0.0,0.0,0.0,0.0,0.7842000662471017,0.0807901585048497,0.027262620050149,0.0148422347320119,0.0101225107610803
0,0,0,0,0,0,0,0,0,0,0,0,0,0,0,0,0,0,0,0,0.0,0.0,0.0,0.0,0.0,0.0,0.0,0.0,0.0,0.0,0.0,0.0,0.0,0.0,0.0,0.0,0.0,0.0,0.0,0.0,0.0,0.0,0.0,0.0,0.0,0.0,0.0,0.0,0.0,0.0,0.0,0.0,0.0,0.0,0.0,0.0,0.0,0.0,0.0,0.0,0.0,0.0,0.0,0.0,0.0,0.0,0.0,0.0,0.0,0.0,0.0,0.0,0.0,0.0,0.0,0.0,0.0,0.0,0.0,0.0,0.0,0.0,0.0,0.0,0.0,0.0,0.0,0.0,0.0,0.0,0.0,0.0,0.0,0.0,0.0,0.0,0.0,0.0,0.0,0.0,0.0,0.0,0.0,0.0,0.0,0.0,0.0,0.0,0.0,0.0,0.0,0.0,0.0,0.0,0.0,0.0,0.0,0.0,0.0,0.0,0.0,0.0,0.0,0.0,0.0,0.0,0.0,0.0,0.0,0.0,0.0,0.0,0.0,0.0,0.0,0.0,0.0,0.0,0.0,0.0,0.0,0.0,0.0,0.0,0.0,0.0,0.0,0.0,0.0,0.0,0.0,0.0,0.0,0.0,0.0,0.0,0.0,0.0,0.0,0.0,0.0,0.0,0.0,0.0,0.0,0.0,0.0,0.0,0.0,0.0,0.0,0.0,0.0,0.0,0.0,0.0,0.0,0.0,0.0,0.0,0.0,0.0,0.0,0.0,0.0,0.0,0.0,0.0,0.0,0.0,0.0,0.0,0.0,0.0,0.0,0.0,0.0,0.0,0.0,0.0,0.0,0.0,0.0,0.0,0.0,0.0,0.0,0.0,0.0,0.0,0.0,0.0,0.0,0.0,0.0,0.0,0.0,0.0,0.0,0.0,0.0,0.0,0.0,0.0,0.0,0.0,0.0,0.0,0.0,0.0,0.0,0.0,0.0,0.0,0.0,0.0,0.7841258575822097,0.080782514074845,0.0272600406830975,0.0148408306134998
0,0,0,0,0,0,0,0,0,0,0,0,0,0,0,0,0,0,0,0,0.0,0.0,0.0,0.0,0.0,0.0,0.0,0.0,0.0,0.0,0.0,0.0,0.0,0.0,0.0,0.0,0.0,0.0,0.0,0.0,0.0,0.0,0.0,0.0,0.0,0.0,0.0,0.0,0.0,0.0,0.0,0.0,0.0,0.0,0.0,0.0,0.0,0.0,0.0,0.0,0.0,0.0,0.0,0.0,0.0,0.0,0.0,0.0,0.0,0.0,0.0,0.0,0.0,0.0,0.0,0.0,0.0,0.0,0.0,0.0,0.0,0.0,0.0,0.0,0.0,0.0,0.0,0.0,0.0,0.0,0.0,0.0,0.0,0.0,0.0,0.0,0.0,0.0,0.0,0.0,0.0,0.0,0.0,0.0,0.0,0.0,0.0,0.0,0.0,0.0,0.0,0.0,0.0,0.0,0.0,0.0,0.0,0.0,0.0,0.0,0.0,0.0,0.0,0.0,0.0,0.0,0.0,0.0,0.0,0.0,0.0,0.0,0.0,0.0,0.0,0.0,0.0,0.0,0.0,0.0,0.0,0.0,0.0,0.0,0.0,0.0,0.0,0.0,0.0,0.0,0.0,0.0,0.0,0.0,0.0,0.0,0.0,0.0,0.0,0.0,0.0,0.0,0.0,0.0,0.0,0.0,0.0,0.0,0.0,0.0,0.0,0.0,0.0,0.0,0.0,0.0,0.0,0.0,0.0,0.0,0.0,0.0,0.0,0.0,0.0,0.0,0.0,0.0,0.0,0.0,0.0,0.0,0.0,0.0,0.0,0.0,0.0,0.0,0.0,0.0,0.0,0.0,0.0,0.0,0.0,0.0,0.0,0.0,0.0,0.0,0.0,0.0,0.0,0.0,0.0,0.0,0.0,0.0,0.0,0.0,0.0,0.0,0.0,0.0,0.0,0.0,0.0,0.0,0.0,0.0,0.0,0.0,0.0,0.0,0.0,0.0,0.0,0.784051662960685,0.0807748710913477,0.0272574618040773
0,0,0,0,0,0,0,0,0,0,0,0,0,0,0,0,0,0,0,0,0.0,0.0,0.0,0.0,0.0,0.0,0.0,0.0,0.0,0.0,0.0,0.0,0.0,0.0,0.0,0.0,0.0,0.0,0.0,0.0,0.0,0.0,0.0,0.0,0.0,0.0,0.0,0.0,0.0,0.0,0.0,0.0,0.0,0.0,0.0,0.0,0.0,0.0,0.0,0.0,0.0,0.0,0.0,0.0,0.0,0.0,0.0,0.0,0.0,0.0,0.0,0.0,0.0,0.0,0.0,0.0,0.0,0.0,0.0,0.0,0.0,0.0,0.0,0.0,0.0,0.0,0.0,0.0,0.0,0.0,0.0,0.0,0.0,0.0,0.0,0.0,0.0,0.0,0.0,0.0,0.0,0.0,0.0,0.0,0.0,0.0,0.0,0.0,0.0,0.0,0.0,0.0,0.0,0.0,0.0,0.0,0.0,0.0,0.0,0.0,0.0,0.0,0.0,0.0,0.0,0.0,0.0,0.0,0.0,0.0,0.0,0.0,0.0,0.0,0.0,0.0,0.0,0.0,0.0,0.0,0.0,0.0,0.0,0.0,0.0,0.0,0.0,0.0,0.0,0.0,0.0,0.0,0.0,0.0,0.0,0.0,0.0,0.0,0.0,0.0,0.0,0.0,0.0,0.0,0.0,0.0,0.0,0.0,0.0,0.0,0.0,0.0,0.0,0.0,0.0,0.0,0.0,0.0,0.0,0.0,0.0,0.0,0.0,0.0,0.0,0.0,0.0,0.0,0.0,0.0,0.0,0.0,0.0,0.0,0.0,0.0,0.0,0.0,0.0,0.0,0.0,0.0,0.0,0.0,0.0,0.0,0.0,0.0,0.0,0.0,0.0,0.0,0.0,0.0,0.0,0.0,0.0,0.0,0.0,0.0,0.0,0.0,0.0,0.0,0.0,0.0,0.0,0.0,0.0,0.0,0.0,0.0,0.0,0.0,0.0,0.0,0.0,0.0,0.783977482378542,0.0807672295539473
0,0,0,0,0,0,0,0,0,0,0,0,0,0,0,0,0,0,0,0,0.0,0.0,0.0,0.0,0.0,0.0,0.0,0.0,0.0,0.0,0.0,0.0,0.0,0.0,0.0,0.0,0.0,0.0,0.0,0.0,0.0,0.0,0.0,0.0,0.0,0.0,0.0,0.0,0.0,0.0,0.0,0.0,0.0,0.0,0.0,0.0,0.0,0.0,0.0,0.0,0.0,0.0,0.0,0.0,0.0,0.0,0.0,0.0,0.0,0.0,0.0,0.0,0.0,0.0,0.0,0.0,0.0,0.0,0.0,0.0,0.0,0.0,0.0,0.0,0.0,0.0,0.0,0.0,0.0,0.0,0.0,0.0,0.0,0.0,0.0,0.0,0.0,0.0,0.0,0.0,0.0,0.0,0.0,0.0,0.0,0.0,0.0,0.0,0.0,0.0,0.0,0.0,0.0,0.0,0.0,0.0,0.0,0.0,0.0,0.0,0.0,0.0,0.0,0.0,0.0,0.0,0.0,0.0,0.0,0.0,0.0,0.0,0.0,0.0,0.0,0.0,0.0,0.0,0.0,0.0,0.0,0.0,0.0,0.0,0.0,0.0,0.0,0.0,0.0,0.0,0.0,0.0,0.0,0.0,0.0,0.0,0.0,0.0,0.0,0.0,0.0,0.0,0.0,0.0,0.0,0.0,0.0,0.0,0.0,0.0,0.0,0.0,0.0,0.0,0.0,0.0,0.0,0.0,0.0,0.0,0.0,0.0,0.0,0.0,0.0,0.0,0.0,0.0,0.0,0.0,0.0,0.0,0.0,0.0,0.0,0.0,0.0,0.0,0.0,0.0,0.0,0.0,0.0,0.0,0.0,0.0,0.0,0.0,0.0,0.0,0.0,0.0,0.0,0.0,0.0,0.0,0.0,0.0,0.0,0.0,0.0,0.0,0.0,0.0,0.0,0.0,0.0,0.0,0.0,0.0,0.0,0.0,0.0,0.0,0.0,0.0,0.0,0.0,0.0,0.783903315831796
