reactor,period,day,start_utc,end_utc,n_days,n_det,n_det_mask,neutrino_rate_per_s
R1,0,0,1324684800,1325289600,7,6,1,1.591862160216841e+20
R1,1,7,1325289600,1325894400,7,6,1,1.58952199789476e+20
R1,2,14,1325894400,1326499200,7,6,1,1.586715083932991e+20
R1,3,21,1326499200,1327104000,7,6,1,1.5898788119882085e+20
R1,4,28,1327104000,1327708800,7,6,1,1.5856088162093138e+20
R1,5,35,1327708800,1328313600,7,6,1,1.585726163120712e+20
R1,6,42,1328313600,1328918400,7,6,1,1.584358497798931e+20
R1,7,49,1328918400,1329523200,7,6,1,1.5814911288608607e+20
R1,8,56,1329523200,1330128000,7,6,1,1.575455398970382e+20
R1,9,63,1330128000,1330732800,7,6,1,1.5802432142633166e+20
R1,10,70,1330732800,1331337600,7,6,1,1.5792315887107303e+20
R1,11,77,1331337600,1331942400,7,6,1,1.5762410492806663e+20
R1,12,84,1331942400,1332547200,7,6,1,1.577190808935678e+20
R1,13,91,1332547200,1333152000,7,6,1,1.575543513674668e+20
R1,14,98,1333152000,1333756800,7,6,1,1.5764137156732564e+20
R1,15,105,1333756800,1334361600,7,6,1,0.0
R1,16,112,1334361600,1334966400,7,6,1,0.0
R1,17,119,1334966400,1335571200,7,6,1,0.0
R1,18,126,1335571200,1336176000,7,6,1,0.0
R1,19,133,1336176000,1336780800,7,6,1,0.0
R1,20,140,1336780800,1337385600,7,6,1,0.0
R1,21,147,1337385600,1337990400,7,6,1,0.0
R1,22,154,1337990400,1338595200,7,6,1,6.364995556885387e+16
R1,23,161,1338595200,1339200000,7,6,1,9.726725940395665e+19
R1,24,168,1339200000,1339804800,7,6,1,1.687465407298713e+20
R1,25,175,1339804800,1340409600,7,6,1,1.6875576599528666e+20
R1,26,182,1340409600,1341014400,7,6,1,1.6794448542384583e+20
R1,27,189,1341014400,1341619200,7,6,1,1.676054272521615e+20
R1,28,196,1341619200,1342224000,7,6,1,1.6388216035935106e+20
R1,29,203,1342224000,1342828800,7,6,1,1.6575505390078624e+20
R1,30,210,1342828800,1343433600,7,6,1,1.6546715522743098e+20
R1,31,217,1343433600,1344038400,7,6,1,1.6625398839948804e+20
R1,32,224,1344038400,1344643200,7,0,0,0.0
R1,33,231,1344643200,1345248000,7,0,0,0.0
R1,34,238,1345248000,1345852800,7,0,0,0.0
R1,35,245,1345852800,1346457600,7,0,0,0.0
R1,36,252,1346457600,1347062400,7,0,0,0.0
R1,37,259,1347062400,1347667200,7,0,0,0.0
R1,38,266,1347667200,1348272000,7,0,0,0.0
R1,39,273,1348272000,1348876800,7,0,0,0.0
R1,40,280,1348876800,1349481600,7,0,0,0.0
R1,41,287,1349481600,1350086400,7,0,0,0.0
R1,42,294,1350086400,1350691200,7,8,2,1.644493658302039e+20
R1,43,301,1350691200,1351296000,7,8,2,1.645383676837989e+20
R1,44,308,1351296000,1351900800,7,8,2,1.642800370764902e+20
R1,45,315,1351900800,1352505600,7,8,2,1.6419043124760576e+20
R1,46,322,1352505600,1353110400,7,8,2,1.6373425407539184e+20
R1,47,329,1353110400,1353715200,7,8,2,1.636634323894424e+20
R1,48,336,1353715200,1354320000,7,8,2,1.6340947806387418e+20
R1,49,343,1354320000,1354924800,7,8,2,1.6353641757799875e+20
R1,50,350,1354924800,1355529600,7,8,2,1.6338303905796683e+20
R1,51,357,1355529600,1356134400,7,8,2,1.632681446449658e+20
R1,52,364,1356134400,1356739200,7,8,2,1.6297746699095415e+20
R1,53,371,1356739200,1357344000,7,8,2,1.62848478918829e+20
R1,54,378,1357344000,1357948800,7,8,2,1.625019302384026e+20
R1,55,385,1357948800,1358553600,7,8,2,1.6145148987886502e+20
R1,56,392,1358553600,1359158400,7,8,2,1.6228396192312328e+20
R1,57,399,1359158400,1359763200,7,8,2,1.622739559968841e+20
R1,58,406,1359763200,1360368000,7,8,2,1.620114176628979e+20
R1,59,413,1360368000,1360972800,7,8,2,1.618715202773171e+20
R1,60,420,1360972800,1361577600,7,8,2,1.6187817155305076e+20
R1,61,427,1361577600,1362182400,7,8,2,1.6160127548268213e+20
R1,62,434,1362182400,1362787200,7,8,2,1.6140193640605417e+20
R1,63,441,1362787200,1363392000,7,8,2,1.613721814583359e+20
R1,64,448,1363392000,1363996800,7,8,2,1.613457783636373e+20
R1,65,455,1363996800,1364601600,7,8,2,1.6121319237366107e+20
R1,66,462,1364601600,1365206400,7,8,2,1.608713283351446e+20
R1,67,469,1365206400,1365811200,7,8,2,1.6042318120730323e+20
R1,68,476,1365811200,1366416000,7,8,2,1.603314430033503e+20
R1,69,483,1366416000,1367020800,7,8,2,1.604541714526132e+20
R1,70,490,1367020800,1367625600,7,8,2,1.599639439168506e+20
R1,71,497,1367625600,1368230400,7,8,2,1.6014622789373087e+20
R1,72,504,1368230400,1368835200,7,8,2,1.599645675416468e+20
R1,73,511,1368835200,1369440000,7,8,2,1.602954520356973e+20
R1,74,518,1369440000,1370044800,7,8,2,1.598595880809573e+20
R1,75,525,1370044800,1370649600,7,8,2,1.5948255343595435e+20
R1,76,532,1370649600,1371254400,7,8,2,1.598281521340188e+20
R1,77,539,1371254400,1371859200,7,8,2,1.591927282285679e+20
R1,78,546,1371859200,1372464000,7,8,2,1.5931516385954555e+20
R1,79,553,1372464000,1373068800,7,8,2,1.597658243705996e+20
R1,80,560,1373068800,1373673600,7,8,2,1.5946755425169533e+20
R1,81,567,1373673600,1374278400,7,8,2,1.5890176447277407e+20
R1,82,574,1374278400,1374883200,7,8,2,1.593466513263273e+20
R1,83,581,1374883200,1375488000,7,8,2,1.5901504967957004e+20
R1,84,588,1375488000,1376092800,7,8,2,1.5882466627796586e+20
R1,85,595,1376092800,1376697600,7,8,2,1.589803543407806e+20
R1,86,602,1376697600,1377302400,7,8,2,1.585760793698777e+20
R1,87,609,1377302400,1377907200,7,8,2,1.5860798708416453e+20
R1,88,616,1377907200,1378512000,7,8,2,1.585670407397355e+20
R1,89,623,1378512000,1379116800,7,8,2,1.5871501023147583e+20
R1,90,630,1379116800,1379721600,7,8,2,1.5836982044440694e+20
R1,91,637,1379721600,1380326400,7,8,2,1.5605722779119206e+20
R1,92,644,1380326400,1380931200,7,8,2,1.5834625088402476e+20
R1,93,651,1380931200,1381536000,7,8,2,1.5790980751528647e+20
R1,94,658,1381536000,1382140800,7,8,2,1.1447740428077231e+20
R1,95,665,1382140800,1382745600,7,8,2,0.0
R1,96,672,1382745600,1383350400,7,8,2,0.0
R1,97,679,1383350400,1383955200,7,8,2,0.0
R1,98,686,1383955200,1384560000,7,8,2,0.0
R1,99,693,1384560000,1385164800,7,8,2,0.0
R1,100,700,1385164800,1385769600,7,8,2,9.40564314726506e+16
R1,101,707,1385769600,1386374400,7,8,2,8.560153755057427e+19
R1,102,714,1386374400,1386979200,7,8,2,1.6645858759182847e+20
R1,103,721,1386979200,1387584000,7,8,2,1.6741195049642954e+20
R1,104,728,1387584000,1388188800,7,8,2,1.6719098416266222e+20
R1,105,735,1388188800,1388793600,7,8,2,1.657353822254053e+20
R1,106,742,1388793600,1389398400,7,8,2,1.6645895686684754e+20
R1,107,749,1389398400,1390003200,7,8,2,1.666354283997745e+20
R1,108,756,1390003200,1390608000,7,8,2,1.6667169746391928e+20
R1,109,763,1390608000,1391212800,7,8,2,1.663546858063944e+20
R1,110,770,1391212800,1391817600,7,8,2,1.6622988369895417e+20
R1,111,777,1391817600,1392422400,7,8,2,1.6583183269092383e+20
R1,112,784,1392422400,1393027200,7,8,2,1.655882860302495e+20
R1,113,791,1393027200,1393632000,7,8,2,1.6557620974361438e+20
R1,114,798,1393632000,1394236800,7,8,2,1.653641408725911e+20
R1,115,805,1394236800,1394841600,7,8,2,1.6511017927549728e+20
R1,116,812,1394841600,1395446400,7,8,2,1.6495392634665966e+20
R1,117,819,1395446400,1396051200,7,8,2,1.6480631754223452e+20
R1,118,826,1396051200,1396656000,7,8,2,1.646072069391475e+20
R1,119,833,1396656000,1397260800,7,8,2,1.6447092805662202e+20
R1,120,840,1397260800,1397865600,7,8,2,1.6415817461057107e+20
R1,121,847,1397865600,1398470400,7,8,2,1.640773192240009e+20
R1,122,854,1398470400,1399075200,7,8,2,1.6392015675845473e+20
R1,123,861,1399075200,1399680000,7,8,2,1.631696227361967e+20
R1,124,868,1399680000,1400284800,7,8,2,1.636157235531791e+20
R1,125,875,1400284800,1400889600,7,8,2,1.633131619032461e+20
R1,126,882,1400889600,1401494400,7,8,2,1.6317261478680278e+20
R1,127,889,1401494400,1402099200,7,8,2,1.630133861118058e+20
R1,128,896,1402099200,1402704000,7,8,2,1.629005701616845e+20
R1,129,903,1402704000,1403308800,7,8,2,1.6271026128997653e+20
R1,130,910,1403308800,1403913600,7,8,2,1.626200708198827e+20
R1,131,917,1403913600,1404518400,7,8,2,1.6207551388215325e+20
R1,132,924,1404518400,1405123200,7,8,2,1.6220907292836925e+20
R1,133,931,1405123200,1405728000,7,8,2,1.619884599639473e+20
R1,134,938,1405728000,1406332800,7,8,2,1.6198689231163903e+20
R1,135,945,1406332800,1406937600,7,8,2,1.617513798107919e+20
R1,136,952,1406937600,1407542400,7,8,2,1.617042811944295e+20
R1,137,959,1407542400,1408147200,7,8,2,1.6155183528676137e+20
R1,138,966,1408147200,1408752000,7,8,2,1.614110120285719e+20
R1,139,973,1408752000,1409356800,7,8,2,1.6129956423540618e+20
R1,140,980,1409356800,1409961600,7,8,2,1.6118795577808388e+20
R1,141,987,1409961600,1410566400,7,8,2,1.6103769548899965e+20
R1,142,994,1410566400,1411171200,7,8,2,1.6100484527540365e+20
R1,143,1001,1411171200,1411776000,7,8,2,1.608024130977701e+20
R1,144,1008,1411776000,1412380800,7,8,2,1.6071957353635168e+20
R1,145,1015,1412380800,1412985600,7,8,2,1.605745262482771e+20
R1,146,1022,1412985600,1413590400,7,8,2,1.5999189160692698e+20
R1,147,1029,1413590400,1414195200,7,8,2,1.5979210211043305e+20
R1,148,1036,1414195200,1414800000,7,8,2,1.602539452054657e+20
R1,149,1043,1414800000,1415404800,7,8,2,1.599672543045336e+20
R1,150,1050,1415404800,1416009600,7,8,2,1.595003361403202e+20
R1,151,1057,1416009600,1416614400,7,8,2,1.5987024479669738e+20
R1,152,1064,1416614400,1417219200,7,8,2,1.5968912980510356e+20
R1,153,1071,1417219200,1417824000,7,8,2,1.5971911023768312e+20
R1,154,1078,1417824000,1418428800,7,8,2,1.59182723873952e+20
R1,155,1085,1418428800,1419033600,7,8,2,1.3148781272700623e+20
R1,156,1092,1419033600,1419638400,7,8,2,1.5894865686035225e+20
R1,157,1099,1419638400,1420243200,7,8,2,1.5926890202803123e+20
R1,158,1106,1420243200,1420848000,7,8,2,1.5893299310408912e+20
R1,159,1113,1420848000,1421452800,7,8,2,1.5875690699978342e+20
R1,160,1120,1421452800,1422057600,7,8,2,1.5866654644999166e+20
R1,161,1127,1422057600,1422662400,7,8,2,1.58384548158399e+20
R1,162,1134,1422662400,1423267200,7,8,2,1.5889820989761546e+20
R1,163,1141,1423267200,1423872000,7,8,2,1.5845143909121268e+20
R1,164,1148,1423872000,1424476800,7,8,2,1.5837887170565007e+20
R1,165,1155,1424476800,1425081600,7,8,2,1.58354768904989e+20
R1,166,1162,1425081600,1425686400,7,8,2,1.578180249984695e+20
R1,167,1169,1425686400,1426291200,7,8,2,6.492867185578816e+19
R1,168,1176,1426291200,1426896000,7,8,2,0.0
R1,169,1183,1426896000,1427500800,7,8,2,0.0
R1,170,1190,1427500800,1428105600,7,8,2,0.0
R1,171,1197,1428105600,1428710400,7,8,2,0.0
R1,172,1204,1428710400,1429315200,7,8,2,0.0
R1,173,1211,1429315200,1429920000,7,8,2,0.0
R1,174,1218,1429920000,1430524800,7,8,2,0.0
R1,175,1225,1430524800,1431129600,7,8,2,0.0
R1,176,1232,1431129600,1431734400,7,8,2,0.0
R1,177,1239,1431734400,1432339200,7,8,2,6.98182919417629e+16
R1,178,1246,1432339200,1432944000,7,8,2,1.0660093371756254e+20
R1,179,1253,1432944000,1433548800,7,8,2,1.689202467482642e+20
R1,180,1260,1433548800,1434153600,7,8,2,1.6910290387269658e+20
R1,181,1267,1434153600,1434758400,7,8,2,1.688386497875567e+20
R1,182,1274,1434758400,1435363200,7,8,2,1.6863086230816342e+20
R1,183,1281,1435363200,1435968000,7,8,2,1.675533344400311e+20
R1,184,1288,1435968000,1436572800,7,8,2,1.6798199314482905e+20
R1,185,1295,1436572800,1437177600,7,8,2,1.6767629151085815e+20
R1,186,1302,1437177600,1437782400,7,8,2,1.6754147847241014e+20
R1,187,1309,1437782400,1438387200,7,8,2,1.6733378947639407e+20
R1,188,1316,1438387200,1438992000,7,8,2,0.0
R1,189,1323,1438992000,1439596800,7,8,2,1.666113910002476e+20
R1,190,1330,1439596800,1440201600,7,8,2,1.6644620771371578e+20
R1,191,1337,1440201600,1440806400,7,8,2,1.6618119840401683e+20
R1,192,1344,1440806400,1441411200,7,8,2,1.659822950284497e+20
R1,193,1351,1441411200,1442016000,7,8,2,1.657954991948277e+20
R1,194,1358,1442016000,1442620800,7,8,2,1.656136859628038e+20
R1,195,1365,1442620800,1443225600,7,8,2,1.653989138670596e+20
R1,196,1372,1443225600,1443830400,7,8,2,1.6511260759717763e+20
R1,197,1379,1443830400,1444435200,7,8,2,1.650161504888871e+20
R1,198,1386,1444435200,1445040000,7,8,2,1.6466582414564557e+20
R1,199,1393,1445040000,1445644800,7,8,2,1.6464116950437354e+20
R1,200,1400,1445644800,1446249600,7,8,2,1.64439545775462e+20
R1,201,1407,1446249600,1446854400,7,8,2,1.6419344589221072e+20
R1,202,1414,1446854400,1447459200,7,8,2,1.639684508488491e+20
R1,203,1421,1447459200,1448064000,7,8,2,1.6382240710207144e+20
R1,204,1428,1448064000,1448668800,7,8,2,1.6363125847822303e+20
R1,205,1435,1448668800,1449273600,7,8,2,1.6331735831001465e+20
R1,206,1442,1449273600,1449878400,7,8,2,1.627450070748356e+20
R1,207,1449,1449878400,1450483200,7,8,2,1.6266460000981048e+20
R1,208,1456,1450483200,1451088000,7,8,2,1.6243032265914977e+20
R1,209,1463,1451088000,1451692800,7,8,2,1.6245789903560956e+20
R1,210,1470,1451692800,1452297600,7,8,2,1.622804815404306e+20
R1,211,1477,1452297600,1452902400,7,8,2,1.6143556642262506e+20
R1,212,1484,1452902400,1453507200,7,8,2,1.61925950715284e+20
R1,213,1491,1453507200,1454112000,7,8,2,1.611980154539097e+20
R1,214,1498,1454112000,1454716800,7,8,2,1.6111806445643507e+20
R1,215,1505,1454716800,1455321600,7,8,2,1.525586109067176e+20
R1,216,1512,1455321600,1455926400,7,8,2,1.6090811785983836e+20
R1,217,1519,1455926400,1456531200,7,8,2,1.608403004870917e+20
R1,218,1526,1456531200,1457136000,7,8,2,1.6075498140599717e+20
R1,219,1533,1457136000,1457740800,7,8,2,1.606273827472633e+20
R1,220,1540,1457740800,1458345600,7,8,2,1.6050186660296707e+20
R1,221,1547,1458345600,1458950400,7,8,2,1.6051859461809547e+20
R1,222,1554,1458950400,1459555200,7,8,2,1.6045197882336762e+20
R1,223,1561,1459555200,1460160000,7,8,2,1.6042663603713222e+20
R1,224,1568,1460160000,1460764800,7,8,2,1.6035798194032837e+20
R1,225,1575,1460764800,1461369600,7,8,2,1.6036866695316233e+20
R1,226,1582,1461369600,1461974400,7,8,2,1.6057291529145215e+20
R1,227,1589,1461974400,1462579200,7,8,2,1.6037993916766198e+20
R1,228,1596,1462579200,1463184000,7,8,2,1.602126534447748e+20
R1,229,1603,1463184000,1463788800,7,8,2,1.602087328811679e+20
R1,230,1610,1463788800,1464393600,7,8,2,1.6010218030304028e+20
R1,231,1617,1464393600,1464998400,7,8,2,1.5990142357384243e+20
R1,232,1624,1464998400,1465603200,7,8,2,1.5983455930668492e+20
R1,233,1631,1465603200,1466208000,7,8,2,1.5981869712485286e+20
R1,234,1638,1466208000,1466812800,7,8,2,1.5975048354616092e+20
R1,235,1645,1466812800,1467417600,7,8,2,1.5956818580671034e+20
R1,236,1652,1467417600,1468022400,7,8,2,1.59221826377057e+20
R1,237,1659,1468022400,1468627200,7,8,2,1.5928486545783777e+20
R1,238,1666,1468627200,1469232000,7,8,2,1.5925862897865186e+20
R1,239,1673,1469232000,1469836800,7,8,2,1.59176872566934e+20
R1,240,1680,1469836800,1470441600,7,8,2,1.5904228248384022e+20
R1,241,1687,1470441600,1471046400,7,8,2,1.588350542315031e+20
R1,242,1694,1471046400,1471651200,7,8,2,1.5903726451125577e+20
R1,243,1701,1471651200,1472256000,7,8,2,1.587912186792346e+20
R1,244,1708,1472256000,1472860800,7,8,2,1.5839143480161213e+20
R1,245,1715,1472860800,1473465600,7,8,2,1.581552150963124e+20
R1,246,1722,1473465600,1474070400,7,8,2,1.5688122779373843e+20
R1,247,1729,1474070400,1474675200,7,8,2,1.581725682004015e+20
R1,248,1736,1474675200,1475280000,7,8,2,1.5762609704291097e+20
R1,249,1743,1475280000,1475884800,7,8,2,1.5816647971545616e+20
R1,250,1750,1475884800,1476489600,7,8,2,1.5727331181730867e+20
R1,251,1757,1476489600,1477094400,7,8,2,8.193229483247534e+19
R1,252,1764,1477094400,1477699200,7,8,2,0.0
R1,253,1771,1477699200,1478304000,7,8,2,0.0
R1,254,1778,1478304000,1478908800,7,8,2,0.0
R1,255,1785,1478908800,1479513600,7,8,2,0.0
R1,256,1792,1479513600,1480118400,7,8,2,0.0
R1,257,1799,1480118400,1480723200,7,8,2,0.0
R1,258,1806,1480723200,1481328000,7,8,2,8.351118610590222e+19
R1,259,1813,1481328000,1481932800,7,8,2,1.6703027740955745e+20
R1,260,1820,1481932800,1482537600,7,8,2,1.6676170124480532e+20
R1,261,1827,1482537600,1483142400,7,0,0,0.0
R1,262,1834,1483142400,1483747200,7,0,0,0.0
R1,263,1841,1483747200,1484352000,7,0,0,0.0
R1,264,1848,1484352000,1484956800,7,0,0,0.0
R1,265,1855,1484956800,1485561600,7,7,4,0.0
R1,266,1862,1485561600,1486166400,7,7,4,1.5992428595624552e+20
R1,267,1869,1486166400,1486771200,7,7,4,1.642126587512343e+20
R1,268,1876,1486771200,1487376000,7,7,4,1.645341192371125e+20
R1,269,1883,1487376000,1487980800,7,7,4,1.6434232108692354e+20
R1,270,1890,1487980800,1488585600,7,7,4,1.6402776436995644e+20
R1,271,1897,1488585600,1489190400,7,7,4,1.6397953340817084e+20
R1,272,1904,1489190400,1489795200,7,7,4,1.6378460216722686e+20
R1,273,1911,1489795200,1490400000,7,7,4,1.635833646076983e+20
R1,274,1918,1490400000,1491004800,7,7,4,1.6346292306863306e+20
R1,275,1925,1491004800,1491609600,7,7,4,1.6339994134745117e+20
R1,276,1932,1491609600,1492214400,7,7,4,1.6330384964347193e+20
R1,277,1939,1492214400,1492819200,7,7,4,1.6348696054445785e+20
R1,278,1946,1492819200,1493424000,7,7,4,1.6316174730743828e+20
R1,279,1953,1493424000,1494028800,7,7,4,1.633461291978948e+20
R1,280,1960,1494028800,1494633600,7,7,4,1.631709329433004e+20
R1,281,1967,1494633600,1495238400,7,7,4,1.6341262770979563e+20
R1,282,1974,1495238400,1495843200,7,7,4,1.6299986380938802e+20
R1,283,1981,1495843200,1496448000,7,7,4,1.626842048495128e+20
R1,284,1988,1496448000,1497052800,7,7,4,1.6317673715784778e+20
R1,285,1995,1497052800,1497657600,7,7,4,1.628696981734047e+20
R1,286,2002,1497657600,1498262400,7,7,4,1.62809051887507e+20
R1,287,2009,1498262400,1498867200,7,7,4,1.6246437937287306e+20
R1,288,2016,1498867200,1499472000,7,7,4,1.623846254507595e+20
R1,289,2023,1499472000,1500076800,7,7,4,1.6216470707952504e+20
R1,290,2030,1500076800,1500681600,7,7,4,1.621620836503719e+20
R1,291,2037,1500681600,1501286400,7,7,4,1.6196517416254063e+20
R1,292,2044,1501286400,1501891200,7,7,4,1.6176566459988643e+20
R1,293,2051,1501891200,1502496000,7,7,4,1.6154851649211462e+20
R1,294,2058,1502496000,1503100800,7,7,4,1.6146582306144535e+20
R1,295,2065,1503100800,1503705600,7,7,4,1.6128961059888946e+20
R1,296,2072,1503705600,1504310400,7,7,4,1.6089642169678915e+20
R1,297,2079,1504310400,1504915200,7,7,4,1.609342330674475e+20
R1,298,2086,1504915200,1505520000,7,7,4,1.6102140775341706e+20
R1,299,2093,1505520000,1506124800,7,7,4,1.6088161909151367e+20
R1,300,2100,1506124800,1506729600,7,7,4,1.606377176596544e+20
R1,301,2107,1506729600,1507334400,7,7,4,1.6065370894108243e+20
R1,302,2114,1507334400,1507939200,7,7,4,1.6039516491786915e+20
R1,303,2121,1507939200,1508544000,7,7,4,1.6013987055372714e+20
R1,304,2128,1508544000,1509148800,7,7,4,1.6010858981984626e+20
R1,305,2135,1509148800,1509753600,7,7,4,1.597302849309842e+20
R1,306,2142,1509753600,1510358400,7,7,4,1.5942438068861937e+20
R1,307,2149,1510358400,1510963200,7,7,4,1.5940233649894202e+20
R1,308,2156,1510963200,1511568000,7,7,4,1.592451471577422e+20
R1,309,2163,1511568000,1512172800,7,7,4,1.588150347214645e+20
R1,310,2170,1512172800,1512777600,7,7,4,1.5854262397961427e+20
R1,311,2177,1512777600,1513382400,7,7,4,1.581304817975213e+20
R1,312,2184,1513382400,1513987200,7,7,4,1.5791749897918834e+20
R1,313,2191,1513987200,1514592000,7,7,4,1.57910632822374e+20
R1,314,2198,1514592000,1515196800,7,7,4,0.0
R1,315,2205,1515196800,1515801600,7,7,4,1.5779657363920673e+20
R1,316,2212,1515801600,1516406400,7,7,4,1.574750681176924e+20
R1,317,2219,1516406400,1517011200,7,7,4,1.5751506942423964e+20
R1,318,2226,1517011200,1517616000,7,7,4,1.573315266892698e+20
R1,319,2233,1517616000,1518220800,7,7,4,1.5718451275230983e+20
R1,320,2240,1518220800,1518825600,7,7,4,1.5398668746156655e+20
R1,321,2247,1518825600,1519430400,7,7,4,1.5437954345063046e+20
R1,322,2254,1519430400,1520035200,7,7,4,1.57071988145637e+20
R1,323,2261,1520035200,1520640000,7,7,4,1.5704998433480983e+20
R1,324,2268,1520640000,1521244800,7,7,4,1.569720389713129e+20
R1,325,2275,1521244800,1521849600,7,7,4,1.5702523396295488e+20
R1,326,2282,1521849600,1522454400,7,7,4,1.5715333595803514e+20
R1,327,2289,1522454400,1523059200,7,7,4,1.0621968597314948e+20
R1,328,2296,1523059200,1523664000,7,7,4,0.0
R1,329,2303,1523664000,1524268800,7,7,4,0.0
R1,330,2310,1524268800,1524873600,7,7,4,0.0
R1,331,2317,1524873600,1525478400,7,7,4,0.0
R1,332,2324,1525478400,1526083200,7,7,4,8.445465037515149e+18
R1,333,2331,1526083200,1526688000,7,7,4,1.5272370050089235e+20
R1,334,2338,1526688000,1527292800,7,7,4,1.6962697464903477e+20
R1,335,2345,1527292800,1527897600,7,7,4,1.6916208011118163e+20
R1,336,2352,1527897600,1528502400,7,7,4,1.3760622889182105e+20
R1,337,2359,1528502400,1529107200,7,7,4,1.68597368852231e+20
R1,338,2366,1529107200,1529712000,7,7,4,1.6833188979744942e+20
R1,339,2373,1529712000,1530316800,7,7,4,1.6805602928425327e+20
R1,340,2380,1530316800,1530921600,7,7,4,1.6774154080935376e+20
R1,341,2387,1530921600,1531526400,7,7,4,1.674750840150797e+20
R1,342,2394,1531526400,1532131200,7,7,4,1.6723159342698044e+20
R1,343,2401,1532131200,1532736000,7,7,4,1.6699232416990478e+20
R1,344,2408,1532736000,1533340800,7,7,4,1.6670677077927464e+20
R1,345,2415,1533340800,1533945600,7,7,4,1.6649068993632253e+20
R1,346,2422,1533945600,1534550400,7,7,4,1.6630927138884656e+20
R1,347,2429,1534550400,1535155200,7,7,4,0.0
R1,348,2436,1535155200,1535760000,7,7,4,1.6523259777301316e+20
R1,349,2443,1535760000,1536364800,7,7,4,1.656084100578105e+20
R1,350,2450,1536364800,1536969600,7,7,4,1.6541161914244465e+20
R1,351,2457,1536969600,1537574400,7,7,4,1.63124864187267e+20
R1,352,2464,1537574400,1538179200,7,7,4,1.6501170660622493e+20
R1,353,2471,1538179200,1538784000,7,7,4,1.64795465822367e+20
R1,354,2478,1538784000,1539388800,7,7,4,1.645860403146261e+20
R1,355,2485,1539388800,1539993600,7,7,4,1.643449785079587e+20
R1,356,2492,1539993600,1540598400,7,7,4,1.642253435590832e+20
R1,357,2499,1540598400,1541203200,7,7,4,1.6402692048071193e+20
R1,358,2506,1541203200,1541808000,7,7,4,1.638701447499384e+20
R1,359,2513,1541808000,1542412800,7,7,4,1.637048691876241e+20
R1,360,2520,1542412800,1543017600,7,7,4,1.630382213448543e+20
R1,361,2527,1543017600,1543622400,7,7,4,1.6335520566378512e+20
R1,362,2534,1543622400,1544227200,7,7,4,1.6319427481311383e+20
R1,363,2541,1544227200,1544832000,7,7,4,1.6294497439224726e+20
R1,364,2548,1544832000,1545436800,7,7,4,1.6274552876168066e+20
R1,365,2555,1545436800,1546041600,7,7,4,1.6261790203013926e+20
R1,366,2562,1546041600,1546646400,7,7,4,1.6213333524538045e+20
R1,367,2569,1546646400,1547251200,7,7,4,1.6195250760933343e+20
R1,368,2576,1547251200,1547856000,7,7,4,1.618773611026278e+20
R1,369,2583,1547856000,1548460800,7,7,4,1.6175286054353918e+20
R1,370,2590,1548460800,1549065600,7,7,4,1.618077124101894e+20
R1,371,2597,1549065600,1549670400,7,7,4,1.5149101858521878e+20
R1,372,2604,1549670400,1550275200,7,7,4,1.6156334872009838e+20
R1,373,2611,1550275200,1550880000,7,7,4,1.61495304037248e+20
R1,374,2618,1550880000,1551484800,7,7,4,1.613763657729366e+20
R1,375,2625,1551484800,1552089600,7,7,4,1.613202092927844e+20
R1,376,2632,1552089600,1552694400,7,7,4,1.6117091807199265e+20
R1,377,2639,1552694400,1553299200,7,7,4,1.6104306970389266e+20
R1,378,2646,1553299200,1553904000,7,7,4,1.6099810579704765e+20
R1,379,2653,1553904000,1554508800,7,7,4,1.6085420421113633e+20
R1,380,2660,1554508800,1555113600,7,7,4,1.6076505346169445e+20
R1,381,2667,1555113600,1555718400,7,7,4,1.60710832780193e+20
R1,382,2674,1555718400,1556323200,7,7,4,1.6058174897378e+20
R1,383,2681,1556323200,1556928000,7,7,4,1.604744719325016e+20
R1,384,2688,1556928000,1557532800,7,7,4,1.5972406946711523e+20
R1,385,2695,1557532800,1558137600,7,7,4,1.6036465951545006e+20
R1,386,2702,1558137600,1558742400,7,7,4,1.6018052568577383e+20
R1,387,2709,1558742400,1559347200,7,7,4,1.6007926552540938e+20
R1,388,2716,1559347200,1559952000,7,7,4,1.600056670224378e+20
R1,389,2723,1559952000,1560556800,7,7,4,1.5998214790837187e+20
R1,390,2730,1560556800,1561161600,7,7,4,1.597527413415631e+20
R1,391,2737,1561161600,1561766400,7,7,4,1.5965029546231434e+20
R1,392,2744,1561766400,1562371200,7,7,4,1.595631229188906e+20
R1,393,2751,1562371200,1562976000,7,7,4,0.0
R1,394,2758,1562976000,1563580800,7,7,4,0.0
R1,395,2765,1563580800,1564185600,7,7,4,1.5912099105589536e+20
R1,396,2772,1564185600,1564790400,7,7,4,1.590946486085387e+20
R1,397,2779,1564790400,1565395200,7,7,4,1.586977019220758e+20
R1,398,2786,1565395200,1566000000,7,7,4,1.589193489623614e+20
R1,399,2793,1566000000,1566604800,7,7,4,1.5878931129156567e+20
R1,400,2800,1566604800,1567209600,7,7,4,1.5873203957165815e+20
R1,401,2807,1567209600,1567814400,7,7,4,1.586590773091513e+20
R1,402,2814,1567814400,1568419200,7,7,4,1.5816674960067278e+20
R1,403,2821,1568419200,1569024000,7,7,4,1.5840260339733676e+20
R1,404,2828,1569024000,1569628800,7,7,4,1.583432289753296e+20
R1,405,2835,1569628800,1570233600,7,7,4,1.582830586915487e+20
R1,406,2842,1570233600,1570838400,7,7,4,1.5807115398052056e+20
R1,407,2849,1570838400,1571443200,7,7,4,1.7395453872137497e+19
R1,408,2856,1571443200,1572048000,7,7,4,0.0
R1,409,2863,1572048000,1572652800,7,7,4,0.0
R1,410,2870,1572652800,1573257600,7,7,4,2.990758816866664e+19
R1,411,2877,1573257600,1573862400,7,7,4,1.6880950718678968e+20
R1,412,2884,1573862400,1574467200,7,7,4,1.687328617601554e+20
R1,413,2891,1574467200,1575072000,7,7,4,1.6854020448614466e+20
R1,414,2898,1575072000,1575676800,7,7,4,1.6808570997282944e+20
R1,415,2905,1575676800,1576281600,7,7,4,1.6681013491966525e+20
R1,416,2912,1576281600,1576886400,7,7,4,1.67073963582548e+20
R1,417,2919,1576886400,1577491200,7,7,4,1.669071196514422e+20
R1,418,2926,1577491200,1578096000,7,7,4,1.6665675182753513e+20
R1,419,2933,1578096000,1578700800,7,7,4,1.6654844713977948e+20
R1,420,2940,1578700800,1579305600,7,7,4,1.6612882425102477e+20
R1,421,2947,1579305600,1579910400,7,7,4,1.621148814670711e+20
R1,422,2954,1579910400,1580515200,7,7,4,1.6201758794130525e+20
R1,423,2961,1580515200,1581120000,7,7,4,1.6538773208307358e+20
R1,424,2968,1581120000,1581724800,7,7,4,1.651328513445404e+20
R1,425,2975,1581724800,1582329600,7,7,4,1.6486857256748414e+20
R1,426,2982,1582329600,1582934400,7,7,4,1.6470127243018463e+20
R1,427,2989,1582934400,1583539200,7,7,4,1.644641396023404e+20
R1,428,2996,1583539200,1584144000,7,7,4,1.6432382874393516e+20
R1,429,3003,1584144000,1584748800,7,7,4,1.6415451493077526e+20
R1,430,3010,1584748800,1585353600,7,7,4,1.643203083869378e+20
R1,431,3017,1585353600,1585958400,7,7,4,1.640985851608672e+20
R1,432,3024,1585958400,1586563200,7,7,4,1.637149625516092e+20
R1,433,3031,1586563200,1587168000,7,7,4,1.6365089055680312e+20
R1,434,3038,1587168000,1587772800,7,7,4,1.6377452688011448e+20
R1,435,3045,1587772800,1588377600,7,7,4,1.635628981701372e+20
R1,436,3052,1588377600,1588982400,7,7,4,1.6361974481670924e+20
R1,437,3059,1588982400,1589587200,7,7,4,1.6343374918717168e+20
R1,438,3066,1589587200,1590192000,7,7,4,1.6320905692726496e+20
R1,439,3073,1590192000,1590796800,7,7,4,1.630444758259363e+20
R1,440,3080,1590796800,1591401600,7,7,4,0.0
R1,441,3087,1591401600,1592006400,7,7,4,1.6269283310249247e+20
R1,442,3094,1592006400,1592611200,7,7,4,1.625703244681979e+20
R1,443,3101,1592611200,1593216000,7,7,4,1.6236145867723155e+20
R1,444,3108,1593216000,1593820800,7,7,4,1.6223037479565574e+20
R1,445,3115,1593820800,1594425600,7,7,4,1.621452786321262e+20
R1,446,3122,1594425600,1595030400,7,7,4,1.6195981947741736e+20
R1,447,3129,1595030400,1595635200,7,7,4,1.618227411930215e+20
R1,448,3136,1595635200,1596240000,7,7,4,1.6166146369087308e+20
R1,449,3143,1596240000,1596844800,7,7,4,1.6146152389257432e+20
R1,450,3150,1596844800,1597449600,7,7,4,1.612797447659478e+20
R1,451,3157,1597449600,1598054400,7,7,4,1.6125661087696506e+20
R1,452,3164,1598054400,1598659200,7,7,4,1.6106467121023543e+20
R1,453,3171,1598659200,1599264000,7,7,4,1.6080973306051674e+20
R1,454,3178,1599264000,1599868800,7,7,4,1.6088223813401657e+20
R1,455,3185,1599868800,1600473600,7,7,4,1.6075044531941412e+20
R1,456,3192,1600473600,1601078400,7,7,4,1.606680307840017e+20
R1,457,3199,1601078400,1601683200,7,7,4,1.604409842293994e+20
R1,458,3206,1601683200,1602288000,7,7,4,1.603843712944574e+20
R1,459,3213,1602288000,1602892800,7,7,4,1.6032704740766754e+20
R1,460,3220,1602892800,1603497600,7,7,4,1.602268955123013e+20
R1,461,3227,1603497600,1604102400,7,7,4,1.6005105022188388e+20
R1,462,3234,1604102400,1604707200,7,7,4,1.5938838230863757e+20
R1,463,3241,1604707200,1605312000,7,7,4,1.5897721080581505e+20
R1,464,3248,1605312000,1605916800,7,7,4,1.597134774986816e+20
R1,465,3255,1605916800,1606521600,7,7,4,1.5959436015495004e+20
R1,466,3262,1606521600,1607126400,7,7,4,1.585493465827725e+20
R1,467,3269,1607126400,1607731200,7,7,4,1.5883094295281235e+20
R1,468,3276,1607731200,1608336000,7,7,4,1.5896152508387344e+20
R2,0,0,1324684800,1325289600,7,6,1,1.677901758690796e+20
R2,1,7,1325289600,1325894400,7,6,1,1.675698503507311e+20
R2,2,14,1325894400,1326499200,7,6,1,1.673158219366357e+20
R2,3,21,1326499200,1327104000,7,6,1,1.67104874629592e+20
R2,4,28,1327104000,1327708800,7,6,1,1.6678529985844494e+20
R2,5,35,1327708800,1328313600,7,6,1,1.661704807610279e+20
R2,6,42,1328313600,1328918400,7,6,1,1.6637779078569774e+20
R2,7,49,1328918400,1329523200,7,6,1,1.661531026574357e+20
R2,8,56,1329523200,1330128000,7,6,1,1.6591946464484314e+20
R2,9,63,1330128000,1330732800,7,6,1,1.657819198395964e+20
R2,10,70,1330732800,1331337600,7,6,1,1.6579383028346103e+20
R2,11,77,1331337600,1331942400,7,6,1,1.655226062455317e+20
R2,12,84,1331942400,1332547200,7,6,1,1.6541334347706273e+20
R2,13,91,1332547200,1333152000,7,6,1,1.651285312624706e+20
R2,14,98,1333152000,1333756800,7,6,1,1.6511238080448958e+20
R2,15,105,1333756800,1334361600,7,6,1,1.6491092631948565e+20
R2,16,112,1334361600,1334966400,7,6,1,1.646580102808592e+20
R2,17,119,1334966400,1335571200,7,6,1,1.6428733309468436e+20
R2,18,126,1335571200,1336176000,7,6,1,1.644764811389211e+20
R2,19,133,1336176000,1336780800,7,6,1,1.641449671054338e+20
R2,20,140,1336780800,1337385600,7,6,1,1.637508006758405e+20
R2,21,147,1337385600,1337990400,7,6,1,1.6380320068672153e+20
R2,22,154,1337990400,1338595200,7,6,1,1.6368737316306246e+20
R2,23,161,1338595200,1339200000,7,6,1,1.6351713993644917e+20
R2,24,168,1339200000,1339804800,7,6,1,1.6363284121297748e+20
R2,25,175,1339804800,1340409600,7,6,1,1.631712583548781e+20
R2,26,182,1340409600,1341014400,7,6,1,1.6299000101231716e+20
R2,27,189,1341014400,1341619200,7,6,1,1.6267547048946886e+20
R2,28,196,1341619200,1342224000,7,6,1,1.6245371694642106e+20
R2,29,203,1342224000,1342828800,7,6,1,1.6236906061103435e+20
R2,30,210,1342828800,1343433600,7,6,1,1.6224362428656576e+20
R2,31,217,1343433600,1344038400,7,6,1,1.6234298135870004e+20
R2,32,224,1344038400,1344643200,7,0,0,0.0
R2,33,231,1344643200,1345248000,7,0,0,0.0
R2,34,238,1345248000,1345852800,7,0,0,0.0
R2,35,245,1345852800,1346457600,7,0,0,0.0
R2,36,252,1346457600,1347062400,7,0,0,0.0
R2,37,259,1347062400,1347667200,7,0,0,0.0
R2,38,266,1347667200,1348272000,7,0,0,0.0
R2,39,273,1348272000,1348876800,7,0,0,0.0
R2,40,280,1348876800,1349481600,7,0,0,0.0
R2,41,287,1349481600,1350086400,7,0,0,0.0
R2,42,294,1350086400,1350691200,7,8,2,1.605219797750554e+20
R2,43,301,1350691200,1351296000,7,8,2,1.6053257451940607e+20
R2,44,308,1351296000,1351900800,7,8,2,1.595356439122702e+20
R2,45,315,1351900800,1352505600,7,8,2,1.5961281660019897e+20
R2,46,322,1352505600,1353110400,7,8,2,1.6018506692926033e+20
R2,47,329,1353110400,1353715200,7,8,2,1.5997440981653874e+20
R2,48,336,1353715200,1354320000,7,8,2,1.595479211585974e+20
R2,49,343,1354320000,1354924800,7,8,2,1.588978264394896e+20
R2,50,350,1354924800,1355529600,7,8,2,1.5945218384007148e+20
R2,51,357,1355529600,1356134400,7,8,2,1.5886864113826356e+20
R2,52,364,1356134400,1356739200,7,8,2,1.589843509068855e+20
R2,53,371,1356739200,1357344000,7,8,2,1.5890897117867868e+20
R2,54,378,1357344000,1357948800,7,8,2,1.5853975404729614e+20
R2,55,385,1357948800,1358553600,7,8,2,1.5869030370499094e+20
R2,56,392,1358553600,1359158400,7,8,2,1.585313969643737e+20
R2,57,399,1359158400,1359763200,7,8,2,1.587207587105082e+20
R2,58,406,1359763200,1360368000,7,8,2,1.585205330475356e+20
R2,59,413,1360368000,1360972800,7,8,2,1.5862967267145538e+20
R2,60,420,1360972800,1361577600,7,8,2,1.5832641272664175e+20
R2,61,427,1361577600,1362182400,7,8,2,1.5812386022431126e+20
R2,62,434,1362182400,1362787200,7,8,2,1.5815893885724374e+20
R2,63,441,1362787200,1363392000,7,8,2,1.5760202402167023e+20
R2,64,448,1363392000,1363996800,7,8,2,1.5739319924114955e+20
R2,65,455,1363996800,1364601600,7,8,2,1.5809818570321288e+20
R2,66,462,1364601600,1365206400,7,8,2,1.5742363376782197e+20
R2,67,469,1365206400,1365811200,7,8,2,1.3247047104524096e+20
R2,68,476,1365811200,1366416000,7,8,2,0.0
R2,69,483,1366416000,1367020800,7,8,2,0.0
R2,70,490,1367020800,1367625600,7,8,2,0.0
R2,71,497,1367625600,1368230400,7,8,2,0.0
R2,72,504,1368230400,1368835200,7,8,2,0.0
R2,73,511,1368835200,1369440000,7,8,2,4.886621100634078e+16
R2,74,518,1369440000,1370044800,7,8,2,1.663872750306995e+19
R2,75,525,1370044800,1370649600,7,8,2,1.3868947625667573e+20
R2,76,532,1370649600,1371254400,7,8,2,1.680148142532766e+20
R2,77,539,1371254400,1371859200,7,8,2,1.682793739259606e+20
R2,78,546,1371859200,1372464000,7,8,2,1.6756142014399493e+20
R2,79,553,1372464000,1373068800,7,8,2,1.6740968649215446e+20
R2,80,560,1373068800,1373673600,7,8,2,1.67418901090134e+20
R2,81,567,1373673600,1374278400,7,8,2,1.6730455664855027e+20
R2,82,574,1374278400,1374883200,7,8,2,1.6689488860592724e+20
R2,83,581,1374883200,1375488000,7,8,2,1.6674626511591585e+20
R2,84,588,1375488000,1376092800,7,8,2,1.6647489677882766e+20
R2,85,595,1376092800,1376697600,7,8,2,1.6620523410106856e+20
R2,86,602,1376697600,1377302400,7,8,2,1.6586698898713297e+20
R2,87,609,1377302400,1377907200,7,8,2,1.6568783200229284e+20
R2,88,616,1377907200,1378512000,7,8,2,1.6540971048083463e+20
R2,89,623,1378512000,1379116800,7,8,2,1.6511072342236502e+20
R2,90,630,1379116800,1379721600,7,8,2,1.6504382523131026e+20
R2,91,637,1379721600,1380326400,7,8,2,1.6032127443026182e+20
R2,92,644,1380326400,1380931200,7,8,2,1.6484379573890554e+20
R2,93,651,1380931200,1381536000,7,8,2,1.644987189211187e+20
R2,94,658,1381536000,1382140800,7,8,2,1.6426914670358387e+20
R2,95,665,1382140800,1382745600,7,8,2,1.640272618522449e+20
R2,96,672,1382745600,1383350400,7,8,2,1.6334925759867204e+20
R2,97,679,1383350400,1383955200,7,8,2,1.637567580548216e+20
R2,98,686,1383955200,1384560000,7,8,2,1.6331790837447295e+20
R2,99,693,1384560000,1385164800,7,8,2,1.6325449185441025e+20
R2,100,700,1385164800,1385769600,7,8,2,1.631364990735874e+20
R2,101,707,1385769600,1386374400,7,8,2,1.630279705211308e+20
R2,102,714,1386374400,1386979200,7,8,2,1.6289602708955726e+20
R2,103,721,1386979200,1387584000,7,8,2,1.6260766773950667e+20
R2,104,728,1387584000,1388188800,7,8,2,1.622398999319572e+20
R2,105,735,1388188800,1388793600,7,8,2,1.6199192333985586e+20
R2,106,742,1388793600,1389398400,7,8,2,1.6215655224229223e+20
R2,107,749,1389398400,1390003200,7,8,2,1.6220394604493223e+20
R2,108,756,1390003200,1390608000,7,8,2,1.619145049216282e+20
R2,109,763,1390608000,1391212800,7,8,2,1.6195161218962368e+20
R2,110,770,1391212800,1391817600,7,8,2,1.6185687170679125e+20
R2,111,777,1391817600,1392422400,7,8,2,1.6162583157498167e+20
R2,112,784,1392422400,1393027200,7,8,2,1.614148353556748e+20
R2,113,791,1393027200,1393632000,7,8,2,1.6133170177345503e+20
R2,114,798,1393632000,1394236800,7,8,2,1.612502147484625e+20
R2,115,805,1394236800,1394841600,7,8,2,1.6110338916671386e+20
R2,116,812,1394841600,1395446400,7,8,2,1.6096258274350888e+20
R2,117,819,1395446400,1396051200,7,8,2,1.6080754479524846e+20
R2,118,826,1396051200,1396656000,7,8,2,1.6072726791929145e+20
R2,119,833,1396656000,1397260800,7,8,2,1.6060310775770802e+20
R2,120,840,1397260800,1397865600,7,8,2,1.605969485213808e+20
R2,121,847,1397865600,1398470400,7,8,2,1.6014839160121174e+20
R2,122,854,1398470400,1399075200,7,8,2,1.583284944469134e+20
R2,123,861,1399075200,1399680000,7,8,2,1.600116201353864e+20
R2,124,868,1399680000,1400284800,7,8,2,1.5984595541464947e+20
R2,125,875,1400284800,1400889600,7,8,2,1.5985699407799504e+20
R2,126,882,1400889600,1401494400,7,8,2,1.5960789604807256e+20
R2,127,889,1401494400,1402099200,7,8,2,1.596839890761744e+20
R2,128,896,1402099200,1402704000,7,8,2,1.595340238325393e+20
R2,129,903,1402704000,1403308800,7,8,2,1.595105542964799e+20
R2,130,910,1403308800,1403913600,7,8,2,1.5942931147931763e+20
R2,131,917,1403913600,1404518400,7,8,2,1.593836441159023e+20
R2,132,924,1404518400,1405123200,7,8,2,1.5917768235641068e+20
R2,133,931,1405123200,1405728000,7,8,2,1.5916371330513505e+20
R2,134,938,1405728000,1406332800,7,8,2,1.5860007654667826e+20
R2,135,945,1406332800,1406937600,7,8,2,1.5859944848919944e+20
R2,136,952,1406937600,1407542400,7,8,2,1.5887659855637158e+20
R2,137,959,1407542400,1408147200,7,8,2,1.586939996815639e+20
R2,138,966,1408147200,1408752000,7,8,2,1.5826863715937675e+20
R2,139,973,1408752000,1409356800,7,8,2,1.585999877258611e+20
R2,140,980,1409356800,1409961600,7,8,2,1.5809369799276934e+20
R2,141,987,1409961600,1410566400,7,8,2,1.578508239825206e+20
R2,142,994,1410566400,1411171200,7,8,2,1.5797611313300416e+20
R2,143,1001,1411171200,1411776000,7,8,2,1.5775119550942275e+20
R2,144,1008,1411776000,1412380800,7,8,2,1.5081728412682112e+20
R2,145,1015,1412380800,1412985600,7,8,2,0.0
R2,146,1022,1412985600,1413590400,7,8,2,0.0
R2,147,1029,1413590400,1414195200,7,8,2,0.0
R2,148,1036,1414195200,1414800000,7,8,2,0.0
R2,149,1043,1414800000,1415404800,7,8,2,0.0
R2,150,1050,1415404800,1416009600,7,8,2,0.0
R2,151,1057,1416009600,1416614400,7,8,2,0.0
R2,152,1064,1416614400,1417219200,7,8,2,0.0
R2,153,1071,1417219200,1417824000,7,8,2,0.0
R2,154,1078,1417824000,1418428800,7,8,2,0.0
R2,155,1085,1418428800,1419033600,7,8,2,0.0
R2,156,1092,1419033600,1419638400,7,8,2,0.0
R2,157,1099,1419638400,1420243200,7,8,2,9.280045681395313e+17
R2,158,1106,1420243200,1420848000,7,8,2,1.13208999082906e+20
R2,159,1113,1420848000,1421452800,7,8,2,1.6750904070931117e+20
R2,160,1120,1421452800,1422057600,7,8,2,1.676880111024122e+20
R2,161,1127,1422057600,1422662400,7,8,2,1.668632608937841e+20
R2,162,1134,1422662400,1423267200,7,8,2,1.663971038872112e+20
R2,163,1141,1423267200,1423872000,7,8,2,1.666124820506263e+20
R2,164,1148,1423872000,1424476800,7,8,2,1.5358844340632234e+20
R2,165,1155,1424476800,1425081600,7,8,2,1.6601258843040563e+20
R2,166,1162,1425081600,1425686400,7,8,2,1.6609898188870733e+20
R2,167,1169,1425686400,1426291200,7,8,2,1.6596463334360118e+20
R2,168,1176,1426291200,1426896000,7,8,2,1.6576798992533383e+20
R2,169,1183,1426896000,1427500800,7,8,2,1.655821563929106e+20
R2,170,1190,1427500800,1428105600,7,8,2,1.654594686084471e+20
R2,171,1197,1428105600,1428710400,7,8,2,1.652327838236388e+20
R2,172,1204,1428710400,1429315200,7,8,2,1.6517770349175085e+20
R2,173,1211,1429315200,1429920000,7,8,2,1.6479496207153578e+20
R2,174,1218,1429920000,1430524800,7,8,2,1.648297125593221e+20
R2,175,1225,1430524800,1431129600,7,8,2,1.6455568648073662e+20
R2,176,1232,1431129600,1431734400,7,8,2,1.643904201722079e+20
R2,177,1239,1431734400,1432339200,7,8,2,1.640589987126763e+20
R2,178,1246,1432339200,1432944000,7,8,2,1.6401192929562683e+20
R2,179,1253,1432944000,1433548800,7,8,2,1.6372775976187177e+20
R2,180,1260,1433548800,1434153600,7,8,2,1.6345718163524003e+20
R2,181,1267,1434153600,1434758400,7,8,2,1.6321390969838967e+20
R2,182,1274,1434758400,1435363200,7,8,2,1.6329470924423843e+20
R2,183,1281,1435363200,1435968000,7,8,2,1.6290721541729065e+20
R2,184,1288,1435968000,1436572800,7,8,2,1.6291235849483154e+20
R2,185,1295,1436572800,1437177600,7,8,2,1.6269174092279864e+20
R2,186,1302,1437177600,1437782400,7,8,2,1.6240346022078667e+20
R2,187,1309,1437782400,1438387200,7,8,2,1.6244103508794697e+20
R2,188,1316,1438387200,1438992000,7,8,2,0.0
R2,189,1323,1438992000,1439596800,7,8,2,1.6207664308523975e+20
R2,190,1330,1439596800,1440201600,7,8,2,1.61983325309397e+20
R2,191,1337,1440201600,1440806400,7,8,2,1.61763718849984e+20
R2,192,1344,1440806400,1441411200,7,8,2,1.6158534240451042e+20
R2,193,1351,1441411200,1442016000,7,8,2,1.6148003370448903e+20
R2,194,1358,1442016000,1442620800,7,8,2,1.6137330697773495e+20
R2,195,1365,1442620800,1443225600,7,8,2,1.612173864719485e+20
R2,196,1372,1443225600,1443830400,7,8,2,1.611706867963559e+20
R2,197,1379,1443830400,1444435200,7,8,2,1.6068465310849257e+20
R2,198,1386,1444435200,1445040000,7,8,2,1.6070877812490194e+20
R2,199,1393,1445040000,1445644800,7,8,2,1.6047943245720873e+20
R2,200,1400,1445644800,1446249600,7,8,2,1.6062306255740243e+20
R2,201,1407,1446249600,1446854400,7,8,2,1.6043067293355878e+20
R2,202,1414,1446854400,1447459200,7,8,2,1.6046137772752686e+20
R2,203,1421,1447459200,1448064000,7,8,2,1.6026799757982066e+20
R2,204,1428,1448064000,1448668800,7,8,2,1.60205217000994e+20
R2,205,1435,1448668800,1449273600,7,8,2,1.5996865794339517e+20
R2,206,1442,1449273600,1449878400,7,8,2,1.5986696942702156e+20
R2,207,1449,1449878400,1450483200,7,8,2,1.5944430667813542e+20
R2,208,1456,1450483200,1451088000,7,8,2,1.594315525953081e+20
R2,209,1463,1451088000,1451692800,7,8,2,1.5941102087682952e+20
R2,210,1470,1451692800,1452297600,7,8,2,1.5925704515186455e+20
R2,211,1477,1452297600,1452902400,7,8,2,1.5911052880283415e+20
R2,212,1484,1452902400,1453507200,7,8,2,1.5898623396129207e+20
R2,213,1491,1453507200,1454112000,7,8,2,1.5884494695987416e+20
R2,214,1498,1454112000,1454716800,7,8,2,1.587045276654172e+20
R2,215,1505,1454716800,1455321600,7,8,2,1.503468642469577e+20
R2,216,1512,1455321600,1455926400,7,8,2,1.5849234297579795e+20
R2,217,1519,1455926400,1456531200,7,8,2,1.5840758014874986e+20
R2,218,1526,1456531200,1457136000,7,8,2,1.583849534483964e+20
R2,219,1533,1457136000,1457740800,7,8,2,1.5834537079836875e+20
R2,220,1540,1457740800,1458345600,7,8,2,1.581299237801877e+20
R2,221,1547,1458345600,1458950400,7,8,2,1.579067856720641e+20
R2,222,1554,1458950400,1459555200,7,8,2,1.5796707079214537e+20
R2,223,1561,1459555200,1460160000,7,8,2,1.5784166085156916e+20
R2,224,1568,1460160000,1460764800,7,8,2,1.3147206807195093e+20
R2,225,1575,1460764800,1461369600,7,8,2,0.0
R2,226,1582,1461369600,1461974400,7,8,2,0.0
R2,227,1589,1461974400,1462579200,7,8,2,0.0
R2,228,1596,1462579200,1463184000,7,8,2,0.0
R2,229,1603,1463184000,1463788800,7,8,2,0.0
R2,230,1610,1463788800,1464393600,7,8,2,1.6483434811505226e+18
R2,231,1617,1464393600,1464998400,7,8,2,1.101064978317452e+20
R2,232,1624,1464998400,1465603200,7,8,2,1.6825824502459302e+20
R2,233,1631,1465603200,1466208000,7,8,2,1.6845569868717982e+20
R2,234,1638,1466208000,1466812800,7,8,2,1.6820196666513752e+20
R2,235,1645,1466812800,1467417600,7,8,2,1.6775486676028778e+20
R2,236,1652,1467417600,1468022400,7,8,2,1.6747139129588528e+20
R2,237,1659,1468022400,1468627200,7,8,2,1.6684620064133143e+20
R2,238,1666,1468627200,1469232000,7,8,2,1.6701438118595717e+20
R2,239,1673,1469232000,1469836800,7,8,2,1.6676628990974e+20
R2,240,1680,1469836800,1470441600,7,8,2,1.665007376263278e+20
R2,241,1687,1470441600,1471046400,7,8,2,1.662897091595386e+20
R2,242,1694,1471046400,1471651200,7,8,2,1.6605710433808505e+20
R2,243,1701,1471651200,1472256000,7,8,2,1.6578417445875312e+20
R2,244,1708,1472256000,1472860800,7,8,2,1.6566327864011968e+20
R2,245,1715,1472860800,1473465600,7,8,2,1.6531301059106574e+20
R2,246,1722,1473465600,1474070400,7,8,2,1.6529112459657544e+20
R2,247,1729,1474070400,1474675200,7,8,2,1.649169672465257e+20
R2,248,1736,1474675200,1475280000,7,8,2,1.6475310620335283e+20
R2,249,1743,1475280000,1475884800,7,8,2,1.6468289070493975e+20
R2,250,1750,1475884800,1476489600,7,8,2,1.6441500383968005e+20
R2,251,1757,1476489600,1477094400,7,8,2,1.6366029956543116e+20
R2,252,1764,1477094400,1477699200,7,8,2,1.640863856188424e+20
R2,253,1771,1477699200,1478304000,7,8,2,1.63817409642597e+20
R2,254,1778,1478304000,1478908800,7,8,2,1.6368793990031363e+20
R2,255,1785,1478908800,1479513600,7,8,2,1.6362075909824332e+20
R2,256,1792,1479513600,1480118400,7,8,2,1.6332672183942778e+20
R2,257,1799,1480118400,1480723200,7,8,2,1.629663244978557e+20
R2,258,1806,1480723200,1481328000,7,8,2,1.628054818596766e+20
R2,259,1813,1481328000,1481932800,7,8,2,1.6267886598685517e+20
R2,260,1820,1481932800,1482537600,7,8,2,1.6258787290929627e+20
R2,261,1827,1482537600,1483142400,7,0,0,0.0
R2,262,1834,1483142400,1483747200,7,0,0,0.0
R2,263,1841,1483747200,1484352000,7,0,0,0.0
R2,264,1848,1484352000,1484956800,7,0,0,0.0
R2,265,1855,1484956800,1485561600,7,7,4,0.0
R2,266,1862,1485561600,1486166400,7,7,4,1.562214422361719e+20
R2,267,1869,1486166400,1486771200,7,7,4,1.61250265936781e+20
R2,268,1876,1486771200,1487376000,7,7,4,1.6095963148568045e+20
R2,269,1883,1487376000,1487980800,7,7,4,1.6090247914980373e+20
R2,270,1890,1487980800,1488585600,7,7,4,1.6066998767656878e+20
R2,271,1897,1488585600,1489190400,7,7,4,1.6066220357331344e+20
R2,272,1904,1489190400,1489795200,7,7,4,1.60504295843998e+20
R2,273,1911,1489795200,1490400000,7,7,4,1.6029156836567597e+20
R2,274,1918,1490400000,1491004800,7,7,4,1.6038621051628356e+20
R2,275,1925,1491004800,1491609600,7,7,4,1.6049664341093863e+20
R2,276,1932,1491609600,1492214400,7,7,4,1.603503870706955e+20
R2,277,1939,1492214400,1492819200,7,7,4,1.6037670928415444e+20
R2,278,1946,1492819200,1493424000,7,7,4,1.603817065926495e+20
R2,279,1953,1493424000,1494028800,7,7,4,1.6035136625043567e+20
R2,280,1960,1494028800,1494633600,7,7,4,1.599563203245396e+20
R2,281,1967,1494633600,1495238400,7,7,4,1.597753216597049e+20
R2,282,1974,1495238400,1495843200,7,7,4,1.5975079723836637e+20
R2,283,1981,1495843200,1496448000,7,7,4,1.599726119053485e+20
R2,284,1988,1496448000,1497052800,7,7,4,1.5977635610167008e+20
R2,285,1995,1497052800,1497657600,7,7,4,1.5962265944646107e+20
R2,286,2002,1497657600,1498262400,7,7,4,1.5925610107262756e+20
R2,287,2009,1498262400,1498867200,7,7,4,1.5934396871590946e+20
R2,288,2016,1498867200,1499472000,7,7,4,1.5900145251787194e+20
R2,289,2023,1499472000,1500076800,7,7,4,1.591848383768742e+20
R2,290,2030,1500076800,1500681600,7,7,4,1.588052744859783e+20
R2,291,2037,1500681600,1501286400,7,7,4,1.5915510839753605e+20
R2,292,2044,1501286400,1501891200,7,7,4,1.5869378975128348e+20
R2,293,2051,1501891200,1502496000,7,7,4,1.5805857555171115e+20
R2,294,2058,1502496000,1503100800,7,7,4,1.587172328987666e+20
R2,295,2065,1503100800,1503705600,7,7,4,1.5833335956069545e+20
R2,296,2072,1503705600,1504310400,7,7,4,1.5853839361816465e+20
R2,297,2079,1504310400,1504915200,7,7,4,1.583625029158953e+20
R2,298,2086,1504915200,1505520000,7,7,4,1.579165476939306e+20
R2,299,2093,1505520000,1506124800,7,7,4,1.57551276423097e+20
R2,300,2100,1506124800,1506729600,7,7,4,1.5771362026458713e+20
R2,301,2107,1506729600,1507334400,7,7,4,1.5792033096153894e+20
R2,302,2114,1507334400,1507939200,7,7,4,1.573144187636132e+20
R2,303,2121,1507939200,1508544000,7,7,4,1.3884917860409504e+19
R2,304,2128,1508544000,1509148800,7,7,4,0.0
R2,305,2135,1509148800,1509753600,7,7,4,0.0
R2,306,2142,1509753600,1510358400,7,7,4,0.0
R2,307,2149,1510358400,1510963200,7,7,4,0.0
R2,308,2156,1510963200,1511568000,7,7,4,9.274316876508733e+18
R2,309,2163,1511568000,1512172800,7,7,4,1.6373254545138624e+20
R2,310,2170,1512172800,1512777600,7,7,4,1.6838887908776532e+20
R2,311,2177,1512777600,1513382400,7,7,4,1.68291367892664e+20
R2,312,2184,1513382400,1513987200,7,7,4,1.6788049581899937e+20
R2,313,2191,1513987200,1514592000,7,7,4,1.6757248417400475e+20
R2,314,2198,1514592000,1515196800,7,7,4,0.0
R2,315,2205,1515196800,1515801600,7,7,4,1.6688636074783248e+20
R2,316,2212,1515801600,1516406400,7,7,4,1.665477725574018e+20
R2,317,2219,1516406400,1517011200,7,7,4,1.6633180689246722e+20
R2,318,2226,1517011200,1517616000,7,7,4,1.6595772516107393e+20
R2,319,2233,1517616000,1518220800,7,7,4,1.6566096283469103e+20
R2,320,2240,1518220800,1518825600,7,7,4,1.6232914102678595e+20
R2,321,2247,1518825600,1519430400,7,7,4,1.625238934571072e+20
R2,322,2254,1519430400,1520035200,7,7,4,1.6508049554849238e+20
R2,323,2261,1520035200,1520640000,7,7,4,1.6490360261032516e+20
R2,324,2268,1520640000,1521244800,7,7,4,1.6466520581966227e+20
R2,325,2275,1521244800,1521849600,7,7,4,1.4242659868206196e+20
R2,326,2282,1521849600,1522454400,7,7,4,1.648031306928113e+20
R2,327,2289,1522454400,1523059200,7,7,4,1.6509564581901864e+20
R2,328,2296,1523059200,1523664000,7,7,4,1.6487369033413054e+20
R2,329,2303,1523664000,1524268800,7,7,4,1.644452100741867e+20
R2,330,2310,1524268800,1524873600,7,7,4,1.6449395979508977e+20
R2,331,2317,1524873600,1525478400,7,7,4,1.6438490217919536e+20
R2,332,2324,1525478400,1526083200,7,7,4,1.642254452876798e+20
R2,333,2331,1526083200,1526688000,7,7,4,1.640695131804791e+20
R2,334,2338,1526688000,1527292800,7,7,4,1.6391638902853966e+20
R2,335,2345,1527292800,1527897600,7,7,4,1.6364250067406232e+20
R2,336,2352,1527897600,1528502400,7,7,4,1.6349129855831392e+20
R2,337,2359,1528502400,1529107200,7,7,4,1.6335784121197196e+20
R2,338,2366,1529107200,1529712000,7,7,4,1.63176044572256e+20
R2,339,2373,1529712000,1530316800,7,7,4,1.6294961308438525e+20
R2,340,2380,1530316800,1530921600,7,7,4,1.6282857993883353e+20
R2,341,2387,1530921600,1531526400,7,7,4,1.6262605199301617e+20
R2,342,2394,1531526400,1532131200,7,7,4,1.6245757880739778e+20
R2,343,2401,1532131200,1532736000,7,7,4,1.623460766544505e+20
R2,344,2408,1532736000,1533340800,7,7,4,1.6222457809053984e+20
R2,345,2415,1533340800,1533945600,7,7,4,1.6204092218232757e+20
R2,346,2422,1533945600,1534550400,7,7,4,1.619184582476694e+20
R2,347,2429,1534550400,1535155200,7,7,4,0.0
R2,348,2436,1535155200,1535760000,7,7,4,1.6154952171142283e+20
R2,349,2443,1535760000,1536364800,7,7,4,1.6148983184400237e+20
R2,350,2450,1536364800,1536969600,7,7,4,1.613763981245698e+20
R2,351,2457,1536969600,1537574400,7,7,4,1.5959003613679154e+20
R2,352,2464,1537574400,1538179200,7,7,4,1.6103598266419384e+20
R2,353,2471,1538179200,1538784000,7,7,4,1.6099585521687478e+20
R2,354,2478,1538784000,1539388800,7,7,4,1.6016642063595995e+20
R2,355,2485,1539388800,1539993600,7,7,4,1.606284377983008e+20
R2,356,2492,1539993600,1540598400,7,7,4,1.6073936524141553e+20
R2,357,2499,1540598400,1541203200,7,7,4,1.604544123805095e+20
R2,358,2506,1541203200,1541808000,7,7,4,1.6047747764761182e+20
R2,359,2513,1541808000,1542412800,7,7,4,1.603489633790311e+20
R2,360,2520,1542412800,1543017600,7,7,4,1.602578815128864e+20
R2,361,2527,1543017600,1543622400,7,7,4,1.6007684658183455e+20
R2,362,2534,1543622400,1544227200,7,7,4,1.6007878100512778e+20
R2,363,2541,1544227200,1544832000,7,7,4,1.598529651599471e+20
R2,364,2548,1544832000,1545436800,7,7,4,1.5977908809834775e+20
R2,365,2555,1545436800,1546041600,7,7,4,1.5971588163589754e+20
R2,366,2562,1546041600,1546646400,7,7,4,1.588497204212206e+20
R2,367,2569,1546646400,1547251200,7,7,4,1.5939679098408678e+20
R2,368,2576,1547251200,1547856000,7,7,4,1.5940260158059086e+20
R2,369,2583,1547856000,1548460800,7,7,4,1.5922939107652705e+20
R2,370,2590,1548460800,1549065600,7,7,4,1.591496153862495e+20
R2,371,2597,1549065600,1549670400,7,7,4,1.489842261210666e+20
R2,372,2604,1549670400,1550275200,7,7,4,1.5896261904919665e+20
R2,373,2611,1550275200,1550880000,7,7,4,1.591064168073959e+20
R2,374,2618,1550880000,1551484800,7,7,4,1.587817452368879e+20
R2,375,2625,1551484800,1552089600,7,7,4,1.586870839058228e+20
R2,376,2632,1552089600,1552694400,7,7,4,1.5860858616282513e+20
R2,377,2639,1552694400,1553299200,7,7,4,1.5857028620527436e+20
R2,378,2646,1553299200,1553904000,7,7,4,1.584829144421097e+20
R2,379,2653,1553904000,1554508800,7,7,4,1.5849954814010504e+20
R2,380,2660,1554508800,1555113600,7,7,4,0.0
R2,381,2667,1555113600,1555718400,7,7,4,0.0
R2,382,2674,1555718400,1556323200,7,7,4,0.0
R2,383,2681,1556323200,1556928000,7,7,4,1.127615996271586e+19
R2,384,2688,1556928000,1557532800,7,7,4,1.5048953359133947e+20
R2,385,2695,1557532800,1558137600,7,7,4,1.6953028835436475e+20
R2,386,2702,1558137600,1558742400,7,7,4,1.6916102481933546e+20
R2,387,2709,1558742400,1559347200,7,7,4,1.6884818114370732e+20
R2,388,2716,1559347200,1559952000,7,7,4,1.6858649475860634e+20
R2,389,2723,1559952000,1560556800,7,7,4,1.6849189423816612e+20
R2,390,2730,1560556800,1561161600,7,7,4,1.6786244031281598e+20
R2,391,2737,1561161600,1561766400,7,7,4,1.6776290449376248e+20
R2,392,2744,1561766400,1562371200,7,7,4,1.673554049340142e+20
R2,393,2751,1562371200,1562976000,7,7,4,0.0
R2,394,2758,1562976000,1563580800,7,7,4,0.0
R2,395,2765,1563580800,1564185600,7,7,4,1.6651589445949673e+20
R2,396,2772,1564185600,1564790400,7,7,4,1.6647877762610787e+20
R2,397,2779,1564790400,1565395200,7,7,4,1.6622864584660648e+20
R2,398,2786,1565395200,1566000000,7,7,4,1.6602365613678156e+20
R2,399,2793,1566000000,1566604800,7,7,4,1.6580784134370306e+20
R2,400,2800,1566604800,1567209600,7,7,4,1.6561400778065435e+20
R2,401,2807,1567209600,1567814400,7,7,4,1.653979784545657e+20
R2,402,2814,1567814400,1568419200,7,7,4,1.651979324092462e+20
R2,403,2821,1568419200,1569024000,7,7,4,1.6502292868247336e+20
R2,404,2828,1569024000,1569628800,7,7,4,1.6475558282136103e+20
R2,405,2835,1569628800,1570233600,7,7,4,1.645952934234363e+20
R2,406,2842,1570233600,1570838400,7,7,4,1.6435687321943694e+20
R2,407,2849,1570838400,1571443200,7,7,4,1.6422236088099134e+20
R2,408,2856,1571443200,1572048000,7,7,4,1.6401074427625157e+20
R2,409,2863,1572048000,1572652800,7,7,4,1.6388197359895953e+20
R2,410,2870,1572652800,1573257600,7,7,4,1.6367971963594644e+20
R2,411,2877,1573257600,1573862400,7,7,4,1.6097451697755426e+20
R2,412,2884,1573862400,1574467200,7,7,4,1.633351368727281e+20
R2,413,2891,1574467200,1575072000,7,7,4,1.6320602775113256e+20
R2,414,2898,1575072000,1575676800,7,7,4,1.629535172217365e+20
R2,415,2905,1575676800,1576281600,7,7,4,1.6257346829051468e+20
R2,416,2912,1576281600,1576886400,7,7,4,1.626678111344445e+20
R2,417,2919,1576886400,1577491200,7,7,4,1.6259140983944757e+20
R2,418,2926,1577491200,1578096000,7,7,4,1.6238044273477504e+20
R2,419,2933,1578096000,1578700800,7,7,4,1.6208244114990685e+20
R2,420,2940,1578700800,1579305600,7,7,4,1.6194294090632086e+20
R2,421,2947,1579305600,1579910400,7,7,4,1.5825781932904294e+20
R2,422,2954,1579910400,1580515200,7,7,4,1.5796168988892774e+20
R2,423,2961,1580515200,1581120000,7,7,4,1.6133496874303314e+20
R2,424,2968,1581120000,1581724800,7,7,4,1.6120490563432723e+20
R2,425,2975,1581724800,1582329600,7,7,4,1.6104464858121847e+20
R2,426,2982,1582329600,1582934400,7,7,4,1.6080872234465922e+20
R2,427,2989,1582934400,1583539200,7,7,4,1.6095610065170953e+20
R2,428,2996,1583539200,1584144000,7,7,4,1.6097259004623382e+20
R2,429,3003,1584144000,1584748800,7,7,4,1.6100091611865032e+20
R2,430,3010,1584748800,1585353600,7,7,4,1.6094951405332473e+20
R2,431,3017,1585353600,1585958400,7,7,4,1.6075637398645214e+20
R2,432,3024,1585958400,1586563200,7,7,4,1.607310507904798e+20
R2,433,3031,1586563200,1587168000,7,7,4,1.6050156894470593e+20
R2,434,3038,1587168000,1587772800,7,7,4,1.604920569942886e+20
R2,435,3045,1587772800,1588377600,7,7,4,1.6027781871825217e+20
R2,436,3052,1588377600,1588982400,7,7,4,1.602585934435261e+20
R2,437,3059,1588982400,1589587200,7,7,4,1.6014974520111366e+20
R2,438,3066,1589587200,1590192000,7,7,4,1.600405232074448e+20
R2,439,3073,1590192000,1590796800,7,7,4,1.5990710518112168e+20
R2,440,3080,1590796800,1591401600,7,7,4,0.0
R2,441,3087,1591401600,1592006400,7,7,4,1.5969708963137025e+20
R2,442,3094,1592006400,1592611200,7,7,4,1.5962241321916688e+20
R2,443,3101,1592611200,1593216000,7,7,4,1.5951603685828687e+20
R2,444,3108,1593216000,1593820800,7,7,4,1.593727518586612e+20
R2,445,3115,1593820800,1594425600,7,7,4,1.593092663089103e+20
R2,446,3122,1594425600,1595030400,7,7,4,1.5920841478888325e+20
R2,447,3129,1595030400,1595635200,7,7,4,1.590954449633504e+20
R2,448,3136,1595635200,1596240000,7,7,4,1.590222542530339e+20
R2,449,3143,1596240000,1596844800,7,7,4,1.5892344769202055e+20
R2,450,3150,1596844800,1597449600,7,7,4,1.5875640143859604e+20
R2,451,3157,1597449600,1598054400,7,7,4,1.5820382525422273e+20
R2,452,3164,1598054400,1598659200,7,7,4,1.5857645876782878e+20
R2,453,3171,1598659200,1599264000,7,7,4,1.58456585604815e+20
R2,454,3178,1599264000,1599868800,7,7,4,1.5840840598192407e+20
R2,455,3185,1599868800,1600473600,7,7,4,1.5823798492114066e+20
R2,456,3192,1600473600,1601078400,7,7,4,1.582274263794104e+20
R2,457,3199,1601078400,1601683200,7,7,4,1.58141979863972e+20
R2,458,3206,1601683200,1602288000,7,7,4,1.5727211138501516e+20
R2,459,3213,1602288000,1602892800,7,7,4,0.0
R2,460,3220,1602892800,1603497600,7,7,4,0.0
R2,461,3227,1603497600,1604102400,7,7,4,0.0
R2,462,3234,1604102400,1604707200,7,7,4,0.0
R2,463,3241,1604707200,1605312000,7,7,4,0.0
R2,464,3248,1605312000,1605916800,7,7,4,5.405296068502358e+19
R2,465,3255,1605916800,1606521600,7,7,4,1.6805968619717155e+20
R2,466,3262,1606521600,1607126400,7,7,4,1.6920272380817575e+20
R2,467,3269,1607126400,1607731200,7,7,4,1.688869172237499e+20
R2,468,3276,1607731200,1608336000,7,7,4,1.6875663796442677e+20
R3,0,0,1324684800,1325289600,7,6,1,1.5806724372657684e+20
R3,1,7,1325289600,1325894400,7,6,1,1.579580038478506e+20
R3,2,14,1325894400,1326499200,7,6,1,1.576185832673521e+20
R3,3,21,1326499200,1327104000,7,6,1,1.5324794431222147e+20
R3,4,28,1327104000,1327708800,7,6,1,0.0
R3,5,35,1327708800,1328313600,7,6,1,0.0
R3,6,42,1328313600,1328918400,7,6,1,2.7137310154298834e+18
R3,7,49,1328918400,1329523200,7,6,1,1.1820420062778288e+20
R3,8,56,1329523200,1330128000,7,6,1,1.658534633327026e+20
R3,9,63,1330128000,1330732800,7,6,1,1.65585979936596e+20
R3,10,70,1330732800,1331337600,7,6,1,1.6507286117775796e+20
R3,11,77,1331337600,1331942400,7,6,1,1.646768339184999e+20
R3,12,84,1331942400,1332547200,7,6,1,1.646382493315667e+20
R3,13,91,1332547200,1333152000,7,6,1,1.6387029701674245e+20
R3,14,98,1333152000,1333756800,7,6,1,1.5807955452089808e+20
R3,15,105,1333756800,1334361600,7,6,1,1.616670746229746e+20
R3,16,112,1334361600,1334966400,7,6,1,1.6397238356786954e+20
R3,17,119,1334966400,1335571200,7,6,1,1.6352151259330904e+20
R3,18,126,1335571200,1336176000,7,6,1,1.5363879057847806e+20
R3,19,133,1336176000,1336780800,7,6,1,1.632455191940841e+20
R3,20,140,1336780800,1337385600,7,6,1,1.6277185532796715e+20
R3,21,147,1337385600,1337990400,7,6,1,1.6301762830217314e+20
R3,22,154,1337990400,1338595200,7,6,1,1.6262630310674268e+20
R3,23,161,1338595200,1339200000,7,6,1,1.6226810001538666e+20
R3,24,168,1339200000,1339804800,7,6,1,1.6235775184285493e+20
R3,25,175,1339804800,1340409600,7,6,1,1.4153557488153436e+20
R3,26,182,1340409600,1341014400,7,6,1,1.4591107846918205e+20
R3,27,189,1341014400,1341619200,7,6,1,1.6137248277774074e+20
R3,28,196,1341619200,1342224000,7,6,1,1.617062499006378e+20
R3,29,203,1342224000,1342828800,7,6,1,1.61409591962428e+20
R3,30,210,1342828800,1343433600,7,6,1,1.4276351443817436e+20
R3,31,217,1343433600,1344038400,7,6,1,1.3360007900060518e+20
R3,32,224,1344038400,1344643200,7,0,0,0.0
R3,33,231,1344643200,1345248000,7,0,0,0.0
R3,34,238,1345248000,1345852800,7,0,0,0.0
R3,35,245,1345852800,1346457600,7,0,0,0.0
R3,36,252,1346457600,1347062400,7,0,0,0.0
R3,37,259,1347062400,1347667200,7,0,0,0.0
R3,38,266,1347667200,1348272000,7,0,0,0.0
R3,39,273,1348272000,1348876800,7,0,0,0.0
R3,40,280,1348876800,1349481600,7,0,0,0.0
R3,41,287,1349481600,1350086400,7,0,0,0.0
R3,42,294,1350086400,1350691200,7,8,2,1.59499513773268e+20
R3,43,301,1350691200,1351296000,7,8,2,1.5928284676718186e+20
R3,44,308,1351296000,1351900800,7,8,2,1.5880983739498663e+20
R3,45,315,1351900800,1352505600,7,8,2,1.573769912403648e+20
R3,46,322,1352505600,1353110400,7,8,2,1.469755096549826e+20
R3,47,329,1353110400,1353715200,7,8,2,1.5859975895711184e+20
R3,48,336,1353715200,1354320000,7,8,2,1.58969689970343e+20
R3,49,343,1354320000,1354924800,7,8,2,1.5815874178682454e+20
R3,50,350,1354924800,1355529600,7,8,2,1.58251322343115e+20
R3,51,357,1355529600,1356134400,7,8,2,1.5787959160195436e+20
R3,52,364,1356134400,1356739200,7,8,2,1.5826690596318754e+20
R3,53,371,1356739200,1357344000,7,8,2,1.5795934257980323e+20
R3,54,378,1357344000,1357948800,7,8,2,1.57432431320812e+20
R3,55,385,1357948800,1358553600,7,8,2,1.577208217670824e+20
R3,56,392,1358553600,1359158400,7,8,2,3.3282611756656767e+19
R3,57,399,1359158400,1359763200,7,8,2,0.0
R3,58,406,1359763200,1360368000,7,8,2,0.0
R3,59,413,1360368000,1360972800,7,8,2,0.0
R3,60,420,1360972800,1361577600,7,8,2,0.0
R3,61,427,1361577600,1362182400,7,8,2,0.0
R3,62,434,1362182400,1362787200,7,8,2,0.0
R3,63,441,1362787200,1363392000,7,8,2,0.0
R3,64,448,1363392000,1363996800,7,8,2,1.7835469987654353e+19
R3,65,455,1363996800,1364601600,7,8,2,1.410246695495702e+20
R3,66,462,1364601600,1365206400,7,8,2,1.616237020506025e+20
R3,67,469,1365206400,1365811200,7,8,2,1.671454718350007e+20
R3,68,476,1365811200,1366416000,7,8,2,1.6662254887235568e+20
R3,69,483,1366416000,1367020800,7,8,2,1.6607158980309664e+20
R3,70,490,1367020800,1367625600,7,8,2,1.633472350210711e+20
R3,71,497,1367625600,1368230400,7,8,2,1.6583258106860408e+20
R3,72,504,1368230400,1368835200,7,8,2,1.655524900692466e+20
R3,73,511,1368835200,1369440000,7,8,2,1.650005601344727e+20
R3,74,518,1369440000,1370044800,7,8,2,1.6551715135273622e+20
R3,75,525,1370044800,1370649600,7,8,2,1.651969426128169e+20
R3,76,532,1370649600,1371254400,7,8,2,1.6480840065196723e+20
R3,77,539,1371254400,1371859200,7,8,2,1.6454510688132714e+20
R3,78,546,1371859200,1372464000,7,8,2,1.6423932835517245e+20
R3,79,553,1372464000,1373068800,7,8,2,1.6400457109818255e+20
R3,80,560,1373068800,1373673600,7,8,2,1.6391584467496167e+20
R3,81,567,1373673600,1374278400,7,8,2,1.637359207599959e+20
R3,82,574,1374278400,1374883200,7,8,2,1.635982168772602e+20
R3,83,581,1374883200,1375488000,7,8,2,1.6341099950970153e+20
R3,84,588,1375488000,1376092800,7,8,2,1.63193869429364e+20
R3,85,595,1376092800,1376697600,7,8,2,1.6294593542521353e+20
R3,86,602,1376697600,1377302400,7,8,2,1.6282020118249718e+20
R3,87,609,1377302400,1377907200,7,8,2,1.6251342158315438e+20
R3,88,616,1377907200,1378512000,7,8,2,1.623029393000869e+20
R3,89,623,1378512000,1379116800,7,8,2,1.621071798572414e+20
R3,90,630,1379116800,1379721600,7,8,2,1.537353146335269e+20
R3,91,637,1379721600,1380326400,7,8,2,1.4881651292773057e+20
R3,92,644,1380326400,1380931200,7,8,2,1.4812637777523982e+20
R3,93,651,1380931200,1381536000,7,8,2,1.616762419303405e+20
R3,94,658,1381536000,1382140800,7,8,2,1.6176545019209338e+20
R3,95,665,1382140800,1382745600,7,8,2,1.6145971498408975e+20
R3,96,672,1382745600,1383350400,7,8,2,1.611547618955874e+20
R3,97,679,1383350400,1383955200,7,8,2,1.605075470667954e+20
R3,98,686,1383955200,1384560000,7,8,2,1.6026423903142258e+20
R3,99,693,1384560000,1385164800,7,8,2,1.61142385934374e+20
R3,100,700,1385164800,1385769600,7,8,2,1.6057106451421613e+20
R3,101,707,1385769600,1386374400,7,8,2,1.6028515110534837e+20
R3,102,714,1386374400,1386979200,7,8,2,1.5986362861279317e+20
R3,103,721,1386979200,1387584000,7,8,2,1.592801440000637e+20
R3,104,728,1387584000,1388188800,7,8,2,1.6013183495089157e+20
R3,105,735,1388188800,1388793600,7,8,2,1.5793334584909028e+20
R3,106,742,1388793600,1389398400,7,8,2,1.5928514454113052e+20
R3,107,749,1389398400,1390003200,7,8,2,1.6022980989943238e+20
R3,108,756,1390003200,1390608000,7,8,2,1.5914517697225418e+20
R3,109,763,1390608000,1391212800,7,8,2,1.4687115426342471e+20
R3,110,770,1391212800,1391817600,7,8,2,1.3439168362914247e+20
R3,111,777,1391817600,1392422400,7,8,2,1.590190948603764e+20
R3,112,784,1392422400,1393027200,7,8,2,1.590747709484328e+20
R3,113,791,1393027200,1393632000,7,8,2,1.5884497472294103e+20
R3,114,798,1393632000,1394236800,7,8,2,1.5903310190678924e+20
R3,115,805,1394236800,1394841600,7,8,2,1.5856622683016138e+20
R3,116,812,1394841600,1395446400,7,8,2,1.591226917430165e+20
R3,117,819,1395446400,1396051200,7,8,2,1.5903003117887354e+20
R3,118,826,1396051200,1396656000,7,8,2,1.581616836781978e+20
R3,119,833,1396656000,1397260800,7,8,2,1.5838156575604834e+20
R3,120,840,1397260800,1397865600,7,8,2,1.5777306048237008e+20
R3,121,847,1397865600,1398470400,7,8,2,1.5735740613235186e+20
R3,122,854,1398470400,1399075200,7,8,2,1.576632393716797e+20
R3,123,861,1399075200,1399680000,7,8,2,1.569247664414925e+20
R3,124,868,1399680000,1400284800,7,8,2,1.5593100711546942e+20
R3,125,875,1400284800,1400889600,7,8,2,1.2413575672632076e+20
R3,126,882,1400889600,1401494400,7,8,2,0.0
R3,127,889,1401494400,1402099200,7,8,2,0.0
R3,128,896,1402099200,1402704000,7,8,2,0.0
R3,129,903,1402704000,1403308800,7,8,2,0.0
R3,130,910,1403308800,1403913600,7,8,2,4.952935899602832e+19
R3,131,917,1403913600,1404518400,7,8,2,1.6186977896346898e+20
R3,132,924,1404518400,1405123200,7,8,2,1.6761544854336763e+20
R3,133,931,1405123200,1405728000,7,8,2,1.6757317081390914e+20
R3,134,938,1405728000,1406332800,7,8,2,1.6707557733419906e+20
R3,135,945,1406332800,1406937600,7,8,2,1.6698828411419843e+20
R3,136,952,1406937600,1407542400,7,8,2,1.6640473304697255e+20
R3,137,959,1407542400,1408147200,7,8,2,1.663816212667837e+20
R3,138,966,1408147200,1408752000,7,8,2,1.6027545053000086e+20
R3,139,973,1408752000,1409356800,7,8,2,1.1738728273231526e+20
R3,140,980,1409356800,1409961600,7,8,2,1.659123285615761e+20
R3,141,987,1409961600,1410566400,7,8,2,1.6572901569516673e+20
R3,142,994,1410566400,1411171200,7,8,2,1.657057736601636e+20
R3,143,1001,1411171200,1411776000,7,8,2,1.6530378013869372e+20
R3,144,1008,1411776000,1412380800,7,8,2,1.1070097524167447e+20
R3,145,1015,1412380800,1412985600,7,8,2,1.649678442616153e+20
R3,146,1022,1412985600,1413590400,7,8,2,1.6474179501834813e+20
R3,147,1029,1413590400,1414195200,7,8,2,1.6447523446288764e+20
R3,148,1036,1414195200,1414800000,7,8,2,1.6429107564944848e+20
R3,149,1043,1414800000,1415404800,7,8,2,1.6409683505514653e+20
R3,150,1050,1415404800,1416009600,7,8,2,1.6386227989223037e+20
R3,151,1057,1416009600,1416614400,7,8,2,1.6387083168067427e+20
R3,152,1064,1416614400,1417219200,7,8,2,1.6378389791015223e+20
R3,153,1071,1417219200,1417824000,7,8,2,1.6322723630012383e+20
R3,154,1078,1417824000,1418428800,7,8,2,1.6343608303700607e+20
R3,155,1085,1418428800,1419033600,7,8,2,1.6311739619780952e+20
R3,156,1092,1419033600,1419638400,7,8,2,1.6294917316174142e+20
R3,157,1099,1419638400,1420243200,7,8,2,1.5353383453284152e+20
R3,158,1106,1420243200,1420848000,7,8,2,1.6232873012588593e+20
R3,159,1113,1420848000,1421452800,7,8,2,1.622110496298646e+20
R3,160,1120,1421452800,1422057600,7,8,2,1.592598488160424e+20
R3,161,1127,1422057600,1422662400,7,8,2,1.6216370687552494e+20
R3,162,1134,1422662400,1423267200,7,8,2,1.619291989417844e+20
R3,163,1141,1423267200,1423872000,7,8,2,1.6185329380435427e+20
R3,164,1148,1423872000,1424476800,7,8,2,1.4789579909494653e+20
R3,165,1155,1424476800,1425081600,7,8,2,1.53795381078235e+20
R3,166,1162,1425081600,1425686400,7,8,2,1.612500570760356e+20
R3,167,1169,1425686400,1426291200,7,8,2,1.609787301624067e+20
R3,168,1176,1426291200,1426896000,7,8,2,1.6129308716836078e+20
R3,169,1183,1426896000,1427500800,7,8,2,1.6093612196590427e+20
R3,170,1190,1427500800,1428105600,7,8,2,1.608866015743001e+20
R3,171,1197,1428105600,1428710400,7,8,2,1.6045168538768504e+20
R3,172,1204,1428710400,1429315200,7,8,2,1.6048629944665794e+20
R3,173,1211,1429315200,1429920000,7,8,2,1.6020568442245438e+20
R3,174,1218,1429920000,1430524800,7,8,2,1.6051816464264302e+20
R3,175,1225,1430524800,1431129600,7,8,2,1.6002754249488066e+20
R3,176,1232,1431129600,1431734400,7,8,2,1.6026833935458137e+20
R3,177,1239,1431734400,1432339200,7,8,2,1.5974194247169583e+20
R3,178,1246,1432339200,1432944000,7,8,2,1.5977719676443735e+20
R3,179,1253,1432944000,1433548800,7,8,2,1.5949830844406507e+20
R3,180,1260,1433548800,1434153600,7,8,2,1.593951995096137e+20
R3,181,1267,1434153600,1434758400,7,8,2,1.5974516078576065e+20
R3,182,1274,1434758400,1435363200,7,8,2,1.5866048342463594e+20
R3,183,1281,1435363200,1435968000,7,8,2,1.5922211854737234e+20
R3,184,1288,1435968000,1436572800,7,8,2,1.5950834480345953e+20
R3,185,1295,1436572800,1437177600,7,8,2,1.5912661832918463e+20
R3,186,1302,1437177600,1437782400,7,8,2,1.588976523846324e+20
R3,187,1309,1437782400,1438387200,7,8,2,1.590837156525046e+20
R3,188,1316,1438387200,1438992000,7,8,2,0.0
R3,189,1323,1438992000,1439596800,7,8,2,1.582099582165452e+20
R3,190,1330,1439596800,1440201600,7,8,2,1.5842698741579802e+20
R3,191,1337,1440201600,1440806400,7,8,2,1.5864989572285307e+20
R3,192,1344,1440806400,1441411200,7,8,2,1.5835092867216943e+20
R3,193,1351,1441411200,1442016000,7,8,2,1.5807116041827824e+20
R3,194,1358,1442016000,1442620800,7,8,2,1.583234892885043e+20
R3,195,1365,1442620800,1443225600,7,8,2,1.5232904122296553e+20
R3,196,1372,1443225600,1443830400,7,8,2,0.0
R3,197,1379,1443830400,1444435200,7,8,2,0.0
R3,198,1386,1444435200,1445040000,7,8,2,0.0
R3,199,1393,1445040000,1445644800,7,8,2,0.0
R3,200,1400,1445644800,1446249600,7,8,2,0.0
R3,201,1407,1446249600,1446854400,7,8,2,0.0
R3,202,1414,1446854400,1447459200,7,8,2,3.729548338334386e+19
R3,203,1421,1447459200,1448064000,7,8,2,1.6634003043376123e+20
R3,204,1428,1448064000,1448668800,7,8,2,1.6754745322537314e+20
R3,205,1435,1448668800,1449273600,7,8,2,1.670167406847056e+20
R3,206,1442,1449273600,1449878400,7,8,2,1.6655026801948987e+20
R3,207,1449,1449878400,1450483200,7,8,2,1.6655873037795394e+20
R3,208,1456,1450483200,1451088000,7,8,2,1.6646837048006024e+20
R3,209,1463,1451088000,1451692800,7,8,2,1.661852573142751e+20
R3,210,1470,1451692800,1452297600,7,8,2,1.6473137036175193e+20
R3,211,1477,1452297600,1452902400,7,8,2,1.6412984182229133e+20
R3,212,1484,1452902400,1453507200,7,8,2,1.6514044618263944e+20
R3,213,1491,1453507200,1454112000,7,8,2,1.645397773311409e+20
R3,214,1498,1454112000,1454716800,7,8,2,1.5016170159778428e+20
R3,215,1505,1454716800,1455321600,7,8,2,1.45506140826527e+20
R3,216,1512,1455321600,1455926400,7,8,2,1.5830961633360586e+20
R3,217,1519,1455926400,1456531200,7,8,2,1.6397594841188375e+20
R3,218,1526,1456531200,1457136000,7,8,2,1.6411269852239797e+20
R3,219,1533,1457136000,1457740800,7,8,2,1.6377694238738317e+20
R3,220,1540,1457740800,1458345600,7,8,2,1.6352541918503666e+20
R3,221,1547,1458345600,1458950400,7,8,2,1.636478043979248e+20
R3,222,1554,1458950400,1459555200,7,8,2,1.624843811873169e+20
R3,223,1561,1459555200,1460160000,7,8,2,1.5354658960140186e+20
R3,224,1568,1460160000,1460764800,7,8,2,1.6291499188508643e+20
R3,225,1575,1460764800,1461369600,7,8,2,1.6304013882140987e+20
R3,226,1582,1461369600,1461974400,7,8,2,1.629889842975587e+20
R3,227,1589,1461974400,1462579200,7,8,2,1.586762484552614e+20
R3,228,1596,1462579200,1463184000,7,8,2,1.621846376510001e+20
R3,229,1603,1463184000,1463788800,7,8,2,1.616387482325562e+20
R3,230,1610,1463788800,1464393600,7,8,2,1.61829147335304e+20
R3,231,1617,1464393600,1464998400,7,8,2,1.6197303075873138e+20
R3,232,1624,1464998400,1465603200,7,8,2,1.61847456443436e+20
R3,233,1631,1465603200,1466208000,7,8,2,1.616675913190096e+20
R3,234,1638,1466208000,1466812800,7,8,2,1.6139366577835865e+20
R3,235,1645,1466812800,1467417600,7,8,2,1.612060689877597e+20
R3,236,1652,1467417600,1468022400,7,8,2,1.614761029355553e+20
R3,237,1659,1468022400,1468627200,7,8,2,1.610239903456921e+20
R3,238,1666,1468627200,1469232000,7,8,2,1.6070121437842912e+20
R3,239,1673,1469232000,1469836800,7,8,2,1.6043055230164776e+20
R3,240,1680,1469836800,1470441600,7,8,2,1.6091096198673125e+20
R3,241,1687,1470441600,1471046400,7,8,2,1.6066969944821465e+20
R3,242,1694,1471046400,1471651200,7,8,2,1.6013940309056107e+20
R3,243,1701,1471651200,1472256000,7,8,2,1.6046297978338263e+20
R3,244,1708,1472256000,1472860800,7,8,2,1.6030681509836577e+20
R3,245,1715,1472860800,1473465600,7,8,2,1.5983505830660853e+20
R3,246,1722,1473465600,1474070400,7,8,2,1.5968747316831997e+20
R3,247,1729,1474070400,1474675200,7,8,2,1.5911266312162263e+20
R3,248,1736,1474675200,1475280000,7,8,2,1.5926429940944942e+20
R3,249,1743,1475280000,1475884800,7,8,2,1.589776671311619e+20
R3,250,1750,1475884800,1476489600,7,8,2,1.589780290236554e+20
R3,251,1757,1476489600,1477094400,7,8,2,1.5869686392985885e+20
R3,252,1764,1477094400,1477699200,7,8,2,1.590079152953206e+20
R3,253,1771,1477699200,1478304000,7,8,2,1.5807444688047155e+20
R3,254,1778,1478304000,1478908800,7,8,2,1.5838806140546774e+20
R3,255,1785,1478908800,1479513600,7,8,2,1.5784572809809982e+20
R3,256,1792,1479513600,1480118400,7,8,2,1.584234365373559e+20
R3,257,1799,1480118400,1480723200,7,8,2,1.5798967366946033e+20
R3,258,1806,1480723200,1481328000,7,8,2,1.5776097844760527e+20
R3,259,1813,1481328000,1481932800,7,8,2,1.5809834402817593e+20
R3,260,1820,1481932800,1482537600,7,8,2,1.5754064183134798e+20
R3,261,1827,1482537600,1483142400,7,0,0,0.0
R3,262,1834,1483142400,1483747200,7,0,0,0.0
R3,263,1841,1483747200,1484352000,7,0,0,0.0
R3,264,1848,1484352000,1484956800,7,0,0,0.0
R3,265,1855,1484956800,1485561600,7,7,4,0.0
R3,266,1862,1485561600,1486166400,7,7,4,0.0
R3,267,1869,1486166400,1486771200,7,7,4,0.0
R3,268,1876,1486771200,1487376000,7,7,4,0.0
R3,269,1883,1487376000,1487980800,7,7,4,0.0
R3,270,1890,1487980800,1488585600,7,7,4,4.504844938270836e+19
R3,271,1897,1488585600,1489190400,7,7,4,1.6733764195371224e+20
R3,272,1904,1489190400,1489795200,7,7,4,1.6754887722718373e+20
R3,273,1911,1489795200,1490400000,7,7,4,1.671548967122061e+20
R3,274,1918,1490400000,1491004800,7,7,4,1.666911762348795e+20
R3,275,1925,1491004800,1491609600,7,7,4,1.577414754964703e+20
R3,276,1932,1491609600,1492214400,7,7,4,1.6588931400027976e+20
R3,277,1939,1492214400,1492819200,7,7,4,1.660589901538818e+20
R3,278,1946,1492819200,1493424000,7,7,4,1.6595447273341475e+20
R3,279,1953,1493424000,1494028800,7,7,4,1.5559500051976362e+20
R3,280,1960,1494028800,1494633600,7,7,4,1.6537591323383818e+20
R3,281,1967,1494633600,1495238400,7,7,4,1.6498451890471925e+20
R3,282,1974,1495238400,1495843200,7,7,4,1.6485711864547806e+20
R3,283,1981,1495843200,1496448000,7,7,4,1.511021865480749e+20
R3,284,1988,1496448000,1497052800,7,7,4,1.638608256168651e+20
R3,285,1995,1497052800,1497657600,7,7,4,1.639750369523959e+20
R3,286,2002,1497657600,1498262400,7,7,4,1.638382630975707e+20
R3,287,2009,1498262400,1498867200,7,7,4,1.6341129794666483e+20
R3,288,2016,1498867200,1499472000,7,7,4,1.6337768503746314e+20
R3,289,2023,1499472000,1500076800,7,7,4,1.6343309363619476e+20
R3,290,2030,1500076800,1500681600,7,7,4,1.6332791920442497e+20
R3,291,2037,1500681600,1501286400,7,7,4,1.630696453471119e+20
R3,292,2044,1501286400,1501891200,7,7,4,1.6309897215585328e+20
R3,293,2051,1501891200,1502496000,7,7,4,1.6291717363334054e+20
R3,294,2058,1502496000,1503100800,7,7,4,1.6278284825889636e+20
R3,295,2065,1503100800,1503705600,7,7,4,1.622979212571502e+20
R3,296,2072,1503705600,1504310400,7,7,4,1.623319033987904e+20
R3,297,2079,1504310400,1504915200,7,7,4,1.6190518805090546e+20
R3,298,2086,1504915200,1505520000,7,7,4,1.617113251726268e+20
R3,299,2093,1505520000,1506124800,7,7,4,1.6186779743029245e+20
R3,300,2100,1506124800,1506729600,7,7,4,1.6171619594390828e+20
R3,301,2107,1506729600,1507334400,7,7,4,1.50992692817947e+20
R3,302,2114,1507334400,1507939200,7,7,4,1.5888500970827766e+20
R3,303,2121,1507939200,1508544000,7,7,4,1.46918518233407e+20
R3,304,2128,1508544000,1509148800,7,7,4,1.6068695127409505e+20
R3,305,2135,1509148800,1509753600,7,7,4,1.6114572819523502e+20
R3,306,2142,1509753600,1510358400,7,7,4,1.6084149663668535e+20
R3,307,2149,1510358400,1510963200,7,7,4,1.0944233273695184e+20
R3,308,2156,1510963200,1511568000,7,7,4,1615971596535817.5
R3,309,2163,1511568000,1512172800,7,7,4,7.899160153146196e+19
R3,310,2170,1512172800,1512777600,7,7,4,1.6007188224777136e+20
R3,311,2177,1512777600,1513382400,7,7,4,1.598619276498887e+20
R3,312,2184,1513382400,1513987200,7,7,4,1.5910039623643863e+20
R3,313,2191,1513987200,1514592000,7,7,4,1.578181325239942e+20
R3,314,2198,1514592000,1515196800,7,7,4,0.0
R3,315,2205,1515196800,1515801600,7,7,4,1.5992838875533364e+20
R3,316,2212,1515801600,1516406400,7,7,4,1.598845571105557e+20
R3,317,2219,1516406400,1517011200,7,7,4,1.59260609485929e+20
R3,318,2226,1517011200,1517616000,7,7,4,1.5906955918573706e+20
R3,319,2233,1517616000,1518220800,7,7,4,1.5975412506610693e+20
R3,320,2240,1518220800,1518825600,7,7,4,1.4457202010701608e+20
R3,321,2247,1518825600,1519430400,7,7,4,1.3141067981361304e+20
R3,322,2254,1519430400,1520035200,7,7,4,1.586765538534326e+20
R3,323,2261,1520035200,1520640000,7,7,4,1.59458922035692e+20
R3,324,2268,1520640000,1521244800,7,7,4,1.5349467922641453e+20
R3,325,2275,1521244800,1521849600,7,7,4,1.588811296184867e+20
R3,326,2282,1521849600,1522454400,7,7,4,1.5871089412149146e+20
R3,327,2289,1522454400,1523059200,7,7,4,1.5842031385021602e+20
R3,328,2296,1523059200,1523664000,7,7,4,1.5827280813432147e+20
R3,329,2303,1523664000,1524268800,7,7,4,1.5851611455095085e+20
R3,330,2310,1524268800,1524873600,7,7,4,1.338582466524568e+20
R3,331,2317,1524873600,1525478400,7,7,4,0.0
R3,332,2324,1525478400,1526083200,7,7,4,0.0
R3,333,2331,1526083200,1526688000,7,7,4,0.0
R3,334,2338,1526688000,1527292800,7,7,4,0.0
R3,335,2345,1527292800,1527897600,7,7,4,0.0
R3,336,2352,1527897600,1528502400,7,7,4,3.732276779613002e+18
R3,337,2359,1528502400,1529107200,7,7,4,1.351359390197797e+20
R3,338,2366,1529107200,1529712000,7,7,4,1.673689291725799e+20
R3,339,2373,1529712000,1530316800,7,7,4,1.6510354732163747e+20
R3,340,2380,1530316800,1530921600,7,7,4,1.6714252044307726e+20
R3,341,2387,1530921600,1531526400,7,7,4,1.613789912629421e+20
R3,342,2394,1531526400,1532131200,7,7,4,1.647138514993537e+20
R3,343,2401,1532131200,1532736000,7,7,4,1.6643730930293454e+20
R3,344,2408,1532736000,1533340800,7,7,4,1.66049247091631e+20
R3,345,2415,1533340800,1533945600,7,7,4,1.5790446754925616e+20
R3,346,2422,1533945600,1534550400,7,7,4,1.5913477404192473e+20
R3,347,2429,1534550400,1535155200,7,7,4,0.0
R3,348,2436,1535155200,1535760000,7,7,4,1.5556548089949254e+20
R3,349,2443,1535760000,1536364800,7,7,4,1.5588996130174963e+20
R3,350,2450,1536364800,1536969600,7,7,4,1.5941804392299184e+20
R3,351,2457,1536969600,1537574400,7,7,4,1.0937498380975845e+20
R3,352,2464,1537574400,1538179200,7,7,4,1.622574769344381e+20
R3,353,2471,1538179200,1538784000,7,7,4,1.487356916386221e+20
R3,354,2478,1538784000,1539388800,7,7,4,1.642975888924735e+20
R3,355,2485,1539388800,1539993600,7,7,4,1.62796007326504e+20
R3,356,2492,1539993600,1540598400,7,7,4,1.545054748017236e+20
R3,357,2499,1540598400,1541203200,7,7,4,1.498355115469122e+20
R3,358,2506,1541203200,1541808000,7,7,4,8.19023556623892e+19
R3,359,2513,1541808000,1542412800,7,7,4,1.6335841323046643e+20
R3,360,2520,1542412800,1543017600,7,7,4,1.6336562020074563e+20
R3,361,2527,1543017600,1543622400,7,7,4,1.632303818235519e+20
R3,362,2534,1543622400,1544227200,7,7,4,1.6310755347963858e+20
R3,363,2541,1544227200,1544832000,7,7,4,1.63074050679133e+20
R3,364,2548,1544832000,1545436800,7,7,4,1.6289118883279592e+20
R3,365,2555,1545436800,1546041600,7,7,4,1.6257393638749694e+20
R3,366,2562,1546041600,1546646400,7,7,4,1.6210343923527408e+20
R3,367,2569,1546646400,1547251200,7,7,4,1.6223266486233353e+20
R3,368,2576,1547251200,1547856000,7,7,4,1.6233776363721703e+20
R3,369,2583,1547856000,1548460800,7,7,4,1.6193197001145945e+20
R3,370,2590,1548460800,1549065600,7,7,4,1.4506668975175225e+20
R3,371,2597,1549065600,1549670400,7,7,4,1.3368490783668452e+20
R3,372,2604,1549670400,1550275200,7,7,4,1.3350915392596596e+20
R3,373,2611,1550275200,1550880000,7,7,4,1.524040652329623e+20
R3,374,2618,1550880000,1551484800,7,7,4,1.3301902787851253e+20
R3,375,2625,1551484800,1552089600,7,7,4,1.336143125813042e+20
R3,376,2632,1552089600,1552694400,7,7,4,1.4103097662378636e+20
R3,377,2639,1552694400,1553299200,7,7,4,1.607404702020208e+20
R3,378,2646,1553299200,1553904000,7,7,4,1.5984448939291784e+20
R3,379,2653,1553904000,1554508800,7,7,4,1.5962684599968652e+20
R3,380,2660,1554508800,1555113600,7,7,4,1.6073353218557434e+20
R3,381,2667,1555113600,1555718400,7,7,4,1.6017385782500147e+20
R3,382,2674,1555718400,1556323200,7,7,4,1.592615427696644e+20
R3,383,2681,1556323200,1556928000,7,7,4,1.3315703176718698e+20
R3,384,2688,1556928000,1557532800,7,7,4,1.3276813754175572e+20
R3,385,2695,1557532800,1558137600,7,7,4,1.3302687920890505e+20
R3,386,2702,1558137600,1558742400,7,7,4,1.328023555126086e+20
R3,387,2709,1558742400,1559347200,7,7,4,1.5079826106329858e+20
R3,388,2716,1559347200,1559952000,7,7,4,1.5783730120833457e+20
R3,389,2723,1559952000,1560556800,7,7,4,1.3895217408631148e+20
R3,390,2730,1560556800,1561161600,7,7,4,1.5945753442890183e+20
R3,391,2737,1561161600,1561766400,7,7,4,1.596690687885466e+20
R3,392,2744,1561766400,1562371200,7,7,4,1.592018090020783e+20
R3,393,2751,1562371200,1562976000,7,7,4,0.0
R3,394,2758,1562976000,1563580800,7,7,4,0.0
R3,395,2765,1563580800,1564185600,7,7,4,1.593062421518201e+20
R3,396,2772,1564185600,1564790400,7,7,4,1.4405670225643194e+20
R3,397,2779,1564790400,1565395200,7,7,4,1.5078429319693215e+20
R3,398,2786,1565395200,1566000000,7,7,4,1.4879230186152968e+20
R3,399,2793,1566000000,1566604800,7,7,4,1.5814405468162572e+20
R3,400,2800,1566604800,1567209600,7,7,4,1.5819535435723204e+20
R3,401,2807,1567209600,1567814400,7,7,4,1.583723591555979e+20
R3,402,2814,1567814400,1568419200,7,7,4,1.5836275962847864e+20
R3,403,2821,1568419200,1569024000,7,7,4,1.5838067166032065e+20
R3,404,2828,1569024000,1569628800,7,7,4,1.1912704102693885e+20
R3,405,2835,1569628800,1570233600,7,7,4,0.0
R3,406,2842,1570233600,1570838400,7,7,4,0.0
R3,407,2849,1570838400,1571443200,7,7,4,1.201051640470436e+20
R3,408,2856,1571443200,1572048000,7,7,4,1.6861016527359623e+20
R3,409,2863,1572048000,1572652800,7,7,4,1.6832548235927808e+20
R3,410,2870,1572652800,1573257600,7,7,4,1.680363840621714e+20
R3,411,2877,1573257600,1573862400,7,7,4,1.675469618399592e+20
R3,412,2884,1573862400,1574467200,7,7,4,1.6638296575576628e+20
R3,413,2891,1574467200,1575072000,7,7,4,1.6707108883034748e+20
R3,414,2898,1575072000,1575676800,7,7,4,1.6692532119086963e+20
R3,415,2905,1575676800,1576281600,7,7,4,1.665066396443097e+20
R3,416,2912,1576281600,1576886400,7,7,4,1.6640507566350742e+20
R3,417,2919,1576886400,1577491200,7,7,4,1.662586801688309e+20
R3,418,2926,1577491200,1578096000,7,7,4,1.6314561422655272e+20
R3,419,2933,1578096000,1578700800,7,7,4,1.6546690323533097e+20
R3,420,2940,1578700800,1579305600,7,7,4,1.653463890827836e+20
R3,421,2947,1579305600,1579910400,7,7,4,6.248603027995463e+19
R3,422,2954,1579910400,1580515200,7,7,4,1660251283648100.8
R3,423,2961,1580515200,1581120000,7,7,4,1660251283648101.0
R3,424,2968,1581120000,1581724800,7,7,4,1660251283648101.0
R3,425,2975,1581724800,1582329600,7,7,4,6.854701808464218e+19
R3,426,2982,1582329600,1582934400,7,7,4,1.477524785896841e+20
R3,427,2989,1582934400,1583539200,7,7,4,1.3840442753208194e+20
R3,428,2996,1583539200,1584144000,7,7,4,1.359124711034276e+20
R3,429,3003,1584144000,1584748800,7,7,4,1.4187898198117984e+20
R3,430,3010,1584748800,1585353600,7,7,4,1.6434052792606707e+20
R3,431,3017,1585353600,1585958400,7,7,4,1.6427500109882406e+20
R3,432,3024,1585958400,1586563200,7,7,4,1.628149703840674e+20
R3,433,3031,1586563200,1587168000,7,7,4,1.6387767511617438e+20
R3,434,3038,1587168000,1587772800,7,7,4,1.6376007655750484e+20
R3,435,3045,1587772800,1588377600,7,7,4,1.6236816593674522e+20
R3,436,3052,1588377600,1588982400,7,7,4,1.632075125835801e+20
R3,437,3059,1588982400,1589587200,7,7,4,1.6321186741057877e+20
R3,438,3066,1589587200,1590192000,7,7,4,1.6303624716088633e+20
R3,439,3073,1590192000,1590796800,7,7,4,1.6297212114384817e+20
R3,440,3080,1590796800,1591401600,7,7,4,0.0
R3,441,3087,1591401600,1592006400,7,7,4,1.6247304866897966e+20
R3,442,3094,1592006400,1592611200,7,7,4,1.6235356681393927e+20
R3,443,3101,1592611200,1593216000,7,7,4,1.6202439679616952e+20
R3,444,3108,1593216000,1593820800,7,7,4,1.6185517319370356e+20
R3,445,3115,1593820800,1594425600,7,7,4,1.6171768662467573e+20
R3,446,3122,1594425600,1595030400,7,7,4,1.615432025190029e+20
R3,447,3129,1595030400,1595635200,7,7,4,1.6163333320827627e+20
R3,448,3136,1595635200,1596240000,7,7,4,1.6116384107229086e+20
R3,449,3143,1596240000,1596844800,7,7,4,1.610868099052483e+20
R3,450,3150,1596844800,1597449600,7,7,4,1.611770746683128e+20
R3,451,3157,1597449600,1598054400,7,7,4,1.6101833896719804e+20
R3,452,3164,1598054400,1598659200,7,7,4,1.608779345840363e+20
R3,453,3171,1598659200,1599264000,7,7,4,1.6064393400772428e+20
R3,454,3178,1599264000,1599868800,7,7,4,1.6071418599683847e+20
R3,455,3185,1599868800,1600473600,7,7,4,1.6041202159275023e+20
R3,456,3192,1600473600,1601078400,7,7,4,1.6026342679758507e+20
R3,457,3199,1601078400,1601683200,7,7,4,1.6002365758325824e+20
R3,458,3206,1601683200,1602288000,7,7,4,1.6011249518770923e+20
R3,459,3213,1602288000,1602892800,7,7,4,1.596186974954305e+20
R3,460,3220,1602892800,1603497600,7,7,4,1.594902182269328e+20
R3,461,3227,1603497600,1604102400,7,7,4,1.5915087533424856e+20
R3,462,3234,1604102400,1604707200,7,7,4,1.5947891068393416e+20
R3,463,3241,1604707200,1605312000,7,7,4,1.5937936223807744e+20
R3,464,3248,1605312000,1605916800,7,7,4,1.592269733711449e+20
R3,465,3255,1605916800,1606521600,7,7,4,1.5944387875513644e+20
R3,466,3262,1606521600,1607126400,7,7,4,1.5919873314541483e+20
R3,467,3269,1607126400,1607731200,7,7,4,1.588255323345541e+20
R3,468,3276,1607731200,1608336000,7,7,4,1.5872767526752974e+20
R4,0,0,1324684800,1325289600,7,6,1,0.0
R4,1,7,1325289600,1325894400,7,6,1,0.0
R4,2,14,1325894400,1326499200,7,6,1,3.75164332282302e+19
R4,3,21,1326499200,1327104000,7,6,1,1.5807096197467147e+20
R4,4,28,1327104000,1327708800,7,6,1,1.455518233456589e+20
R4,5,35,1327708800,1328313600,7,6,1,1.6516503481735922e+20
R4,6,42,1328313600,1328918400,7,6,1,1.6489739471470366e+20
R4,7,49,1328918400,1329523200,7,6,1,1.6485736599933652e+20
R4,8,56,1329523200,1330128000,7,6,1,1.6321504639181573e+20
R4,9,63,1330128000,1330732800,7,6,1,1.6386739325434308e+20
R4,10,70,1330732800,1331337600,7,6,1,1.6414681333907836e+20
R4,11,77,1331337600,1331942400,7,6,1,1.6380257033625938e+20
R4,12,84,1331942400,1332547200,7,6,1,1.6379058883902574e+20
R4,13,91,1332547200,1333152000,7,6,1,1.6349429430735615e+20
R4,14,98,1333152000,1333756800,7,6,1,1.573701361438076e+20
R4,15,105,1333756800,1334361600,7,6,1,1.6091854469196625e+20
R4,16,112,1334361600,1334966400,7,6,1,1.631556368572233e+20
R4,17,119,1334966400,1335571200,7,6,1,1.6288961437563162e+20
R4,18,126,1335571200,1336176000,7,6,1,1.5287654831475802e+20
R4,19,133,1336176000,1336780800,7,6,1,1.6253824200021816e+20
R4,20,140,1336780800,1337385600,7,6,1,1.6230739719300078e+20
R4,21,147,1337385600,1337990400,7,6,1,1.6155204827608796e+20
R4,22,154,1337990400,1338595200,7,6,1,1.6199388780346858e+20
R4,23,161,1338595200,1339200000,7,6,1,1.617840862639878e+20
R4,24,168,1339200000,1339804800,7,6,1,1.6182214888283554e+20
R4,25,175,1339804800,1340409600,7,6,1,1.411314333824992e+20
R4,26,182,1340409600,1341014400,7,6,1,1.4543163010622983e+20
R4,27,189,1341014400,1341619200,7,6,1,1.6064809108852503e+20
R4,28,196,1341619200,1342224000,7,6,1,1.6097578830945288e+20
R4,29,203,1342224000,1342828800,7,6,1,1.6055843168641316e+20
R4,30,210,1342828800,1343433600,7,6,1,1.4265449766661616e+20
R4,31,217,1343433600,1344038400,7,6,1,1.3381434854708565e+20
R4,32,224,1344038400,1344643200,7,0,0,0.0
R4,33,231,1344643200,1345248000,7,0,0,0.0
R4,34,238,1345248000,1345852800,7,0,0,0.0
R4,35,245,1345852800,1346457600,7,0,0,0.0
R4,36,252,1346457600,1347062400,7,0,0,0.0
R4,37,259,1347062400,1347667200,7,0,0,0.0
R4,38,266,1347667200,1348272000,7,0,0,0.0
R4,39,273,1348272000,1348876800,7,0,0,0.0
R4,40,280,1348876800,1349481600,7,0,0,0.0
R4,41,287,1349481600,1350086400,7,0,0,0.0
R4,42,294,1350086400,1350691200,7,8,2,1.5925433492645744e+20
R4,43,301,1350691200,1351296000,7,8,2,1.588081947291903e+20
R4,44,308,1351296000,1351900800,7,8,2,1.5869562913992484e+20
R4,45,315,1351900800,1352505600,7,8,2,1.5832434060026832e+20
R4,46,322,1352505600,1353110400,7,8,2,1.57984652388875e+20
R4,47,329,1353110400,1353715200,7,8,2,1.5801456528212872e+20
R4,48,336,1353715200,1354320000,7,8,2,1.579100798567282e+20
R4,49,343,1354320000,1354924800,7,8,2,1.575877095358566e+20
R4,50,350,1354924800,1355529600,7,8,2,7.886803359209687e+19
R4,51,357,1355529600,1356134400,7,8,2,0.0
R4,52,364,1356134400,1356739200,7,8,2,0.0
R4,53,371,1356739200,1357344000,7,8,2,2.70254944101696e+19
R4,54,378,1357344000,1357948800,7,8,2,1.6444519037091958e+20
R4,55,385,1357948800,1358553600,7,8,2,1.6510621869204518e+20
R4,56,392,1358553600,1359158400,7,8,2,1.6427297167571164e+20
R4,57,399,1359158400,1359763200,7,8,2,1.6420464471154056e+20
R4,58,406,1359763200,1360368000,7,8,2,1.5281999415971286e+20
R4,59,413,1360368000,1360972800,7,8,2,1.351853925731366e+20
R4,60,420,1360972800,1361577600,7,8,2,1.546583947790905e+20
R4,61,427,1361577600,1362182400,7,8,2,1.6324480576699102e+20
R4,62,434,1362182400,1362787200,7,8,2,1.6345629850975116e+20
R4,63,441,1362787200,1363392000,7,8,2,1.632962450888622e+20
R4,64,448,1363392000,1363996800,7,8,2,1.6310349644876657e+20
R4,65,455,1363996800,1364601600,7,8,2,1.6282732781931908e+20
R4,66,462,1364601600,1365206400,7,8,2,1.5694613801683065e+20
R4,67,469,1365206400,1365811200,7,8,2,1.6157809723644966e+20
R4,68,476,1365811200,1366416000,7,8,2,1.620621117764209e+20
R4,69,483,1366416000,1367020800,7,8,2,1.6190246444096943e+20
R4,70,490,1367020800,1367625600,7,8,2,1.5613796340135372e+20
R4,71,497,1367625600,1368230400,7,8,2,1.6153489399760984e+20
R4,72,504,1368230400,1368835200,7,8,2,1.61299125956487e+20
R4,73,511,1368835200,1369440000,7,8,2,1.613849516356358e+20
R4,74,518,1369440000,1370044800,7,8,2,1.6129723965020547e+20
R4,75,525,1370044800,1370649600,7,8,2,1.6125830044659823e+20
R4,76,532,1370649600,1371254400,7,8,2,1.5804873215492922e+20
R4,77,539,1371254400,1371859200,7,8,2,1.6030909645727413e+20
R4,78,546,1371859200,1372464000,7,8,2,1.603601499493252e+20
R4,79,553,1372464000,1373068800,7,8,2,1.6015917093695324e+20
R4,80,560,1373068800,1373673600,7,8,2,1.5997109531935097e+20
R4,81,567,1373673600,1374278400,7,8,2,1.5963166931651176e+20
R4,82,574,1374278400,1374883200,7,8,2,1.6003683115426116e+20
R4,83,581,1374883200,1375488000,7,8,2,1.5967386072278624e+20
R4,84,588,1375488000,1376092800,7,8,2,1.5934129151881993e+20
R4,85,595,1376092800,1376697600,7,8,2,1.4994727369718012e+20
R4,86,602,1376697600,1377302400,7,8,2,1.591821849381792e+20
R4,87,609,1377302400,1377907200,7,8,2,1.5916577728277666e+20
R4,88,616,1377907200,1378512000,7,8,2,1.5895894157288145e+20
R4,89,623,1378512000,1379116800,7,8,2,1.592972076711425e+20
R4,90,630,1379116800,1379721600,7,8,2,1.512413912032525e+20
R4,91,637,1379721600,1380326400,7,8,2,1.4648917662001471e+20
R4,92,644,1380326400,1380931200,7,8,2,1.5839616228676105e+20
R4,93,651,1380931200,1381536000,7,8,2,1.580072399673857e+20
R4,94,658,1381536000,1382140800,7,8,2,1.580300387280309e+20
R4,95,665,1382140800,1382745600,7,8,2,1.5692172741058947e+20
R4,96,672,1382745600,1383350400,7,8,2,1.5843158398415284e+20
R4,97,679,1383350400,1383955200,7,8,2,1.578144678168291e+20
R4,98,686,1383955200,1384560000,7,8,2,1.5726322817678075e+20
R4,99,693,1384560000,1385164800,7,8,2,1.2865134808790535e+20
R4,100,700,1385164800,1385769600,7,8,2,0.0
R4,101,707,1385769600,1386374400,7,8,2,0.0
R4,102,714,1386374400,1386979200,7,8,2,0.0
R4,103,721,1386979200,1387584000,7,8,2,0.0
R4,104,728,1387584000,1388188800,7,8,2,0.0
R4,105,735,1388188800,1388793600,7,8,2,0.0
R4,106,742,1388793600,1389398400,7,8,2,0.0
R4,107,749,1389398400,1390003200,7,8,2,0.0
R4,108,756,1390003200,1390608000,7,8,2,1.5051889505660417e+20
R4,109,763,1390608000,1391212800,7,8,2,1.581551467351e+20
R4,110,770,1391212800,1391817600,7,8,2,1.3798277912752003e+20
R4,111,777,1391817600,1392422400,7,8,2,1.5880938568939225e+20
R4,112,784,1392422400,1393027200,7,8,2,1.6727970084533466e+20
R4,113,791,1393027200,1393632000,7,8,2,1.6701581640915983e+20
R4,114,798,1393632000,1394236800,7,8,2,1.670066012005147e+20
R4,115,805,1394236800,1394841600,7,8,2,1.6659139169833124e+20
R4,116,812,1394841600,1395446400,7,8,2,1.665396106738124e+20
R4,117,819,1395446400,1396051200,7,8,2,1.6634355719299957e+20
R4,118,826,1396051200,1396656000,7,8,2,1.6486199619787542e+20
R4,119,833,1396656000,1397260800,7,8,2,1.5706428811428233e+20
R4,120,840,1397260800,1397865600,7,8,2,1.6554967785503837e+20
R4,121,847,1397865600,1398470400,7,8,2,1.652490107669389e+20
R4,122,854,1398470400,1399075200,7,8,2,1.5642824369027665e+20
R4,123,861,1399075200,1399680000,7,8,2,1.635488670655016e+20
R4,124,868,1399680000,1400284800,7,8,2,1.645396046721293e+20
R4,125,875,1400284800,1400889600,7,8,2,1.6434076825654198e+20
R4,126,882,1400889600,1401494400,7,8,2,1.6431683823627318e+20
R4,127,889,1401494400,1402099200,7,8,2,1.6408313506312792e+20
R4,128,896,1402099200,1402704000,7,8,2,1.6399909192937092e+20
R4,129,903,1402704000,1403308800,7,8,2,1.6383101678978525e+20
R4,130,910,1403308800,1403913600,7,8,2,1.635772724150933e+20
R4,131,917,1403913600,1404518400,7,8,2,1.452322061653929e+20
R4,132,924,1404518400,1405123200,7,8,2,1.631067743440641e+20
R4,133,931,1405123200,1405728000,7,8,2,1.6285143781969848e+20
R4,134,938,1405728000,1406332800,7,8,2,1.6271552222283592e+20
R4,135,945,1406332800,1406937600,7,8,2,1.621410515409134e+20
R4,136,952,1406937600,1407542400,7,8,2,1.6228060392739756e+20
R4,137,959,1407542400,1408147200,7,8,2,1.6218334673722907e+20
R4,138,966,1408147200,1408752000,7,8,2,1.6192951983869352e+20
R4,139,973,1408752000,1409356800,7,8,2,1.577336527452557e+20
R4,140,980,1409356800,1409961600,7,8,2,1.613011135043718e+20
R4,141,987,1409961600,1410566400,7,8,2,1.538939986557627e+20
R4,142,994,1410566400,1411171200,7,8,2,1.6194021658091943e+20
R4,143,1001,1411171200,1411776000,7,8,2,1.6167796079055805e+20
R4,144,1008,1411776000,1412380800,7,8,2,1.4928476619532144e+20
R4,145,1015,1412380800,1412985600,7,8,2,1.4608022617047903e+20
R4,146,1022,1412985600,1413590400,7,8,2,1.6093153957244797e+20
R4,147,1029,1413590400,1414195200,7,8,2,1.606258734609755e+20
R4,148,1036,1414195200,1414800000,7,8,2,1.607634653206583e+20
R4,149,1043,1414800000,1415404800,7,8,2,1.6083208063162355e+20
R4,150,1050,1415404800,1416009600,7,8,2,1.6038038279260648e+20
R4,151,1057,1416009600,1416614400,7,8,2,1.5943651247843226e+20
R4,152,1064,1416614400,1417219200,7,8,2,1.6010151500469505e+20
R4,153,1071,1417219200,1417824000,7,8,2,1.5938015070523412e+20
R4,154,1078,1417824000,1418428800,7,8,2,1.592849015225621e+20
R4,155,1085,1418428800,1419033600,7,8,2,1.598955474175489e+20
R4,156,1092,1419033600,1419638400,7,8,2,1.594538998842815e+20
R4,157,1099,1419638400,1420243200,7,8,2,1.4969925503799483e+20
R4,158,1106,1420243200,1420848000,7,8,2,1.558707879602592e+20
R4,159,1113,1420848000,1421452800,7,8,2,1.550368779689585e+20
R4,160,1120,1421452800,1422057600,7,8,2,1.5497984377371787e+20
R4,161,1127,1422057600,1422662400,7,8,2,1.5897591865138187e+20
R4,162,1134,1422662400,1423267200,7,8,2,1.5894392433320503e+20
R4,163,1141,1423267200,1423872000,7,8,2,1.586995561335211e+20
R4,164,1148,1423872000,1424476800,7,8,2,8.399094919062949e+19
R4,165,1155,1424476800,1425081600,7,8,2,6.90925154871338e+19
R4,166,1162,1425081600,1425686400,7,8,2,1.588883183122226e+20
R4,167,1169,1425686400,1426291200,7,8,2,1.5783467218471692e+20
R4,168,1176,1426291200,1426896000,7,8,2,1.5795287149527063e+20
R4,169,1183,1426896000,1427500800,7,8,2,1.5793688460059332e+20
R4,170,1190,1427500800,1428105600,7,8,2,1.577691594396546e+20
R4,171,1197,1428105600,1428710400,7,8,2,1.576621858100181e+20
R4,172,1204,1428710400,1429315200,7,8,2,1.5077302724701572e+20
R4,173,1211,1429315200,1429920000,7,8,2,0.0
R4,174,1218,1429920000,1430524800,7,8,2,0.0
R4,175,1225,1430524800,1431129600,7,8,2,7.802748961775392e+18
R4,176,1232,1431129600,1431734400,7,8,2,1.269178623304501e+20
R4,177,1239,1431734400,1432339200,7,8,2,1.686582719618437e+20
R4,178,1246,1432339200,1432944000,7,8,2,1.626602588853066e+20
R4,179,1253,1432944000,1433548800,7,8,2,1.680597319321733e+20
R4,180,1260,1433548800,1434153600,7,8,2,1.6770959448644708e+20
R4,181,1267,1434153600,1434758400,7,8,2,1.6738268615024204e+20
R4,182,1274,1434758400,1435363200,7,8,2,1.6664169403567093e+20
R4,183,1281,1435363200,1435968000,7,8,2,1.669829298012184e+20
R4,184,1288,1435968000,1436572800,7,8,2,1.6687780546235934e+20
R4,185,1295,1436572800,1437177600,7,8,2,1.6658119846247567e+20
R4,186,1302,1437177600,1437782400,7,8,2,1.6575998259575708e+20
R4,187,1309,1437782400,1438387200,7,8,2,1.5275355438070792e+20
R4,188,1316,1438387200,1438992000,7,8,2,0.0
R4,189,1323,1438992000,1439596800,7,8,2,1.657510393638613e+20
R4,190,1330,1439596800,1440201600,7,8,2,1.6539400120078978e+20
R4,191,1337,1440201600,1440806400,7,8,2,1.650681600098956e+20
R4,192,1344,1440806400,1441411200,7,8,2,1.6002515254431298e+20
R4,193,1351,1441411200,1442016000,7,8,2,1.6486210604923385e+20
R4,194,1358,1442016000,1442620800,7,8,2,1.6467831158374914e+20
R4,195,1365,1442620800,1443225600,7,8,2,1.6430530446937906e+20
R4,196,1372,1443225600,1443830400,7,8,2,1.4671925362791227e+20
R4,197,1379,1443830400,1444435200,7,8,2,1.4933351651690332e+20
R4,198,1386,1444435200,1445040000,7,8,2,1.6361834780589087e+20
R4,199,1393,1445040000,1445644800,7,8,2,1.638778023793667e+20
R4,200,1400,1445644800,1446249600,7,8,2,1.638783513977294e+20
R4,201,1407,1446249600,1446854400,7,8,2,1.6345896444283335e+20
R4,202,1414,1446854400,1447459200,7,8,2,1.6325778681126732e+20
R4,203,1421,1447459200,1448064000,7,8,2,1.6330874918198988e+20
R4,204,1428,1448064000,1448668800,7,8,2,1.6320899414003656e+20
R4,205,1435,1448668800,1449273600,7,8,2,1.631523744498835e+20
R4,206,1442,1449273600,1449878400,7,8,2,1.625845426061496e+20
R4,207,1449,1449878400,1450483200,7,8,2,1.628246264239259e+20
R4,208,1456,1450483200,1451088000,7,8,2,1.6261439109842885e+20
R4,209,1463,1451088000,1451692800,7,8,2,1.6236051444020566e+20
R4,210,1470,1451692800,1452297600,7,8,2,1.61779356222719e+20
R4,211,1477,1452297600,1452902400,7,8,2,1.4429419692232407e+20
R4,212,1484,1452902400,1453507200,7,8,2,1.6198888220250633e+20
R4,213,1491,1453507200,1454112000,7,8,2,1.6124509282462404e+20
R4,214,1498,1454112000,1454716800,7,8,2,1.1420018483435682e+20
R4,215,1505,1454716800,1455321600,7,8,2,8.468267707180161e+18
R4,216,1512,1455321600,1455926400,7,8,2,8.820108608669873e+19
R4,217,1519,1455926400,1456531200,7,8,2,1.610826394762178e+20
R4,218,1526,1456531200,1457136000,7,8,2,1.6087925398601233e+20
R4,219,1533,1457136000,1457740800,7,8,2,1.6081972649458077e+20
R4,220,1540,1457740800,1458345600,7,8,2,1.610923168967006e+20
R4,221,1547,1458345600,1458950400,7,8,2,1.6060869663482066e+20
R4,222,1554,1458950400,1459555200,7,8,2,1.603281401629345e+20
R4,223,1561,1459555200,1460160000,7,8,2,1.4751793531643943e+20
R4,224,1568,1460160000,1460764800,7,8,2,1.6014115809360816e+20
R4,225,1575,1460764800,1461369600,7,8,2,1.6027066249332707e+20
R4,226,1582,1461369600,1461974400,7,8,2,1.6002146767872993e+20
R4,227,1589,1461974400,1462579200,7,8,2,1.4933414830429464e+20
R4,228,1596,1462579200,1463184000,7,8,2,1.5958648424237774e+20
R4,229,1603,1463184000,1463788800,7,8,2,1.589921026421335e+20
R4,230,1610,1463788800,1464393600,7,8,2,1.5850711402115183e+20
R4,231,1617,1464393600,1464998400,7,8,2,1.5892416210606493e+20
R4,232,1624,1464998400,1465603200,7,8,2,1.5085096671941958e+20
R4,233,1631,1465603200,1466208000,7,8,2,1.589714127969845e+20
R4,234,1638,1466208000,1466812800,7,8,2,1.5881552170853292e+20
R4,235,1645,1466812800,1467417600,7,8,2,1.5869419872800214e+20
R4,236,1652,1467417600,1468022400,7,8,2,1.5924500811175064e+20
R4,237,1659,1468022400,1468627200,7,8,2,1.5848988044724113e+20
R4,238,1666,1468627200,1469232000,7,8,2,1.5879043661209013e+20
R4,239,1673,1469232000,1469836800,7,8,2,1.5853734725646464e+20
R4,240,1680,1469836800,1470441600,7,8,2,1.4974287123467924e+20
R4,241,1687,1470441600,1471046400,7,8,2,1.5768316074825757e+20
R4,242,1694,1471046400,1471651200,7,8,2,1.5820594055057418e+20
R4,243,1701,1471651200,1472256000,7,8,2,1.5767129714152974e+20
R4,244,1708,1472256000,1472860800,7,8,2,1.5767322283480243e+20
R4,245,1715,1472860800,1473465600,7,8,2,1.57413741444704e+20
R4,246,1722,1473465600,1474070400,7,8,2,1.5771096409708977e+20
R4,247,1729,1474070400,1474675200,7,8,2,1.5783166004549557e+20
R4,248,1736,1474675200,1475280000,7,8,2,8.480934317136169e+19
R4,249,1743,1475280000,1475884800,7,8,2,0.0
R4,250,1750,1475884800,1476489600,7,8,2,0.0
R4,251,1757,1476489600,1477094400,7,8,2,0.0
R4,252,1764,1477094400,1477699200,7,8,2,0.0
R4,253,1771,1477699200,1478304000,7,8,2,7.196905715519512e+17
R4,254,1778,1478304000,1478908800,7,8,2,9.532515672174387e+19
R4,255,1785,1478908800,1479513600,7,8,2,1.6732454082927274e+20
R4,256,1792,1479513600,1480118400,7,8,2,1.675652633866532e+20
R4,257,1799,1480118400,1480723200,7,8,2,1.6695868433009436e+20
R4,258,1806,1480723200,1481328000,7,8,2,1.60423429864188e+20
R4,259,1813,1481328000,1481932800,7,8,2,1.662229248882567e+20
R4,260,1820,1481932800,1482537600,7,8,2,1.667314550122393e+20
R4,261,1827,1482537600,1483142400,7,0,0,0.0
R4,262,1834,1483142400,1483747200,7,0,0,0.0
R4,263,1841,1483747200,1484352000,7,0,0,0.0
R4,264,1848,1484352000,1484956800,7,0,0,0.0
R4,265,1855,1484956800,1485561600,7,7,4,0.0
R4,266,1862,1485561600,1486166400,7,7,4,1.3543253844489385e+20
R4,267,1869,1486166400,1486771200,7,7,4,1.5503074339997627e+20
R4,268,1876,1486771200,1487376000,7,7,4,1.643631253517178e+20
R4,269,1883,1487376000,1487980800,7,7,4,1.636135268246084e+20
R4,270,1890,1487980800,1488585600,7,7,4,1.6389454345366517e+20
R4,271,1897,1488585600,1489190400,7,7,4,1.636029959540185e+20
R4,272,1904,1489190400,1489795200,7,7,4,1.6352149494258788e+20
R4,273,1911,1489795200,1490400000,7,7,4,1.6370084257820918e+20
R4,274,1918,1490400000,1491004800,7,7,4,1.286596092897918e+20
R4,275,1925,1491004800,1491609600,7,7,4,1.5514936049395404e+20
R4,276,1932,1491609600,1492214400,7,7,4,1.6307489138325858e+20
R4,277,1939,1492214400,1492819200,7,7,4,1.630288084288472e+20
R4,278,1946,1492819200,1493424000,7,7,4,1.6296558516678296e+20
R4,279,1953,1493424000,1494028800,7,7,4,1.5223786796725338e+20
R4,280,1960,1494028800,1494633600,7,7,4,1.625998857216091e+20
R4,281,1967,1494633600,1495238400,7,7,4,1.6224045135188918e+20
R4,282,1974,1495238400,1495843200,7,7,4,1.6168306427047133e+20
R4,283,1981,1495843200,1496448000,7,7,4,1.484698102031874e+20
R4,284,1988,1496448000,1497052800,7,7,4,1.6200483861540104e+20
R4,285,1995,1497052800,1497657600,7,7,4,1.6116199227153865e+20
R4,286,2002,1497657600,1498262400,7,7,4,1.606755731134508e+20
R4,287,2009,1498262400,1498867200,7,7,4,1.6070726361836618e+20
R4,288,2016,1498867200,1499472000,7,7,4,1.6080273566471592e+20
R4,289,2023,1499472000,1500076800,7,7,4,1.6122449362149897e+20
R4,290,2030,1500076800,1500681600,7,7,4,1.5946621091844e+20
R4,291,2037,1500681600,1501286400,7,7,4,1.5300237546308233e+20
R4,292,2044,1501286400,1501891200,7,7,4,1.5441951648593206e+20
R4,293,2051,1501891200,1502496000,7,7,4,1.5270281122597336e+20
R4,294,2058,1502496000,1503100800,7,7,4,1.6090292310650477e+20
R4,295,2065,1503100800,1503705600,7,7,4,1.5993282107797973e+20
R4,296,2072,1503705600,1504310400,7,7,4,1.465694490302586e+20
R4,297,2079,1504310400,1504915200,7,7,4,1.541259427153276e+20
R4,298,2086,1504915200,1505520000,7,7,4,1.5977777258488657e+20
R4,299,2093,1505520000,1506124800,7,7,4,1.5937059630215643e+20
R4,300,2100,1506124800,1506729600,7,7,4,1.5957258900897245e+20
R4,301,2107,1506729600,1507334400,7,7,4,1.2545902648740254e+19
R4,302,2114,1507334400,1507939200,7,7,4,4.147317868236541e+19
R4,303,2121,1507939200,1508544000,7,7,4,1.390202846281189e+20
R4,304,2128,1508544000,1509148800,7,7,4,1.590769256543726e+20
R4,305,2135,1509148800,1509753600,7,7,4,1.5918602399892043e+20
R4,306,2142,1509753600,1510358400,7,7,4,1.5850237784620234e+20
R4,307,2149,1510358400,1510963200,7,7,4,1.5946546405779112e+20
R4,308,2156,1510963200,1511568000,7,7,4,1.591559139792159e+20
R4,309,2163,1511568000,1512172800,7,7,4,1.5861391811883296e+20
R4,310,2170,1512172800,1512777600,7,7,4,1.5850687198624888e+20
R4,311,2177,1512777600,1513382400,7,7,4,1.578777157109176e+20
R4,312,2184,1513382400,1513987200,7,7,4,1.564450578386133e+20
R4,313,2191,1513987200,1514592000,7,7,4,1.559352150869821e+20
R4,314,2198,1514592000,1515196800,7,7,4,0.0
R4,315,2205,1515196800,1515801600,7,7,4,1.5795091778513414e+20
R4,316,2212,1515801600,1516406400,7,7,4,1.5783059615821208e+20
R4,317,2219,1516406400,1517011200,7,7,4,1.5798647712113597e+20
R4,318,2226,1517011200,1517616000,7,7,4,1.576821375000156e+20
R4,319,2233,1517616000,1518220800,7,7,4,1.5758935998119723e+20
R4,320,2240,1518220800,1518825600,7,7,4,1.0195447332555837e+20
R4,321,2247,1518825600,1519430400,7,7,4,0.0
R4,322,2254,1519430400,1520035200,7,7,4,0.0
R4,323,2261,1520035200,1520640000,7,7,4,0.0
R4,324,2268,1520640000,1521244800,7,7,4,6.343771551315299e+19
R4,325,2275,1521244800,1521849600,7,7,4,1.6680394946160738e+20
R4,326,2282,1521849600,1522454400,7,7,4,1.668113262566128e+20
R4,327,2289,1522454400,1523059200,7,7,4,1.6102559925435754e+20
R4,328,2296,1523059200,1523664000,7,7,4,1.6611529124562774e+20
R4,329,2303,1523664000,1524268800,7,7,4,1.65672073772361e+20
R4,330,2310,1524268800,1524873600,7,7,4,1.657577392787115e+20
R4,331,2317,1524873600,1525478400,7,7,4,1.5957975455671245e+20
R4,332,2324,1525478400,1526083200,7,7,4,1.6284291018551296e+20
R4,333,2331,1526083200,1526688000,7,7,4,1.5608327806492344e+20
R4,334,2338,1526688000,1527292800,7,7,4,1.6490065503674548e+20
R4,335,2345,1527292800,1527897600,7,7,4,1.6487336702137365e+20
R4,336,2352,1527897600,1528502400,7,7,4,1.6409446461690613e+20
R4,337,2359,1528502400,1529107200,7,7,4,1.5508496686839592e+20
R4,338,2366,1529107200,1529712000,7,7,4,1.5769299003506262e+20
R4,339,2373,1529712000,1530316800,7,7,4,1.5548160425591138e+20
R4,340,2380,1530316800,1530921600,7,7,4,1.6236698677436662e+20
R4,341,2387,1530921600,1531526400,7,7,4,1.573992384789746e+20
R4,342,2394,1531526400,1532131200,7,7,4,1.5548848139108834e+20
R4,343,2401,1532131200,1532736000,7,7,4,1.6311451460015702e+20
R4,344,2408,1532736000,1533340800,7,7,4,1.6307336157843872e+20
R4,345,2415,1533340800,1533945600,7,7,4,1.565151781823102e+20
R4,346,2422,1533945600,1534550400,7,7,4,1.525406588590295e+20
R4,347,2429,1534550400,1535155200,7,7,4,0.0
R4,348,2436,1535155200,1535760000,7,7,4,1.523923578237469e+20
R4,349,2443,1535760000,1536364800,7,7,4,1.52745232434348e+20
R4,350,2450,1536364800,1536969600,7,7,4,1.5832406787124963e+20
R4,351,2457,1536969600,1537574400,7,7,4,1.5925795195303507e+20
R4,352,2464,1537574400,1538179200,7,7,4,1.5960125931549475e+20
R4,353,2471,1538179200,1538784000,7,7,4,1.3836852387422406e+20
R4,354,2478,1538784000,1539388800,7,7,4,1.6112424426095785e+20
R4,355,2485,1539388800,1539993600,7,7,4,1.5983582629952035e+20
R4,356,2492,1539993600,1540598400,7,7,4,1.3395406970127606e+20
R4,357,2499,1540598400,1541203200,7,7,4,1.3683627010848082e+20
R4,358,2506,1541203200,1541808000,7,7,4,7.378084767830944e+19
R4,359,2513,1541808000,1542412800,7,7,4,5.7585905051660394e+19
R4,360,2520,1542412800,1543017600,7,7,4,1.608870023871105e+20
R4,361,2527,1543017600,1543622400,7,7,4,1.6076394106535222e+20
R4,362,2534,1543622400,1544227200,7,7,4,1.6062946218191287e+20
R4,363,2541,1544227200,1544832000,7,7,4,1.6075177015507327e+20
R4,364,2548,1544832000,1545436800,7,7,4,1.60485895242406e+20
R4,365,2555,1545436800,1546041600,7,7,4,1.6026609427041278e+20
R4,366,2562,1546041600,1546646400,7,7,4,1.600071060890384e+20
R4,367,2569,1546646400,1547251200,7,7,4,1.5986790028707e+20
R4,368,2576,1547251200,1547856000,7,7,4,1.5964666410544654e+20
R4,369,2583,1547856000,1548460800,7,7,4,1.5912301682218163e+20
R4,370,2590,1548460800,1549065600,7,7,4,9.58601170508622e+19
R4,371,2597,1549065600,1549670400,7,7,4,1603341370887462.2
R4,372,2604,1549670400,1550275200,7,7,4,4.587125628257042e+19
R4,373,2611,1550275200,1550880000,7,7,4,1.591789282471278e+20
R4,374,2618,1550880000,1551484800,7,7,4,1.505666923053167e+20
R4,375,2625,1551484800,1552089600,7,7,4,1.508121339051639e+20
R4,376,2632,1552089600,1552694400,7,7,4,1.551451988392432e+20
R4,377,2639,1552694400,1553299200,7,7,4,1.5869708980534945e+20
R4,378,2646,1553299200,1553904000,7,7,4,1.5862782611648014e+20
R4,379,2653,1553904000,1554508800,7,7,4,1.582229162196399e+20
R4,380,2660,1554508800,1555113600,7,7,4,1.574751485244013e+20
R4,381,2667,1555113600,1555718400,7,7,4,1.576576183671661e+20
R4,382,2674,1555718400,1556323200,7,7,4,1.1820157238380805e+20
R4,383,2681,1556323200,1556928000,7,7,4,0.0
R4,384,2688,1556928000,1557532800,7,7,4,0.0
R4,385,2695,1557532800,1558137600,7,7,4,0.0
R4,386,2702,1558137600,1558742400,7,7,4,0.0
R4,387,2709,1558742400,1559347200,7,7,4,1.4097813417511096e+18
R4,388,2716,1559347200,1559952000,7,7,4,1.2810010802984264e+20
R4,389,2723,1559952000,1560556800,7,7,4,1.6809557724485452e+20
R4,390,2730,1560556800,1561161600,7,7,4,1.677065585961711e+20
R4,391,2737,1561161600,1561766400,7,7,4,1.6754173703592156e+20
R4,392,2744,1561766400,1562371200,7,7,4,1.6749769788645622e+20
R4,393,2751,1562371200,1562976000,7,7,4,0.0
R4,394,2758,1562976000,1563580800,7,7,4,0.0
R4,395,2765,1563580800,1564185600,7,7,4,1.6649971088009288e+20
R4,396,2772,1564185600,1564790400,7,7,4,1.587014353794051e+20
R4,397,2779,1564790400,1565395200,7,7,4,1.5808977746143166e+20
R4,398,2786,1565395200,1566000000,7,7,4,1.5569803438969133e+20
R4,399,2793,1566000000,1566604800,7,7,4,1.5796529992849493e+20
R4,400,2800,1566604800,1567209600,7,7,4,1.642447199805031e+20
R4,401,2807,1567209600,1567814400,7,7,4,1.573917213711562e+20
R4,402,2814,1567814400,1568419200,7,7,4,1.6215013101358665e+20
R4,403,2821,1568419200,1569024000,7,7,4,1.4992543960697668e+20
R4,404,2828,1569024000,1569628800,7,7,4,1.4608256957027977e+20
R4,405,2835,1569628800,1570233600,7,7,4,1.488551820741544e+20
R4,406,2842,1570233600,1570838400,7,7,4,1.6333492422546974e+20
R4,407,2849,1570838400,1571443200,7,7,4,1.5412002960314266e+20
R4,408,2856,1571443200,1572048000,7,7,4,1.3770950215118429e+20
R4,409,2863,1572048000,1572652800,7,7,4,1.555582781226037e+20
R4,410,2870,1572652800,1573257600,7,7,4,1.6399725400737176e+20
R4,411,2877,1573257600,1573862400,7,7,4,1.6369824947193378e+20
R4,412,2884,1573862400,1574467200,7,7,4,1.6351811417637978e+20
R4,413,2891,1574467200,1575072000,7,7,4,1.5722008152692448e+20
R4,414,2898,1575072000,1575676800,7,7,4,1.5661457580560836e+20
R4,415,2905,1575676800,1576281600,7,7,4,1.6309702230180246e+20
R4,416,2912,1576281600,1576886400,7,7,4,1.6299026040636975e+20
R4,417,2919,1576886400,1577491200,7,7,4,1.628713302866728e+20
R4,418,2926,1577491200,1578096000,7,7,4,1.597443905876256e+20
R4,419,2933,1578096000,1578700800,7,7,4,1.6256469167099773e+20
R4,420,2940,1578700800,1579305600,7,7,4,1.5639406919549115e+20
R4,421,2947,1579305600,1579910400,7,7,4,1.3424284477176868e+20
R4,422,2954,1579910400,1580515200,7,7,4,1.3371331140352378e+20
R4,423,2961,1580515200,1581120000,7,7,4,1.3352820898820235e+20
R4,424,2968,1581120000,1581724800,7,7,4,1.3374876326127405e+20
R4,425,2975,1581724800,1582329600,7,7,4,6.883871788365627e+19
R4,426,2982,1582329600,1582934400,7,7,4,6.02583259883611e+19
R4,427,2989,1582934400,1583539200,7,7,4,1.615372850754169e+20
R4,428,2996,1583539200,1584144000,7,7,4,1.61451369022014e+20
R4,429,3003,1584144000,1584748800,7,7,4,1.552803699807713e+20
R4,430,3010,1584748800,1585353600,7,7,4,1.3381085469516918e+20
R4,431,3017,1585353600,1585958400,7,7,4,1.5247291901349934e+20
R4,432,3024,1585958400,1586563200,7,7,4,1.492685547810614e+20
R4,433,3031,1586563200,1587168000,7,7,4,1.6068887660847943e+20
R4,434,3038,1587168000,1587772800,7,7,4,1.607678615382209e+20
R4,435,3045,1587772800,1588377600,7,7,4,1.556154947913544e+20
R4,436,3052,1588377600,1588982400,7,7,4,1.6046007935580973e+20
R4,437,3059,1588982400,1589587200,7,7,4,1.6034763202239975e+20
R4,438,3066,1589587200,1590192000,7,7,4,1.6040277461674335e+20
R4,439,3073,1590192000,1590796800,7,7,4,1.602621885941292e+20
R4,440,3080,1590796800,1591401600,7,7,4,0.0
R4,441,3087,1591401600,1592006400,7,7,4,1.5956088818240507e+20
R4,442,3094,1592006400,1592611200,7,7,4,1.5974874157700517e+20
R4,443,3101,1592611200,1593216000,7,7,4,1.5271089621862803e+20
R4,444,3108,1593216000,1593820800,7,7,4,1.593348200260474e+20
R4,445,3115,1593820800,1594425600,7,7,4,1.5890850042912627e+20
R4,446,3122,1594425600,1595030400,7,7,4,1.5931329208845736e+20
R4,447,3129,1595030400,1595635200,7,7,4,1.592457559324068e+20
R4,448,3136,1595635200,1596240000,7,7,4,1.588338174062773e+20
R4,449,3143,1596240000,1596844800,7,7,4,1.5861991772544585e+20
R4,450,3150,1596844800,1597449600,7,7,4,1.589260647161459e+20
R4,451,3157,1597449600,1598054400,7,7,4,1.540671483821677e+20
R4,452,3164,1598054400,1598659200,7,7,4,1.5826147522850963e+20
R4,453,3171,1598659200,1599264000,7,7,4,1.583760669219027e+20
R4,454,3178,1599264000,1599868800,7,7,4,1.5813359544138426e+20
R4,455,3185,1599868800,1600473600,7,7,4,1.584387228196295e+20
R4,456,3192,1600473600,1601078400,7,7,4,1.579702048033442e+20
R4,457,3199,1601078400,1601683200,7,7,4,6.582995774628139e+19
R4,458,3206,1601683200,1602288000,7,7,4,0.0
R4,459,3213,1602288000,1602892800,7,7,4,0.0
R4,460,3220,1602892800,1603497600,7,7,4,0.0
R4,461,3227,1603497600,1604102400,7,7,4,0.0
R4,462,3234,1604102400,1604707200,7,7,4,3.181932345622786e+19
R4,463,3241,1604707200,1605312000,7,7,4,1.3887947370830845e+20
R4,464,3248,1605312000,1605916800,7,7,4,1.6668769538885773e+20
R4,465,3255,1605916800,1606521600,7,7,4,1.6675489517240248e+20
R4,466,3262,1606521600,1607126400,7,7,4,1.6645194059583265e+20
R4,467,3269,1607126400,1607731200,7,7,4,1.6604405306693036e+20
R4,468,3276,1607731200,1608336000,7,7,4,1.657263509040956e+20
R5,0,0,1324684800,1325289600,7,6,1,1.62732798836079e+20
R5,1,7,1325289600,1325894400,7,6,1,1.6214975528596616e+20
R5,2,14,1325894400,1326499200,7,6,1,1.6234745981954877e+20
R5,3,21,1326499200,1327104000,7,6,1,1.5962537578611334e+20
R5,4,28,1327104000,1327708800,7,6,1,1.3453157760984864e+20
R5,5,35,1327708800,1328313600,7,6,1,1.608519579476752e+20
R5,6,42,1328313600,1328918400,7,6,1,1.6139013816423544e+20
R5,7,49,1328918400,1329523200,7,6,1,1.6107440712345538e+20
R5,8,56,1329523200,1330128000,7,6,1,1.608241748677316e+20
R5,9,63,1330128000,1330732800,7,6,1,1.6061828871806176e+20
R5,10,70,1330732800,1331337600,7,6,1,1.6047900364640295e+20
R5,11,77,1331337600,1331942400,7,6,1,1.602648629125092e+20
R5,12,84,1331942400,1332547200,7,6,1,1.6004473612325418e+20
R5,13,91,1332547200,1333152000,7,6,1,1.5993309393403917e+20
R5,14,98,1333152000,1333756800,7,6,1,1.5309381866119902e+20
R5,15,105,1333756800,1334361600,7,6,1,1.592424577164127e+20
R5,16,112,1334361600,1334966400,7,6,1,1.5972851925530418e+20
R5,17,119,1334966400,1335571200,7,6,1,1.598205843606448e+20
R5,18,126,1335571200,1336176000,7,6,1,1.5395254548688565e+20
R5,19,133,1336176000,1336780800,7,6,1,1.602374576887949e+20
R5,20,140,1336780800,1337385600,7,6,1,1.6020462240476853e+20
R5,21,147,1337385600,1337990400,7,6,1,1.5999436241810345e+20
R5,22,154,1337990400,1338595200,7,6,1,1.5983531956347784e+20
R5,23,161,1338595200,1339200000,7,6,1,1.5964135603551355e+20
R5,24,168,1339200000,1339804800,7,6,1,1.594783855053155e+20
R5,25,175,1339804800,1340409600,7,6,1,1.4861430072969255e+20
R5,26,182,1340409600,1341014400,7,6,1,1.502338847457289e+20
R5,27,189,1341014400,1341619200,7,6,1,1.588412599707442e+20
R5,28,196,1341619200,1342224000,7,6,1,1.5819485914971796e+20
R5,29,203,1342224000,1342828800,7,6,1,1.581707570345689e+20
R5,30,210,1342828800,1343433600,7,6,1,1.571220406106636e+20
R5,31,217,1343433600,1344038400,7,6,1,1.5648404421349068e+20
R5,32,224,1344038400,1344643200,7,0,0,0.0
R5,33,231,1344643200,1345248000,7,0,0,0.0
R5,34,238,1345248000,1345852800,7,0,0,0.0
R5,35,245,1345852800,1346457600,7,0,0,0.0
R5,36,252,1346457600,1347062400,7,0,0,0.0
R5,37,259,1347062400,1347667200,7,0,0,0.0
R5,38,266,1347667200,1348272000,7,0,0,0.0
R5,39,273,1348272000,1348876800,7,0,0,0.0
R5,40,280,1348876800,1349481600,7,0,0,0.0
R5,41,287,1349481600,1350086400,7,0,0,0.0
R5,42,294,1350086400,1350691200,7,8,2,1.6392394393414337e+20
R5,43,301,1350691200,1351296000,7,8,2,1.6354725301850073e+20
R5,44,308,1351296000,1351900800,7,8,2,1.5810146963067516e+20
R5,45,315,1351900800,1352505600,7,8,2,1.2917410106715482e+20
R5,46,322,1352505600,1353110400,7,8,2,1.3422407923310173e+20
R5,47,329,1353110400,1353715200,7,8,2,1.6220753280400864e+20
R5,48,336,1353715200,1354320000,7,8,2,1.6211970442152647e+20
R5,49,343,1354320000,1354924800,7,8,2,1.618247082659225e+20
R5,50,350,1354924800,1355529600,7,8,2,1.6147867169120364e+20
R5,51,357,1355529600,1356134400,7,8,2,1.4703996912970606e+20
R5,52,364,1356134400,1356739200,7,8,2,1.5658946323442942e+20
R5,53,371,1356739200,1357344000,7,8,2,1.6116198921576206e+20
R5,54,378,1357344000,1357948800,7,8,2,1.6010469012066995e+20
R5,55,385,1357948800,1358553600,7,8,2,1.6018843460092694e+20
R5,56,392,1358553600,1359158400,7,8,2,1.600164529332025e+20
R5,57,399,1359158400,1359763200,7,8,2,1.598660506236697e+20
R5,58,406,1359763200,1360368000,7,8,2,1.5384875273374977e+20
R5,59,413,1360368000,1360972800,7,8,2,1.2600192608297568e+20
R5,60,420,1360972800,1361577600,7,8,2,1.545148437251471e+20
R5,61,427,1361577600,1362182400,7,8,2,1.590163985237496e+20
R5,62,434,1362182400,1362787200,7,8,2,1.592381680655323e+20
R5,63,441,1362787200,1363392000,7,8,2,1.5904567677305327e+20
R5,64,448,1363392000,1363996800,7,8,2,1.5901313572485628e+20
R5,65,455,1363996800,1364601600,7,8,2,1.587237237720636e+20
R5,66,462,1364601600,1365206400,7,8,2,1.5855792051484574e+20
R5,67,469,1365206400,1365811200,7,8,2,1.5861943013297075e+20
R5,68,476,1365811200,1366416000,7,8,2,1.5842124852524024e+20
R5,69,483,1366416000,1367020800,7,8,2,1.5821431129416453e+20
R5,70,490,1367020800,1367625600,7,8,2,6.373678517005995e+19
R5,71,497,1367625600,1368230400,7,8,2,0.0
R5,72,504,1368230400,1368835200,7,8,2,0.0
R5,73,511,1368835200,1369440000,7,8,2,0.0
R5,74,518,1369440000,1370044800,7,8,2,8.791730799865668e+18
R5,75,525,1370044800,1370649600,7,8,2,1.279087109585494e+20
R5,76,532,1370649600,1371254400,7,8,2,1.558590099823239e+20
R5,77,539,1371254400,1371859200,7,8,2,1.654118199129242e+20
R5,78,546,1371859200,1372464000,7,8,2,1.6522351063805267e+20
R5,79,553,1372464000,1373068800,7,8,2,1.6516279479121084e+20
R5,80,560,1373068800,1373673600,7,8,2,1.6479462202016216e+20
R5,81,567,1373673600,1374278400,7,8,2,1.641417135492195e+20
R5,82,574,1374278400,1374883200,7,8,2,1.6423588328060387e+20
R5,83,581,1374883200,1375488000,7,8,2,1.639425112403208e+20
R5,84,588,1375488000,1376092800,7,8,2,1.6349590618268546e+20
R5,85,595,1376092800,1376697600,7,8,2,1.481550561117906e+20
R5,86,602,1376697600,1377302400,7,8,2,1.5376495926739196e+20
R5,87,609,1377302400,1377907200,7,8,2,1.6289862402140688e+20
R5,88,616,1377907200,1378512000,7,8,2,1.623462295491936e+20
R5,89,623,1378512000,1379116800,7,8,2,1.6250032486422967e+20
R5,90,630,1379116800,1379721600,7,8,2,1.5265543243822164e+20
R5,91,637,1379721600,1380326400,7,8,2,1.4735011673469572e+20
R5,92,644,1380326400,1380931200,7,8,2,1.4138904413099177e+20
R5,93,651,1380931200,1381536000,7,8,2,1.613609453187304e+20
R5,94,658,1381536000,1382140800,7,8,2,1.615797072572219e+20
R5,95,665,1382140800,1382745600,7,8,2,1.6134468700674484e+20
R5,96,672,1382745600,1383350400,7,8,2,1.6105751664891747e+20
R5,97,679,1383350400,1383955200,7,8,2,1.607691649619304e+20
R5,98,686,1383955200,1384560000,7,8,2,1.606529721850285e+20
R5,99,693,1384560000,1385164800,7,8,2,1.6032165476247467e+20
R5,100,700,1385164800,1385769600,7,8,2,1.600365962615548e+20
R5,101,707,1385769600,1386374400,7,8,2,1.6023940312805582e+20
R5,102,714,1386374400,1386979200,7,8,2,1.600810211181439e+20
R5,103,721,1386979200,1387584000,7,8,2,1.594190309563789e+20
R5,104,728,1387584000,1388188800,7,8,2,1.594883876261662e+20
R5,105,735,1388188800,1388793600,7,8,2,1.5840205513262452e+20
R5,106,742,1388793600,1389398400,7,8,2,1.5916335463676667e+20
R5,107,749,1389398400,1390003200,7,8,2,1.5923742391170495e+20
R5,108,756,1390003200,1390608000,7,8,2,1.5889547215093095e+20
R5,109,763,1390608000,1391212800,7,8,2,1.5877130950672574e+20
R5,110,770,1391212800,1391817600,7,8,2,1.5880336638493802e+20
R5,111,777,1391817600,1392422400,7,8,2,1.585048718306229e+20
R5,112,784,1392422400,1393027200,7,8,2,1.5794597230010758e+20
R5,113,791,1393027200,1393632000,7,8,2,1.579045404226183e+20
R5,114,798,1393632000,1394236800,7,8,2,1.5793513550477948e+20
R5,115,805,1394236800,1394841600,7,8,2,1.577971188123032e+20
R5,116,812,1394841600,1395446400,7,8,2,1.3188547663891094e+20
R5,117,819,1395446400,1396051200,7,8,2,0.0
R5,118,826,1396051200,1396656000,7,8,2,0.0
R5,119,833,1396656000,1397260800,7,8,2,0.0
R5,120,840,1397260800,1397865600,7,8,2,1.7852401423447388e+18
R5,121,847,1397865600,1398470400,7,8,2,1.2142842586603348e+20
R5,122,854,1398470400,1399075200,7,8,2,1.654109483087925e+20
R5,123,861,1399075200,1399680000,7,8,2,1.6521301239619938e+20
R5,124,868,1399680000,1400284800,7,8,2,1.6495986969638866e+20
R5,125,875,1400284800,1400889600,7,8,2,1.641755224548237e+20
R5,126,882,1400889600,1401494400,7,8,2,1.6431709384203724e+20
R5,127,889,1401494400,1402099200,7,8,2,1.576284005376165e+20
R5,128,896,1402099200,1402704000,7,8,2,1.6368973477808885e+20
R5,129,903,1402704000,1403308800,7,8,2,1.6361126852524304e+20
R5,130,910,1403308800,1403913600,7,8,2,1.6344842070637825e+20
R5,131,917,1403913600,1404518400,7,8,2,1.63074298461984e+20
R5,132,924,1404518400,1405123200,7,8,2,1.6264195321238618e+20
R5,133,931,1405123200,1405728000,7,8,2,1.589140372664264e+20
R5,134,938,1405728000,1406332800,7,8,2,1.5241274315753134e+20
R5,135,945,1406332800,1406937600,7,8,2,1.6210865928392727e+20
R5,136,952,1406937600,1407542400,7,8,2,1.6183243391215616e+20
R5,137,959,1407542400,1408147200,7,8,2,1.616285094106617e+20
R5,138,966,1408147200,1408752000,7,8,2,1.520448519385432e+20
R5,139,973,1408752000,1409356800,7,8,2,1.4888370028784897e+20
R5,140,980,1409356800,1409961600,7,8,2,1.592834766079397e+20
R5,141,987,1409961600,1410566400,7,8,2,1.4746711529943536e+20
R5,142,994,1410566400,1411171200,7,8,2,1.6075463194834744e+20
R5,143,1001,1411171200,1411776000,7,8,2,1.60184733952736e+20
R5,144,1008,1411776000,1412380800,7,8,2,1.4557795871237358e+20
R5,145,1015,1412380800,1412985600,7,8,2,1.4221804393614156e+20
R5,146,1022,1412985600,1413590400,7,8,2,1.6021871638952742e+20
R5,147,1029,1413590400,1414195200,7,8,2,1.598049341806679e+20
R5,148,1036,1414195200,1414800000,7,8,2,1.5906431895304815e+20
R5,149,1043,1414800000,1415404800,7,8,2,1.5974325425775277e+20
R5,150,1050,1415404800,1416009600,7,8,2,1.5959032463948834e+20
R5,151,1057,1416009600,1416614400,7,8,2,1.5905206051624056e+20
R5,152,1064,1416614400,1417219200,7,8,2,1.5911295282938672e+20
R5,153,1071,1417219200,1417824000,7,8,2,1.5669524759662e+20
R5,154,1078,1417824000,1418428800,7,8,2,1.584938985823327e+20
R5,155,1085,1418428800,1419033600,7,8,2,1.5838008970335093e+20
R5,156,1092,1419033600,1419638400,7,8,2,1.0880054724732548e+20
R5,157,1099,1419638400,1420243200,7,8,2,0.0
R5,158,1106,1420243200,1420848000,7,8,2,0.0
R5,159,1113,1420848000,1421452800,7,8,2,0.0
R5,160,1120,1421452800,1422057600,7,8,2,0.0
R5,161,1127,1422057600,1422662400,7,8,2,1.587523805126697e+18
R5,162,1134,1422662400,1423267200,7,8,2,1.037087173686774e+20
R5,163,1141,1423267200,1423872000,7,8,2,1.5189235904765552e+20
R5,164,1148,1423872000,1424476800,7,8,2,1.4485221358792157e+20
R5,165,1155,1424476800,1425081600,7,8,2,1.3997403778593972e+20
R5,166,1162,1425081600,1425686400,7,8,2,1.6535698753547344e+20
R5,167,1169,1425686400,1426291200,7,8,2,1.6515355458840576e+20
R5,168,1176,1426291200,1426896000,7,8,2,1.6494334695686688e+20
R5,169,1183,1426896000,1427500800,7,8,2,1.6476028083655354e+20
R5,170,1190,1427500800,1428105600,7,8,2,1.5790966641008214e+20
R5,171,1197,1428105600,1428710400,7,8,2,1.2037921714106706e+20
R5,172,1204,1428710400,1429315200,7,8,2,1.6421782355681332e+20
R5,173,1211,1429315200,1429920000,7,8,2,1.6396924173527414e+20
R5,174,1218,1429920000,1430524800,7,8,2,1.594497758410649e+20
R5,175,1225,1430524800,1431129600,7,8,2,1.629913625787471e+20
R5,176,1232,1431129600,1431734400,7,8,2,1.632644843050259e+20
R5,177,1239,1431734400,1432339200,7,8,2,1.628688721530773e+20
R5,178,1246,1432339200,1432944000,7,8,2,1.6293280465444084e+20
R5,179,1253,1432944000,1433548800,7,8,2,1.626690067037853e+20
R5,180,1260,1433548800,1434153600,7,8,2,1.624052617507652e+20
R5,181,1267,1434153600,1434758400,7,8,2,1.6223168674325882e+20
R5,182,1274,1434758400,1435363200,7,8,2,1.6176765734618104e+20
R5,183,1281,1435363200,1435968000,7,8,2,1.618152830120023e+20
R5,184,1288,1435968000,1436572800,7,8,2,1.6168290838441276e+20
R5,185,1295,1436572800,1437177600,7,8,2,1.616344810503097e+20
R5,186,1302,1437177600,1437782400,7,8,2,1.614172261522336e+20
R5,187,1309,1437782400,1438387200,7,8,2,1.6136089263570223e+20
R5,188,1316,1438387200,1438992000,7,8,2,0.0
R5,189,1323,1438992000,1439596800,7,8,2,1.6079757662329097e+20
R5,190,1330,1439596800,1440201600,7,8,2,1.6079549624395117e+20
R5,191,1337,1440201600,1440806400,7,8,2,1.6047097985572857e+20
R5,192,1344,1440806400,1441411200,7,8,2,1.5728012135868678e+20
R5,193,1351,1441411200,1442016000,7,8,2,1.6026476086488262e+20
R5,194,1358,1442016000,1442620800,7,8,2,1.6014949011105772e+20
R5,195,1365,1442620800,1443225600,7,8,2,1.5969515149313275e+20
R5,196,1372,1443225600,1443830400,7,8,2,1.4391310167414273e+20
R5,197,1379,1443830400,1444435200,7,8,2,1.4596363999462983e+20
R5,198,1386,1444435200,1445040000,7,8,2,1.5952391312977828e+20
R5,199,1393,1445040000,1445644800,7,8,2,1.594150899009622e+20
R5,200,1400,1445644800,1446249600,7,8,2,1.5933507656934208e+20
R5,201,1407,1446249600,1446854400,7,8,2,1.590819972910967e+20
R5,202,1414,1446854400,1447459200,7,8,2,1.588887880461788e+20
R5,203,1421,1447459200,1448064000,7,8,2,1.5888492845093487e+20
R5,204,1428,1448064000,1448668800,7,8,2,1.5864949645399638e+20
R5,205,1435,1448668800,1449273600,7,8,2,1.585961916651155e+20
R5,206,1442,1449273600,1449878400,7,8,2,1.578062197906635e+20
R5,207,1449,1449878400,1450483200,7,8,2,1.5817255588544456e+20
R5,208,1456,1450483200,1451088000,7,8,2,1.582231532708581e+20
R5,209,1463,1451088000,1451692800,7,8,2,1.5782017384920537e+20
R5,210,1470,1451692800,1452297600,7,8,2,1.58027686903963e+20
R5,211,1477,1452297600,1452902400,7,8,2,1.5596451067110457e+20
R5,212,1484,1452902400,1453507200,7,8,2,1.5785218692168086e+20
R5,213,1491,1453507200,1454112000,7,8,2,1.4327957003399796e+20
R5,214,1498,1454112000,1454716800,7,8,2,0.0
R5,215,1505,1454716800,1455321600,7,8,2,0.0
R5,216,1512,1455321600,1455926400,7,8,2,0.0
R5,217,1519,1455926400,1456531200,7,8,2,3.2565037693381647e+18
R5,218,1526,1456531200,1457136000,7,8,2,1.1170618468600608e+20
R5,219,1533,1457136000,1457740800,7,8,2,1.6672365241726232e+20
R5,220,1540,1457740800,1458345600,7,8,2,1.6610197631020407e+20
R5,221,1547,1458345600,1458950400,7,8,2,1.6617406594000326e+20
R5,222,1554,1458950400,1459555200,7,8,2,1.6529030556127166e+20
R5,223,1561,1459555200,1460160000,7,8,2,1.486022242653568e+20
R5,224,1568,1460160000,1460764800,7,8,2,1.6520488109648124e+20
R5,225,1575,1460764800,1461369600,7,8,2,1.6514968699388477e+20
R5,226,1582,1461369600,1461974400,7,8,2,1.6501337063098886e+20
R5,227,1589,1461974400,1462579200,7,8,2,1.518271844129608e+20
R5,228,1596,1462579200,1463184000,7,8,2,1.645328398131179e+20
R5,229,1603,1463184000,1463788800,7,8,2,1.6422478071142062e+20
R5,230,1610,1463788800,1464393600,7,8,2,1.6407151397809924e+20
R5,231,1617,1464393600,1464998400,7,8,2,1.6369487988738304e+20
R5,232,1624,1464998400,1465603200,7,8,2,1.5327102945405338e+20
R5,233,1631,1465603200,1466208000,7,8,2,1.6341135608751882e+20
R5,234,1638,1466208000,1466812800,7,8,2,1.632560501308481e+20
R5,235,1645,1466812800,1467417600,7,8,2,1.62942631840844e+20
R5,236,1652,1467417600,1468022400,7,8,2,1.6272378412125933e+20
R5,237,1659,1468022400,1468627200,7,8,2,1.626418632779972e+20
R5,238,1666,1468627200,1469232000,7,8,2,1.6235989736076254e+20
R5,239,1673,1469232000,1469836800,7,8,2,1.6220707377382965e+20
R5,240,1680,1469836800,1470441600,7,8,2,1.5154232665788754e+20
R5,241,1687,1470441600,1471046400,7,8,2,1.6200523711162283e+20
R5,242,1694,1471046400,1471651200,7,8,2,1.6189375950603846e+20
R5,243,1701,1471651200,1472256000,7,8,2,1.6165473275547963e+20
R5,244,1708,1472256000,1472860800,7,8,2,1.614404105991291e+20
R5,245,1715,1472860800,1473465600,7,8,2,1.613803458832188e+20
R5,246,1722,1473465600,1474070400,7,8,2,1.37136567486743e+20
R5,247,1729,1474070400,1474675200,7,8,2,1.6105287724970102e+20
R5,248,1736,1474675200,1475280000,7,8,2,1.4889680112550766e+20
R5,249,1743,1475280000,1475884800,7,8,2,1.100463155531497e+20
R5,250,1750,1475884800,1476489600,7,8,2,1.6057991894426216e+20
R5,251,1757,1476489600,1477094400,7,8,2,1.403024785495475e+20
R5,252,1764,1477094400,1477699200,7,8,2,1.5370027659681392e+20
R5,253,1771,1477699200,1478304000,7,8,2,1.5993670413296946e+20
R5,254,1778,1478304000,1478908800,7,8,2,1.594970680038777e+20
R5,255,1785,1478908800,1479513600,7,8,2,1.5952818094830584e+20
R5,256,1792,1479513600,1480118400,7,8,2,1.591637658790172e+20
R5,257,1799,1480118400,1480723200,7,8,2,1.5936596408928043e+20
R5,258,1806,1480723200,1481328000,7,8,2,1.5920792607738285e+20
R5,259,1813,1481328000,1481932800,7,8,2,1.5890209582816382e+20
R5,260,1820,1481932800,1482537600,7,8,2,1.5900683196804186e+20
R5,261,1827,1482537600,1483142400,7,0,0,0.0
R5,262,1834,1483142400,1483747200,7,0,0,0.0
R5,263,1841,1483747200,1484352000,7,0,0,0.0
R5,264,1848,1484352000,1484956800,7,0,0,0.0
R5,265,1855,1484956800,1485561600,7,7,4,0.0
R5,266,1862,1485561600,1486166400,7,7,4,1.328549717339192e+20
R5,267,1869,1486166400,1486771200,7,7,4,1.582782074835522e+20
R5,268,1876,1486771200,1487376000,7,7,4,1.578557720706988e+20
R5,269,1883,1487376000,1487980800,7,7,4,1.5783497580507654e+20
R5,270,1890,1487980800,1488585600,7,7,4,1.5816918898938374e+20
R5,271,1897,1488585600,1489190400,7,7,4,1.5772232379611428e+20
R5,272,1904,1489190400,1489795200,7,7,4,1.579088922105074e+20
R5,273,1911,1489795200,1490400000,7,7,4,1.5749381446227195e+20
R5,274,1918,1490400000,1491004800,7,7,4,1.5715693155012493e+20
R5,275,1925,1491004800,1491609600,7,7,4,1.9451663247655776e+19
R5,276,1932,1491609600,1492214400,7,7,4,0.0
R5,277,1939,1492214400,1492819200,7,7,4,0.0
R5,278,1946,1492819200,1493424000,7,7,4,0.0
R5,279,1953,1493424000,1494028800,7,7,4,0.0
R5,280,1960,1494028800,1494633600,7,7,4,0.0
R5,281,1967,1494633600,1495238400,7,7,4,3.0863856487019487e+19
R5,282,1974,1495238400,1495843200,7,7,4,1.6370493243291097e+20
R5,283,1981,1495843200,1496448000,7,7,4,1.5156572391169796e+20
R5,284,1988,1496448000,1497052800,7,7,4,1.678439002603799e+20
R5,285,1995,1497052800,1497657600,7,7,4,1.6732788069775045e+20
R5,286,2002,1497657600,1498262400,7,7,4,1.6704004853137664e+20
R5,287,2009,1498262400,1498867200,7,7,4,1.6682293067536217e+20
R5,288,2016,1498867200,1499472000,7,7,4,1.6651170545992545e+20
R5,289,2023,1499472000,1500076800,7,7,4,1.6622366897947587e+20
R5,290,2030,1500076800,1500681600,7,7,4,1.5168715884126867e+20
R5,291,2037,1500681600,1501286400,7,7,4,1.5160075078002567e+20
R5,292,2044,1501286400,1501891200,7,7,4,1.6379041370580628e+20
R5,293,2051,1501891200,1502496000,7,7,4,1.5617405963638558e+20
R5,294,2058,1502496000,1503100800,7,7,4,1.652300472477936e+20
R5,295,2065,1503100800,1503705600,7,7,4,1.6477917911995905e+20
R5,296,2072,1503705600,1504310400,7,7,4,1.4075174089799469e+20
R5,297,2079,1504310400,1504915200,7,7,4,1.582533639240087e+20
R5,298,2086,1504915200,1505520000,7,7,4,1.6448594510966738e+20
R5,299,2093,1505520000,1506124800,7,7,4,1.640477261797353e+20
R5,300,2100,1506124800,1506729600,7,7,4,1.6388440847300615e+20
R5,301,2107,1506729600,1507334400,7,7,4,1.4267493004194347e+20
R5,302,2114,1507334400,1507939200,7,7,4,1.6069080559915237e+20
R5,303,2121,1507939200,1508544000,7,7,4,1.396725962204154e+20
R5,304,2128,1508544000,1509148800,7,7,4,1.631369645079333e+20
R5,305,2135,1509148800,1509753600,7,7,4,1.6315181182893244e+20
R5,306,2142,1509753600,1510358400,7,7,4,1.6304201343598982e+20
R5,307,2149,1510358400,1510963200,7,7,4,1.6273138916798287e+20
R5,308,2156,1510963200,1511568000,7,7,4,1.6214409564172462e+20
R5,309,2163,1511568000,1512172800,7,7,4,1.6240306248895477e+20
R5,310,2170,1512172800,1512777600,7,7,4,1.6222716254121345e+20
R5,311,2177,1512777600,1513382400,7,7,4,1.6165833871652202e+20
R5,312,2184,1513382400,1513987200,7,7,4,1.6139836125042613e+20
R5,313,2191,1513987200,1514592000,7,7,4,1.592190968389205e+20
R5,314,2198,1514592000,1515196800,7,7,4,0.0
R5,315,2205,1515196800,1515801600,7,7,4,1.6143890645388024e+20
R5,316,2212,1515801600,1516406400,7,7,4,1.6151689519752852e+20
R5,317,2219,1516406400,1517011200,7,7,4,1.6135374421242682e+20
R5,318,2226,1517011200,1517616000,7,7,4,1.6132695016795528e+20
R5,319,2233,1517616000,1518220800,7,7,4,1.6123939367616302e+20
R5,320,2240,1518220800,1518825600,7,7,4,1.4259554540094572e+20
R5,321,2247,1518825600,1519430400,7,7,4,1.264205013806518e+20
R5,322,2254,1519430400,1520035200,7,7,4,1.609984135573231e+20
R5,323,2261,1520035200,1520640000,7,7,4,1.6091465431942634e+20
R5,324,2268,1520640000,1521244800,7,7,4,1.536080672294087e+20
R5,325,2275,1521244800,1521849600,7,7,4,1.6069545360737423e+20
R5,326,2282,1521849600,1522454400,7,7,4,1.607360321101036e+20
R5,327,2289,1522454400,1523059200,7,7,4,1.5436085594003453e+20
R5,328,2296,1523059200,1523664000,7,7,4,1.6055159857820425e+20
R5,329,2303,1523664000,1524268800,7,7,4,1.6028718640912617e+20
R5,330,2310,1524268800,1524873600,7,7,4,1.600967370886137e+20
R5,331,2317,1524873600,1525478400,7,7,4,1.532823119083621e+20
R5,332,2324,1525478400,1526083200,7,7,4,1.598058035659802e+20
R5,333,2331,1526083200,1526688000,7,7,4,1.5985296838943257e+20
R5,334,2338,1526688000,1527292800,7,7,4,1.5946183091641896e+20
R5,335,2345,1527292800,1527897600,7,7,4,1.592929292833758e+20
R5,336,2352,1527897600,1528502400,7,7,4,1.5948711242864008e+20
R5,337,2359,1528502400,1529107200,7,7,4,1.5935368625204665e+20
R5,338,2366,1529107200,1529712000,7,7,4,1.5945952539071408e+20
R5,339,2373,1529712000,1530316800,7,7,4,1.5920986964603296e+20
R5,340,2380,1530316800,1530921600,7,7,4,1.5895801472043083e+20
R5,341,2387,1530921600,1531526400,7,7,4,1.5909254875025166e+20
R5,342,2394,1531526400,1532131200,7,7,4,1.5896050773210202e+20
R5,343,2401,1532131200,1532736000,7,7,4,1.589236373122476e+20
R5,344,2408,1532736000,1533340800,7,7,4,1.5870052554392866e+20
R5,345,2415,1533340800,1533945600,7,7,4,1.5857245918731308e+20
R5,346,2422,1533945600,1534550400,7,7,4,1.586518075150764e+20
R5,347,2429,1534550400,1535155200,7,7,4,0.0
R5,348,2436,1535155200,1535760000,7,7,4,1.582125872595921e+20
R5,349,2443,1535760000,1536364800,7,7,4,1.5833471479362932e+20
R5,350,2450,1536364800,1536969600,7,7,4,1.5822035212672913e+20
R5,351,2457,1536969600,1537574400,7,7,4,1.5774520400105787e+20
R5,352,2464,1537574400,1538179200,7,7,4,1.2117862578444508e+20
R5,353,2471,1538179200,1538784000,7,7,4,0.0
R5,354,2478,1538784000,1539388800,7,7,4,0.0
R5,355,2485,1539388800,1539993600,7,7,4,0.0
R5,356,2492,1539993600,1540598400,7,7,4,0.0
R5,357,2499,1540598400,1541203200,7,7,4,3.0050687143907776e+17
R5,358,2506,1541203200,1541808000,7,7,4,1.0971858383822802e+20
R5,359,2513,1541808000,1542412800,7,7,4,1.6709678503093115e+20
R5,360,2520,1542412800,1543017600,7,7,4,1.670794995608754e+20
R5,361,2527,1543017600,1543622400,7,7,4,1.6630223978821793e+20
R5,362,2534,1543622400,1544227200,7,7,4,1.6649233769323558e+20
R5,363,2541,1544227200,1544832000,7,7,4,1.6614144762306665e+20
R5,364,2548,1544832000,1545436800,7,7,4,1.6604010081370803e+20
R5,365,2555,1545436800,1546041600,7,7,4,1.657070411213395e+20
R5,366,2562,1546041600,1546646400,7,7,4,1.65375407628537e+20
R5,367,2569,1546646400,1547251200,7,7,4,1.6519689624717017e+20
R5,368,2576,1547251200,1547856000,7,7,4,1.647997974855939e+20
R5,369,2583,1547856000,1548460800,7,7,4,1.6470744749986985e+20
R5,370,2590,1548460800,1549065600,7,7,4,1.4190015539002027e+20
R5,371,2597,1549065600,1549670400,7,7,4,1.2989109361077572e+20
R5,372,2604,1549670400,1550275200,7,7,4,1.2978480114588896e+20
R5,373,2611,1550275200,1550880000,7,7,4,1.5366845396388138e+20
R5,374,2618,1550880000,1551484800,7,7,4,1.2906915492015528e+20
R5,375,2625,1551484800,1552089600,7,7,4,1.2904878585280632e+20
R5,376,2632,1552089600,1552694400,7,7,4,1.4671895845506173e+20
R5,377,2639,1552694400,1553299200,7,7,4,1.4367253085186648e+20
R5,378,2646,1553299200,1553904000,7,7,4,1.6332427113020028e+20
R5,379,2653,1553904000,1554508800,7,7,4,1.6204847827365154e+20
R5,380,2660,1554508800,1555113600,7,7,4,1.6290147027182875e+20
R5,381,2667,1555113600,1555718400,7,7,4,1.6290309968456853e+20
R5,382,2674,1555718400,1556323200,7,7,4,1.620182601005122e+20
R5,383,2681,1556323200,1556928000,7,7,4,1.3108307399743829e+20
R5,384,2688,1556928000,1557532800,7,7,4,1.2951867889849446e+20
R5,385,2695,1557532800,1558137600,7,7,4,1.2952699081010926e+20
R5,386,2702,1558137600,1558742400,7,7,4,1.2957021680668448e+20
R5,387,2709,1558742400,1559347200,7,7,4,1.5161225969904573e+20
R5,388,2716,1559347200,1559952000,7,7,4,1.5988147440532128e+20
R5,389,2723,1559952000,1560556800,7,7,4,1.2919735177179936e+20
R5,390,2730,1560556800,1561161600,7,7,4,1.6160805107627803e+20
R5,391,2737,1561161600,1561766400,7,7,4,1.613612341311551e+20
R5,392,2744,1561766400,1562371200,7,7,4,1.612979547166945e+20
R5,393,2751,1562371200,1562976000,7,7,4,0.0
R5,394,2758,1562976000,1563580800,7,7,4,0.0
R5,395,2765,1563580800,1564185600,7,7,4,1.6072072247743958e+20
R5,396,2772,1564185600,1564790400,7,7,4,1.5151864064062754e+20
R5,397,2779,1564790400,1565395200,7,7,4,1.5085093040038258e+20
R5,398,2786,1565395200,1566000000,7,7,4,1.4825576163422473e+20
R5,399,2793,1566000000,1566604800,7,7,4,1.60121367561576e+20
R5,400,2800,1566604800,1567209600,7,7,4,1.6019390935823365e+20
R5,401,2807,1567209600,1567814400,7,7,4,1.6008127625868237e+20
R5,402,2814,1567814400,1568419200,7,7,4,1.5662118093850912e+20
R5,403,2821,1568419200,1569024000,7,7,4,1.4391025353313752e+20
R5,404,2828,1569024000,1569628800,7,7,4,1.4497742515724993e+20
R5,405,2835,1569628800,1570233600,7,7,4,1.406656266387812e+20
R5,406,2842,1570233600,1570838400,7,7,4,1.5873149829162834e+20
R5,407,2849,1570838400,1571443200,7,7,4,1.504935015372324e+20
R5,408,2856,1571443200,1572048000,7,7,4,1.5899556173193816e+20
R5,409,2863,1572048000,1572652800,7,7,4,1.588235937674004e+20
R5,410,2870,1572652800,1573257600,7,7,4,1.592115037137359e+20
R5,411,2877,1573257600,1573862400,7,7,4,1.588149796473309e+20
R5,412,2884,1573862400,1574467200,7,7,4,1.588704886213055e+20
R5,413,2891,1574467200,1575072000,7,7,4,1.5862217311165488e+20
R5,414,2898,1575072000,1575676800,7,7,4,1.584634605652861e+20
R5,415,2905,1575676800,1576281600,7,7,4,1.5851022296856914e+20
R5,416,2912,1576281600,1576886400,7,7,4,1.58215351315775e+20
R5,417,2919,1576886400,1577491200,7,7,4,1.583465474328925e+20
R5,418,2926,1577491200,1578096000,7,7,4,1.5810093818116106e+20
R5,419,2933,1578096000,1578700800,7,7,4,1.5797163830526794e+20
R5,420,2940,1578700800,1579305600,7,7,4,6.899979457189751e+19
R5,421,2947,1579305600,1579910400,7,7,4,0.0
R5,422,2954,1579910400,1580515200,7,7,4,0.0
R5,423,2961,1580515200,1581120000,7,7,4,0.0
R5,424,2968,1581120000,1581724800,7,7,4,1.7008005290155223e+18
R5,425,2975,1581724800,1582329600,7,7,4,8.806323339222152e+19
R5,426,2982,1582329600,1582934400,7,7,4,1.5777224253299324e+20
R5,427,2989,1582934400,1583539200,7,7,4,1.344978699986395e+20
R5,428,2996,1583539200,1584144000,7,7,4,1.3154529071402811e+20
R5,429,3003,1584144000,1584748800,7,7,4,1.3153363835511095e+20
R5,430,3010,1584748800,1585353600,7,7,4,1.5074290197730047e+20
R5,431,3017,1585353600,1585958400,7,7,4,1.642506062925395e+20
R5,432,3024,1585958400,1586563200,7,7,4,1.556519192050165e+20
R5,433,3031,1586563200,1587168000,7,7,4,1.6544958671089723e+20
R5,434,3038,1587168000,1587772800,7,7,4,1.6515559833915877e+20
R5,435,3045,1587772800,1588377600,7,7,4,1.584717880933432e+20
R5,436,3052,1588377600,1588982400,7,7,4,1.6183671081645654e+20
R5,437,3059,1588982400,1589587200,7,7,4,1.645675288567735e+20
R5,438,3066,1589587200,1590192000,7,7,4,1.6434916556871496e+20
R5,439,3073,1590192000,1590796800,7,7,4,1.6405206930273973e+20
R5,440,3080,1590796800,1591401600,7,7,4,0.0
R5,441,3087,1591401600,1592006400,7,7,4,1.6359463160558587e+20
R5,442,3094,1592006400,1592611200,7,7,4,1.2516177763313833e+20
R5,443,3101,1592611200,1593216000,7,7,4,1.4683727837487923e+20
R5,444,3108,1593216000,1593820800,7,7,4,1.5941470506792406e+20
R5,445,3115,1593820800,1594425600,7,7,4,1.629754327225418e+20
R5,446,3122,1594425600,1595030400,7,7,4,1.6273754410057236e+20
R5,447,3129,1595030400,1595635200,7,7,4,1.6269474482282096e+20
R5,448,3136,1595635200,1596240000,7,7,4,1.625958284697162e+20
R5,449,3143,1596240000,1596844800,7,7,4,1.5627399080079478e+20
R5,450,3150,1596844800,1597449600,7,7,4,1.6229663256739516e+20
R5,451,3157,1597449600,1598054400,7,7,4,1.5395815589351073e+20
R5,452,3164,1598054400,1598659200,7,7,4,1.6045600973483973e+20
R5,453,3171,1598659200,1599264000,7,7,4,1.6182835699209968e+20
R5,454,3178,1599264000,1599868800,7,7,4,1.5554983575678327e+20
R5,455,3185,1599868800,1600473600,7,7,4,1.4614923652391323e+20
R5,456,3192,1600473600,1601078400,7,7,4,1.415220944774554e+20
R5,457,3199,1601078400,1601683200,7,7,4,1.4191665868619737e+20
R5,458,3206,1601683200,1602288000,7,7,4,1.59424698240494e+20
R5,459,3213,1602288000,1602892800,7,7,4,1.4226280659309134e+20
R5,460,3220,1602892800,1603497600,7,7,4,1.2825448585587329e+20
R5,461,3227,1603497600,1604102400,7,7,4,1.2748977688539511e+20
R5,462,3234,1604102400,1604707200,7,7,4,1.5062119580239623e+20
R5,463,3241,1604707200,1605312000,7,7,4,1.406229455382777e+20
R5,464,3248,1605312000,1605916800,7,7,4,1.4561077890931196e+20
R5,465,3255,1605916800,1606521600,7,7,4,1.5248413053238713e+20
R5,466,3262,1606521600,1607126400,7,7,4,1.4505724393574528e+20
R5,467,3269,1607126400,1607731200,7,7,4,1.6002620078157133e+20
R5,468,3276,1607731200,1608336000,7,7,4,1.6005126099184923e+20
R6,0,0,1324684800,1325289600,7,6,1,1.6190216592147412e+20
R6,1,7,1325289600,1325894400,7,6,1,1.6165076147722948e+20
R6,2,14,1325894400,1326499200,7,6,1,1.613045464720019e+20
R6,3,21,1326499200,1327104000,7,6,1,1.4367890366314529e+20
R6,4,28,1327104000,1327708800,7,6,1,1.3165559223291724e+20
R6,5,35,1327708800,1328313600,7,6,1,1.5957184241592743e+20
R6,6,42,1328313600,1328918400,7,6,1,1.6015675549026445e+20
R6,7,49,1328918400,1329523200,7,6,1,1.6003557918327148e+20
R6,8,56,1329523200,1330128000,7,6,1,1.5973306160292433e+20
R6,9,63,1330128000,1330732800,7,6,1,1.5948073351337296e+20
R6,10,70,1330732800,1331337600,7,6,1,1.5921734915354912e+20
R6,11,77,1331337600,1331942400,7,6,1,1.589171917276305e+20
R6,12,84,1331942400,1332547200,7,6,1,1.5882176719108676e+20
R6,13,91,1332547200,1333152000,7,6,1,1.5865413923941987e+20
R6,14,98,1333152000,1333756800,7,6,1,1.5857730709685115e+20
R6,15,105,1333756800,1334361600,7,6,1,1.5758766945549956e+20
R6,16,112,1334361600,1334966400,7,6,1,1.5872088667396738e+20
R6,17,119,1334966400,1335571200,7,6,1,1.58675406704793e+20
R6,18,126,1335571200,1336176000,7,6,1,1.5872561755726312e+20
R6,19,133,1336176000,1336780800,7,6,1,1.1252595491338088e+20
R6,20,140,1336780800,1337385600,7,6,1,0.0
R6,21,147,1337385600,1337990400,7,6,1,0.0
R6,22,154,1337990400,1338595200,7,6,1,0.0
R6,23,161,1338595200,1339200000,7,6,1,0.0
R6,24,168,1339200000,1339804800,7,6,1,0.0
R6,25,175,1339804800,1340409600,7,6,1,0.0
R6,26,182,1340409600,1341014400,7,6,1,0.0
R6,27,189,1341014400,1341619200,7,6,1,0.0
R6,28,196,1341619200,1342224000,7,6,1,0.0
R6,29,203,1342224000,1342828800,7,6,1,4.452456215332991e+19
R6,30,210,1342828800,1343433600,7,6,1,1.449642363528581e+20
R6,31,217,1343433600,1344038400,7,6,1,1.6420862966626222e+20
R6,32,224,1344038400,1344643200,7,0,0,0.0
R6,33,231,1344643200,1345248000,7,0,0,0.0
R6,34,238,1345248000,1345852800,7,0,0,0.0
R6,35,245,1345852800,1346457600,7,0,0,0.0
R6,36,252,1346457600,1347062400,7,0,0,0.0
R6,37,259,1347062400,1347667200,7,0,0,0.0
R6,38,266,1347667200,1348272000,7,0,0,0.0
R6,39,273,1348272000,1348876800,7,0,0,0.0
R6,40,280,1348876800,1349481600,7,0,0,0.0
R6,41,287,1349481600,1350086400,7,0,0,0.0
R6,42,294,1350086400,1350691200,7,8,2,1.619151638132521e+20
R6,43,301,1350691200,1351296000,7,8,2,1.6180111232767122e+20
R6,44,308,1351296000,1351900800,7,8,2,1.614252434263828e+20
R6,45,315,1351900800,1352505600,7,8,2,1.5776275167605332e+20
R6,46,322,1352505600,1353110400,7,8,2,1.318916389136966e+20
R6,47,329,1353110400,1353715200,7,8,2,1.6014954471977206e+20
R6,48,336,1353715200,1354320000,7,8,2,1.6008817582010535e+20
R6,49,343,1354320000,1354924800,7,8,2,1.598080367845267e+20
R6,50,350,1354924800,1355529600,7,8,2,1.5951931730923523e+20
R6,51,357,1355529600,1356134400,7,8,2,1.5936114017568093e+20
R6,52,364,1356134400,1356739200,7,8,2,1.5901467805404293e+20
R6,53,371,1356739200,1357344000,7,8,2,1.5885951324014376e+20
R6,54,378,1357344000,1357948800,7,8,2,1.585514752736389e+20
R6,55,385,1357948800,1358553600,7,8,2,1.582610300258599e+20
R6,56,392,1358553600,1359158400,7,8,2,1.5768704568891202e+20
R6,57,399,1359158400,1359763200,7,8,2,1.5800510710882225e+20
R6,58,406,1359763200,1360368000,7,8,2,1.578444784355531e+20
R6,59,413,1360368000,1360972800,7,8,2,1.57655226266239e+20
R6,60,420,1360972800,1361577600,7,8,2,1.575254898209391e+20
R6,61,427,1361577600,1362182400,7,8,2,1.5722817373806635e+20
R6,62,434,1362182400,1362787200,7,8,2,8.531214852511269e+19
R6,63,441,1362787200,1363392000,7,8,2,0.0
R6,64,448,1363392000,1363996800,7,8,2,0.0
R6,65,455,1363996800,1364601600,7,8,2,0.0
R6,66,462,1364601600,1365206400,7,8,2,0.0
R6,67,469,1365206400,1365811200,7,8,2,1.0298140588920142e+19
R6,68,476,1365811200,1366416000,7,8,2,1.3594680488176951e+20
R6,69,483,1366416000,1367020800,7,8,2,1.650950267714211e+20
R6,70,490,1367020800,1367625600,7,8,2,1.5323481183041264e+20
R6,71,497,1367625600,1368230400,7,8,2,1.651025718159252e+20
R6,72,504,1368230400,1368835200,7,8,2,1.6472414663616643e+20
R6,73,511,1368835200,1369440000,7,8,2,1.649920617866299e+20
R6,74,518,1369440000,1370044800,7,8,2,1.645207387034317e+20
R6,75,525,1370044800,1370649600,7,8,2,1.63770441761965e+20
R6,76,532,1370649600,1371254400,7,8,2,1.590545579714102e+20
R6,77,539,1371254400,1371859200,7,8,2,1.6393820857987685e+20
R6,78,546,1371859200,1372464000,7,8,2,1.636467457304768e+20
R6,79,553,1372464000,1373068800,7,8,2,1.634640965081374e+20
R6,80,560,1373068800,1373673600,7,8,2,1.6302505547381257e+20
R6,81,567,1373673600,1374278400,7,8,2,1.62618295437899e+20
R6,82,574,1374278400,1374883200,7,8,2,1.627859530993833e+20
R6,83,581,1374883200,1375488000,7,8,2,1.6247779845237336e+20
R6,84,588,1375488000,1376092800,7,8,2,1.622858334934756e+20
R6,85,595,1376092800,1376697600,7,8,2,1.502155249563798e+20
R6,86,602,1376697600,1377302400,7,8,2,1.6145684672649708e+20
R6,87,609,1377302400,1377907200,7,8,2,1.6144464562312256e+20
R6,88,616,1377907200,1378512000,7,8,2,1.613732246872138e+20
R6,89,623,1378512000,1379116800,7,8,2,1.612839619833896e+20
R6,90,630,1379116800,1379721600,7,8,2,1.513280390228021e+20
R6,91,637,1379721600,1380326400,7,8,2,1.4566316881908475e+20
R6,92,644,1380326400,1380931200,7,8,2,1.5050498782292204e+20
R6,93,651,1380931200,1381536000,7,8,2,1.5989708899903088e+20
R6,94,658,1381536000,1382140800,7,8,2,1.6037961080867186e+20
R6,95,665,1382140800,1382745600,7,8,2,1.597006124013101e+20
R6,96,672,1382745600,1383350400,7,8,2,1.5994354111579547e+20
R6,97,679,1383350400,1383955200,7,8,2,1.599845386750515e+20
R6,98,686,1383955200,1384560000,7,8,2,1.592140011440136e+20
R6,99,693,1384560000,1385164800,7,8,2,1.5882217232818625e+20
R6,100,700,1385164800,1385769600,7,8,2,1.5879234645843044e+20
R6,101,707,1385769600,1386374400,7,8,2,1.588795104319541e+20
R6,102,714,1386374400,1386979200,7,8,2,1.5863850363585865e+20
R6,103,721,1386979200,1387584000,7,8,2,1.5828382646327162e+20
R6,104,728,1387584000,1388188800,7,8,2,1.5812455115189345e+20
R6,105,735,1388188800,1388793600,7,8,2,1.579541732546571e+20
R6,106,742,1388793600,1389398400,7,8,2,1.5780378255364637e+20
R6,107,749,1389398400,1390003200,7,8,2,1.577071687640985e+20
R6,108,756,1390003200,1390608000,7,8,2,0.0
R6,109,763,1390608000,1391212800,7,8,2,0.0
R6,110,770,1391212800,1391817600,7,8,2,0.0
R6,111,777,1391817600,1392422400,7,8,2,0.0
R6,112,784,1392422400,1393027200,7,8,2,7.4881156690348e+19
R6,113,791,1393027200,1393632000,7,8,2,1.662662527045386e+20
R6,114,798,1393632000,1394236800,7,8,2,1.6607667047432467e+20
R6,115,805,1394236800,1394841600,7,8,2,1.657987438748699e+20
R6,116,812,1394841600,1395446400,7,8,2,1.653192498186433e+20
R6,117,819,1395446400,1396051200,7,8,2,1.6521617178366876e+20
R6,118,826,1396051200,1396656000,7,8,2,1.6365758570470316e+20
R6,119,833,1396656000,1397260800,7,8,2,1.594608661448599e+20
R6,120,840,1397260800,1397865600,7,8,2,1.6477045404745807e+20
R6,121,847,1397865600,1398470400,7,8,2,1.6452839020249914e+20
R6,122,854,1398470400,1399075200,7,8,2,1.539648199174352e+20
R6,123,861,1399075200,1399680000,7,8,2,1.6406233043700974e+20
R6,124,868,1399680000,1400284800,7,8,2,1.6387742208493676e+20
R6,125,875,1400284800,1400889600,7,8,2,1.6344494619994348e+20
R6,126,882,1400889600,1401494400,7,8,2,1.630808453581584e+20
R6,127,889,1401494400,1402099200,7,8,2,1.5670283668017083e+20
R6,128,896,1402099200,1402704000,7,8,2,1.6309414254656012e+20
R6,129,903,1402704000,1403308800,7,8,2,1.627713703958793e+20
R6,130,910,1403308800,1403913600,7,8,2,1.5876432387439745e+20
R6,131,917,1403913600,1404518400,7,8,2,1.587722461110614e+20
R6,132,924,1404518400,1405123200,7,8,2,1.6218531610800118e+20
R6,133,931,1405123200,1405728000,7,8,2,1.587568370266723e+20
R6,134,938,1405728000,1406332800,7,8,2,1.5722729864195015e+20
R6,135,945,1406332800,1406937600,7,8,2,1.6168477616218472e+20
R6,136,952,1406937600,1407542400,7,8,2,1.615041745026671e+20
R6,137,959,1407542400,1408147200,7,8,2,1.6109377172721012e+20
R6,138,966,1408147200,1408752000,7,8,2,1.601699435625359e+20
R6,139,973,1408752000,1409356800,7,8,2,1.511068628336127e+20
R6,140,980,1409356800,1409961600,7,8,2,1.5932344266107994e+20
R6,141,987,1409961600,1410566400,7,8,2,1.4720706248484387e+20
R6,142,994,1410566400,1411171200,7,8,2,1.5381783064233053e+20
R6,143,1001,1411171200,1411776000,7,8,2,1.517299955056093e+20
R6,144,1008,1411776000,1412380800,7,8,2,1.4512344616383694e+20
R6,145,1015,1412380800,1412985600,7,8,2,1.3317528340851987e+20
R6,146,1022,1412985600,1413590400,7,8,2,1.5992078570887194e+20
R6,147,1029,1413590400,1414195200,7,8,2,1.5969119636411027e+20
R6,148,1036,1414195200,1414800000,7,8,2,1.596129711115905e+20
R6,149,1043,1414800000,1415404800,7,8,2,1.5961647869460028e+20
R6,150,1050,1415404800,1416009600,7,8,2,1.59215579628192e+20
R6,151,1057,1416009600,1416614400,7,8,2,1.5893198962089837e+20
R6,152,1064,1416614400,1417219200,7,8,2,1.5900926074870392e+20
R6,153,1071,1417219200,1417824000,7,8,2,1.5859947054631993e+20
R6,154,1078,1417824000,1418428800,7,8,2,1.5851510184166556e+20
R6,155,1085,1418428800,1419033600,7,8,2,1.5834634193607773e+20
R6,156,1092,1419033600,1419638400,7,8,2,1.5833338436908175e+20
R6,157,1099,1419638400,1420243200,7,8,2,1.4692884493285574e+20
R6,158,1106,1420243200,1420848000,7,8,2,1.5384988254953092e+20
R6,159,1113,1420848000,1421452800,7,8,2,1.578465607885537e+20
R6,160,1120,1421452800,1422057600,7,8,2,1.5696304902804564e+20
R6,161,1127,1422057600,1422662400,7,8,2,1.5777282111744934e+20
R6,162,1134,1422662400,1423267200,7,8,2,1.5765579706756543e+20
R6,163,1141,1423267200,1423872000,7,8,2,1.5718126296181686e+20
R6,164,1148,1423872000,1424476800,7,8,2,5.948905928779369e+19
R6,165,1155,1424476800,1425081600,7,8,2,0.0
R6,166,1162,1425081600,1425686400,7,8,2,0.0
R6,167,1169,1425686400,1426291200,7,8,2,0.0
R6,168,1176,1426291200,1426896000,7,8,2,7.630246127738525e+16
R6,169,1183,1426896000,1427500800,7,8,2,9.799134799564176e+19
R6,170,1190,1427500800,1428105600,7,8,2,1.6684019776259903e+20
R6,171,1197,1428105600,1428710400,7,8,2,1.664602176423613e+20
R6,172,1204,1428710400,1429315200,7,8,2,1.6616419468504498e+20
R6,173,1211,1429315200,1429920000,7,8,2,1.655880616509581e+20
R6,174,1218,1429920000,1430524800,7,8,2,1.6115927835874574e+20
R6,175,1225,1430524800,1431129600,7,8,2,1.603403205654223e+20
R6,176,1232,1431129600,1431734400,7,8,2,1.6524792048959875e+20
R6,177,1239,1431734400,1432339200,7,8,2,1.6526568235677516e+20
R6,178,1246,1432339200,1432944000,7,8,2,1.5791302079278416e+20
R6,179,1253,1432944000,1433548800,7,8,2,1.645634977484338e+20
R6,180,1260,1433548800,1434153600,7,8,2,1.6443935326099033e+20
R6,181,1267,1434153600,1434758400,7,8,2,1.6419892974954267e+20
R6,182,1274,1434758400,1435363200,7,8,2,1.6260647248389646e+20
R6,183,1281,1435363200,1435968000,7,8,2,1.636623441706447e+20
R6,184,1288,1435968000,1436572800,7,8,2,1.634286406623494e+20
R6,185,1295,1436572800,1437177600,7,8,2,1.6342162471377666e+20
R6,186,1302,1437177600,1437782400,7,8,2,1.6332005917858926e+20
R6,187,1309,1437782400,1438387200,7,8,2,1.5950554494172083e+20
R6,188,1316,1438387200,1438992000,7,8,2,0.0
R6,189,1323,1438992000,1439596800,7,8,2,1.6268221351374894e+20
R6,190,1330,1439596800,1440201600,7,8,2,1.625279468966983e+20
R6,191,1337,1440201600,1440806400,7,8,2,1.6232736820830414e+20
R6,192,1344,1440806400,1441411200,7,8,2,1.5649243439890475e+20
R6,193,1351,1441411200,1442016000,7,8,2,1.6201693092499554e+20
R6,194,1358,1442016000,1442620800,7,8,2,1.620285739651994e+20
R6,195,1365,1442620800,1443225600,7,8,2,1.6094201982065043e+20
R6,196,1372,1443225600,1443830400,7,8,2,1.2890676187946172e+20
R6,197,1379,1443830400,1444435200,7,8,2,1.3426779016121949e+20
R6,198,1386,1444435200,1445040000,7,8,2,1.6133717901614786e+20
R6,199,1393,1445040000,1445644800,7,8,2,1.611669779180308e+20
R6,200,1400,1445644800,1446249600,7,8,2,1.5486550330315093e+20
R6,201,1407,1446249600,1446854400,7,8,2,1.6085218816434828e+20
R6,202,1414,1446854400,1447459200,7,8,2,1.608315877618627e+20
R6,203,1421,1447459200,1448064000,7,8,2,1.6000798724398475e+20
R6,204,1428,1448064000,1448668800,7,8,2,1.6044095965951387e+20
R6,205,1435,1448668800,1449273600,7,8,2,1.6019719651103428e+20
R6,206,1442,1449273600,1449878400,7,8,2,1.6005141269701306e+20
R6,207,1449,1449878400,1450483200,7,8,2,1.5979651391673382e+20
R6,208,1456,1450483200,1451088000,7,8,2,1.59912852236763e+20
R6,209,1463,1451088000,1451692800,7,8,2,1.5955242240939868e+20
R6,210,1470,1451692800,1452297600,7,8,2,1.598826934543622e+20
R6,211,1477,1452297600,1452902400,7,8,2,1.5958147075807524e+20
R6,212,1484,1452902400,1453507200,7,8,2,1.596263642499103e+20
R6,213,1491,1453507200,1454112000,7,8,2,1.5900821852939806e+20
R6,214,1498,1454112000,1454716800,7,8,2,1.5893940123188874e+20
R6,215,1505,1454716800,1455321600,7,8,2,1.3226133688005068e+20
R6,216,1512,1455321600,1455926400,7,8,2,1.5838497284048506e+20
R6,217,1519,1455926400,1456531200,7,8,2,1.587888702117803e+20
R6,218,1526,1456531200,1457136000,7,8,2,1.586599919528723e+20
R6,219,1533,1457136000,1457740800,7,8,2,1.5859617432005434e+20
R6,220,1540,1457740800,1458345600,7,8,2,1.585918653176563e+20
R6,221,1547,1458345600,1458950400,7,8,2,1.5830887023991348e+20
R6,222,1554,1458950400,1459555200,7,8,2,1.5302554770742788e+20
R6,223,1561,1459555200,1460160000,7,8,2,0.0
R6,224,1568,1460160000,1460764800,7,8,2,0.0
R6,225,1575,1460764800,1461369600,7,8,2,0.0
R6,226,1582,1461369600,1461974400,7,8,2,0.0
R6,227,1589,1461974400,1462579200,7,8,2,0.0
R6,228,1596,1462579200,1463184000,7,8,2,1.1062254817455388e+18
R6,229,1603,1463184000,1463788800,7,8,2,1.3303971222735494e+20
R6,230,1610,1463788800,1464393600,7,8,2,1.6713783638276063e+20
R6,231,1617,1464393600,1464998400,7,8,2,1.6658056362398135e+20
R6,232,1624,1464998400,1465603200,7,8,2,1.5611232521519792e+20
R6,233,1631,1465603200,1466208000,7,8,2,1.6593781225694498e+20
R6,234,1638,1466208000,1466812800,7,8,2,1.66080719106777e+20
R6,235,1645,1466812800,1467417600,7,8,2,1.625706209514954e+20
R6,236,1652,1467417600,1468022400,7,8,2,1.6609367915428636e+20
R6,237,1659,1468022400,1468627200,7,8,2,1.6571207331006484e+20
R6,238,1666,1468627200,1469232000,7,8,2,1.653223552557993e+20
R6,239,1673,1469232000,1469836800,7,8,2,1.6543262801480008e+20
R6,240,1680,1469836800,1470441600,7,8,2,1.4687967942849236e+20
R6,241,1687,1470441600,1471046400,7,8,2,1.6498098022080892e+20
R6,242,1694,1471046400,1471651200,7,8,2,1.6493160348971857e+20
R6,243,1701,1471651200,1472256000,7,8,2,1.6481848243298907e+20
R6,244,1708,1472256000,1472860800,7,8,2,1.6453056718307856e+20
R6,245,1715,1472860800,1473465600,7,8,2,1.6441633081793885e+20
R6,246,1722,1473465600,1474070400,7,8,2,1.556643657722935e+20
R6,247,1729,1474070400,1474675200,7,8,2,1.5981287834529065e+20
R6,248,1736,1474675200,1475280000,7,8,2,1.5843169608500717e+20
R6,249,1743,1475280000,1475884800,7,8,2,1.5396847380727375e+20
R6,250,1750,1475884800,1476489600,7,8,2,1.6345623687238202e+20
R6,251,1757,1476489600,1477094400,7,8,2,1.5760719237060565e+20
R6,252,1764,1477094400,1477699200,7,8,2,1.6278684145513742e+20
R6,253,1771,1477699200,1478304000,7,8,2,1.4675537586560916e+20
R6,254,1778,1478304000,1478908800,7,8,2,1.0469556586652736e+20
R6,255,1785,1478908800,1479513600,7,8,2,1.0179201231578511e+19
R6,256,1792,1479513600,1480118400,7,8,2,3.680979911352957e+18
R6,257,1799,1480118400,1480723200,7,8,2,1.1977977886728944e+20
R6,258,1806,1480723200,1481328000,7,8,2,1.6225768453950823e+20
R6,259,1813,1481328000,1481932800,7,8,2,1.621301581516984e+20
R6,260,1820,1481932800,1482537600,7,8,2,1.623226373337059e+20
R6,261,1827,1482537600,1483142400,7,0,0,0.0
R6,262,1834,1483142400,1483747200,7,0,0,0.0
R6,263,1841,1483747200,1484352000,7,0,0,0.0
R6,264,1848,1484352000,1484956800,7,0,0,0.0
R6,265,1855,1484956800,1485561600,7,7,4,0.0
R6,266,1862,1485561600,1486166400,7,7,4,1.6043415980179026e+18
R6,267,1869,1486166400,1486771200,7,7,4,8.39242182448358e+19
R6,268,1876,1486771200,1487376000,7,7,4,1.613675122777219e+20
R6,269,1883,1487376000,1487980800,7,7,4,1.6084087270191697e+20
R6,270,1890,1487980800,1488585600,7,7,4,1.6096930641979566e+20
R6,271,1897,1488585600,1489190400,7,7,4,1.6063092731261452e+20
R6,272,1904,1489190400,1489795200,7,7,4,1.6073118919637562e+20
R6,273,1911,1489795200,1490400000,7,7,4,1.6039073483054835e+20
R6,274,1918,1490400000,1491004800,7,7,4,1.604985450912962e+20
R6,275,1925,1491004800,1491609600,7,7,4,1.6052240018086694e+20
R6,276,1932,1491609600,1492214400,7,7,4,1.600831638447199e+20
R6,277,1939,1492214400,1492819200,7,7,4,1.6019076261943388e+20
R6,278,1946,1492819200,1493424000,7,7,4,1.6002647352887676e+20
R6,279,1953,1493424000,1494028800,7,7,4,1.4988333436228855e+20
R6,280,1960,1494028800,1494633600,7,7,4,1.597183137938366e+20
R6,281,1967,1494633600,1495238400,7,7,4,1.597273219933385e+20
R6,282,1974,1495238400,1495843200,7,7,4,1.5941219465530884e+20
R6,283,1981,1495843200,1496448000,7,7,4,1.4415180328884576e+20
R6,284,1988,1496448000,1497052800,7,7,4,1.5939677401540264e+20
R6,285,1995,1497052800,1497657600,7,7,4,1.5913764614860957e+20
R6,286,2002,1497657600,1498262400,7,7,4,1.5897215178133583e+20
R6,287,2009,1498262400,1498867200,7,7,4,1.58702601950901e+20
R6,288,2016,1498867200,1499472000,7,7,4,1.589528587668629e+20
R6,289,2023,1499472000,1500076800,7,7,4,1.588380801000619e+20
R6,290,2030,1500076800,1500681600,7,7,4,1.5881590234540792e+20
R6,291,2037,1500681600,1501286400,7,7,4,1.5854197001588025e+20
R6,292,2044,1501286400,1501891200,7,7,4,1.5848808454724387e+20
R6,293,2051,1501891200,1502496000,7,7,4,1.583051551496252e+20
R6,294,2058,1502496000,1503100800,7,7,4,1.5795044399661102e+20
R6,295,2065,1503100800,1503705600,7,7,4,1.5812304507168797e+20
R6,296,2072,1503705600,1504310400,7,7,4,1.579351034559232e+20
R6,297,2079,1504310400,1504915200,7,7,4,1.578646394779528e+20
R6,298,2086,1504915200,1505520000,7,7,4,1.5790788487986217e+20
R6,299,2093,1505520000,1506124800,7,7,4,1.578485959200745e+20
R6,300,2100,1506124800,1506729600,7,7,4,1.576261302745033e+20
R6,301,2107,1506729600,1507334400,7,7,4,1.856735978488283e+19
R6,302,2114,1507334400,1507939200,7,7,4,0.0
R6,303,2121,1507939200,1508544000,7,7,4,0.0
R6,304,2128,1508544000,1509148800,7,7,4,0.0
R6,305,2135,1509148800,1509753600,7,7,4,7.2454386024445936e+19
R6,306,2142,1509753600,1510358400,7,7,4,1.67758063298811e+20
R6,307,2149,1510358400,1510963200,7,7,4,1.671183715383929e+20
R6,308,2156,1510963200,1511568000,7,7,4,1.6711227371837348e+20
R6,309,2163,1511568000,1512172800,7,7,4,1.6675038414382026e+20
R6,310,2170,1512172800,1512777600,7,7,4,1.6644799963286507e+20
R6,311,2177,1512777600,1513382400,7,7,4,1.6530298038168682e+20
R6,312,2184,1513382400,1513987200,7,7,4,1.609592481891933e+20
R6,313,2191,1513987200,1514592000,7,7,4,1.6313069754801144e+20
R6,314,2198,1514592000,1515196800,7,7,4,0.0
R6,315,2205,1515196800,1515801600,7,7,4,1.6521579024842605e+20
R6,316,2212,1515801600,1516406400,7,7,4,1.6516369243600054e+20
R6,317,2219,1516406400,1517011200,7,7,4,1.6505946971470024e+20
R6,318,2226,1517011200,1517616000,7,7,4,1.6472767279187703e+20
R6,319,2233,1517616000,1518220800,7,7,4,1.647791596443616e+20
R6,320,2240,1518220800,1518825600,7,7,4,1.3599896482902929e+20
R6,321,2247,1518825600,1519430400,7,7,4,1.4880475549010897e+19
R6,322,2254,1519430400,1520035200,7,7,4,1.5600046228877086e+20
R6,323,2261,1520035200,1520640000,7,7,4,6.779410480372274e+19
R6,324,2268,1520640000,1521244800,7,7,4,1.4002537983157096e+20
R6,325,2275,1521244800,1521849600,7,7,4,1.6418775977154265e+20
R6,326,2282,1521849600,1522454400,7,7,4,1.640168526734593e+20
R6,327,2289,1522454400,1523059200,7,7,4,1.575814812932608e+20
R6,328,2296,1523059200,1523664000,7,7,4,1.6366811342862464e+20
R6,329,2303,1523664000,1524268800,7,7,4,1.635553812092784e+20
R6,330,2310,1524268800,1524873600,7,7,4,1.6324530546805388e+20
R6,331,2317,1524873600,1525478400,7,7,4,1.5630539558273122e+20
R6,332,2324,1525478400,1526083200,7,7,4,1.6008227134941872e+20
R6,333,2331,1526083200,1526688000,7,7,4,1.524187059442518e+20
R6,334,2338,1526688000,1527292800,7,7,4,1.6250101704385167e+20
R6,335,2345,1527292800,1527897600,7,7,4,1.623402023313262e+20
R6,336,2352,1527897600,1528502400,7,7,4,1.6176147882097836e+20
R6,337,2359,1528502400,1529107200,7,7,4,1.5216235928080957e+20
R6,338,2366,1529107200,1529712000,7,7,4,1.5505182955810338e+20
R6,339,2373,1529712000,1530316800,7,7,4,1.5307576781232882e+20
R6,340,2380,1530316800,1530921600,7,7,4,1.6021080847082193e+20
R6,341,2387,1530921600,1531526400,7,7,4,1.5451392321395615e+20
R6,342,2394,1531526400,1532131200,7,7,4,1.5363048891417733e+20
R6,343,2401,1532131200,1532736000,7,7,4,1.6128807782738192e+20
R6,344,2408,1532736000,1533340800,7,7,4,1.61098575224265e+20
R6,345,2415,1533340800,1533945600,7,7,4,1.5180711469915423e+20
R6,346,2422,1533945600,1534550400,7,7,4,1.492360511719084e+20
R6,347,2429,1534550400,1535155200,7,7,4,0.0
R6,348,2436,1535155200,1535760000,7,7,4,1.485813714220174e+20
R6,349,2443,1535760000,1536364800,7,7,4,1.494911740326344e+20
R6,350,2450,1536364800,1536969600,7,7,4,1.5376753214209622e+20
R6,351,2457,1536969600,1537574400,7,7,4,1.547029927756007e+20
R6,352,2464,1537574400,1538179200,7,7,4,1.571325619670656e+20
R6,353,2471,1538179200,1538784000,7,7,4,1.351026576515868e+20
R6,354,2478,1538784000,1539388800,7,7,4,1.5980633412517298e+20
R6,355,2485,1539388800,1539993600,7,7,4,1.5838820572935707e+20
R6,356,2492,1539993600,1540598400,7,7,4,1.274756960474086e+20
R6,357,2499,1540598400,1541203200,7,7,4,1.3854969339372156e+20
R6,358,2506,1541203200,1541808000,7,7,4,1.2642085040707831e+20
R6,359,2513,1541808000,1542412800,7,7,4,1.345159670737986e+20
R6,360,2520,1542412800,1543017600,7,7,4,1.5942376282701264e+20
R6,361,2527,1543017600,1543622400,7,7,4,1.5928139057141105e+20
R6,362,2534,1543622400,1544227200,7,7,4,1.5928336423734788e+20
R6,363,2541,1544227200,1544832000,7,7,4,1.591520916592437e+20
R6,364,2548,1544832000,1545436800,7,7,4,1.590120077234849e+20
R6,365,2555,1545436800,1546041600,7,7,4,1.589932385258726e+20
R6,366,2562,1546041600,1546646400,7,7,4,1.588945960055339e+20
R6,367,2569,1546646400,1547251200,7,7,4,1.5864620980840153e+20
R6,368,2576,1547251200,1547856000,7,7,4,1.5825273794210107e+20
R6,369,2583,1547856000,1548460800,7,7,4,1.5832325098003913e+20
R6,370,2590,1548460800,1549065600,7,7,4,1.5834221073513742e+20
R6,371,2597,1549065600,1549670400,7,7,4,3.782406706211858e+19
R6,372,2604,1549670400,1550275200,7,7,4,0.0
R6,373,2611,1550275200,1550880000,7,7,4,0.0
R6,374,2618,1550880000,1551484800,7,7,4,0.0
R6,375,2625,1551484800,1552089600,7,7,4,0.0
R6,376,2632,1552089600,1552694400,7,7,4,3.1713652231136047e+19
R6,377,2639,1552694400,1553299200,7,7,4,1.6622489304679822e+20
R6,378,2646,1553299200,1553904000,7,7,4,1.6669847928626797e+20
R6,379,2653,1553904000,1554508800,7,7,4,1.651300227486002e+20
R6,380,2660,1554508800,1555113600,7,7,4,1.662231218731957e+20
R6,381,2667,1555113600,1555718400,7,7,4,1.6605808670455192e+20
R6,382,2674,1555718400,1556323200,7,7,4,1.6432512050448607e+20
R6,383,2681,1556323200,1556928000,7,7,4,1.3146248447054928e+20
R6,384,2688,1556928000,1557532800,7,7,4,1.310412284877452e+20
R6,385,2695,1557532800,1558137600,7,7,4,1.3158862832233325e+20
R6,386,2702,1558137600,1558742400,7,7,4,1.316601371655304e+20
R6,387,2709,1558742400,1559347200,7,7,4,1.5414475791283077e+20
R6,388,2716,1559347200,1559952000,7,7,4,1.6102159506793624e+20
R6,389,2723,1559952000,1560556800,7,7,4,1.3113234531136795e+20
R6,390,2730,1560556800,1561161600,7,7,4,1.643396864562437e+20
R6,391,2737,1561161600,1561766400,7,7,4,1.6405076743656944e+20
R6,392,2744,1561766400,1562371200,7,7,4,1.639511455575241e+20
R6,393,2751,1562371200,1562976000,7,7,4,0.0
R6,394,2758,1562976000,1563580800,7,7,4,0.0
R6,395,2765,1563580800,1564185600,7,7,4,1.6320000333465043e+20
R6,396,2772,1564185600,1564790400,7,7,4,1.4418034619299815e+20
R6,397,2779,1564790400,1565395200,7,7,4,1.529718191271969e+20
R6,398,2786,1565395200,1566000000,7,7,4,1.5027017091536208e+20
R6,399,2793,1566000000,1566604800,7,7,4,1.5345055795146906e+20
R6,400,2800,1566604800,1567209600,7,7,4,1.6021901319601924e+20
R6,401,2807,1567209600,1567814400,7,7,4,1.525858214557629e+20
R6,402,2814,1567814400,1568419200,7,7,4,1.585617196973079e+20
R6,403,2821,1568419200,1569024000,7,7,4,1.4318420400638951e+20
R6,404,2828,1569024000,1569628800,7,7,4,1.0195556155373829e+20
R6,405,2835,1569628800,1570233600,7,7,4,1627156695813287.0
R6,406,2842,1570233600,1570838400,7,7,4,1.301300651967364e+20
R6,407,2849,1570838400,1571443200,7,7,4,1.4633215169798604e+20
R6,408,2856,1571443200,1572048000,7,7,4,1.2993340989577385e+20
R6,409,2863,1572048000,1572652800,7,7,4,1.470847469422482e+20
R6,410,2870,1572652800,1573257600,7,7,4,1.6117249993346535e+20
R6,411,2877,1573257600,1573862400,7,7,4,1.612600737226319e+20
R6,412,2884,1573862400,1574467200,7,7,4,1.611077350779956e+20
R6,413,2891,1574467200,1575072000,7,7,4,1.542617771898473e+20
R6,414,2898,1575072000,1575676800,7,7,4,1.5854626445993463e+20
R6,415,2905,1575676800,1576281600,7,7,4,1.4407837754348824e+20
R6,416,2912,1576281600,1576886400,7,7,4,1.3612151773799024e+20
R6,417,2919,1576886400,1577491200,7,7,4,1.3078988414705317e+20
R6,418,2926,1577491200,1578096000,7,7,4,1.4217722565453872e+20
R6,419,2933,1578096000,1578700800,7,7,4,1.599600310746122e+20
R6,420,2940,1578700800,1579305600,7,7,4,1.5976844433504852e+20
R6,421,2947,1579305600,1579910400,7,7,4,1.426322969686714e+20
R6,422,2954,1579910400,1580515200,7,7,4,1.2573219219098191e+20
R6,423,2961,1580515200,1581120000,7,7,4,1.2552713449683142e+20
R6,424,2968,1581120000,1581724800,7,7,4,1.2564250436627789e+20
R6,425,2975,1581724800,1582329600,7,7,4,6.1416722660438745e+19
R6,426,2982,1582329600,1582934400,7,7,4,1.1081943109717552e+20
R6,427,2989,1582934400,1583539200,7,7,4,1.592581638610359e+20
R6,428,2996,1583539200,1584144000,7,7,4,1.590048146503438e+20
R6,429,3003,1584144000,1584748800,7,7,4,1.5916246346177577e+20
R6,430,3010,1584748800,1585353600,7,7,4,1.5901543116082187e+20
R6,431,3017,1585353600,1585958400,7,7,4,1.5890102365619146e+20
R6,432,3024,1585958400,1586563200,7,7,4,1.589149110548713e+20
R6,433,3031,1586563200,1587168000,7,7,4,1.5892387119492838e+20
R6,434,3038,1587168000,1587772800,7,7,4,1.587110911218993e+20
R6,435,3045,1587772800,1588377600,7,7,4,1.0713729851366818e+20
R6,436,3052,1588377600,1588982400,7,7,4,0.0
R6,437,3059,1588982400,1589587200,7,7,4,0.0
R6,438,3066,1589587200,1590192000,7,7,4,0.0
R6,439,3073,1590192000,1590796800,7,7,4,3.5553648932154573e+18
R6,440,3080,1590796800,1591401600,7,7,4,0.0
R6,441,3087,1591401600,1592006400,7,7,4,1.674740370676315e+20
R6,442,3094,1592006400,1592611200,7,7,4,1.605485517183998e+20
R6,443,3101,1592611200,1593216000,7,7,4,1.4790181028226102e+20
R6,444,3108,1593216000,1593820800,7,7,4,1.6667422261591966e+20
R6,445,3115,1593820800,1594425600,7,7,4,1.6522697069199334e+20
R6,446,3122,1594425600,1595030400,7,7,4,1.602376803576731e+20
R6,447,3129,1595030400,1595635200,7,7,4,1.6605131494783864e+20
R6,448,3136,1595635200,1596240000,7,7,4,1.6582818537396863e+20
R6,449,3143,1596240000,1596844800,7,7,4,1.590529880445282e+20
R6,450,3150,1596844800,1597449600,7,7,4,1.6536882404201346e+20
R6,451,3157,1597449600,1598054400,7,7,4,1.4604422909840731e+20
R6,452,3164,1598054400,1598659200,7,7,4,1.5545433159599902e+20
R6,453,3171,1598659200,1599264000,7,7,4,1.6483202714314428e+20
R6,454,3178,1599264000,1599868800,7,7,4,1.5691259044040435e+20
R6,455,3185,1599868800,1600473600,7,7,4,1.5414211554333688e+20
R6,456,3192,1600473600,1601078400,7,7,4,1.3291471560954598e+20
R6,457,3199,1601078400,1601683200,7,7,4,9.38277521525092e+19
R6,458,3206,1601683200,1602288000,7,7,4,2.101378789562572e+18
R6,459,3213,1602288000,1602892800,7,7,4,1.529214031298048e+20
R6,460,3220,1602892800,1603497600,7,7,4,1.4829588850988764e+20
R6,461,3227,1603497600,1604102400,7,7,4,1.2947059197840744e+20
R6,462,3234,1604102400,1604707200,7,7,4,1.292770271558357e+20
R6,463,3241,1604707200,1605312000,7,7,4,1.3801018021142556e+20
R6,464,3248,1605312000,1605916800,7,7,4,1.482765943312616e+20
R6,465,3255,1605916800,1606521600,7,7,4,1.5039718178148634e+20
R6,466,3262,1606521600,1607126400,7,7,4,1.4688569540027684e+20
R6,467,3269,1607126400,1607731200,7,7,4,1.6259552808940913e+20
R6,468,3276,1607731200,1608336000,7,7,4,1.6244145841280218e+20
