fraction,flux
pp,59380000000.0
pep,140100000.0
hep,7875.0
7Be,4857000000.0
8B,5821999.999999999
13N,571200000.0
15O,503100000.0
17F,5911999.999999999
